stem,date,video_path,tile_time_s,label,era,split,source_batch
CAMHDA301-20190107T001500,2019-01-07,/home/jovyan/ooi/san_data/RS03ASHS-PN03B-06-CAMHDA301/2019/01/07/CAMHDA301-20190107T001500.mp4,450,1,clear,train,2019_2020
CAMHDA301-20190107T031500,2019-01-07,/home/jovyan/ooi/san_data/RS03ASHS-PN03B-06-CAMHDA301/2019/01/07/CAMHDA301-20190107T031500.mp4,450,1,clear,train,2019_2020
CAMHDA301-20190107T061500,2019-01-07,/home/jovyan/ooi/san_data/RS03ASHS-PN03B-06-CAMHDA301/2019/01/07/CAMHDA301-20190107T061500.mp4,450,1,clear,train,2019_2020
CAMHDA301-20190107T091500,2019-01-07,/home/jovyan/ooi/san_data/RS03ASHS-PN03B-06-CAMHDA301/2019/01/07/CAMHDA301-20190107T091500.mp4,450,1,clear,train,2019_2020
CAMHDA301-20190107T121500,2019-01-07,/home/jovyan/ooi/san_data/RS03ASHS-PN03B-06-CAMHDA301/2019/01/07/CAMHDA301-20190107T121500.mp4,450,1,clear,train,2019_2020
CAMHDA301-20190114T001500,2019-01-14,/home/jovyan/ooi/san_data/RS03ASHS-PN03B-06-CAMHDA301/2019/01/14/CAMHDA301-20190114T001500.mp4,450,1,clear,train,2019_2020
CAMHDA301-20190114T031500,2019-01-14,/home/jovyan/ooi/san_data/RS03ASHS-PN03B-06-CAMHDA301/2019/01/14/CAMHDA301-20190114T031500.mp4,450,1,clear,train,2019_2020
CAMHDA301-20190114T061500,2019-01-14,/home/jovyan/ooi/san_data/RS03ASHS-PN03B-06-CAMHDA301/2019/01/14/CAMHDA301-20190114T061500.mp4,450,1,clear,train,2019_2020
CAMHDA301-20190114T091500,2019-01-14,/home/jovyan/ooi/san_data/RS03ASHS-PN03B-06-CAMHDA301/2019/01/14/CAMHDA301-20190114T091500.mp4,720,0,clear,train,2019_2020
CAMHDA301-20190114T091500,2019-01-14,/home/jovyan/ooi/san_data/RS03ASHS-PN03B-06-CAMHDA301/2019/01/14/CAMHDA301-20190114T091500.mp4,660,0,clear,train,2019_2020
CAMHDA301-20190114T091500,2019-01-14,/home/jovyan/ooi/san_data/RS03ASHS-PN03B-06-CAMHDA301/2019/01/14/CAMHDA301-20190114T091500.mp4,360,0,clear,train,2019_2020
CAMHDA301-20190114T091500,2019-01-14,/home/jovyan/ooi/san_data/RS03ASHS-PN03B-06-CAMHDA301/2019/01/14/CAMHDA301-20190114T091500.mp4,120,0,clear,train,2019_2020
CAMHDA301-20190114T121500,2019-01-14,/home/jovyan/ooi/san_data/RS03ASHS-PN03B-06-CAMHDA301/2019/01/14/CAMHDA301-20190114T121500.mp4,450,1,clear,train,2019_2020
CAMHDA301-20190114T151500,2019-01-14,/home/jovyan/ooi/san_data/RS03ASHS-PN03B-06-CAMHDA301/2019/01/14/CAMHDA301-20190114T151500.mp4,510,0,clear,train,2019_2020
CAMHDA301-20190114T151500,2019-01-14,/home/jovyan/ooi/san_data/RS03ASHS-PN03B-06-CAMHDA301/2019/01/14/CAMHDA301-20190114T151500.mp4,30,0,clear,train,2019_2020
CAMHDA301-20190114T151500,2019-01-14,/home/jovyan/ooi/san_data/RS03ASHS-PN03B-06-CAMHDA301/2019/01/14/CAMHDA301-20190114T151500.mp4,90,0,clear,train,2019_2020
CAMHDA301-20190114T151500,2019-01-14,/home/jovyan/ooi/san_data/RS03ASHS-PN03B-06-CAMHDA301/2019/01/14/CAMHDA301-20190114T151500.mp4,540,0,clear,train,2019_2020
CAMHDA301-20190114T181500,2019-01-14,/home/jovyan/ooi/san_data/RS03ASHS-PN03B-06-CAMHDA301/2019/01/14/CAMHDA301-20190114T181500.mp4,450,1,clear,train,2019_2020
CAMHDA301-20190114T211500,2019-01-14,/home/jovyan/ooi/san_data/RS03ASHS-PN03B-06-CAMHDA301/2019/01/14/CAMHDA301-20190114T211500.mp4,630,0,clear,train,2019_2020
CAMHDA301-20190114T211500,2019-01-14,/home/jovyan/ooi/san_data/RS03ASHS-PN03B-06-CAMHDA301/2019/01/14/CAMHDA301-20190114T211500.mp4,720,0,clear,train,2019_2020
CAMHDA301-20190114T211500,2019-01-14,/home/jovyan/ooi/san_data/RS03ASHS-PN03B-06-CAMHDA301/2019/01/14/CAMHDA301-20190114T211500.mp4,510,0,clear,train,2019_2020
CAMHDA301-20190114T211500,2019-01-14,/home/jovyan/ooi/san_data/RS03ASHS-PN03B-06-CAMHDA301/2019/01/14/CAMHDA301-20190114T211500.mp4,60,0,clear,train,2019_2020
CAMHDA301-20190121T001500,2019-01-21,/home/jovyan/ooi/san_data/RS03ASHS-PN03B-06-CAMHDA301/2019/01/21/CAMHDA301-20190121T001500.mp4,450,1,clear,train,2019_2020
CAMHDA301-20190121T031500,2019-01-21,/home/jovyan/ooi/san_data/RS03ASHS-PN03B-06-CAMHDA301/2019/01/21/CAMHDA301-20190121T031500.mp4,450,1,clear,train,2019_2020
CAMHDA301-20190121T061500,2019-01-21,/home/jovyan/ooi/san_data/RS03ASHS-PN03B-06-CAMHDA301/2019/01/21/CAMHDA301-20190121T061500.mp4,90,0,clear,train,2019_2020
CAMHDA301-20190121T061500,2019-01-21,/home/jovyan/ooi/san_data/RS03ASHS-PN03B-06-CAMHDA301/2019/01/21/CAMHDA301-20190121T061500.mp4,720,0,clear,train,2019_2020
CAMHDA301-20190121T061500,2019-01-21,/home/jovyan/ooi/san_data/RS03ASHS-PN03B-06-CAMHDA301/2019/01/21/CAMHDA301-20190121T061500.mp4,660,0,clear,train,2019_2020
CAMHDA301-20190121T061500,2019-01-21,/home/jovyan/ooi/san_data/RS03ASHS-PN03B-06-CAMHDA301/2019/01/21/CAMHDA301-20190121T061500.mp4,600,0,clear,train,2019_2020
CAMHDA301-20190121T091500,2019-01-21,/home/jovyan/ooi/san_data/RS03ASHS-PN03B-06-CAMHDA301/2019/01/21/CAMHDA301-20190121T091500.mp4,450,1,clear,train,2019_2020
CAMHDA301-20190121T121500,2019-01-21,/home/jovyan/ooi/san_data/RS03ASHS-PN03B-06-CAMHDA301/2019/01/21/CAMHDA301-20190121T121500.mp4,450,1,clear,train,2019_2020
CAMHDA301-20190121T151500,2019-01-21,/home/jovyan/ooi/san_data/RS03ASHS-PN03B-06-CAMHDA301/2019/01/21/CAMHDA301-20190121T151500.mp4,450,1,clear,train,2019_2020
CAMHDA301-20190121T181500,2019-01-21,/home/jovyan/ooi/san_data/RS03ASHS-PN03B-06-CAMHDA301/2019/01/21/CAMHDA301-20190121T181500.mp4,450,1,clear,train,2019_2020
CAMHDA301-20190121T211500,2019-01-21,/home/jovyan/ooi/san_data/RS03ASHS-PN03B-06-CAMHDA301/2019/01/21/CAMHDA301-20190121T211500.mp4,450,0,clear,train,2019_2020
CAMHDA301-20190121T211500,2019-01-21,/home/jovyan/ooi/san_data/RS03ASHS-PN03B-06-CAMHDA301/2019/01/21/CAMHDA301-20190121T211500.mp4,660,0,clear,train,2019_2020
CAMHDA301-20190121T211500,2019-01-21,/home/jovyan/ooi/san_data/RS03ASHS-PN03B-06-CAMHDA301/2019/01/21/CAMHDA301-20190121T211500.mp4,420,0,clear,train,2019_2020
CAMHDA301-20190121T211500,2019-01-21,/home/jovyan/ooi/san_data/RS03ASHS-PN03B-06-CAMHDA301/2019/01/21/CAMHDA301-20190121T211500.mp4,840,0,clear,train,2019_2020
CAMHDA301-20190128T001500,2019-01-28,/home/jovyan/ooi/san_data/RS03ASHS-PN03B-06-CAMHDA301/2019/01/28/CAMHDA301-20190128T001500.mp4,450,1,clear,train,2019_2020
CAMHDA301-20190128T031500,2019-01-28,/home/jovyan/ooi/san_data/RS03ASHS-PN03B-06-CAMHDA301/2019/01/28/CAMHDA301-20190128T031500.mp4,420,1,clear,train,2019_2020
CAMHDA301-20190128T061500,2019-01-28,/home/jovyan/ooi/san_data/RS03ASHS-PN03B-06-CAMHDA301/2019/01/28/CAMHDA301-20190128T061500.mp4,450,1,clear,train,2019_2020
CAMHDA301-20190128T091500,2019-01-28,/home/jovyan/ooi/san_data/RS03ASHS-PN03B-06-CAMHDA301/2019/01/28/CAMHDA301-20190128T091500.mp4,450,1,clear,train,2019_2020
CAMHDA301-20190128T121500,2019-01-28,/home/jovyan/ooi/san_data/RS03ASHS-PN03B-06-CAMHDA301/2019/01/28/CAMHDA301-20190128T121500.mp4,450,1,clear,train,2019_2020
CAMHDA301-20190128T151500,2019-01-28,/home/jovyan/ooi/san_data/RS03ASHS-PN03B-06-CAMHDA301/2019/01/28/CAMHDA301-20190128T151500.mp4,690,0,clear,train,2019_2020
CAMHDA301-20190128T151500,2019-01-28,/home/jovyan/ooi/san_data/RS03ASHS-PN03B-06-CAMHDA301/2019/01/28/CAMHDA301-20190128T151500.mp4,60,0,clear,train,2019_2020
CAMHDA301-20190128T151500,2019-01-28,/home/jovyan/ooi/san_data/RS03ASHS-PN03B-06-CAMHDA301/2019/01/28/CAMHDA301-20190128T151500.mp4,510,0,clear,train,2019_2020
CAMHDA301-20190128T151500,2019-01-28,/home/jovyan/ooi/san_data/RS03ASHS-PN03B-06-CAMHDA301/2019/01/28/CAMHDA301-20190128T151500.mp4,600,0,clear,train,2019_2020
CAMHDA301-20190128T181500,2019-01-28,/home/jovyan/ooi/san_data/RS03ASHS-PN03B-06-CAMHDA301/2019/01/28/CAMHDA301-20190128T181500.mp4,210,0,clear,train,2019_2020
CAMHDA301-20190128T181500,2019-01-28,/home/jovyan/ooi/san_data/RS03ASHS-PN03B-06-CAMHDA301/2019/01/28/CAMHDA301-20190128T181500.mp4,150,0,clear,train,2019_2020
CAMHDA301-20190128T181500,2019-01-28,/home/jovyan/ooi/san_data/RS03ASHS-PN03B-06-CAMHDA301/2019/01/28/CAMHDA301-20190128T181500.mp4,840,0,clear,train,2019_2020
CAMHDA301-20190128T181500,2019-01-28,/home/jovyan/ooi/san_data/RS03ASHS-PN03B-06-CAMHDA301/2019/01/28/CAMHDA301-20190128T181500.mp4,540,0,clear,train,2019_2020
CAMHDA301-20190128T211500,2019-01-28,/home/jovyan/ooi/san_data/RS03ASHS-PN03B-06-CAMHDA301/2019/01/28/CAMHDA301-20190128T211500.mp4,450,1,clear,train,2019_2020
CAMHDA301-20190204T001500,2019-02-04,/home/jovyan/ooi/san_data/RS03ASHS-PN03B-06-CAMHDA301/2019/02/04/CAMHDA301-20190204T001500.mp4,450,1,clear,val,2019_2020
CAMHDA301-20190204T031500,2019-02-04,/home/jovyan/ooi/san_data/RS03ASHS-PN03B-06-CAMHDA301/2019/02/04/CAMHDA301-20190204T031500.mp4,450,1,clear,val,2019_2020
CAMHDA301-20190204T061500,2019-02-04,/home/jovyan/ooi/san_data/RS03ASHS-PN03B-06-CAMHDA301/2019/02/04/CAMHDA301-20190204T061500.mp4,450,1,clear,val,2019_2020
CAMHDA301-20190204T091500,2019-02-04,/home/jovyan/ooi/san_data/RS03ASHS-PN03B-06-CAMHDA301/2019/02/04/CAMHDA301-20190204T091500.mp4,450,1,clear,val,2019_2020
CAMHDA301-20190204T121500,2019-02-04,/home/jovyan/ooi/san_data/RS03ASHS-PN03B-06-CAMHDA301/2019/02/04/CAMHDA301-20190204T121500.mp4,450,1,clear,val,2019_2020
CAMHDA301-20190204T151500,2019-02-04,/home/jovyan/ooi/san_data/RS03ASHS-PN03B-06-CAMHDA301/2019/02/04/CAMHDA301-20190204T151500.mp4,450,1,clear,val,2019_2020
CAMHDA301-20190204T181500,2019-02-04,/home/jovyan/ooi/san_data/RS03ASHS-PN03B-06-CAMHDA301/2019/02/04/CAMHDA301-20190204T181500.mp4,450,1,clear,val,2019_2020
CAMHDA301-20190204T211500,2019-02-04,/home/jovyan/ooi/san_data/RS03ASHS-PN03B-06-CAMHDA301/2019/02/04/CAMHDA301-20190204T211500.mp4,450,1,clear,val,2019_2020
CAMHDA301-20190211T001500,2019-02-11,/home/jovyan/ooi/san_data/RS03ASHS-PN03B-06-CAMHDA301/2019/02/11/CAMHDA301-20190211T001500.mp4,450,1,clear,train,2019_2020
CAMHDA301-20190211T031500,2019-02-11,/home/jovyan/ooi/san_data/RS03ASHS-PN03B-06-CAMHDA301/2019/02/11/CAMHDA301-20190211T031500.mp4,450,1,clear,train,2019_2020
CAMHDA301-20190211T061500,2019-02-11,/home/jovyan/ooi/san_data/RS03ASHS-PN03B-06-CAMHDA301/2019/02/11/CAMHDA301-20190211T061500.mp4,450,1,clear,train,2019_2020
CAMHDA301-20190211T091500,2019-02-11,/home/jovyan/ooi/san_data/RS03ASHS-PN03B-06-CAMHDA301/2019/02/11/CAMHDA301-20190211T091500.mp4,450,1,clear,train,2019_2020
CAMHDA301-20190211T121500,2019-02-11,/home/jovyan/ooi/san_data/RS03ASHS-PN03B-06-CAMHDA301/2019/02/11/CAMHDA301-20190211T121500.mp4,510,0,clear,train,2019_2020
CAMHDA301-20190211T121500,2019-02-11,/home/jovyan/ooi/san_data/RS03ASHS-PN03B-06-CAMHDA301/2019/02/11/CAMHDA301-20190211T121500.mp4,120,0,clear,train,2019_2020
CAMHDA301-20190211T121500,2019-02-11,/home/jovyan/ooi/san_data/RS03ASHS-PN03B-06-CAMHDA301/2019/02/11/CAMHDA301-20190211T121500.mp4,540,0,clear,train,2019_2020
CAMHDA301-20190211T121500,2019-02-11,/home/jovyan/ooi/san_data/RS03ASHS-PN03B-06-CAMHDA301/2019/02/11/CAMHDA301-20190211T121500.mp4,660,0,clear,train,2019_2020
CAMHDA301-20190211T151500,2019-02-11,/home/jovyan/ooi/san_data/RS03ASHS-PN03B-06-CAMHDA301/2019/02/11/CAMHDA301-20190211T151500.mp4,450,1,clear,train,2019_2020
CAMHDA301-20190211T181500,2019-02-11,/home/jovyan/ooi/san_data/RS03ASHS-PN03B-06-CAMHDA301/2019/02/11/CAMHDA301-20190211T181500.mp4,450,1,clear,train,2019_2020
CAMHDA301-20190211T211500,2019-02-11,/home/jovyan/ooi/san_data/RS03ASHS-PN03B-06-CAMHDA301/2019/02/11/CAMHDA301-20190211T211500.mp4,450,1,clear,train,2019_2020
CAMHDA301-20190218T001500,2019-02-18,/home/jovyan/ooi/san_data/RS03ASHS-PN03B-06-CAMHDA301/2019/02/18/CAMHDA301-20190218T001500.mp4,450,1,clear,val,2019_2020
CAMHDA301-20190218T031500,2019-02-18,/home/jovyan/ooi/san_data/RS03ASHS-PN03B-06-CAMHDA301/2019/02/18/CAMHDA301-20190218T031500.mp4,450,1,clear,val,2019_2020
CAMHDA301-20190218T061500,2019-02-18,/home/jovyan/ooi/san_data/RS03ASHS-PN03B-06-CAMHDA301/2019/02/18/CAMHDA301-20190218T061500.mp4,450,1,clear,val,2019_2020
CAMHDA301-20190218T091500,2019-02-18,/home/jovyan/ooi/san_data/RS03ASHS-PN03B-06-CAMHDA301/2019/02/18/CAMHDA301-20190218T091500.mp4,840,0,clear,val,2019_2020
CAMHDA301-20190218T091500,2019-02-18,/home/jovyan/ooi/san_data/RS03ASHS-PN03B-06-CAMHDA301/2019/02/18/CAMHDA301-20190218T091500.mp4,210,0,clear,val,2019_2020
CAMHDA301-20190218T091500,2019-02-18,/home/jovyan/ooi/san_data/RS03ASHS-PN03B-06-CAMHDA301/2019/02/18/CAMHDA301-20190218T091500.mp4,390,0,clear,val,2019_2020
CAMHDA301-20190218T091500,2019-02-18,/home/jovyan/ooi/san_data/RS03ASHS-PN03B-06-CAMHDA301/2019/02/18/CAMHDA301-20190218T091500.mp4,180,0,clear,val,2019_2020
CAMHDA301-20190218T121500,2019-02-18,/home/jovyan/ooi/san_data/RS03ASHS-PN03B-06-CAMHDA301/2019/02/18/CAMHDA301-20190218T121500.mp4,450,1,clear,val,2019_2020
CAMHDA301-20190218T151500,2019-02-18,/home/jovyan/ooi/san_data/RS03ASHS-PN03B-06-CAMHDA301/2019/02/18/CAMHDA301-20190218T151500.mp4,300,0,clear,val,2019_2020
CAMHDA301-20190218T151500,2019-02-18,/home/jovyan/ooi/san_data/RS03ASHS-PN03B-06-CAMHDA301/2019/02/18/CAMHDA301-20190218T151500.mp4,270,0,clear,val,2019_2020
CAMHDA301-20190218T151500,2019-02-18,/home/jovyan/ooi/san_data/RS03ASHS-PN03B-06-CAMHDA301/2019/02/18/CAMHDA301-20190218T151500.mp4,120,0,clear,val,2019_2020
CAMHDA301-20190218T151500,2019-02-18,/home/jovyan/ooi/san_data/RS03ASHS-PN03B-06-CAMHDA301/2019/02/18/CAMHDA301-20190218T151500.mp4,390,0,clear,val,2019_2020
CAMHDA301-20190218T181500,2019-02-18,/home/jovyan/ooi/san_data/RS03ASHS-PN03B-06-CAMHDA301/2019/02/18/CAMHDA301-20190218T181500.mp4,630,0,clear,val,2019_2020
CAMHDA301-20190218T181500,2019-02-18,/home/jovyan/ooi/san_data/RS03ASHS-PN03B-06-CAMHDA301/2019/02/18/CAMHDA301-20190218T181500.mp4,360,0,clear,val,2019_2020
CAMHDA301-20190218T181500,2019-02-18,/home/jovyan/ooi/san_data/RS03ASHS-PN03B-06-CAMHDA301/2019/02/18/CAMHDA301-20190218T181500.mp4,810,0,clear,val,2019_2020
CAMHDA301-20190218T181500,2019-02-18,/home/jovyan/ooi/san_data/RS03ASHS-PN03B-06-CAMHDA301/2019/02/18/CAMHDA301-20190218T181500.mp4,90,0,clear,val,2019_2020
CAMHDA301-20190218T211500,2019-02-18,/home/jovyan/ooi/san_data/RS03ASHS-PN03B-06-CAMHDA301/2019/02/18/CAMHDA301-20190218T211500.mp4,120,0,clear,val,2019_2020
CAMHDA301-20190218T211500,2019-02-18,/home/jovyan/ooi/san_data/RS03ASHS-PN03B-06-CAMHDA301/2019/02/18/CAMHDA301-20190218T211500.mp4,420,0,clear,val,2019_2020
CAMHDA301-20190218T211500,2019-02-18,/home/jovyan/ooi/san_data/RS03ASHS-PN03B-06-CAMHDA301/2019/02/18/CAMHDA301-20190218T211500.mp4,300,0,clear,val,2019_2020
CAMHDA301-20190218T211500,2019-02-18,/home/jovyan/ooi/san_data/RS03ASHS-PN03B-06-CAMHDA301/2019/02/18/CAMHDA301-20190218T211500.mp4,480,0,clear,val,2019_2020
CAMHDA301-20190225T001500,2019-02-25,/home/jovyan/ooi/san_data/RS03ASHS-PN03B-06-CAMHDA301/2019/02/25/CAMHDA301-20190225T001500.mp4,450,1,clear,train,2019_2020
CAMHDA301-20190225T031500,2019-02-25,/home/jovyan/ooi/san_data/RS03ASHS-PN03B-06-CAMHDA301/2019/02/25/CAMHDA301-20190225T031500.mp4,450,1,clear,train,2019_2020
CAMHDA301-20190225T061500,2019-02-25,/home/jovyan/ooi/san_data/RS03ASHS-PN03B-06-CAMHDA301/2019/02/25/CAMHDA301-20190225T061500.mp4,450,1,clear,train,2019_2020
CAMHDA301-20190225T091500,2019-02-25,/home/jovyan/ooi/san_data/RS03ASHS-PN03B-06-CAMHDA301/2019/02/25/CAMHDA301-20190225T091500.mp4,450,1,clear,train,2019_2020
CAMHDA301-20190225T121500,2019-02-25,/home/jovyan/ooi/san_data/RS03ASHS-PN03B-06-CAMHDA301/2019/02/25/CAMHDA301-20190225T121500.mp4,450,1,clear,train,2019_2020
CAMHDA301-20190225T151500,2019-02-25,/home/jovyan/ooi/san_data/RS03ASHS-PN03B-06-CAMHDA301/2019/02/25/CAMHDA301-20190225T151500.mp4,450,1,clear,train,2019_2020
CAMHDA301-20190225T181500,2019-02-25,/home/jovyan/ooi/san_data/RS03ASHS-PN03B-06-CAMHDA301/2019/02/25/CAMHDA301-20190225T181500.mp4,450,1,clear,train,2019_2020
CAMHDA301-20190225T211500,2019-02-25,/home/jovyan/ooi/san_data/RS03ASHS-PN03B-06-CAMHDA301/2019/02/25/CAMHDA301-20190225T211500.mp4,450,1,clear,train,2019_2020
CAMHDA301-20190304T001500,2019-03-04,/home/jovyan/ooi/san_data/RS03ASHS-PN03B-06-CAMHDA301/2019/03/04/CAMHDA301-20190304T001500.mp4,450,1,clear,train,2019_2020
CAMHDA301-20190304T031500,2019-03-04,/home/jovyan/ooi/san_data/RS03ASHS-PN03B-06-CAMHDA301/2019/03/04/CAMHDA301-20190304T031500.mp4,450,1,clear,train,2019_2020
CAMHDA301-20190304T061500,2019-03-04,/home/jovyan/ooi/san_data/RS03ASHS-PN03B-06-CAMHDA301/2019/03/04/CAMHDA301-20190304T061500.mp4,210,0,clear,train,2019_2020
CAMHDA301-20190304T061500,2019-03-04,/home/jovyan/ooi/san_data/RS03ASHS-PN03B-06-CAMHDA301/2019/03/04/CAMHDA301-20190304T061500.mp4,240,0,clear,train,2019_2020
CAMHDA301-20190304T061500,2019-03-04,/home/jovyan/ooi/san_data/RS03ASHS-PN03B-06-CAMHDA301/2019/03/04/CAMHDA301-20190304T061500.mp4,90,0,clear,train,2019_2020
CAMHDA301-20190304T061500,2019-03-04,/home/jovyan/ooi/san_data/RS03ASHS-PN03B-06-CAMHDA301/2019/03/04/CAMHDA301-20190304T061500.mp4,750,0,clear,train,2019_2020
CAMHDA301-20190304T091500,2019-03-04,/home/jovyan/ooi/san_data/RS03ASHS-PN03B-06-CAMHDA301/2019/03/04/CAMHDA301-20190304T091500.mp4,330,0,clear,train,2019_2020
CAMHDA301-20190304T091500,2019-03-04,/home/jovyan/ooi/san_data/RS03ASHS-PN03B-06-CAMHDA301/2019/03/04/CAMHDA301-20190304T091500.mp4,270,0,clear,train,2019_2020
CAMHDA301-20190304T091500,2019-03-04,/home/jovyan/ooi/san_data/RS03ASHS-PN03B-06-CAMHDA301/2019/03/04/CAMHDA301-20190304T091500.mp4,630,0,clear,train,2019_2020
CAMHDA301-20190304T091500,2019-03-04,/home/jovyan/ooi/san_data/RS03ASHS-PN03B-06-CAMHDA301/2019/03/04/CAMHDA301-20190304T091500.mp4,750,0,clear,train,2019_2020
CAMHDA301-20190304T121500,2019-03-04,/home/jovyan/ooi/san_data/RS03ASHS-PN03B-06-CAMHDA301/2019/03/04/CAMHDA301-20190304T121500.mp4,420,1,clear,train,2019_2020
CAMHDA301-20190304T151500,2019-03-04,/home/jovyan/ooi/san_data/RS03ASHS-PN03B-06-CAMHDA301/2019/03/04/CAMHDA301-20190304T151500.mp4,450,1,clear,train,2019_2020
CAMHDA301-20190304T181500,2019-03-04,/home/jovyan/ooi/san_data/RS03ASHS-PN03B-06-CAMHDA301/2019/03/04/CAMHDA301-20190304T181500.mp4,450,1,clear,train,2019_2020
CAMHDA301-20190304T211500,2019-03-04,/home/jovyan/ooi/san_data/RS03ASHS-PN03B-06-CAMHDA301/2019/03/04/CAMHDA301-20190304T211500.mp4,30,0,clear,train,2019_2020
CAMHDA301-20190304T211500,2019-03-04,/home/jovyan/ooi/san_data/RS03ASHS-PN03B-06-CAMHDA301/2019/03/04/CAMHDA301-20190304T211500.mp4,180,0,clear,train,2019_2020
CAMHDA301-20190304T211500,2019-03-04,/home/jovyan/ooi/san_data/RS03ASHS-PN03B-06-CAMHDA301/2019/03/04/CAMHDA301-20190304T211500.mp4,150,0,clear,train,2019_2020
CAMHDA301-20190304T211500,2019-03-04,/home/jovyan/ooi/san_data/RS03ASHS-PN03B-06-CAMHDA301/2019/03/04/CAMHDA301-20190304T211500.mp4,690,0,clear,train,2019_2020
CAMHDA301-20190311T001500,2019-03-11,/home/jovyan/ooi/san_data/RS03ASHS-PN03B-06-CAMHDA301/2019/03/11/CAMHDA301-20190311T001500.mp4,450,1,clear,train,2019_2020
CAMHDA301-20190311T031500,2019-03-11,/home/jovyan/ooi/san_data/RS03ASHS-PN03B-06-CAMHDA301/2019/03/11/CAMHDA301-20190311T031500.mp4,600,0,clear,train,2019_2020
CAMHDA301-20190311T031500,2019-03-11,/home/jovyan/ooi/san_data/RS03ASHS-PN03B-06-CAMHDA301/2019/03/11/CAMHDA301-20190311T031500.mp4,750,0,clear,train,2019_2020
CAMHDA301-20190311T031500,2019-03-11,/home/jovyan/ooi/san_data/RS03ASHS-PN03B-06-CAMHDA301/2019/03/11/CAMHDA301-20190311T031500.mp4,540,0,clear,train,2019_2020
CAMHDA301-20190311T031500,2019-03-11,/home/jovyan/ooi/san_data/RS03ASHS-PN03B-06-CAMHDA301/2019/03/11/CAMHDA301-20190311T031500.mp4,840,0,clear,train,2019_2020
CAMHDA301-20190311T061500,2019-03-11,/home/jovyan/ooi/san_data/RS03ASHS-PN03B-06-CAMHDA301/2019/03/11/CAMHDA301-20190311T061500.mp4,420,1,clear,train,2019_2020
CAMHDA301-20190311T091500,2019-03-11,/home/jovyan/ooi/san_data/RS03ASHS-PN03B-06-CAMHDA301/2019/03/11/CAMHDA301-20190311T091500.mp4,30,0,clear,train,2019_2020
CAMHDA301-20190311T091500,2019-03-11,/home/jovyan/ooi/san_data/RS03ASHS-PN03B-06-CAMHDA301/2019/03/11/CAMHDA301-20190311T091500.mp4,180,0,clear,train,2019_2020
CAMHDA301-20190311T091500,2019-03-11,/home/jovyan/ooi/san_data/RS03ASHS-PN03B-06-CAMHDA301/2019/03/11/CAMHDA301-20190311T091500.mp4,840,0,clear,train,2019_2020
CAMHDA301-20190311T091500,2019-03-11,/home/jovyan/ooi/san_data/RS03ASHS-PN03B-06-CAMHDA301/2019/03/11/CAMHDA301-20190311T091500.mp4,150,0,clear,train,2019_2020
CAMHDA301-20190311T121500,2019-03-11,/home/jovyan/ooi/san_data/RS03ASHS-PN03B-06-CAMHDA301/2019/03/11/CAMHDA301-20190311T121500.mp4,450,1,clear,train,2019_2020
CAMHDA301-20190311T151500,2019-03-11,/home/jovyan/ooi/san_data/RS03ASHS-PN03B-06-CAMHDA301/2019/03/11/CAMHDA301-20190311T151500.mp4,60,0,clear,train,2019_2020
CAMHDA301-20190311T151500,2019-03-11,/home/jovyan/ooi/san_data/RS03ASHS-PN03B-06-CAMHDA301/2019/03/11/CAMHDA301-20190311T151500.mp4,630,0,clear,train,2019_2020
CAMHDA301-20190311T151500,2019-03-11,/home/jovyan/ooi/san_data/RS03ASHS-PN03B-06-CAMHDA301/2019/03/11/CAMHDA301-20190311T151500.mp4,780,0,clear,train,2019_2020
CAMHDA301-20190311T151500,2019-03-11,/home/jovyan/ooi/san_data/RS03ASHS-PN03B-06-CAMHDA301/2019/03/11/CAMHDA301-20190311T151500.mp4,150,0,clear,train,2019_2020
CAMHDA301-20190311T181500,2019-03-11,/home/jovyan/ooi/san_data/RS03ASHS-PN03B-06-CAMHDA301/2019/03/11/CAMHDA301-20190311T181500.mp4,450,1,clear,train,2019_2020
CAMHDA301-20190311T211500,2019-03-11,/home/jovyan/ooi/san_data/RS03ASHS-PN03B-06-CAMHDA301/2019/03/11/CAMHDA301-20190311T211500.mp4,450,1,clear,train,2019_2020
CAMHDA301-20190318T001500,2019-03-18,/home/jovyan/ooi/san_data/RS03ASHS-PN03B-06-CAMHDA301/2019/03/18/CAMHDA301-20190318T001500.mp4,450,1,clear,train,2019_2020
CAMHDA301-20190318T031500,2019-03-18,/home/jovyan/ooi/san_data/RS03ASHS-PN03B-06-CAMHDA301/2019/03/18/CAMHDA301-20190318T031500.mp4,450,1,clear,train,2019_2020
CAMHDA301-20190318T061500,2019-03-18,/home/jovyan/ooi/san_data/RS03ASHS-PN03B-06-CAMHDA301/2019/03/18/CAMHDA301-20190318T061500.mp4,450,1,clear,train,2019_2020
CAMHDA301-20190318T091500,2019-03-18,/home/jovyan/ooi/san_data/RS03ASHS-PN03B-06-CAMHDA301/2019/03/18/CAMHDA301-20190318T091500.mp4,450,1,clear,train,2019_2020
CAMHDA301-20190318T121500,2019-03-18,/home/jovyan/ooi/san_data/RS03ASHS-PN03B-06-CAMHDA301/2019/03/18/CAMHDA301-20190318T121500.mp4,450,1,clear,train,2019_2020
CAMHDA301-20190318T151500,2019-03-18,/home/jovyan/ooi/san_data/RS03ASHS-PN03B-06-CAMHDA301/2019/03/18/CAMHDA301-20190318T151500.mp4,450,1,clear,train,2019_2020
CAMHDA301-20190318T181500,2019-03-18,/home/jovyan/ooi/san_data/RS03ASHS-PN03B-06-CAMHDA301/2019/03/18/CAMHDA301-20190318T181500.mp4,450,1,clear,train,2019_2020
CAMHDA301-20190318T211500,2019-03-18,/home/jovyan/ooi/san_data/RS03ASHS-PN03B-06-CAMHDA301/2019/03/18/CAMHDA301-20190318T211500.mp4,450,1,clear,train,2019_2020
CAMHDA301-20190325T001500,2019-03-25,/home/jovyan/ooi/san_data/RS03ASHS-PN03B-06-CAMHDA301/2019/03/25/CAMHDA301-20190325T001500.mp4,450,1,clear,train,2019_2020
CAMHDA301-20190325T031500,2019-03-25,/home/jovyan/ooi/san_data/RS03ASHS-PN03B-06-CAMHDA301/2019/03/25/CAMHDA301-20190325T031500.mp4,150,0,clear,train,2019_2020
CAMHDA301-20190325T031500,2019-03-25,/home/jovyan/ooi/san_data/RS03ASHS-PN03B-06-CAMHDA301/2019/03/25/CAMHDA301-20190325T031500.mp4,210,0,clear,train,2019_2020
CAMHDA301-20190325T031500,2019-03-25,/home/jovyan/ooi/san_data/RS03ASHS-PN03B-06-CAMHDA301/2019/03/25/CAMHDA301-20190325T031500.mp4,570,0,clear,train,2019_2020
CAMHDA301-20190325T031500,2019-03-25,/home/jovyan/ooi/san_data/RS03ASHS-PN03B-06-CAMHDA301/2019/03/25/CAMHDA301-20190325T031500.mp4,720,0,clear,train,2019_2020
CAMHDA301-20190325T061500,2019-03-25,/home/jovyan/ooi/san_data/RS03ASHS-PN03B-06-CAMHDA301/2019/03/25/CAMHDA301-20190325T061500.mp4,450,1,clear,train,2019_2020
CAMHDA301-20190325T091500,2019-03-25,/home/jovyan/ooi/san_data/RS03ASHS-PN03B-06-CAMHDA301/2019/03/25/CAMHDA301-20190325T091500.mp4,450,1,clear,train,2019_2020
CAMHDA301-20190325T121500,2019-03-25,/home/jovyan/ooi/san_data/RS03ASHS-PN03B-06-CAMHDA301/2019/03/25/CAMHDA301-20190325T121500.mp4,810,0,clear,train,2019_2020
CAMHDA301-20190325T121500,2019-03-25,/home/jovyan/ooi/san_data/RS03ASHS-PN03B-06-CAMHDA301/2019/03/25/CAMHDA301-20190325T121500.mp4,210,0,clear,train,2019_2020
CAMHDA301-20190325T121500,2019-03-25,/home/jovyan/ooi/san_data/RS03ASHS-PN03B-06-CAMHDA301/2019/03/25/CAMHDA301-20190325T121500.mp4,30,0,clear,train,2019_2020
CAMHDA301-20190325T121500,2019-03-25,/home/jovyan/ooi/san_data/RS03ASHS-PN03B-06-CAMHDA301/2019/03/25/CAMHDA301-20190325T121500.mp4,690,0,clear,train,2019_2020
CAMHDA301-20190325T151500,2019-03-25,/home/jovyan/ooi/san_data/RS03ASHS-PN03B-06-CAMHDA301/2019/03/25/CAMHDA301-20190325T151500.mp4,630,0,clear,train,2019_2020
CAMHDA301-20190325T151500,2019-03-25,/home/jovyan/ooi/san_data/RS03ASHS-PN03B-06-CAMHDA301/2019/03/25/CAMHDA301-20190325T151500.mp4,270,0,clear,train,2019_2020
CAMHDA301-20190325T151500,2019-03-25,/home/jovyan/ooi/san_data/RS03ASHS-PN03B-06-CAMHDA301/2019/03/25/CAMHDA301-20190325T151500.mp4,120,0,clear,train,2019_2020
CAMHDA301-20190325T151500,2019-03-25,/home/jovyan/ooi/san_data/RS03ASHS-PN03B-06-CAMHDA301/2019/03/25/CAMHDA301-20190325T151500.mp4,840,0,clear,train,2019_2020
CAMHDA301-20190325T181500,2019-03-25,/home/jovyan/ooi/san_data/RS03ASHS-PN03B-06-CAMHDA301/2019/03/25/CAMHDA301-20190325T181500.mp4,540,0,clear,train,2019_2020
CAMHDA301-20190325T181500,2019-03-25,/home/jovyan/ooi/san_data/RS03ASHS-PN03B-06-CAMHDA301/2019/03/25/CAMHDA301-20190325T181500.mp4,480,0,clear,train,2019_2020
CAMHDA301-20190325T181500,2019-03-25,/home/jovyan/ooi/san_data/RS03ASHS-PN03B-06-CAMHDA301/2019/03/25/CAMHDA301-20190325T181500.mp4,360,0,clear,train,2019_2020
CAMHDA301-20190325T181500,2019-03-25,/home/jovyan/ooi/san_data/RS03ASHS-PN03B-06-CAMHDA301/2019/03/25/CAMHDA301-20190325T181500.mp4,90,0,clear,train,2019_2020
CAMHDA301-20190325T211500,2019-03-25,/home/jovyan/ooi/san_data/RS03ASHS-PN03B-06-CAMHDA301/2019/03/25/CAMHDA301-20190325T211500.mp4,450,1,clear,train,2019_2020
CAMHDA301-20190401T031500,2019-04-01,/home/jovyan/ooi/san_data/RS03ASHS-PN03B-06-CAMHDA301/2019/04/01/CAMHDA301-20190401T031500.mp4,60,0,clear,train,2019_2020
CAMHDA301-20190401T031500,2019-04-01,/home/jovyan/ooi/san_data/RS03ASHS-PN03B-06-CAMHDA301/2019/04/01/CAMHDA301-20190401T031500.mp4,330,0,clear,train,2019_2020
CAMHDA301-20190401T031500,2019-04-01,/home/jovyan/ooi/san_data/RS03ASHS-PN03B-06-CAMHDA301/2019/04/01/CAMHDA301-20190401T031500.mp4,630,0,clear,train,2019_2020
CAMHDA301-20190401T031500,2019-04-01,/home/jovyan/ooi/san_data/RS03ASHS-PN03B-06-CAMHDA301/2019/04/01/CAMHDA301-20190401T031500.mp4,510,0,clear,train,2019_2020
CAMHDA301-20190401T061500,2019-04-01,/home/jovyan/ooi/san_data/RS03ASHS-PN03B-06-CAMHDA301/2019/04/01/CAMHDA301-20190401T061500.mp4,330,0,clear,train,2019_2020
CAMHDA301-20190401T061500,2019-04-01,/home/jovyan/ooi/san_data/RS03ASHS-PN03B-06-CAMHDA301/2019/04/01/CAMHDA301-20190401T061500.mp4,270,0,clear,train,2019_2020
CAMHDA301-20190401T061500,2019-04-01,/home/jovyan/ooi/san_data/RS03ASHS-PN03B-06-CAMHDA301/2019/04/01/CAMHDA301-20190401T061500.mp4,810,0,clear,train,2019_2020
CAMHDA301-20190401T061500,2019-04-01,/home/jovyan/ooi/san_data/RS03ASHS-PN03B-06-CAMHDA301/2019/04/01/CAMHDA301-20190401T061500.mp4,120,0,clear,train,2019_2020
CAMHDA301-20190401T091500,2019-04-01,/home/jovyan/ooi/san_data/RS03ASHS-PN03B-06-CAMHDA301/2019/04/01/CAMHDA301-20190401T091500.mp4,810,0,clear,train,2019_2020
CAMHDA301-20190401T091500,2019-04-01,/home/jovyan/ooi/san_data/RS03ASHS-PN03B-06-CAMHDA301/2019/04/01/CAMHDA301-20190401T091500.mp4,840,0,clear,train,2019_2020
CAMHDA301-20190401T091500,2019-04-01,/home/jovyan/ooi/san_data/RS03ASHS-PN03B-06-CAMHDA301/2019/04/01/CAMHDA301-20190401T091500.mp4,780,0,clear,train,2019_2020
CAMHDA301-20190401T091500,2019-04-01,/home/jovyan/ooi/san_data/RS03ASHS-PN03B-06-CAMHDA301/2019/04/01/CAMHDA301-20190401T091500.mp4,210,0,clear,train,2019_2020
CAMHDA301-20190401T121500,2019-04-01,/home/jovyan/ooi/san_data/RS03ASHS-PN03B-06-CAMHDA301/2019/04/01/CAMHDA301-20190401T121500.mp4,780,0,clear,train,2019_2020
CAMHDA301-20190401T121500,2019-04-01,/home/jovyan/ooi/san_data/RS03ASHS-PN03B-06-CAMHDA301/2019/04/01/CAMHDA301-20190401T121500.mp4,600,0,clear,train,2019_2020
CAMHDA301-20190401T121500,2019-04-01,/home/jovyan/ooi/san_data/RS03ASHS-PN03B-06-CAMHDA301/2019/04/01/CAMHDA301-20190401T121500.mp4,570,0,clear,train,2019_2020
CAMHDA301-20190401T121500,2019-04-01,/home/jovyan/ooi/san_data/RS03ASHS-PN03B-06-CAMHDA301/2019/04/01/CAMHDA301-20190401T121500.mp4,660,0,clear,train,2019_2020
CAMHDA301-20190429T001500,2019-04-29,/home/jovyan/ooi/san_data/RS03ASHS-PN03B-06-CAMHDA301/2019/04/29/CAMHDA301-20190429T001500.mp4,450,1,clear,test,2019_2020
CAMHDA301-20190429T031500,2019-04-29,/home/jovyan/ooi/san_data/RS03ASHS-PN03B-06-CAMHDA301/2019/04/29/CAMHDA301-20190429T031500.mp4,450,1,clear,test,2019_2020
CAMHDA301-20190429T061500,2019-04-29,/home/jovyan/ooi/san_data/RS03ASHS-PN03B-06-CAMHDA301/2019/04/29/CAMHDA301-20190429T061500.mp4,450,1,clear,test,2019_2020
CAMHDA301-20190429T091500,2019-04-29,/home/jovyan/ooi/san_data/RS03ASHS-PN03B-06-CAMHDA301/2019/04/29/CAMHDA301-20190429T091500.mp4,450,1,clear,test,2019_2020
CAMHDA301-20190429T121500,2019-04-29,/home/jovyan/ooi/san_data/RS03ASHS-PN03B-06-CAMHDA301/2019/04/29/CAMHDA301-20190429T121500.mp4,450,1,clear,test,2019_2020
CAMHDA301-20190429T151500,2019-04-29,/home/jovyan/ooi/san_data/RS03ASHS-PN03B-06-CAMHDA301/2019/04/29/CAMHDA301-20190429T151500.mp4,330,0,clear,test,2019_2020
CAMHDA301-20190429T151500,2019-04-29,/home/jovyan/ooi/san_data/RS03ASHS-PN03B-06-CAMHDA301/2019/04/29/CAMHDA301-20190429T151500.mp4,30,0,clear,test,2019_2020
CAMHDA301-20190429T151500,2019-04-29,/home/jovyan/ooi/san_data/RS03ASHS-PN03B-06-CAMHDA301/2019/04/29/CAMHDA301-20190429T151500.mp4,720,0,clear,test,2019_2020
CAMHDA301-20190429T151500,2019-04-29,/home/jovyan/ooi/san_data/RS03ASHS-PN03B-06-CAMHDA301/2019/04/29/CAMHDA301-20190429T151500.mp4,750,0,clear,test,2019_2020
CAMHDA301-20190429T181500,2019-04-29,/home/jovyan/ooi/san_data/RS03ASHS-PN03B-06-CAMHDA301/2019/04/29/CAMHDA301-20190429T181500.mp4,450,1,clear,test,2019_2020
CAMHDA301-20190429T211500,2019-04-29,/home/jovyan/ooi/san_data/RS03ASHS-PN03B-06-CAMHDA301/2019/04/29/CAMHDA301-20190429T211500.mp4,450,1,clear,test,2019_2020
CAMHDA301-20190506T001500,2019-05-06,/home/jovyan/ooi/san_data/RS03ASHS-PN03B-06-CAMHDA301/2019/05/06/CAMHDA301-20190506T001500.mp4,450,1,clear,test,2019_2020
CAMHDA301-20190506T031500,2019-05-06,/home/jovyan/ooi/san_data/RS03ASHS-PN03B-06-CAMHDA301/2019/05/06/CAMHDA301-20190506T031500.mp4,450,1,clear,test,2019_2020
CAMHDA301-20190506T061500,2019-05-06,/home/jovyan/ooi/san_data/RS03ASHS-PN03B-06-CAMHDA301/2019/05/06/CAMHDA301-20190506T061500.mp4,150,0,clear,test,2019_2020
CAMHDA301-20190506T061500,2019-05-06,/home/jovyan/ooi/san_data/RS03ASHS-PN03B-06-CAMHDA301/2019/05/06/CAMHDA301-20190506T061500.mp4,570,0,clear,test,2019_2020
CAMHDA301-20190506T061500,2019-05-06,/home/jovyan/ooi/san_data/RS03ASHS-PN03B-06-CAMHDA301/2019/05/06/CAMHDA301-20190506T061500.mp4,750,0,clear,test,2019_2020
CAMHDA301-20190506T061500,2019-05-06,/home/jovyan/ooi/san_data/RS03ASHS-PN03B-06-CAMHDA301/2019/05/06/CAMHDA301-20190506T061500.mp4,510,0,clear,test,2019_2020
CAMHDA301-20190506T091500,2019-05-06,/home/jovyan/ooi/san_data/RS03ASHS-PN03B-06-CAMHDA301/2019/05/06/CAMHDA301-20190506T091500.mp4,600,0,clear,test,2019_2020
CAMHDA301-20190506T091500,2019-05-06,/home/jovyan/ooi/san_data/RS03ASHS-PN03B-06-CAMHDA301/2019/05/06/CAMHDA301-20190506T091500.mp4,210,0,clear,test,2019_2020
CAMHDA301-20190506T091500,2019-05-06,/home/jovyan/ooi/san_data/RS03ASHS-PN03B-06-CAMHDA301/2019/05/06/CAMHDA301-20190506T091500.mp4,90,0,clear,test,2019_2020
CAMHDA301-20190506T091500,2019-05-06,/home/jovyan/ooi/san_data/RS03ASHS-PN03B-06-CAMHDA301/2019/05/06/CAMHDA301-20190506T091500.mp4,360,0,clear,test,2019_2020
CAMHDA301-20190506T121500,2019-05-06,/home/jovyan/ooi/san_data/RS03ASHS-PN03B-06-CAMHDA301/2019/05/06/CAMHDA301-20190506T121500.mp4,450,1,clear,test,2019_2020
CAMHDA301-20190506T151500,2019-05-06,/home/jovyan/ooi/san_data/RS03ASHS-PN03B-06-CAMHDA301/2019/05/06/CAMHDA301-20190506T151500.mp4,450,1,clear,test,2019_2020
CAMHDA301-20190506T181500,2019-05-06,/home/jovyan/ooi/san_data/RS03ASHS-PN03B-06-CAMHDA301/2019/05/06/CAMHDA301-20190506T181500.mp4,450,1,clear,test,2019_2020
CAMHDA301-20190506T211500,2019-05-06,/home/jovyan/ooi/san_data/RS03ASHS-PN03B-06-CAMHDA301/2019/05/06/CAMHDA301-20190506T211500.mp4,450,1,clear,test,2019_2020
CAMHDA301-20190513T001500,2019-05-13,/home/jovyan/ooi/san_data/RS03ASHS-PN03B-06-CAMHDA301/2019/05/13/CAMHDA301-20190513T001500.mp4,450,1,clear,val,2019_2020
CAMHDA301-20190513T031500,2019-05-13,/home/jovyan/ooi/san_data/RS03ASHS-PN03B-06-CAMHDA301/2019/05/13/CAMHDA301-20190513T031500.mp4,180,0,clear,val,2019_2020
CAMHDA301-20190513T031500,2019-05-13,/home/jovyan/ooi/san_data/RS03ASHS-PN03B-06-CAMHDA301/2019/05/13/CAMHDA301-20190513T031500.mp4,510,0,clear,val,2019_2020
CAMHDA301-20190513T031500,2019-05-13,/home/jovyan/ooi/san_data/RS03ASHS-PN03B-06-CAMHDA301/2019/05/13/CAMHDA301-20190513T031500.mp4,270,0,clear,val,2019_2020
CAMHDA301-20190513T031500,2019-05-13,/home/jovyan/ooi/san_data/RS03ASHS-PN03B-06-CAMHDA301/2019/05/13/CAMHDA301-20190513T031500.mp4,210,0,clear,val,2019_2020
CAMHDA301-20190513T061500,2019-05-13,/home/jovyan/ooi/san_data/RS03ASHS-PN03B-06-CAMHDA301/2019/05/13/CAMHDA301-20190513T061500.mp4,390,0,clear,val,2019_2020
CAMHDA301-20190513T061500,2019-05-13,/home/jovyan/ooi/san_data/RS03ASHS-PN03B-06-CAMHDA301/2019/05/13/CAMHDA301-20190513T061500.mp4,60,0,clear,val,2019_2020
CAMHDA301-20190513T061500,2019-05-13,/home/jovyan/ooi/san_data/RS03ASHS-PN03B-06-CAMHDA301/2019/05/13/CAMHDA301-20190513T061500.mp4,570,0,clear,val,2019_2020
CAMHDA301-20190513T061500,2019-05-13,/home/jovyan/ooi/san_data/RS03ASHS-PN03B-06-CAMHDA301/2019/05/13/CAMHDA301-20190513T061500.mp4,120,0,clear,val,2019_2020
CAMHDA301-20190513T091500,2019-05-13,/home/jovyan/ooi/san_data/RS03ASHS-PN03B-06-CAMHDA301/2019/05/13/CAMHDA301-20190513T091500.mp4,60,0,clear,val,2019_2020
CAMHDA301-20190513T091500,2019-05-13,/home/jovyan/ooi/san_data/RS03ASHS-PN03B-06-CAMHDA301/2019/05/13/CAMHDA301-20190513T091500.mp4,600,0,clear,val,2019_2020
CAMHDA301-20190513T091500,2019-05-13,/home/jovyan/ooi/san_data/RS03ASHS-PN03B-06-CAMHDA301/2019/05/13/CAMHDA301-20190513T091500.mp4,480,0,clear,val,2019_2020
CAMHDA301-20190513T091500,2019-05-13,/home/jovyan/ooi/san_data/RS03ASHS-PN03B-06-CAMHDA301/2019/05/13/CAMHDA301-20190513T091500.mp4,570,0,clear,val,2019_2020
CAMHDA301-20190513T121500,2019-05-13,/home/jovyan/ooi/san_data/RS03ASHS-PN03B-06-CAMHDA301/2019/05/13/CAMHDA301-20190513T121500.mp4,450,1,clear,val,2019_2020
CAMHDA301-20190513T151500,2019-05-13,/home/jovyan/ooi/san_data/RS03ASHS-PN03B-06-CAMHDA301/2019/05/13/CAMHDA301-20190513T151500.mp4,450,1,clear,val,2019_2020
CAMHDA301-20190513T181500,2019-05-13,/home/jovyan/ooi/san_data/RS03ASHS-PN03B-06-CAMHDA301/2019/05/13/CAMHDA301-20190513T181500.mp4,510,0,clear,val,2019_2020
CAMHDA301-20190513T181500,2019-05-13,/home/jovyan/ooi/san_data/RS03ASHS-PN03B-06-CAMHDA301/2019/05/13/CAMHDA301-20190513T181500.mp4,690,0,clear,val,2019_2020
CAMHDA301-20190513T181500,2019-05-13,/home/jovyan/ooi/san_data/RS03ASHS-PN03B-06-CAMHDA301/2019/05/13/CAMHDA301-20190513T181500.mp4,60,0,clear,val,2019_2020
CAMHDA301-20190513T181500,2019-05-13,/home/jovyan/ooi/san_data/RS03ASHS-PN03B-06-CAMHDA301/2019/05/13/CAMHDA301-20190513T181500.mp4,360,0,clear,val,2019_2020
CAMHDA301-20190513T211500,2019-05-13,/home/jovyan/ooi/san_data/RS03ASHS-PN03B-06-CAMHDA301/2019/05/13/CAMHDA301-20190513T211500.mp4,570,0,clear,val,2019_2020
CAMHDA301-20190513T211500,2019-05-13,/home/jovyan/ooi/san_data/RS03ASHS-PN03B-06-CAMHDA301/2019/05/13/CAMHDA301-20190513T211500.mp4,120,0,clear,val,2019_2020
CAMHDA301-20190513T211500,2019-05-13,/home/jovyan/ooi/san_data/RS03ASHS-PN03B-06-CAMHDA301/2019/05/13/CAMHDA301-20190513T211500.mp4,720,0,clear,val,2019_2020
CAMHDA301-20190513T211500,2019-05-13,/home/jovyan/ooi/san_data/RS03ASHS-PN03B-06-CAMHDA301/2019/05/13/CAMHDA301-20190513T211500.mp4,660,0,clear,val,2019_2020
CAMHDA301-20190520T001500,2019-05-20,/home/jovyan/ooi/san_data/RS03ASHS-PN03B-06-CAMHDA301/2019/05/20/CAMHDA301-20190520T001500.mp4,840,0,clear,train,2019_2020
CAMHDA301-20190520T001500,2019-05-20,/home/jovyan/ooi/san_data/RS03ASHS-PN03B-06-CAMHDA301/2019/05/20/CAMHDA301-20190520T001500.mp4,540,0,clear,train,2019_2020
CAMHDA301-20190520T001500,2019-05-20,/home/jovyan/ooi/san_data/RS03ASHS-PN03B-06-CAMHDA301/2019/05/20/CAMHDA301-20190520T001500.mp4,150,0,clear,train,2019_2020
CAMHDA301-20190520T001500,2019-05-20,/home/jovyan/ooi/san_data/RS03ASHS-PN03B-06-CAMHDA301/2019/05/20/CAMHDA301-20190520T001500.mp4,270,0,clear,train,2019_2020
CAMHDA301-20190520T031500,2019-05-20,/home/jovyan/ooi/san_data/RS03ASHS-PN03B-06-CAMHDA301/2019/05/20/CAMHDA301-20190520T031500.mp4,690,0,clear,train,2019_2020
CAMHDA301-20190520T031500,2019-05-20,/home/jovyan/ooi/san_data/RS03ASHS-PN03B-06-CAMHDA301/2019/05/20/CAMHDA301-20190520T031500.mp4,330,0,clear,train,2019_2020
CAMHDA301-20190520T031500,2019-05-20,/home/jovyan/ooi/san_data/RS03ASHS-PN03B-06-CAMHDA301/2019/05/20/CAMHDA301-20190520T031500.mp4,360,0,clear,train,2019_2020
CAMHDA301-20190520T031500,2019-05-20,/home/jovyan/ooi/san_data/RS03ASHS-PN03B-06-CAMHDA301/2019/05/20/CAMHDA301-20190520T031500.mp4,60,0,clear,train,2019_2020
CAMHDA301-20190520T061500,2019-05-20,/home/jovyan/ooi/san_data/RS03ASHS-PN03B-06-CAMHDA301/2019/05/20/CAMHDA301-20190520T061500.mp4,750,0,clear,train,2019_2020
CAMHDA301-20190520T061500,2019-05-20,/home/jovyan/ooi/san_data/RS03ASHS-PN03B-06-CAMHDA301/2019/05/20/CAMHDA301-20190520T061500.mp4,420,0,clear,train,2019_2020
CAMHDA301-20190520T061500,2019-05-20,/home/jovyan/ooi/san_data/RS03ASHS-PN03B-06-CAMHDA301/2019/05/20/CAMHDA301-20190520T061500.mp4,660,0,clear,train,2019_2020
CAMHDA301-20190520T061500,2019-05-20,/home/jovyan/ooi/san_data/RS03ASHS-PN03B-06-CAMHDA301/2019/05/20/CAMHDA301-20190520T061500.mp4,540,0,clear,train,2019_2020
CAMHDA301-20190520T091500,2019-05-20,/home/jovyan/ooi/san_data/RS03ASHS-PN03B-06-CAMHDA301/2019/05/20/CAMHDA301-20190520T091500.mp4,660,0,clear,train,2019_2020
CAMHDA301-20190520T091500,2019-05-20,/home/jovyan/ooi/san_data/RS03ASHS-PN03B-06-CAMHDA301/2019/05/20/CAMHDA301-20190520T091500.mp4,120,0,clear,train,2019_2020
CAMHDA301-20190520T091500,2019-05-20,/home/jovyan/ooi/san_data/RS03ASHS-PN03B-06-CAMHDA301/2019/05/20/CAMHDA301-20190520T091500.mp4,60,0,clear,train,2019_2020
CAMHDA301-20190520T091500,2019-05-20,/home/jovyan/ooi/san_data/RS03ASHS-PN03B-06-CAMHDA301/2019/05/20/CAMHDA301-20190520T091500.mp4,510,0,clear,train,2019_2020
CAMHDA301-20190520T121500,2019-05-20,/home/jovyan/ooi/san_data/RS03ASHS-PN03B-06-CAMHDA301/2019/05/20/CAMHDA301-20190520T121500.mp4,810,0,clear,train,2019_2020
CAMHDA301-20190520T121500,2019-05-20,/home/jovyan/ooi/san_data/RS03ASHS-PN03B-06-CAMHDA301/2019/05/20/CAMHDA301-20190520T121500.mp4,150,0,clear,train,2019_2020
CAMHDA301-20190520T121500,2019-05-20,/home/jovyan/ooi/san_data/RS03ASHS-PN03B-06-CAMHDA301/2019/05/20/CAMHDA301-20190520T121500.mp4,60,0,clear,train,2019_2020
CAMHDA301-20190520T121500,2019-05-20,/home/jovyan/ooi/san_data/RS03ASHS-PN03B-06-CAMHDA301/2019/05/20/CAMHDA301-20190520T121500.mp4,270,0,clear,train,2019_2020
CAMHDA301-20190520T151500,2019-05-20,/home/jovyan/ooi/san_data/RS03ASHS-PN03B-06-CAMHDA301/2019/05/20/CAMHDA301-20190520T151500.mp4,150,0,clear,train,2019_2020
CAMHDA301-20190520T151500,2019-05-20,/home/jovyan/ooi/san_data/RS03ASHS-PN03B-06-CAMHDA301/2019/05/20/CAMHDA301-20190520T151500.mp4,450,0,clear,train,2019_2020
CAMHDA301-20190520T151500,2019-05-20,/home/jovyan/ooi/san_data/RS03ASHS-PN03B-06-CAMHDA301/2019/05/20/CAMHDA301-20190520T151500.mp4,90,0,clear,train,2019_2020
CAMHDA301-20190520T151500,2019-05-20,/home/jovyan/ooi/san_data/RS03ASHS-PN03B-06-CAMHDA301/2019/05/20/CAMHDA301-20190520T151500.mp4,30,0,clear,train,2019_2020
CAMHDA301-20190520T181500,2019-05-20,/home/jovyan/ooi/san_data/RS03ASHS-PN03B-06-CAMHDA301/2019/05/20/CAMHDA301-20190520T181500.mp4,660,0,clear,train,2019_2020
CAMHDA301-20190520T181500,2019-05-20,/home/jovyan/ooi/san_data/RS03ASHS-PN03B-06-CAMHDA301/2019/05/20/CAMHDA301-20190520T181500.mp4,120,0,clear,train,2019_2020
CAMHDA301-20190520T181500,2019-05-20,/home/jovyan/ooi/san_data/RS03ASHS-PN03B-06-CAMHDA301/2019/05/20/CAMHDA301-20190520T181500.mp4,420,0,clear,train,2019_2020
CAMHDA301-20190520T181500,2019-05-20,/home/jovyan/ooi/san_data/RS03ASHS-PN03B-06-CAMHDA301/2019/05/20/CAMHDA301-20190520T181500.mp4,750,0,clear,train,2019_2020
CAMHDA301-20190520T211500,2019-05-20,/home/jovyan/ooi/san_data/RS03ASHS-PN03B-06-CAMHDA301/2019/05/20/CAMHDA301-20190520T211500.mp4,630,0,clear,train,2019_2020
CAMHDA301-20190520T211500,2019-05-20,/home/jovyan/ooi/san_data/RS03ASHS-PN03B-06-CAMHDA301/2019/05/20/CAMHDA301-20190520T211500.mp4,450,0,clear,train,2019_2020
CAMHDA301-20190520T211500,2019-05-20,/home/jovyan/ooi/san_data/RS03ASHS-PN03B-06-CAMHDA301/2019/05/20/CAMHDA301-20190520T211500.mp4,390,0,clear,train,2019_2020
CAMHDA301-20190520T211500,2019-05-20,/home/jovyan/ooi/san_data/RS03ASHS-PN03B-06-CAMHDA301/2019/05/20/CAMHDA301-20190520T211500.mp4,150,0,clear,train,2019_2020
CAMHDA301-20190527T001500,2019-05-27,/home/jovyan/ooi/san_data/RS03ASHS-PN03B-06-CAMHDA301/2019/05/27/CAMHDA301-20190527T001500.mp4,450,1,clear,train,2019_2020
CAMHDA301-20190527T031500,2019-05-27,/home/jovyan/ooi/san_data/RS03ASHS-PN03B-06-CAMHDA301/2019/05/27/CAMHDA301-20190527T031500.mp4,450,1,clear,train,2019_2020
CAMHDA301-20190527T061500,2019-05-27,/home/jovyan/ooi/san_data/RS03ASHS-PN03B-06-CAMHDA301/2019/05/27/CAMHDA301-20190527T061500.mp4,450,1,clear,train,2019_2020
CAMHDA301-20190527T091500,2019-05-27,/home/jovyan/ooi/san_data/RS03ASHS-PN03B-06-CAMHDA301/2019/05/27/CAMHDA301-20190527T091500.mp4,450,1,clear,train,2019_2020
CAMHDA301-20190527T121500,2019-05-27,/home/jovyan/ooi/san_data/RS03ASHS-PN03B-06-CAMHDA301/2019/05/27/CAMHDA301-20190527T121500.mp4,630,0,clear,train,2019_2020
CAMHDA301-20190527T121500,2019-05-27,/home/jovyan/ooi/san_data/RS03ASHS-PN03B-06-CAMHDA301/2019/05/27/CAMHDA301-20190527T121500.mp4,120,0,clear,train,2019_2020
CAMHDA301-20190527T121500,2019-05-27,/home/jovyan/ooi/san_data/RS03ASHS-PN03B-06-CAMHDA301/2019/05/27/CAMHDA301-20190527T121500.mp4,810,0,clear,train,2019_2020
CAMHDA301-20190527T121500,2019-05-27,/home/jovyan/ooi/san_data/RS03ASHS-PN03B-06-CAMHDA301/2019/05/27/CAMHDA301-20190527T121500.mp4,780,0,clear,train,2019_2020
CAMHDA301-20190527T151500,2019-05-27,/home/jovyan/ooi/san_data/RS03ASHS-PN03B-06-CAMHDA301/2019/05/27/CAMHDA301-20190527T151500.mp4,450,1,clear,train,2019_2020
CAMHDA301-20190527T181500,2019-05-27,/home/jovyan/ooi/san_data/RS03ASHS-PN03B-06-CAMHDA301/2019/05/27/CAMHDA301-20190527T181500.mp4,450,1,clear,train,2019_2020
CAMHDA301-20190527T211500,2019-05-27,/home/jovyan/ooi/san_data/RS03ASHS-PN03B-06-CAMHDA301/2019/05/27/CAMHDA301-20190527T211500.mp4,450,1,clear,train,2019_2020
CAMHDA301-20190603T001500,2019-06-03,/home/jovyan/ooi/san_data/RS03ASHS-PN03B-06-CAMHDA301/2019/06/03/CAMHDA301-20190603T001500.mp4,330,0,clear,val,2019_2020
CAMHDA301-20190603T001500,2019-06-03,/home/jovyan/ooi/san_data/RS03ASHS-PN03B-06-CAMHDA301/2019/06/03/CAMHDA301-20190603T001500.mp4,360,0,clear,val,2019_2020
CAMHDA301-20190603T001500,2019-06-03,/home/jovyan/ooi/san_data/RS03ASHS-PN03B-06-CAMHDA301/2019/06/03/CAMHDA301-20190603T001500.mp4,60,0,clear,val,2019_2020
CAMHDA301-20190603T001500,2019-06-03,/home/jovyan/ooi/san_data/RS03ASHS-PN03B-06-CAMHDA301/2019/06/03/CAMHDA301-20190603T001500.mp4,810,0,clear,val,2019_2020
CAMHDA301-20190603T031500,2019-06-03,/home/jovyan/ooi/san_data/RS03ASHS-PN03B-06-CAMHDA301/2019/06/03/CAMHDA301-20190603T031500.mp4,630,0,clear,val,2019_2020
CAMHDA301-20190603T031500,2019-06-03,/home/jovyan/ooi/san_data/RS03ASHS-PN03B-06-CAMHDA301/2019/06/03/CAMHDA301-20190603T031500.mp4,390,0,clear,val,2019_2020
CAMHDA301-20190603T031500,2019-06-03,/home/jovyan/ooi/san_data/RS03ASHS-PN03B-06-CAMHDA301/2019/06/03/CAMHDA301-20190603T031500.mp4,810,0,clear,val,2019_2020
CAMHDA301-20190603T031500,2019-06-03,/home/jovyan/ooi/san_data/RS03ASHS-PN03B-06-CAMHDA301/2019/06/03/CAMHDA301-20190603T031500.mp4,840,0,clear,val,2019_2020
CAMHDA301-20190603T061500,2019-06-03,/home/jovyan/ooi/san_data/RS03ASHS-PN03B-06-CAMHDA301/2019/06/03/CAMHDA301-20190603T061500.mp4,810,0,clear,val,2019_2020
CAMHDA301-20190603T061500,2019-06-03,/home/jovyan/ooi/san_data/RS03ASHS-PN03B-06-CAMHDA301/2019/06/03/CAMHDA301-20190603T061500.mp4,840,0,clear,val,2019_2020
CAMHDA301-20190603T061500,2019-06-03,/home/jovyan/ooi/san_data/RS03ASHS-PN03B-06-CAMHDA301/2019/06/03/CAMHDA301-20190603T061500.mp4,540,0,clear,val,2019_2020
CAMHDA301-20190603T061500,2019-06-03,/home/jovyan/ooi/san_data/RS03ASHS-PN03B-06-CAMHDA301/2019/06/03/CAMHDA301-20190603T061500.mp4,450,0,clear,val,2019_2020
CAMHDA301-20190603T091500,2019-06-03,/home/jovyan/ooi/san_data/RS03ASHS-PN03B-06-CAMHDA301/2019/06/03/CAMHDA301-20190603T091500.mp4,450,0,clear,val,2019_2020
CAMHDA301-20190603T091500,2019-06-03,/home/jovyan/ooi/san_data/RS03ASHS-PN03B-06-CAMHDA301/2019/06/03/CAMHDA301-20190603T091500.mp4,810,0,clear,val,2019_2020
CAMHDA301-20190603T091500,2019-06-03,/home/jovyan/ooi/san_data/RS03ASHS-PN03B-06-CAMHDA301/2019/06/03/CAMHDA301-20190603T091500.mp4,570,0,clear,val,2019_2020
CAMHDA301-20190603T091500,2019-06-03,/home/jovyan/ooi/san_data/RS03ASHS-PN03B-06-CAMHDA301/2019/06/03/CAMHDA301-20190603T091500.mp4,510,0,clear,val,2019_2020
CAMHDA301-20190603T121500,2019-06-03,/home/jovyan/ooi/san_data/RS03ASHS-PN03B-06-CAMHDA301/2019/06/03/CAMHDA301-20190603T121500.mp4,450,0,clear,val,2019_2020
CAMHDA301-20190603T121500,2019-06-03,/home/jovyan/ooi/san_data/RS03ASHS-PN03B-06-CAMHDA301/2019/06/03/CAMHDA301-20190603T121500.mp4,420,0,clear,val,2019_2020
CAMHDA301-20190603T121500,2019-06-03,/home/jovyan/ooi/san_data/RS03ASHS-PN03B-06-CAMHDA301/2019/06/03/CAMHDA301-20190603T121500.mp4,240,0,clear,val,2019_2020
CAMHDA301-20190603T121500,2019-06-03,/home/jovyan/ooi/san_data/RS03ASHS-PN03B-06-CAMHDA301/2019/06/03/CAMHDA301-20190603T121500.mp4,540,0,clear,val,2019_2020
CAMHDA301-20190603T151500,2019-06-03,/home/jovyan/ooi/san_data/RS03ASHS-PN03B-06-CAMHDA301/2019/06/03/CAMHDA301-20190603T151500.mp4,840,0,clear,val,2019_2020
CAMHDA301-20190603T151500,2019-06-03,/home/jovyan/ooi/san_data/RS03ASHS-PN03B-06-CAMHDA301/2019/06/03/CAMHDA301-20190603T151500.mp4,300,0,clear,val,2019_2020
CAMHDA301-20190603T151500,2019-06-03,/home/jovyan/ooi/san_data/RS03ASHS-PN03B-06-CAMHDA301/2019/06/03/CAMHDA301-20190603T151500.mp4,270,0,clear,val,2019_2020
CAMHDA301-20190603T151500,2019-06-03,/home/jovyan/ooi/san_data/RS03ASHS-PN03B-06-CAMHDA301/2019/06/03/CAMHDA301-20190603T151500.mp4,30,0,clear,val,2019_2020
CAMHDA301-20190603T181500,2019-06-03,/home/jovyan/ooi/san_data/RS03ASHS-PN03B-06-CAMHDA301/2019/06/03/CAMHDA301-20190603T181500.mp4,360,0,clear,val,2019_2020
CAMHDA301-20190603T181500,2019-06-03,/home/jovyan/ooi/san_data/RS03ASHS-PN03B-06-CAMHDA301/2019/06/03/CAMHDA301-20190603T181500.mp4,450,0,clear,val,2019_2020
CAMHDA301-20190603T181500,2019-06-03,/home/jovyan/ooi/san_data/RS03ASHS-PN03B-06-CAMHDA301/2019/06/03/CAMHDA301-20190603T181500.mp4,690,0,clear,val,2019_2020
CAMHDA301-20190603T181500,2019-06-03,/home/jovyan/ooi/san_data/RS03ASHS-PN03B-06-CAMHDA301/2019/06/03/CAMHDA301-20190603T181500.mp4,840,0,clear,val,2019_2020
CAMHDA301-20190603T211500,2019-06-03,/home/jovyan/ooi/san_data/RS03ASHS-PN03B-06-CAMHDA301/2019/06/03/CAMHDA301-20190603T211500.mp4,60,0,clear,val,2019_2020
CAMHDA301-20190603T211500,2019-06-03,/home/jovyan/ooi/san_data/RS03ASHS-PN03B-06-CAMHDA301/2019/06/03/CAMHDA301-20190603T211500.mp4,750,0,clear,val,2019_2020
CAMHDA301-20190603T211500,2019-06-03,/home/jovyan/ooi/san_data/RS03ASHS-PN03B-06-CAMHDA301/2019/06/03/CAMHDA301-20190603T211500.mp4,240,0,clear,val,2019_2020
CAMHDA301-20190603T211500,2019-06-03,/home/jovyan/ooi/san_data/RS03ASHS-PN03B-06-CAMHDA301/2019/06/03/CAMHDA301-20190603T211500.mp4,180,0,clear,val,2019_2020
CAMHDA301-20190610T001500,2019-06-10,/home/jovyan/ooi/san_data/RS03ASHS-PN03B-06-CAMHDA301/2019/06/10/CAMHDA301-20190610T001500.mp4,120,0,clear,train,2019_2020
CAMHDA301-20190610T001500,2019-06-10,/home/jovyan/ooi/san_data/RS03ASHS-PN03B-06-CAMHDA301/2019/06/10/CAMHDA301-20190610T001500.mp4,540,0,clear,train,2019_2020
CAMHDA301-20190610T001500,2019-06-10,/home/jovyan/ooi/san_data/RS03ASHS-PN03B-06-CAMHDA301/2019/06/10/CAMHDA301-20190610T001500.mp4,690,0,clear,train,2019_2020
CAMHDA301-20190610T001500,2019-06-10,/home/jovyan/ooi/san_data/RS03ASHS-PN03B-06-CAMHDA301/2019/06/10/CAMHDA301-20190610T001500.mp4,330,0,clear,train,2019_2020
CAMHDA301-20190610T031500,2019-06-10,/home/jovyan/ooi/san_data/RS03ASHS-PN03B-06-CAMHDA301/2019/06/10/CAMHDA301-20190610T031500.mp4,810,0,clear,train,2019_2020
CAMHDA301-20190610T031500,2019-06-10,/home/jovyan/ooi/san_data/RS03ASHS-PN03B-06-CAMHDA301/2019/06/10/CAMHDA301-20190610T031500.mp4,240,0,clear,train,2019_2020
CAMHDA301-20190610T031500,2019-06-10,/home/jovyan/ooi/san_data/RS03ASHS-PN03B-06-CAMHDA301/2019/06/10/CAMHDA301-20190610T031500.mp4,390,0,clear,train,2019_2020
CAMHDA301-20190610T031500,2019-06-10,/home/jovyan/ooi/san_data/RS03ASHS-PN03B-06-CAMHDA301/2019/06/10/CAMHDA301-20190610T031500.mp4,750,0,clear,train,2019_2020
CAMHDA301-20190610T061500,2019-06-10,/home/jovyan/ooi/san_data/RS03ASHS-PN03B-06-CAMHDA301/2019/06/10/CAMHDA301-20190610T061500.mp4,210,0,clear,train,2019_2020
CAMHDA301-20190610T061500,2019-06-10,/home/jovyan/ooi/san_data/RS03ASHS-PN03B-06-CAMHDA301/2019/06/10/CAMHDA301-20190610T061500.mp4,570,0,clear,train,2019_2020
CAMHDA301-20190610T061500,2019-06-10,/home/jovyan/ooi/san_data/RS03ASHS-PN03B-06-CAMHDA301/2019/06/10/CAMHDA301-20190610T061500.mp4,510,0,clear,train,2019_2020
CAMHDA301-20190610T061500,2019-06-10,/home/jovyan/ooi/san_data/RS03ASHS-PN03B-06-CAMHDA301/2019/06/10/CAMHDA301-20190610T061500.mp4,750,0,clear,train,2019_2020
CAMHDA301-20190610T091500,2019-06-10,/home/jovyan/ooi/san_data/RS03ASHS-PN03B-06-CAMHDA301/2019/06/10/CAMHDA301-20190610T091500.mp4,270,1,clear,train,2019_2020
CAMHDA301-20190610T121500,2019-06-10,/home/jovyan/ooi/san_data/RS03ASHS-PN03B-06-CAMHDA301/2019/06/10/CAMHDA301-20190610T121500.mp4,30,0,clear,train,2019_2020
CAMHDA301-20190610T121500,2019-06-10,/home/jovyan/ooi/san_data/RS03ASHS-PN03B-06-CAMHDA301/2019/06/10/CAMHDA301-20190610T121500.mp4,390,0,clear,train,2019_2020
CAMHDA301-20190610T121500,2019-06-10,/home/jovyan/ooi/san_data/RS03ASHS-PN03B-06-CAMHDA301/2019/06/10/CAMHDA301-20190610T121500.mp4,270,0,clear,train,2019_2020
CAMHDA301-20190610T121500,2019-06-10,/home/jovyan/ooi/san_data/RS03ASHS-PN03B-06-CAMHDA301/2019/06/10/CAMHDA301-20190610T121500.mp4,240,0,clear,train,2019_2020
CAMHDA301-20190610T151500,2019-06-10,/home/jovyan/ooi/san_data/RS03ASHS-PN03B-06-CAMHDA301/2019/06/10/CAMHDA301-20190610T151500.mp4,330,0,clear,train,2019_2020
CAMHDA301-20190610T151500,2019-06-10,/home/jovyan/ooi/san_data/RS03ASHS-PN03B-06-CAMHDA301/2019/06/10/CAMHDA301-20190610T151500.mp4,120,0,clear,train,2019_2020
CAMHDA301-20190610T151500,2019-06-10,/home/jovyan/ooi/san_data/RS03ASHS-PN03B-06-CAMHDA301/2019/06/10/CAMHDA301-20190610T151500.mp4,390,0,clear,train,2019_2020
CAMHDA301-20190610T151500,2019-06-10,/home/jovyan/ooi/san_data/RS03ASHS-PN03B-06-CAMHDA301/2019/06/10/CAMHDA301-20190610T151500.mp4,780,0,clear,train,2019_2020
CAMHDA301-20190610T181500,2019-06-10,/home/jovyan/ooi/san_data/RS03ASHS-PN03B-06-CAMHDA301/2019/06/10/CAMHDA301-20190610T181500.mp4,690,0,clear,train,2019_2020
CAMHDA301-20190610T181500,2019-06-10,/home/jovyan/ooi/san_data/RS03ASHS-PN03B-06-CAMHDA301/2019/06/10/CAMHDA301-20190610T181500.mp4,660,0,clear,train,2019_2020
CAMHDA301-20190610T181500,2019-06-10,/home/jovyan/ooi/san_data/RS03ASHS-PN03B-06-CAMHDA301/2019/06/10/CAMHDA301-20190610T181500.mp4,300,0,clear,train,2019_2020
CAMHDA301-20190610T181500,2019-06-10,/home/jovyan/ooi/san_data/RS03ASHS-PN03B-06-CAMHDA301/2019/06/10/CAMHDA301-20190610T181500.mp4,390,0,clear,train,2019_2020
CAMHDA301-20190610T211500,2019-06-10,/home/jovyan/ooi/san_data/RS03ASHS-PN03B-06-CAMHDA301/2019/06/10/CAMHDA301-20190610T211500.mp4,150,0,clear,train,2019_2020
CAMHDA301-20190610T211500,2019-06-10,/home/jovyan/ooi/san_data/RS03ASHS-PN03B-06-CAMHDA301/2019/06/10/CAMHDA301-20190610T211500.mp4,510,0,clear,train,2019_2020
CAMHDA301-20190610T211500,2019-06-10,/home/jovyan/ooi/san_data/RS03ASHS-PN03B-06-CAMHDA301/2019/06/10/CAMHDA301-20190610T211500.mp4,450,0,clear,train,2019_2020
CAMHDA301-20190610T211500,2019-06-10,/home/jovyan/ooi/san_data/RS03ASHS-PN03B-06-CAMHDA301/2019/06/10/CAMHDA301-20190610T211500.mp4,300,0,clear,train,2019_2020
CAMHDA301-20190617T001500,2019-06-17,/home/jovyan/ooi/san_data/RS03ASHS-PN03B-06-CAMHDA301/2019/06/17/CAMHDA301-20190617T001500.mp4,750,0,clear,train,2019_2020
CAMHDA301-20190617T001500,2019-06-17,/home/jovyan/ooi/san_data/RS03ASHS-PN03B-06-CAMHDA301/2019/06/17/CAMHDA301-20190617T001500.mp4,510,0,clear,train,2019_2020
CAMHDA301-20190617T001500,2019-06-17,/home/jovyan/ooi/san_data/RS03ASHS-PN03B-06-CAMHDA301/2019/06/17/CAMHDA301-20190617T001500.mp4,720,0,clear,train,2019_2020
CAMHDA301-20190617T001500,2019-06-17,/home/jovyan/ooi/san_data/RS03ASHS-PN03B-06-CAMHDA301/2019/06/17/CAMHDA301-20190617T001500.mp4,780,0,clear,train,2019_2020
CAMHDA301-20190617T031500,2019-06-17,/home/jovyan/ooi/san_data/RS03ASHS-PN03B-06-CAMHDA301/2019/06/17/CAMHDA301-20190617T031500.mp4,300,0,clear,train,2019_2020
CAMHDA301-20190617T031500,2019-06-17,/home/jovyan/ooi/san_data/RS03ASHS-PN03B-06-CAMHDA301/2019/06/17/CAMHDA301-20190617T031500.mp4,540,0,clear,train,2019_2020
CAMHDA301-20190617T031500,2019-06-17,/home/jovyan/ooi/san_data/RS03ASHS-PN03B-06-CAMHDA301/2019/06/17/CAMHDA301-20190617T031500.mp4,450,0,clear,train,2019_2020
CAMHDA301-20190617T031500,2019-06-17,/home/jovyan/ooi/san_data/RS03ASHS-PN03B-06-CAMHDA301/2019/06/17/CAMHDA301-20190617T031500.mp4,690,0,clear,train,2019_2020
CAMHDA301-20190617T061500,2019-06-17,/home/jovyan/ooi/san_data/RS03ASHS-PN03B-06-CAMHDA301/2019/06/17/CAMHDA301-20190617T061500.mp4,510,0,clear,train,2019_2020
CAMHDA301-20190617T061500,2019-06-17,/home/jovyan/ooi/san_data/RS03ASHS-PN03B-06-CAMHDA301/2019/06/17/CAMHDA301-20190617T061500.mp4,450,0,clear,train,2019_2020
CAMHDA301-20190617T061500,2019-06-17,/home/jovyan/ooi/san_data/RS03ASHS-PN03B-06-CAMHDA301/2019/06/17/CAMHDA301-20190617T061500.mp4,480,0,clear,train,2019_2020
CAMHDA301-20190617T061500,2019-06-17,/home/jovyan/ooi/san_data/RS03ASHS-PN03B-06-CAMHDA301/2019/06/17/CAMHDA301-20190617T061500.mp4,270,0,clear,train,2019_2020
CAMHDA301-20190617T091500,2019-06-17,/home/jovyan/ooi/san_data/RS03ASHS-PN03B-06-CAMHDA301/2019/06/17/CAMHDA301-20190617T091500.mp4,180,0,clear,train,2019_2020
CAMHDA301-20190617T091500,2019-06-17,/home/jovyan/ooi/san_data/RS03ASHS-PN03B-06-CAMHDA301/2019/06/17/CAMHDA301-20190617T091500.mp4,510,0,clear,train,2019_2020
CAMHDA301-20190617T091500,2019-06-17,/home/jovyan/ooi/san_data/RS03ASHS-PN03B-06-CAMHDA301/2019/06/17/CAMHDA301-20190617T091500.mp4,450,0,clear,train,2019_2020
CAMHDA301-20190617T091500,2019-06-17,/home/jovyan/ooi/san_data/RS03ASHS-PN03B-06-CAMHDA301/2019/06/17/CAMHDA301-20190617T091500.mp4,630,0,clear,train,2019_2020
CAMHDA301-20190617T121500,2019-06-17,/home/jovyan/ooi/san_data/RS03ASHS-PN03B-06-CAMHDA301/2019/06/17/CAMHDA301-20190617T121500.mp4,120,0,clear,train,2019_2020
CAMHDA301-20190617T121500,2019-06-17,/home/jovyan/ooi/san_data/RS03ASHS-PN03B-06-CAMHDA301/2019/06/17/CAMHDA301-20190617T121500.mp4,420,0,clear,train,2019_2020
CAMHDA301-20190617T121500,2019-06-17,/home/jovyan/ooi/san_data/RS03ASHS-PN03B-06-CAMHDA301/2019/06/17/CAMHDA301-20190617T121500.mp4,180,0,clear,train,2019_2020
CAMHDA301-20190617T121500,2019-06-17,/home/jovyan/ooi/san_data/RS03ASHS-PN03B-06-CAMHDA301/2019/06/17/CAMHDA301-20190617T121500.mp4,360,0,clear,train,2019_2020
CAMHDA301-20190617T151500,2019-06-17,/home/jovyan/ooi/san_data/RS03ASHS-PN03B-06-CAMHDA301/2019/06/17/CAMHDA301-20190617T151500.mp4,300,0,clear,train,2019_2020
CAMHDA301-20190617T151500,2019-06-17,/home/jovyan/ooi/san_data/RS03ASHS-PN03B-06-CAMHDA301/2019/06/17/CAMHDA301-20190617T151500.mp4,690,0,clear,train,2019_2020
CAMHDA301-20190617T151500,2019-06-17,/home/jovyan/ooi/san_data/RS03ASHS-PN03B-06-CAMHDA301/2019/06/17/CAMHDA301-20190617T151500.mp4,360,0,clear,train,2019_2020
CAMHDA301-20190617T151500,2019-06-17,/home/jovyan/ooi/san_data/RS03ASHS-PN03B-06-CAMHDA301/2019/06/17/CAMHDA301-20190617T151500.mp4,210,0,clear,train,2019_2020
CAMHDA301-20190617T181500,2019-06-17,/home/jovyan/ooi/san_data/RS03ASHS-PN03B-06-CAMHDA301/2019/06/17/CAMHDA301-20190617T181500.mp4,540,0,clear,train,2019_2020
CAMHDA301-20190617T181500,2019-06-17,/home/jovyan/ooi/san_data/RS03ASHS-PN03B-06-CAMHDA301/2019/06/17/CAMHDA301-20190617T181500.mp4,240,0,clear,train,2019_2020
CAMHDA301-20190617T181500,2019-06-17,/home/jovyan/ooi/san_data/RS03ASHS-PN03B-06-CAMHDA301/2019/06/17/CAMHDA301-20190617T181500.mp4,660,0,clear,train,2019_2020
CAMHDA301-20190617T181500,2019-06-17,/home/jovyan/ooi/san_data/RS03ASHS-PN03B-06-CAMHDA301/2019/06/17/CAMHDA301-20190617T181500.mp4,510,0,clear,train,2019_2020
CAMHDA301-20190617T211500,2019-06-17,/home/jovyan/ooi/san_data/RS03ASHS-PN03B-06-CAMHDA301/2019/06/17/CAMHDA301-20190617T211500.mp4,270,0,clear,train,2019_2020
CAMHDA301-20190617T211500,2019-06-17,/home/jovyan/ooi/san_data/RS03ASHS-PN03B-06-CAMHDA301/2019/06/17/CAMHDA301-20190617T211500.mp4,600,0,clear,train,2019_2020
CAMHDA301-20190617T211500,2019-06-17,/home/jovyan/ooi/san_data/RS03ASHS-PN03B-06-CAMHDA301/2019/06/17/CAMHDA301-20190617T211500.mp4,780,0,clear,train,2019_2020
CAMHDA301-20190617T211500,2019-06-17,/home/jovyan/ooi/san_data/RS03ASHS-PN03B-06-CAMHDA301/2019/06/17/CAMHDA301-20190617T211500.mp4,420,0,clear,train,2019_2020
CAMHDA301-20190624T001500,2019-06-24,/home/jovyan/ooi/san_data/RS03ASHS-PN03B-06-CAMHDA301/2019/06/24/CAMHDA301-20190624T001500.mp4,660,0,clear,val,2019_2020
CAMHDA301-20190624T001500,2019-06-24,/home/jovyan/ooi/san_data/RS03ASHS-PN03B-06-CAMHDA301/2019/06/24/CAMHDA301-20190624T001500.mp4,450,0,clear,val,2019_2020
CAMHDA301-20190624T001500,2019-06-24,/home/jovyan/ooi/san_data/RS03ASHS-PN03B-06-CAMHDA301/2019/06/24/CAMHDA301-20190624T001500.mp4,360,0,clear,val,2019_2020
CAMHDA301-20190624T001500,2019-06-24,/home/jovyan/ooi/san_data/RS03ASHS-PN03B-06-CAMHDA301/2019/06/24/CAMHDA301-20190624T001500.mp4,600,0,clear,val,2019_2020
CAMHDA301-20190624T031500,2019-06-24,/home/jovyan/ooi/san_data/RS03ASHS-PN03B-06-CAMHDA301/2019/06/24/CAMHDA301-20190624T031500.mp4,600,0,clear,val,2019_2020
CAMHDA301-20190624T031500,2019-06-24,/home/jovyan/ooi/san_data/RS03ASHS-PN03B-06-CAMHDA301/2019/06/24/CAMHDA301-20190624T031500.mp4,780,0,clear,val,2019_2020
CAMHDA301-20190624T031500,2019-06-24,/home/jovyan/ooi/san_data/RS03ASHS-PN03B-06-CAMHDA301/2019/06/24/CAMHDA301-20190624T031500.mp4,510,0,clear,val,2019_2020
CAMHDA301-20190624T031500,2019-06-24,/home/jovyan/ooi/san_data/RS03ASHS-PN03B-06-CAMHDA301/2019/06/24/CAMHDA301-20190624T031500.mp4,270,0,clear,val,2019_2020
CAMHDA301-20190624T061500,2019-06-24,/home/jovyan/ooi/san_data/RS03ASHS-PN03B-06-CAMHDA301/2019/06/24/CAMHDA301-20190624T061500.mp4,810,0,clear,val,2019_2020
CAMHDA301-20190624T061500,2019-06-24,/home/jovyan/ooi/san_data/RS03ASHS-PN03B-06-CAMHDA301/2019/06/24/CAMHDA301-20190624T061500.mp4,270,0,clear,val,2019_2020
CAMHDA301-20190624T061500,2019-06-24,/home/jovyan/ooi/san_data/RS03ASHS-PN03B-06-CAMHDA301/2019/06/24/CAMHDA301-20190624T061500.mp4,360,0,clear,val,2019_2020
CAMHDA301-20190624T061500,2019-06-24,/home/jovyan/ooi/san_data/RS03ASHS-PN03B-06-CAMHDA301/2019/06/24/CAMHDA301-20190624T061500.mp4,720,0,clear,val,2019_2020
CAMHDA301-20190624T091500,2019-06-24,/home/jovyan/ooi/san_data/RS03ASHS-PN03B-06-CAMHDA301/2019/06/24/CAMHDA301-20190624T091500.mp4,390,0,clear,val,2019_2020
CAMHDA301-20190624T091500,2019-06-24,/home/jovyan/ooi/san_data/RS03ASHS-PN03B-06-CAMHDA301/2019/06/24/CAMHDA301-20190624T091500.mp4,270,0,clear,val,2019_2020
CAMHDA301-20190624T091500,2019-06-24,/home/jovyan/ooi/san_data/RS03ASHS-PN03B-06-CAMHDA301/2019/06/24/CAMHDA301-20190624T091500.mp4,630,0,clear,val,2019_2020
CAMHDA301-20190624T091500,2019-06-24,/home/jovyan/ooi/san_data/RS03ASHS-PN03B-06-CAMHDA301/2019/06/24/CAMHDA301-20190624T091500.mp4,360,0,clear,val,2019_2020
CAMHDA301-20190624T121500,2019-06-24,/home/jovyan/ooi/san_data/RS03ASHS-PN03B-06-CAMHDA301/2019/06/24/CAMHDA301-20190624T121500.mp4,300,0,clear,val,2019_2020
CAMHDA301-20190624T121500,2019-06-24,/home/jovyan/ooi/san_data/RS03ASHS-PN03B-06-CAMHDA301/2019/06/24/CAMHDA301-20190624T121500.mp4,780,0,clear,val,2019_2020
CAMHDA301-20190624T121500,2019-06-24,/home/jovyan/ooi/san_data/RS03ASHS-PN03B-06-CAMHDA301/2019/06/24/CAMHDA301-20190624T121500.mp4,540,0,clear,val,2019_2020
CAMHDA301-20190624T121500,2019-06-24,/home/jovyan/ooi/san_data/RS03ASHS-PN03B-06-CAMHDA301/2019/06/24/CAMHDA301-20190624T121500.mp4,750,0,clear,val,2019_2020
CAMHDA301-20190624T151500,2019-06-24,/home/jovyan/ooi/san_data/RS03ASHS-PN03B-06-CAMHDA301/2019/06/24/CAMHDA301-20190624T151500.mp4,540,0,clear,val,2019_2020
CAMHDA301-20190624T151500,2019-06-24,/home/jovyan/ooi/san_data/RS03ASHS-PN03B-06-CAMHDA301/2019/06/24/CAMHDA301-20190624T151500.mp4,180,0,clear,val,2019_2020
CAMHDA301-20190624T151500,2019-06-24,/home/jovyan/ooi/san_data/RS03ASHS-PN03B-06-CAMHDA301/2019/06/24/CAMHDA301-20190624T151500.mp4,450,0,clear,val,2019_2020
CAMHDA301-20190624T151500,2019-06-24,/home/jovyan/ooi/san_data/RS03ASHS-PN03B-06-CAMHDA301/2019/06/24/CAMHDA301-20190624T151500.mp4,150,0,clear,val,2019_2020
CAMHDA301-20190624T181500,2019-06-24,/home/jovyan/ooi/san_data/RS03ASHS-PN03B-06-CAMHDA301/2019/06/24/CAMHDA301-20190624T181500.mp4,510,0,clear,val,2019_2020
CAMHDA301-20190624T181500,2019-06-24,/home/jovyan/ooi/san_data/RS03ASHS-PN03B-06-CAMHDA301/2019/06/24/CAMHDA301-20190624T181500.mp4,720,0,clear,val,2019_2020
CAMHDA301-20190624T181500,2019-06-24,/home/jovyan/ooi/san_data/RS03ASHS-PN03B-06-CAMHDA301/2019/06/24/CAMHDA301-20190624T181500.mp4,780,0,clear,val,2019_2020
CAMHDA301-20190624T181500,2019-06-24,/home/jovyan/ooi/san_data/RS03ASHS-PN03B-06-CAMHDA301/2019/06/24/CAMHDA301-20190624T181500.mp4,240,0,clear,val,2019_2020
CAMHDA301-20190624T211500,2019-06-24,/home/jovyan/ooi/san_data/RS03ASHS-PN03B-06-CAMHDA301/2019/06/24/CAMHDA301-20190624T211500.mp4,390,0,clear,val,2019_2020
CAMHDA301-20190624T211500,2019-06-24,/home/jovyan/ooi/san_data/RS03ASHS-PN03B-06-CAMHDA301/2019/06/24/CAMHDA301-20190624T211500.mp4,780,0,clear,val,2019_2020
CAMHDA301-20190624T211500,2019-06-24,/home/jovyan/ooi/san_data/RS03ASHS-PN03B-06-CAMHDA301/2019/06/24/CAMHDA301-20190624T211500.mp4,30,0,clear,val,2019_2020
CAMHDA301-20190624T211500,2019-06-24,/home/jovyan/ooi/san_data/RS03ASHS-PN03B-06-CAMHDA301/2019/06/24/CAMHDA301-20190624T211500.mp4,450,0,clear,val,2019_2020
CAMHDA301-20190701T031500,2019-07-01,/home/jovyan/ooi/san_data/RS03ASHS-PN03B-06-CAMHDA301/2019/07/01/CAMHDA301-20190701T031500.mp4,210,0,clear,train,2019_2020
CAMHDA301-20190701T031500,2019-07-01,/home/jovyan/ooi/san_data/RS03ASHS-PN03B-06-CAMHDA301/2019/07/01/CAMHDA301-20190701T031500.mp4,180,0,clear,train,2019_2020
CAMHDA301-20190701T031500,2019-07-01,/home/jovyan/ooi/san_data/RS03ASHS-PN03B-06-CAMHDA301/2019/07/01/CAMHDA301-20190701T031500.mp4,540,0,clear,train,2019_2020
CAMHDA301-20190701T031500,2019-07-01,/home/jovyan/ooi/san_data/RS03ASHS-PN03B-06-CAMHDA301/2019/07/01/CAMHDA301-20190701T031500.mp4,240,0,clear,train,2019_2020
CAMHDA301-20190701T061500,2019-07-01,/home/jovyan/ooi/san_data/RS03ASHS-PN03B-06-CAMHDA301/2019/07/01/CAMHDA301-20190701T061500.mp4,540,0,clear,train,2019_2020
CAMHDA301-20190701T061500,2019-07-01,/home/jovyan/ooi/san_data/RS03ASHS-PN03B-06-CAMHDA301/2019/07/01/CAMHDA301-20190701T061500.mp4,390,0,clear,train,2019_2020
CAMHDA301-20190701T061500,2019-07-01,/home/jovyan/ooi/san_data/RS03ASHS-PN03B-06-CAMHDA301/2019/07/01/CAMHDA301-20190701T061500.mp4,720,0,clear,train,2019_2020
CAMHDA301-20190701T061500,2019-07-01,/home/jovyan/ooi/san_data/RS03ASHS-PN03B-06-CAMHDA301/2019/07/01/CAMHDA301-20190701T061500.mp4,300,0,clear,train,2019_2020
CAMHDA301-20190701T091500,2019-07-01,/home/jovyan/ooi/san_data/RS03ASHS-PN03B-06-CAMHDA301/2019/07/01/CAMHDA301-20190701T091500.mp4,210,0,clear,train,2019_2020
CAMHDA301-20190701T091500,2019-07-01,/home/jovyan/ooi/san_data/RS03ASHS-PN03B-06-CAMHDA301/2019/07/01/CAMHDA301-20190701T091500.mp4,270,0,clear,train,2019_2020
CAMHDA301-20190701T091500,2019-07-01,/home/jovyan/ooi/san_data/RS03ASHS-PN03B-06-CAMHDA301/2019/07/01/CAMHDA301-20190701T091500.mp4,480,0,clear,train,2019_2020
CAMHDA301-20190701T091500,2019-07-01,/home/jovyan/ooi/san_data/RS03ASHS-PN03B-06-CAMHDA301/2019/07/01/CAMHDA301-20190701T091500.mp4,120,0,clear,train,2019_2020
CAMHDA301-20190701T121500,2019-07-01,/home/jovyan/ooi/san_data/RS03ASHS-PN03B-06-CAMHDA301/2019/07/01/CAMHDA301-20190701T121500.mp4,750,0,clear,train,2019_2020
CAMHDA301-20190701T121500,2019-07-01,/home/jovyan/ooi/san_data/RS03ASHS-PN03B-06-CAMHDA301/2019/07/01/CAMHDA301-20190701T121500.mp4,420,0,clear,train,2019_2020
CAMHDA301-20190701T121500,2019-07-01,/home/jovyan/ooi/san_data/RS03ASHS-PN03B-06-CAMHDA301/2019/07/01/CAMHDA301-20190701T121500.mp4,30,0,clear,train,2019_2020
CAMHDA301-20190701T121500,2019-07-01,/home/jovyan/ooi/san_data/RS03ASHS-PN03B-06-CAMHDA301/2019/07/01/CAMHDA301-20190701T121500.mp4,450,0,clear,train,2019_2020
CAMHDA301-20190701T151500,2019-07-01,/home/jovyan/ooi/san_data/RS03ASHS-PN03B-06-CAMHDA301/2019/07/01/CAMHDA301-20190701T151500.mp4,390,0,clear,train,2019_2020
CAMHDA301-20190701T151500,2019-07-01,/home/jovyan/ooi/san_data/RS03ASHS-PN03B-06-CAMHDA301/2019/07/01/CAMHDA301-20190701T151500.mp4,570,0,clear,train,2019_2020
CAMHDA301-20190701T151500,2019-07-01,/home/jovyan/ooi/san_data/RS03ASHS-PN03B-06-CAMHDA301/2019/07/01/CAMHDA301-20190701T151500.mp4,810,0,clear,train,2019_2020
CAMHDA301-20190701T151500,2019-07-01,/home/jovyan/ooi/san_data/RS03ASHS-PN03B-06-CAMHDA301/2019/07/01/CAMHDA301-20190701T151500.mp4,240,0,clear,train,2019_2020
CAMHDA301-20190701T181500,2019-07-01,/home/jovyan/ooi/san_data/RS03ASHS-PN03B-06-CAMHDA301/2019/07/01/CAMHDA301-20190701T181500.mp4,300,0,clear,train,2019_2020
CAMHDA301-20190701T181500,2019-07-01,/home/jovyan/ooi/san_data/RS03ASHS-PN03B-06-CAMHDA301/2019/07/01/CAMHDA301-20190701T181500.mp4,330,0,clear,train,2019_2020
CAMHDA301-20190701T181500,2019-07-01,/home/jovyan/ooi/san_data/RS03ASHS-PN03B-06-CAMHDA301/2019/07/01/CAMHDA301-20190701T181500.mp4,240,0,clear,train,2019_2020
CAMHDA301-20190701T181500,2019-07-01,/home/jovyan/ooi/san_data/RS03ASHS-PN03B-06-CAMHDA301/2019/07/01/CAMHDA301-20190701T181500.mp4,30,0,clear,train,2019_2020
CAMHDA301-20190701T211500,2019-07-01,/home/jovyan/ooi/san_data/RS03ASHS-PN03B-06-CAMHDA301/2019/07/01/CAMHDA301-20190701T211500.mp4,420,1,clear,train,2019_2020
CAMHDA301-20190708T001500,2019-07-08,/home/jovyan/ooi/san_data/RS03ASHS-PN03B-06-CAMHDA301/2019/07/08/CAMHDA301-20190708T001500.mp4,780,0,clear,train,2019_2020
CAMHDA301-20190708T001500,2019-07-08,/home/jovyan/ooi/san_data/RS03ASHS-PN03B-06-CAMHDA301/2019/07/08/CAMHDA301-20190708T001500.mp4,660,0,clear,train,2019_2020
CAMHDA301-20190708T001500,2019-07-08,/home/jovyan/ooi/san_data/RS03ASHS-PN03B-06-CAMHDA301/2019/07/08/CAMHDA301-20190708T001500.mp4,690,0,clear,train,2019_2020
CAMHDA301-20190708T001500,2019-07-08,/home/jovyan/ooi/san_data/RS03ASHS-PN03B-06-CAMHDA301/2019/07/08/CAMHDA301-20190708T001500.mp4,120,0,clear,train,2019_2020
CAMHDA301-20190708T031500,2019-07-08,/home/jovyan/ooi/san_data/RS03ASHS-PN03B-06-CAMHDA301/2019/07/08/CAMHDA301-20190708T031500.mp4,480,0,clear,train,2019_2020
CAMHDA301-20190708T031500,2019-07-08,/home/jovyan/ooi/san_data/RS03ASHS-PN03B-06-CAMHDA301/2019/07/08/CAMHDA301-20190708T031500.mp4,360,0,clear,train,2019_2020
CAMHDA301-20190708T031500,2019-07-08,/home/jovyan/ooi/san_data/RS03ASHS-PN03B-06-CAMHDA301/2019/07/08/CAMHDA301-20190708T031500.mp4,750,0,clear,train,2019_2020
CAMHDA301-20190708T031500,2019-07-08,/home/jovyan/ooi/san_data/RS03ASHS-PN03B-06-CAMHDA301/2019/07/08/CAMHDA301-20190708T031500.mp4,240,0,clear,train,2019_2020
CAMHDA301-20190708T061500,2019-07-08,/home/jovyan/ooi/san_data/RS03ASHS-PN03B-06-CAMHDA301/2019/07/08/CAMHDA301-20190708T061500.mp4,180,0,clear,train,2019_2020
CAMHDA301-20190708T061500,2019-07-08,/home/jovyan/ooi/san_data/RS03ASHS-PN03B-06-CAMHDA301/2019/07/08/CAMHDA301-20190708T061500.mp4,30,0,clear,train,2019_2020
CAMHDA301-20190708T061500,2019-07-08,/home/jovyan/ooi/san_data/RS03ASHS-PN03B-06-CAMHDA301/2019/07/08/CAMHDA301-20190708T061500.mp4,510,0,clear,train,2019_2020
CAMHDA301-20190708T061500,2019-07-08,/home/jovyan/ooi/san_data/RS03ASHS-PN03B-06-CAMHDA301/2019/07/08/CAMHDA301-20190708T061500.mp4,300,0,clear,train,2019_2020
CAMHDA301-20190708T091500,2019-07-08,/home/jovyan/ooi/san_data/RS03ASHS-PN03B-06-CAMHDA301/2019/07/08/CAMHDA301-20190708T091500.mp4,60,0,clear,train,2019_2020
CAMHDA301-20190708T091500,2019-07-08,/home/jovyan/ooi/san_data/RS03ASHS-PN03B-06-CAMHDA301/2019/07/08/CAMHDA301-20190708T091500.mp4,750,0,clear,train,2019_2020
CAMHDA301-20190708T091500,2019-07-08,/home/jovyan/ooi/san_data/RS03ASHS-PN03B-06-CAMHDA301/2019/07/08/CAMHDA301-20190708T091500.mp4,300,0,clear,train,2019_2020
CAMHDA301-20190708T091500,2019-07-08,/home/jovyan/ooi/san_data/RS03ASHS-PN03B-06-CAMHDA301/2019/07/08/CAMHDA301-20190708T091500.mp4,480,0,clear,train,2019_2020
CAMHDA301-20190708T121500,2019-07-08,/home/jovyan/ooi/san_data/RS03ASHS-PN03B-06-CAMHDA301/2019/07/08/CAMHDA301-20190708T121500.mp4,450,1,clear,train,2019_2020
CAMHDA301-20190708T151500,2019-07-08,/home/jovyan/ooi/san_data/RS03ASHS-PN03B-06-CAMHDA301/2019/07/08/CAMHDA301-20190708T151500.mp4,330,0,clear,train,2019_2020
CAMHDA301-20190708T151500,2019-07-08,/home/jovyan/ooi/san_data/RS03ASHS-PN03B-06-CAMHDA301/2019/07/08/CAMHDA301-20190708T151500.mp4,60,0,clear,train,2019_2020
CAMHDA301-20190708T151500,2019-07-08,/home/jovyan/ooi/san_data/RS03ASHS-PN03B-06-CAMHDA301/2019/07/08/CAMHDA301-20190708T151500.mp4,720,0,clear,train,2019_2020
CAMHDA301-20190708T151500,2019-07-08,/home/jovyan/ooi/san_data/RS03ASHS-PN03B-06-CAMHDA301/2019/07/08/CAMHDA301-20190708T151500.mp4,150,0,clear,train,2019_2020
CAMHDA301-20190708T181500,2019-07-08,/home/jovyan/ooi/san_data/RS03ASHS-PN03B-06-CAMHDA301/2019/07/08/CAMHDA301-20190708T181500.mp4,450,0,clear,train,2019_2020
CAMHDA301-20190708T181500,2019-07-08,/home/jovyan/ooi/san_data/RS03ASHS-PN03B-06-CAMHDA301/2019/07/08/CAMHDA301-20190708T181500.mp4,810,0,clear,train,2019_2020
CAMHDA301-20190708T181500,2019-07-08,/home/jovyan/ooi/san_data/RS03ASHS-PN03B-06-CAMHDA301/2019/07/08/CAMHDA301-20190708T181500.mp4,630,0,clear,train,2019_2020
CAMHDA301-20190708T181500,2019-07-08,/home/jovyan/ooi/san_data/RS03ASHS-PN03B-06-CAMHDA301/2019/07/08/CAMHDA301-20190708T181500.mp4,240,0,clear,train,2019_2020
CAMHDA301-20190708T211500,2019-07-08,/home/jovyan/ooi/san_data/RS03ASHS-PN03B-06-CAMHDA301/2019/07/08/CAMHDA301-20190708T211500.mp4,450,1,clear,train,2019_2020
CAMHDA301-20190715T001500,2019-07-15,/home/jovyan/ooi/san_data/RS03ASHS-PN03B-06-CAMHDA301/2019/07/15/CAMHDA301-20190715T001500.mp4,240,0,clear,train,2019_2020
CAMHDA301-20190715T001500,2019-07-15,/home/jovyan/ooi/san_data/RS03ASHS-PN03B-06-CAMHDA301/2019/07/15/CAMHDA301-20190715T001500.mp4,450,0,clear,train,2019_2020
CAMHDA301-20190715T001500,2019-07-15,/home/jovyan/ooi/san_data/RS03ASHS-PN03B-06-CAMHDA301/2019/07/15/CAMHDA301-20190715T001500.mp4,210,0,clear,train,2019_2020
CAMHDA301-20190715T001500,2019-07-15,/home/jovyan/ooi/san_data/RS03ASHS-PN03B-06-CAMHDA301/2019/07/15/CAMHDA301-20190715T001500.mp4,690,0,clear,train,2019_2020
CAMHDA301-20190715T031500,2019-07-15,/home/jovyan/ooi/san_data/RS03ASHS-PN03B-06-CAMHDA301/2019/07/15/CAMHDA301-20190715T031500.mp4,840,0,clear,train,2019_2020
CAMHDA301-20190715T031500,2019-07-15,/home/jovyan/ooi/san_data/RS03ASHS-PN03B-06-CAMHDA301/2019/07/15/CAMHDA301-20190715T031500.mp4,660,0,clear,train,2019_2020
CAMHDA301-20190715T031500,2019-07-15,/home/jovyan/ooi/san_data/RS03ASHS-PN03B-06-CAMHDA301/2019/07/15/CAMHDA301-20190715T031500.mp4,330,0,clear,train,2019_2020
CAMHDA301-20190715T031500,2019-07-15,/home/jovyan/ooi/san_data/RS03ASHS-PN03B-06-CAMHDA301/2019/07/15/CAMHDA301-20190715T031500.mp4,240,0,clear,train,2019_2020
CAMHDA301-20190715T061500,2019-07-15,/home/jovyan/ooi/san_data/RS03ASHS-PN03B-06-CAMHDA301/2019/07/15/CAMHDA301-20190715T061500.mp4,390,0,clear,train,2019_2020
CAMHDA301-20190715T061500,2019-07-15,/home/jovyan/ooi/san_data/RS03ASHS-PN03B-06-CAMHDA301/2019/07/15/CAMHDA301-20190715T061500.mp4,450,0,clear,train,2019_2020
CAMHDA301-20190715T061500,2019-07-15,/home/jovyan/ooi/san_data/RS03ASHS-PN03B-06-CAMHDA301/2019/07/15/CAMHDA301-20190715T061500.mp4,240,0,clear,train,2019_2020
CAMHDA301-20190715T061500,2019-07-15,/home/jovyan/ooi/san_data/RS03ASHS-PN03B-06-CAMHDA301/2019/07/15/CAMHDA301-20190715T061500.mp4,810,0,clear,train,2019_2020
CAMHDA301-20190715T091500,2019-07-15,/home/jovyan/ooi/san_data/RS03ASHS-PN03B-06-CAMHDA301/2019/07/15/CAMHDA301-20190715T091500.mp4,300,0,clear,train,2019_2020
CAMHDA301-20190715T091500,2019-07-15,/home/jovyan/ooi/san_data/RS03ASHS-PN03B-06-CAMHDA301/2019/07/15/CAMHDA301-20190715T091500.mp4,420,0,clear,train,2019_2020
CAMHDA301-20190715T091500,2019-07-15,/home/jovyan/ooi/san_data/RS03ASHS-PN03B-06-CAMHDA301/2019/07/15/CAMHDA301-20190715T091500.mp4,210,0,clear,train,2019_2020
CAMHDA301-20190715T091500,2019-07-15,/home/jovyan/ooi/san_data/RS03ASHS-PN03B-06-CAMHDA301/2019/07/15/CAMHDA301-20190715T091500.mp4,810,0,clear,train,2019_2020
CAMHDA301-20190715T121500,2019-07-15,/home/jovyan/ooi/san_data/RS03ASHS-PN03B-06-CAMHDA301/2019/07/15/CAMHDA301-20190715T121500.mp4,780,1,clear,train,2019_2020
CAMHDA301-20190715T151500,2019-07-15,/home/jovyan/ooi/san_data/RS03ASHS-PN03B-06-CAMHDA301/2019/07/15/CAMHDA301-20190715T151500.mp4,780,1,clear,train,2019_2020
CAMHDA301-20190715T181500,2019-07-15,/home/jovyan/ooi/san_data/RS03ASHS-PN03B-06-CAMHDA301/2019/07/15/CAMHDA301-20190715T181500.mp4,780,1,clear,train,2019_2020
CAMHDA301-20190715T211500,2019-07-15,/home/jovyan/ooi/san_data/RS03ASHS-PN03B-06-CAMHDA301/2019/07/15/CAMHDA301-20190715T211500.mp4,780,1,clear,train,2019_2020
CAMHDA301-20190722T001500,2019-07-22,/home/jovyan/ooi/san_data/RS03ASHS-PN03B-06-CAMHDA301/2019/07/22/CAMHDA301-20190722T001500.mp4,450,0,clear,train,2019_2020
CAMHDA301-20190722T001500,2019-07-22,/home/jovyan/ooi/san_data/RS03ASHS-PN03B-06-CAMHDA301/2019/07/22/CAMHDA301-20190722T001500.mp4,660,0,clear,train,2019_2020
CAMHDA301-20190722T001500,2019-07-22,/home/jovyan/ooi/san_data/RS03ASHS-PN03B-06-CAMHDA301/2019/07/22/CAMHDA301-20190722T001500.mp4,480,0,clear,train,2019_2020
CAMHDA301-20190722T001500,2019-07-22,/home/jovyan/ooi/san_data/RS03ASHS-PN03B-06-CAMHDA301/2019/07/22/CAMHDA301-20190722T001500.mp4,630,0,clear,train,2019_2020
CAMHDA301-20190722T031500,2019-07-22,/home/jovyan/ooi/san_data/RS03ASHS-PN03B-06-CAMHDA301/2019/07/22/CAMHDA301-20190722T031500.mp4,450,0,clear,train,2019_2020
CAMHDA301-20190722T031500,2019-07-22,/home/jovyan/ooi/san_data/RS03ASHS-PN03B-06-CAMHDA301/2019/07/22/CAMHDA301-20190722T031500.mp4,300,0,clear,train,2019_2020
CAMHDA301-20190722T031500,2019-07-22,/home/jovyan/ooi/san_data/RS03ASHS-PN03B-06-CAMHDA301/2019/07/22/CAMHDA301-20190722T031500.mp4,570,0,clear,train,2019_2020
CAMHDA301-20190722T031500,2019-07-22,/home/jovyan/ooi/san_data/RS03ASHS-PN03B-06-CAMHDA301/2019/07/22/CAMHDA301-20190722T031500.mp4,810,0,clear,train,2019_2020
CAMHDA301-20190722T061500,2019-07-22,/home/jovyan/ooi/san_data/RS03ASHS-PN03B-06-CAMHDA301/2019/07/22/CAMHDA301-20190722T061500.mp4,90,0,clear,train,2019_2020
CAMHDA301-20190722T061500,2019-07-22,/home/jovyan/ooi/san_data/RS03ASHS-PN03B-06-CAMHDA301/2019/07/22/CAMHDA301-20190722T061500.mp4,270,0,clear,train,2019_2020
CAMHDA301-20190722T061500,2019-07-22,/home/jovyan/ooi/san_data/RS03ASHS-PN03B-06-CAMHDA301/2019/07/22/CAMHDA301-20190722T061500.mp4,570,0,clear,train,2019_2020
CAMHDA301-20190722T061500,2019-07-22,/home/jovyan/ooi/san_data/RS03ASHS-PN03B-06-CAMHDA301/2019/07/22/CAMHDA301-20190722T061500.mp4,660,0,clear,train,2019_2020
CAMHDA301-20190722T091500,2019-07-22,/home/jovyan/ooi/san_data/RS03ASHS-PN03B-06-CAMHDA301/2019/07/22/CAMHDA301-20190722T091500.mp4,600,0,clear,train,2019_2020
CAMHDA301-20190722T091500,2019-07-22,/home/jovyan/ooi/san_data/RS03ASHS-PN03B-06-CAMHDA301/2019/07/22/CAMHDA301-20190722T091500.mp4,570,0,clear,train,2019_2020
CAMHDA301-20190722T091500,2019-07-22,/home/jovyan/ooi/san_data/RS03ASHS-PN03B-06-CAMHDA301/2019/07/22/CAMHDA301-20190722T091500.mp4,750,0,clear,train,2019_2020
CAMHDA301-20190722T091500,2019-07-22,/home/jovyan/ooi/san_data/RS03ASHS-PN03B-06-CAMHDA301/2019/07/22/CAMHDA301-20190722T091500.mp4,630,0,clear,train,2019_2020
CAMHDA301-20190722T121500,2019-07-22,/home/jovyan/ooi/san_data/RS03ASHS-PN03B-06-CAMHDA301/2019/07/22/CAMHDA301-20190722T121500.mp4,150,0,clear,train,2019_2020
CAMHDA301-20190722T121500,2019-07-22,/home/jovyan/ooi/san_data/RS03ASHS-PN03B-06-CAMHDA301/2019/07/22/CAMHDA301-20190722T121500.mp4,240,0,clear,train,2019_2020
CAMHDA301-20190722T121500,2019-07-22,/home/jovyan/ooi/san_data/RS03ASHS-PN03B-06-CAMHDA301/2019/07/22/CAMHDA301-20190722T121500.mp4,30,0,clear,train,2019_2020
CAMHDA301-20190722T121500,2019-07-22,/home/jovyan/ooi/san_data/RS03ASHS-PN03B-06-CAMHDA301/2019/07/22/CAMHDA301-20190722T121500.mp4,210,0,clear,train,2019_2020
CAMHDA301-20190722T151500,2019-07-22,/home/jovyan/ooi/san_data/RS03ASHS-PN03B-06-CAMHDA301/2019/07/22/CAMHDA301-20190722T151500.mp4,450,0,clear,train,2019_2020
CAMHDA301-20190722T151500,2019-07-22,/home/jovyan/ooi/san_data/RS03ASHS-PN03B-06-CAMHDA301/2019/07/22/CAMHDA301-20190722T151500.mp4,300,0,clear,train,2019_2020
CAMHDA301-20190722T151500,2019-07-22,/home/jovyan/ooi/san_data/RS03ASHS-PN03B-06-CAMHDA301/2019/07/22/CAMHDA301-20190722T151500.mp4,360,0,clear,train,2019_2020
CAMHDA301-20190722T151500,2019-07-22,/home/jovyan/ooi/san_data/RS03ASHS-PN03B-06-CAMHDA301/2019/07/22/CAMHDA301-20190722T151500.mp4,720,0,clear,train,2019_2020
CAMHDA301-20190722T181500,2019-07-22,/home/jovyan/ooi/san_data/RS03ASHS-PN03B-06-CAMHDA301/2019/07/22/CAMHDA301-20190722T181500.mp4,150,0,clear,train,2019_2020
CAMHDA301-20190722T181500,2019-07-22,/home/jovyan/ooi/san_data/RS03ASHS-PN03B-06-CAMHDA301/2019/07/22/CAMHDA301-20190722T181500.mp4,630,0,clear,train,2019_2020
CAMHDA301-20190722T181500,2019-07-22,/home/jovyan/ooi/san_data/RS03ASHS-PN03B-06-CAMHDA301/2019/07/22/CAMHDA301-20190722T181500.mp4,240,0,clear,train,2019_2020
CAMHDA301-20190722T181500,2019-07-22,/home/jovyan/ooi/san_data/RS03ASHS-PN03B-06-CAMHDA301/2019/07/22/CAMHDA301-20190722T181500.mp4,120,0,clear,train,2019_2020
CAMHDA301-20190722T211500,2019-07-22,/home/jovyan/ooi/san_data/RS03ASHS-PN03B-06-CAMHDA301/2019/07/22/CAMHDA301-20190722T211500.mp4,420,0,clear,train,2019_2020
CAMHDA301-20190722T211500,2019-07-22,/home/jovyan/ooi/san_data/RS03ASHS-PN03B-06-CAMHDA301/2019/07/22/CAMHDA301-20190722T211500.mp4,540,0,clear,train,2019_2020
CAMHDA301-20190722T211500,2019-07-22,/home/jovyan/ooi/san_data/RS03ASHS-PN03B-06-CAMHDA301/2019/07/22/CAMHDA301-20190722T211500.mp4,600,0,clear,train,2019_2020
CAMHDA301-20190722T211500,2019-07-22,/home/jovyan/ooi/san_data/RS03ASHS-PN03B-06-CAMHDA301/2019/07/22/CAMHDA301-20190722T211500.mp4,810,0,clear,train,2019_2020
CAMHDA301-20200824T001500,2020-08-24,/home/jovyan/ooi/san_data/RS03ASHS-PN03B-06-CAMHDA301/2020/08/24/CAMHDA301-20200824T001500.mp4,780,1,clear,train,2019_2020
CAMHDA301-20200824T031500,2020-08-24,/home/jovyan/ooi/san_data/RS03ASHS-PN03B-06-CAMHDA301/2020/08/24/CAMHDA301-20200824T031500.mp4,780,1,clear,train,2019_2020
CAMHDA301-20200824T061500,2020-08-24,/home/jovyan/ooi/san_data/RS03ASHS-PN03B-06-CAMHDA301/2020/08/24/CAMHDA301-20200824T061500.mp4,780,1,clear,train,2019_2020
CAMHDA301-20200824T091500,2020-08-24,/home/jovyan/ooi/san_data/RS03ASHS-PN03B-06-CAMHDA301/2020/08/24/CAMHDA301-20200824T091500.mp4,780,1,clear,train,2019_2020
CAMHDA301-20200824T121500,2020-08-24,/home/jovyan/ooi/san_data/RS03ASHS-PN03B-06-CAMHDA301/2020/08/24/CAMHDA301-20200824T121500.mp4,780,1,clear,train,2019_2020
CAMHDA301-20200824T151500,2020-08-24,/home/jovyan/ooi/san_data/RS03ASHS-PN03B-06-CAMHDA301/2020/08/24/CAMHDA301-20200824T151500.mp4,780,1,clear,train,2019_2020
CAMHDA301-20200824T181500,2020-08-24,/home/jovyan/ooi/san_data/RS03ASHS-PN03B-06-CAMHDA301/2020/08/24/CAMHDA301-20200824T181500.mp4,780,1,clear,train,2019_2020
CAMHDA301-20200824T211500,2020-08-24,/home/jovyan/ooi/san_data/RS03ASHS-PN03B-06-CAMHDA301/2020/08/24/CAMHDA301-20200824T211500.mp4,780,1,clear,train,2019_2020
CAMHDA301-20200831T001500,2020-08-31,/home/jovyan/ooi/san_data/RS03ASHS-PN03B-06-CAMHDA301/2020/08/31/CAMHDA301-20200831T001500.mp4,780,1,clear,train,2019_2020
CAMHDA301-20200831T031500,2020-08-31,/home/jovyan/ooi/san_data/RS03ASHS-PN03B-06-CAMHDA301/2020/08/31/CAMHDA301-20200831T031500.mp4,360,0,clear,train,2019_2020
CAMHDA301-20200831T031500,2020-08-31,/home/jovyan/ooi/san_data/RS03ASHS-PN03B-06-CAMHDA301/2020/08/31/CAMHDA301-20200831T031500.mp4,570,0,clear,train,2019_2020
CAMHDA301-20200831T031500,2020-08-31,/home/jovyan/ooi/san_data/RS03ASHS-PN03B-06-CAMHDA301/2020/08/31/CAMHDA301-20200831T031500.mp4,540,0,clear,train,2019_2020
CAMHDA301-20200831T031500,2020-08-31,/home/jovyan/ooi/san_data/RS03ASHS-PN03B-06-CAMHDA301/2020/08/31/CAMHDA301-20200831T031500.mp4,510,0,clear,train,2019_2020
CAMHDA301-20200831T061500,2020-08-31,/home/jovyan/ooi/san_data/RS03ASHS-PN03B-06-CAMHDA301/2020/08/31/CAMHDA301-20200831T061500.mp4,660,0,clear,train,2019_2020
CAMHDA301-20200831T061500,2020-08-31,/home/jovyan/ooi/san_data/RS03ASHS-PN03B-06-CAMHDA301/2020/08/31/CAMHDA301-20200831T061500.mp4,90,0,clear,train,2019_2020
CAMHDA301-20200831T061500,2020-08-31,/home/jovyan/ooi/san_data/RS03ASHS-PN03B-06-CAMHDA301/2020/08/31/CAMHDA301-20200831T061500.mp4,840,0,clear,train,2019_2020
CAMHDA301-20200831T061500,2020-08-31,/home/jovyan/ooi/san_data/RS03ASHS-PN03B-06-CAMHDA301/2020/08/31/CAMHDA301-20200831T061500.mp4,630,0,clear,train,2019_2020
CAMHDA301-20200831T091500,2020-08-31,/home/jovyan/ooi/san_data/RS03ASHS-PN03B-06-CAMHDA301/2020/08/31/CAMHDA301-20200831T091500.mp4,420,1,clear,train,2019_2020
CAMHDA301-20200831T121500,2020-08-31,/home/jovyan/ooi/san_data/RS03ASHS-PN03B-06-CAMHDA301/2020/08/31/CAMHDA301-20200831T121500.mp4,420,1,clear,train,2019_2020
CAMHDA301-20200831T151500,2020-08-31,/home/jovyan/ooi/san_data/RS03ASHS-PN03B-06-CAMHDA301/2020/08/31/CAMHDA301-20200831T151500.mp4,420,1,clear,train,2019_2020
CAMHDA301-20200831T181500,2020-08-31,/home/jovyan/ooi/san_data/RS03ASHS-PN03B-06-CAMHDA301/2020/08/31/CAMHDA301-20200831T181500.mp4,150,0,clear,train,2019_2020
CAMHDA301-20200831T181500,2020-08-31,/home/jovyan/ooi/san_data/RS03ASHS-PN03B-06-CAMHDA301/2020/08/31/CAMHDA301-20200831T181500.mp4,690,0,clear,train,2019_2020
CAMHDA301-20200831T181500,2020-08-31,/home/jovyan/ooi/san_data/RS03ASHS-PN03B-06-CAMHDA301/2020/08/31/CAMHDA301-20200831T181500.mp4,330,0,clear,train,2019_2020
CAMHDA301-20200831T181500,2020-08-31,/home/jovyan/ooi/san_data/RS03ASHS-PN03B-06-CAMHDA301/2020/08/31/CAMHDA301-20200831T181500.mp4,660,0,clear,train,2019_2020
CAMHDA301-20200831T211500,2020-08-31,/home/jovyan/ooi/san_data/RS03ASHS-PN03B-06-CAMHDA301/2020/08/31/CAMHDA301-20200831T211500.mp4,420,1,clear,train,2019_2020
CAMHDA301-20200907T001500,2020-09-07,/home/jovyan/ooi/san_data/RS03ASHS-PN03B-06-CAMHDA301/2020/09/07/CAMHDA301-20200907T001500.mp4,420,1,clear,test,2019_2020
CAMHDA301-20200907T031500,2020-09-07,/home/jovyan/ooi/san_data/RS03ASHS-PN03B-06-CAMHDA301/2020/09/07/CAMHDA301-20200907T031500.mp4,420,1,clear,test,2019_2020
CAMHDA301-20200907T061500,2020-09-07,/home/jovyan/ooi/san_data/RS03ASHS-PN03B-06-CAMHDA301/2020/09/07/CAMHDA301-20200907T061500.mp4,420,1,clear,test,2019_2020
CAMHDA301-20200907T091500,2020-09-07,/home/jovyan/ooi/san_data/RS03ASHS-PN03B-06-CAMHDA301/2020/09/07/CAMHDA301-20200907T091500.mp4,390,0,clear,test,2019_2020
CAMHDA301-20200907T091500,2020-09-07,/home/jovyan/ooi/san_data/RS03ASHS-PN03B-06-CAMHDA301/2020/09/07/CAMHDA301-20200907T091500.mp4,750,0,clear,test,2019_2020
CAMHDA301-20200907T091500,2020-09-07,/home/jovyan/ooi/san_data/RS03ASHS-PN03B-06-CAMHDA301/2020/09/07/CAMHDA301-20200907T091500.mp4,300,0,clear,test,2019_2020
CAMHDA301-20200907T091500,2020-09-07,/home/jovyan/ooi/san_data/RS03ASHS-PN03B-06-CAMHDA301/2020/09/07/CAMHDA301-20200907T091500.mp4,30,0,clear,test,2019_2020
CAMHDA301-20200907T121500,2020-09-07,/home/jovyan/ooi/san_data/RS03ASHS-PN03B-06-CAMHDA301/2020/09/07/CAMHDA301-20200907T121500.mp4,420,1,clear,test,2019_2020
CAMHDA301-20200907T151500,2020-09-07,/home/jovyan/ooi/san_data/RS03ASHS-PN03B-06-CAMHDA301/2020/09/07/CAMHDA301-20200907T151500.mp4,420,1,clear,test,2019_2020
CAMHDA301-20200907T181500,2020-09-07,/home/jovyan/ooi/san_data/RS03ASHS-PN03B-06-CAMHDA301/2020/09/07/CAMHDA301-20200907T181500.mp4,420,1,clear,test,2019_2020
CAMHDA301-20200907T211500,2020-09-07,/home/jovyan/ooi/san_data/RS03ASHS-PN03B-06-CAMHDA301/2020/09/07/CAMHDA301-20200907T211500.mp4,30,0,clear,test,2019_2020
CAMHDA301-20200907T211500,2020-09-07,/home/jovyan/ooi/san_data/RS03ASHS-PN03B-06-CAMHDA301/2020/09/07/CAMHDA301-20200907T211500.mp4,390,0,clear,test,2019_2020
CAMHDA301-20200907T211500,2020-09-07,/home/jovyan/ooi/san_data/RS03ASHS-PN03B-06-CAMHDA301/2020/09/07/CAMHDA301-20200907T211500.mp4,270,0,clear,test,2019_2020
CAMHDA301-20200907T211500,2020-09-07,/home/jovyan/ooi/san_data/RS03ASHS-PN03B-06-CAMHDA301/2020/09/07/CAMHDA301-20200907T211500.mp4,840,0,clear,test,2019_2020
CAMHDA301-20200914T001500,2020-09-14,/home/jovyan/ooi/san_data/RS03ASHS-PN03B-06-CAMHDA301/2020/09/14/CAMHDA301-20200914T001500.mp4,450,1,clear,train,2019_2020
CAMHDA301-20200914T031500,2020-09-14,/home/jovyan/ooi/san_data/RS03ASHS-PN03B-06-CAMHDA301/2020/09/14/CAMHDA301-20200914T031500.mp4,330,0,clear,train,2019_2020
CAMHDA301-20200914T031500,2020-09-14,/home/jovyan/ooi/san_data/RS03ASHS-PN03B-06-CAMHDA301/2020/09/14/CAMHDA301-20200914T031500.mp4,480,0,clear,train,2019_2020
CAMHDA301-20200914T031500,2020-09-14,/home/jovyan/ooi/san_data/RS03ASHS-PN03B-06-CAMHDA301/2020/09/14/CAMHDA301-20200914T031500.mp4,780,0,clear,train,2019_2020
CAMHDA301-20200914T031500,2020-09-14,/home/jovyan/ooi/san_data/RS03ASHS-PN03B-06-CAMHDA301/2020/09/14/CAMHDA301-20200914T031500.mp4,840,0,clear,train,2019_2020
CAMHDA301-20200914T061500,2020-09-14,/home/jovyan/ooi/san_data/RS03ASHS-PN03B-06-CAMHDA301/2020/09/14/CAMHDA301-20200914T061500.mp4,600,0,clear,train,2019_2020
CAMHDA301-20200914T061500,2020-09-14,/home/jovyan/ooi/san_data/RS03ASHS-PN03B-06-CAMHDA301/2020/09/14/CAMHDA301-20200914T061500.mp4,210,0,clear,train,2019_2020
CAMHDA301-20200914T061500,2020-09-14,/home/jovyan/ooi/san_data/RS03ASHS-PN03B-06-CAMHDA301/2020/09/14/CAMHDA301-20200914T061500.mp4,660,0,clear,train,2019_2020
CAMHDA301-20200914T061500,2020-09-14,/home/jovyan/ooi/san_data/RS03ASHS-PN03B-06-CAMHDA301/2020/09/14/CAMHDA301-20200914T061500.mp4,30,0,clear,train,2019_2020
CAMHDA301-20200914T091500,2020-09-14,/home/jovyan/ooi/san_data/RS03ASHS-PN03B-06-CAMHDA301/2020/09/14/CAMHDA301-20200914T091500.mp4,450,1,clear,train,2019_2020
CAMHDA301-20200914T121500,2020-09-14,/home/jovyan/ooi/san_data/RS03ASHS-PN03B-06-CAMHDA301/2020/09/14/CAMHDA301-20200914T121500.mp4,450,1,clear,train,2019_2020
CAMHDA301-20200914T151500,2020-09-14,/home/jovyan/ooi/san_data/RS03ASHS-PN03B-06-CAMHDA301/2020/09/14/CAMHDA301-20200914T151500.mp4,420,1,clear,train,2019_2020
CAMHDA301-20200914T181500,2020-09-14,/home/jovyan/ooi/san_data/RS03ASHS-PN03B-06-CAMHDA301/2020/09/14/CAMHDA301-20200914T181500.mp4,450,1,clear,train,2019_2020
CAMHDA301-20200914T211500,2020-09-14,/home/jovyan/ooi/san_data/RS03ASHS-PN03B-06-CAMHDA301/2020/09/14/CAMHDA301-20200914T211500.mp4,450,1,clear,train,2019_2020
CAMHDA301-20200921T001500,2020-09-21,/home/jovyan/ooi/san_data/RS03ASHS-PN03B-06-CAMHDA301/2020/09/21/CAMHDA301-20200921T001500.mp4,150,0,clear,train,2019_2020
CAMHDA301-20200921T001500,2020-09-21,/home/jovyan/ooi/san_data/RS03ASHS-PN03B-06-CAMHDA301/2020/09/21/CAMHDA301-20200921T001500.mp4,120,0,clear,train,2019_2020
CAMHDA301-20200921T001500,2020-09-21,/home/jovyan/ooi/san_data/RS03ASHS-PN03B-06-CAMHDA301/2020/09/21/CAMHDA301-20200921T001500.mp4,420,0,clear,train,2019_2020
CAMHDA301-20200921T001500,2020-09-21,/home/jovyan/ooi/san_data/RS03ASHS-PN03B-06-CAMHDA301/2020/09/21/CAMHDA301-20200921T001500.mp4,630,0,clear,train,2019_2020
CAMHDA301-20200921T031500,2020-09-21,/home/jovyan/ooi/san_data/RS03ASHS-PN03B-06-CAMHDA301/2020/09/21/CAMHDA301-20200921T031500.mp4,90,0,clear,train,2019_2020
CAMHDA301-20200921T031500,2020-09-21,/home/jovyan/ooi/san_data/RS03ASHS-PN03B-06-CAMHDA301/2020/09/21/CAMHDA301-20200921T031500.mp4,690,0,clear,train,2019_2020
CAMHDA301-20200921T031500,2020-09-21,/home/jovyan/ooi/san_data/RS03ASHS-PN03B-06-CAMHDA301/2020/09/21/CAMHDA301-20200921T031500.mp4,360,0,clear,train,2019_2020
CAMHDA301-20200921T031500,2020-09-21,/home/jovyan/ooi/san_data/RS03ASHS-PN03B-06-CAMHDA301/2020/09/21/CAMHDA301-20200921T031500.mp4,30,0,clear,train,2019_2020
CAMHDA301-20200921T061500,2020-09-21,/home/jovyan/ooi/san_data/RS03ASHS-PN03B-06-CAMHDA301/2020/09/21/CAMHDA301-20200921T061500.mp4,810,0,clear,train,2019_2020
CAMHDA301-20200921T061500,2020-09-21,/home/jovyan/ooi/san_data/RS03ASHS-PN03B-06-CAMHDA301/2020/09/21/CAMHDA301-20200921T061500.mp4,600,0,clear,train,2019_2020
CAMHDA301-20200921T061500,2020-09-21,/home/jovyan/ooi/san_data/RS03ASHS-PN03B-06-CAMHDA301/2020/09/21/CAMHDA301-20200921T061500.mp4,30,0,clear,train,2019_2020
CAMHDA301-20200921T061500,2020-09-21,/home/jovyan/ooi/san_data/RS03ASHS-PN03B-06-CAMHDA301/2020/09/21/CAMHDA301-20200921T061500.mp4,720,0,clear,train,2019_2020
CAMHDA301-20200921T091500,2020-09-21,/home/jovyan/ooi/san_data/RS03ASHS-PN03B-06-CAMHDA301/2020/09/21/CAMHDA301-20200921T091500.mp4,360,0,clear,train,2019_2020
CAMHDA301-20200921T091500,2020-09-21,/home/jovyan/ooi/san_data/RS03ASHS-PN03B-06-CAMHDA301/2020/09/21/CAMHDA301-20200921T091500.mp4,540,0,clear,train,2019_2020
CAMHDA301-20200921T091500,2020-09-21,/home/jovyan/ooi/san_data/RS03ASHS-PN03B-06-CAMHDA301/2020/09/21/CAMHDA301-20200921T091500.mp4,450,0,clear,train,2019_2020
CAMHDA301-20200921T091500,2020-09-21,/home/jovyan/ooi/san_data/RS03ASHS-PN03B-06-CAMHDA301/2020/09/21/CAMHDA301-20200921T091500.mp4,630,0,clear,train,2019_2020
CAMHDA301-20200921T121500,2020-09-21,/home/jovyan/ooi/san_data/RS03ASHS-PN03B-06-CAMHDA301/2020/09/21/CAMHDA301-20200921T121500.mp4,630,0,clear,train,2019_2020
CAMHDA301-20200921T121500,2020-09-21,/home/jovyan/ooi/san_data/RS03ASHS-PN03B-06-CAMHDA301/2020/09/21/CAMHDA301-20200921T121500.mp4,30,0,clear,train,2019_2020
CAMHDA301-20200921T121500,2020-09-21,/home/jovyan/ooi/san_data/RS03ASHS-PN03B-06-CAMHDA301/2020/09/21/CAMHDA301-20200921T121500.mp4,240,0,clear,train,2019_2020
CAMHDA301-20200921T121500,2020-09-21,/home/jovyan/ooi/san_data/RS03ASHS-PN03B-06-CAMHDA301/2020/09/21/CAMHDA301-20200921T121500.mp4,660,0,clear,train,2019_2020
CAMHDA301-20200921T151500,2020-09-21,/home/jovyan/ooi/san_data/RS03ASHS-PN03B-06-CAMHDA301/2020/09/21/CAMHDA301-20200921T151500.mp4,840,0,clear,train,2019_2020
CAMHDA301-20200921T151500,2020-09-21,/home/jovyan/ooi/san_data/RS03ASHS-PN03B-06-CAMHDA301/2020/09/21/CAMHDA301-20200921T151500.mp4,810,0,clear,train,2019_2020
CAMHDA301-20200921T151500,2020-09-21,/home/jovyan/ooi/san_data/RS03ASHS-PN03B-06-CAMHDA301/2020/09/21/CAMHDA301-20200921T151500.mp4,720,0,clear,train,2019_2020
CAMHDA301-20200921T151500,2020-09-21,/home/jovyan/ooi/san_data/RS03ASHS-PN03B-06-CAMHDA301/2020/09/21/CAMHDA301-20200921T151500.mp4,360,0,clear,train,2019_2020
CAMHDA301-20200921T181500,2020-09-21,/home/jovyan/ooi/san_data/RS03ASHS-PN03B-06-CAMHDA301/2020/09/21/CAMHDA301-20200921T181500.mp4,420,0,clear,train,2019_2020
CAMHDA301-20200921T181500,2020-09-21,/home/jovyan/ooi/san_data/RS03ASHS-PN03B-06-CAMHDA301/2020/09/21/CAMHDA301-20200921T181500.mp4,300,0,clear,train,2019_2020
CAMHDA301-20200921T181500,2020-09-21,/home/jovyan/ooi/san_data/RS03ASHS-PN03B-06-CAMHDA301/2020/09/21/CAMHDA301-20200921T181500.mp4,330,0,clear,train,2019_2020
CAMHDA301-20200921T181500,2020-09-21,/home/jovyan/ooi/san_data/RS03ASHS-PN03B-06-CAMHDA301/2020/09/21/CAMHDA301-20200921T181500.mp4,480,0,clear,train,2019_2020
CAMHDA301-20200928T001500,2020-09-28,/home/jovyan/ooi/san_data/RS03ASHS-PN03B-06-CAMHDA301/2020/09/28/CAMHDA301-20200928T001500.mp4,270,0,clear,train,2019_2020
CAMHDA301-20200928T001500,2020-09-28,/home/jovyan/ooi/san_data/RS03ASHS-PN03B-06-CAMHDA301/2020/09/28/CAMHDA301-20200928T001500.mp4,480,0,clear,train,2019_2020
CAMHDA301-20200928T001500,2020-09-28,/home/jovyan/ooi/san_data/RS03ASHS-PN03B-06-CAMHDA301/2020/09/28/CAMHDA301-20200928T001500.mp4,240,0,clear,train,2019_2020
CAMHDA301-20200928T001500,2020-09-28,/home/jovyan/ooi/san_data/RS03ASHS-PN03B-06-CAMHDA301/2020/09/28/CAMHDA301-20200928T001500.mp4,780,0,clear,train,2019_2020
CAMHDA301-20200928T031500,2020-09-28,/home/jovyan/ooi/san_data/RS03ASHS-PN03B-06-CAMHDA301/2020/09/28/CAMHDA301-20200928T031500.mp4,420,0,clear,train,2019_2020
CAMHDA301-20200928T031500,2020-09-28,/home/jovyan/ooi/san_data/RS03ASHS-PN03B-06-CAMHDA301/2020/09/28/CAMHDA301-20200928T031500.mp4,300,0,clear,train,2019_2020
CAMHDA301-20200928T031500,2020-09-28,/home/jovyan/ooi/san_data/RS03ASHS-PN03B-06-CAMHDA301/2020/09/28/CAMHDA301-20200928T031500.mp4,270,0,clear,train,2019_2020
CAMHDA301-20200928T031500,2020-09-28,/home/jovyan/ooi/san_data/RS03ASHS-PN03B-06-CAMHDA301/2020/09/28/CAMHDA301-20200928T031500.mp4,660,0,clear,train,2019_2020
CAMHDA301-20200928T061500,2020-09-28,/home/jovyan/ooi/san_data/RS03ASHS-PN03B-06-CAMHDA301/2020/09/28/CAMHDA301-20200928T061500.mp4,420,0,clear,train,2019_2020
CAMHDA301-20200928T061500,2020-09-28,/home/jovyan/ooi/san_data/RS03ASHS-PN03B-06-CAMHDA301/2020/09/28/CAMHDA301-20200928T061500.mp4,600,0,clear,train,2019_2020
CAMHDA301-20200928T061500,2020-09-28,/home/jovyan/ooi/san_data/RS03ASHS-PN03B-06-CAMHDA301/2020/09/28/CAMHDA301-20200928T061500.mp4,270,0,clear,train,2019_2020
CAMHDA301-20200928T061500,2020-09-28,/home/jovyan/ooi/san_data/RS03ASHS-PN03B-06-CAMHDA301/2020/09/28/CAMHDA301-20200928T061500.mp4,210,0,clear,train,2019_2020
CAMHDA301-20200928T091500,2020-09-28,/home/jovyan/ooi/san_data/RS03ASHS-PN03B-06-CAMHDA301/2020/09/28/CAMHDA301-20200928T091500.mp4,780,0,clear,train,2019_2020
CAMHDA301-20200928T091500,2020-09-28,/home/jovyan/ooi/san_data/RS03ASHS-PN03B-06-CAMHDA301/2020/09/28/CAMHDA301-20200928T091500.mp4,720,0,clear,train,2019_2020
CAMHDA301-20200928T091500,2020-09-28,/home/jovyan/ooi/san_data/RS03ASHS-PN03B-06-CAMHDA301/2020/09/28/CAMHDA301-20200928T091500.mp4,360,0,clear,train,2019_2020
CAMHDA301-20200928T091500,2020-09-28,/home/jovyan/ooi/san_data/RS03ASHS-PN03B-06-CAMHDA301/2020/09/28/CAMHDA301-20200928T091500.mp4,60,0,clear,train,2019_2020
CAMHDA301-20200928T121500,2020-09-28,/home/jovyan/ooi/san_data/RS03ASHS-PN03B-06-CAMHDA301/2020/09/28/CAMHDA301-20200928T121500.mp4,420,1,clear,train,2019_2020
CAMHDA301-20200928T151500,2020-09-28,/home/jovyan/ooi/san_data/RS03ASHS-PN03B-06-CAMHDA301/2020/09/28/CAMHDA301-20200928T151500.mp4,330,0,clear,train,2019_2020
CAMHDA301-20200928T151500,2020-09-28,/home/jovyan/ooi/san_data/RS03ASHS-PN03B-06-CAMHDA301/2020/09/28/CAMHDA301-20200928T151500.mp4,270,0,clear,train,2019_2020
CAMHDA301-20200928T151500,2020-09-28,/home/jovyan/ooi/san_data/RS03ASHS-PN03B-06-CAMHDA301/2020/09/28/CAMHDA301-20200928T151500.mp4,360,0,clear,train,2019_2020
CAMHDA301-20200928T151500,2020-09-28,/home/jovyan/ooi/san_data/RS03ASHS-PN03B-06-CAMHDA301/2020/09/28/CAMHDA301-20200928T151500.mp4,540,0,clear,train,2019_2020
CAMHDA301-20200928T181500,2020-09-28,/home/jovyan/ooi/san_data/RS03ASHS-PN03B-06-CAMHDA301/2020/09/28/CAMHDA301-20200928T181500.mp4,570,0,clear,train,2019_2020
CAMHDA301-20200928T181500,2020-09-28,/home/jovyan/ooi/san_data/RS03ASHS-PN03B-06-CAMHDA301/2020/09/28/CAMHDA301-20200928T181500.mp4,750,0,clear,train,2019_2020
CAMHDA301-20200928T181500,2020-09-28,/home/jovyan/ooi/san_data/RS03ASHS-PN03B-06-CAMHDA301/2020/09/28/CAMHDA301-20200928T181500.mp4,660,0,clear,train,2019_2020
CAMHDA301-20200928T181500,2020-09-28,/home/jovyan/ooi/san_data/RS03ASHS-PN03B-06-CAMHDA301/2020/09/28/CAMHDA301-20200928T181500.mp4,840,0,clear,train,2019_2020
CAMHDA301-20200928T211500,2020-09-28,/home/jovyan/ooi/san_data/RS03ASHS-PN03B-06-CAMHDA301/2020/09/28/CAMHDA301-20200928T211500.mp4,570,0,clear,train,2019_2020
CAMHDA301-20200928T211500,2020-09-28,/home/jovyan/ooi/san_data/RS03ASHS-PN03B-06-CAMHDA301/2020/09/28/CAMHDA301-20200928T211500.mp4,180,0,clear,train,2019_2020
CAMHDA301-20200928T211500,2020-09-28,/home/jovyan/ooi/san_data/RS03ASHS-PN03B-06-CAMHDA301/2020/09/28/CAMHDA301-20200928T211500.mp4,840,0,clear,train,2019_2020
CAMHDA301-20200928T211500,2020-09-28,/home/jovyan/ooi/san_data/RS03ASHS-PN03B-06-CAMHDA301/2020/09/28/CAMHDA301-20200928T211500.mp4,240,0,clear,train,2019_2020
CAMHDA301-20201005T001500,2020-10-05,/home/jovyan/ooi/san_data/RS03ASHS-PN03B-06-CAMHDA301/2020/10/05/CAMHDA301-20201005T001500.mp4,210,0,clear,train,2019_2020
CAMHDA301-20201005T001500,2020-10-05,/home/jovyan/ooi/san_data/RS03ASHS-PN03B-06-CAMHDA301/2020/10/05/CAMHDA301-20201005T001500.mp4,300,0,clear,train,2019_2020
CAMHDA301-20201005T001500,2020-10-05,/home/jovyan/ooi/san_data/RS03ASHS-PN03B-06-CAMHDA301/2020/10/05/CAMHDA301-20201005T001500.mp4,390,0,clear,train,2019_2020
CAMHDA301-20201005T001500,2020-10-05,/home/jovyan/ooi/san_data/RS03ASHS-PN03B-06-CAMHDA301/2020/10/05/CAMHDA301-20201005T001500.mp4,540,0,clear,train,2019_2020
CAMHDA301-20201005T031500,2020-10-05,/home/jovyan/ooi/san_data/RS03ASHS-PN03B-06-CAMHDA301/2020/10/05/CAMHDA301-20201005T031500.mp4,420,0,clear,train,2019_2020
CAMHDA301-20201005T031500,2020-10-05,/home/jovyan/ooi/san_data/RS03ASHS-PN03B-06-CAMHDA301/2020/10/05/CAMHDA301-20201005T031500.mp4,180,0,clear,train,2019_2020
CAMHDA301-20201005T031500,2020-10-05,/home/jovyan/ooi/san_data/RS03ASHS-PN03B-06-CAMHDA301/2020/10/05/CAMHDA301-20201005T031500.mp4,840,0,clear,train,2019_2020
CAMHDA301-20201005T031500,2020-10-05,/home/jovyan/ooi/san_data/RS03ASHS-PN03B-06-CAMHDA301/2020/10/05/CAMHDA301-20201005T031500.mp4,120,0,clear,train,2019_2020
CAMHDA301-20201005T061500,2020-10-05,/home/jovyan/ooi/san_data/RS03ASHS-PN03B-06-CAMHDA301/2020/10/05/CAMHDA301-20201005T061500.mp4,450,1,clear,train,2019_2020
CAMHDA301-20201005T091500,2020-10-05,/home/jovyan/ooi/san_data/RS03ASHS-PN03B-06-CAMHDA301/2020/10/05/CAMHDA301-20201005T091500.mp4,720,0,clear,train,2019_2020
CAMHDA301-20201005T091500,2020-10-05,/home/jovyan/ooi/san_data/RS03ASHS-PN03B-06-CAMHDA301/2020/10/05/CAMHDA301-20201005T091500.mp4,600,0,clear,train,2019_2020
CAMHDA301-20201005T091500,2020-10-05,/home/jovyan/ooi/san_data/RS03ASHS-PN03B-06-CAMHDA301/2020/10/05/CAMHDA301-20201005T091500.mp4,420,0,clear,train,2019_2020
CAMHDA301-20201005T091500,2020-10-05,/home/jovyan/ooi/san_data/RS03ASHS-PN03B-06-CAMHDA301/2020/10/05/CAMHDA301-20201005T091500.mp4,450,0,clear,train,2019_2020
CAMHDA301-20201005T121500,2020-10-05,/home/jovyan/ooi/san_data/RS03ASHS-PN03B-06-CAMHDA301/2020/10/05/CAMHDA301-20201005T121500.mp4,450,1,clear,train,2019_2020
CAMHDA301-20201005T151500,2020-10-05,/home/jovyan/ooi/san_data/RS03ASHS-PN03B-06-CAMHDA301/2020/10/05/CAMHDA301-20201005T151500.mp4,300,0,clear,train,2019_2020
CAMHDA301-20201005T151500,2020-10-05,/home/jovyan/ooi/san_data/RS03ASHS-PN03B-06-CAMHDA301/2020/10/05/CAMHDA301-20201005T151500.mp4,720,0,clear,train,2019_2020
CAMHDA301-20201005T151500,2020-10-05,/home/jovyan/ooi/san_data/RS03ASHS-PN03B-06-CAMHDA301/2020/10/05/CAMHDA301-20201005T151500.mp4,180,0,clear,train,2019_2020
CAMHDA301-20201005T151500,2020-10-05,/home/jovyan/ooi/san_data/RS03ASHS-PN03B-06-CAMHDA301/2020/10/05/CAMHDA301-20201005T151500.mp4,270,0,clear,train,2019_2020
CAMHDA301-20201005T181500,2020-10-05,/home/jovyan/ooi/san_data/RS03ASHS-PN03B-06-CAMHDA301/2020/10/05/CAMHDA301-20201005T181500.mp4,690,0,clear,train,2019_2020
CAMHDA301-20201005T181500,2020-10-05,/home/jovyan/ooi/san_data/RS03ASHS-PN03B-06-CAMHDA301/2020/10/05/CAMHDA301-20201005T181500.mp4,240,0,clear,train,2019_2020
CAMHDA301-20201005T181500,2020-10-05,/home/jovyan/ooi/san_data/RS03ASHS-PN03B-06-CAMHDA301/2020/10/05/CAMHDA301-20201005T181500.mp4,150,0,clear,train,2019_2020
CAMHDA301-20201005T181500,2020-10-05,/home/jovyan/ooi/san_data/RS03ASHS-PN03B-06-CAMHDA301/2020/10/05/CAMHDA301-20201005T181500.mp4,480,0,clear,train,2019_2020
CAMHDA301-20201005T211500,2020-10-05,/home/jovyan/ooi/san_data/RS03ASHS-PN03B-06-CAMHDA301/2020/10/05/CAMHDA301-20201005T211500.mp4,420,0,clear,train,2019_2020
CAMHDA301-20201005T211500,2020-10-05,/home/jovyan/ooi/san_data/RS03ASHS-PN03B-06-CAMHDA301/2020/10/05/CAMHDA301-20201005T211500.mp4,690,0,clear,train,2019_2020
CAMHDA301-20201005T211500,2020-10-05,/home/jovyan/ooi/san_data/RS03ASHS-PN03B-06-CAMHDA301/2020/10/05/CAMHDA301-20201005T211500.mp4,300,0,clear,train,2019_2020
CAMHDA301-20201005T211500,2020-10-05,/home/jovyan/ooi/san_data/RS03ASHS-PN03B-06-CAMHDA301/2020/10/05/CAMHDA301-20201005T211500.mp4,90,0,clear,train,2019_2020
CAMHDA301-20201012T001500,2020-10-12,/home/jovyan/ooi/san_data/RS03ASHS-PN03B-06-CAMHDA301/2020/10/12/CAMHDA301-20201012T001500.mp4,450,1,clear,train,2019_2020
CAMHDA301-20201012T031500,2020-10-12,/home/jovyan/ooi/san_data/RS03ASHS-PN03B-06-CAMHDA301/2020/10/12/CAMHDA301-20201012T031500.mp4,450,1,clear,train,2019_2020
CAMHDA301-20201012T061500,2020-10-12,/home/jovyan/ooi/san_data/RS03ASHS-PN03B-06-CAMHDA301/2020/10/12/CAMHDA301-20201012T061500.mp4,450,1,clear,train,2019_2020
CAMHDA301-20201012T091500,2020-10-12,/home/jovyan/ooi/san_data/RS03ASHS-PN03B-06-CAMHDA301/2020/10/12/CAMHDA301-20201012T091500.mp4,450,1,clear,train,2019_2020
CAMHDA301-20201012T121500,2020-10-12,/home/jovyan/ooi/san_data/RS03ASHS-PN03B-06-CAMHDA301/2020/10/12/CAMHDA301-20201012T121500.mp4,450,1,clear,train,2019_2020
CAMHDA301-20201012T151500,2020-10-12,/home/jovyan/ooi/san_data/RS03ASHS-PN03B-06-CAMHDA301/2020/10/12/CAMHDA301-20201012T151500.mp4,450,1,clear,train,2019_2020
CAMHDA301-20201012T181500,2020-10-12,/home/jovyan/ooi/san_data/RS03ASHS-PN03B-06-CAMHDA301/2020/10/12/CAMHDA301-20201012T181500.mp4,450,1,clear,train,2019_2020
CAMHDA301-20201012T211500,2020-10-12,/home/jovyan/ooi/san_data/RS03ASHS-PN03B-06-CAMHDA301/2020/10/12/CAMHDA301-20201012T211500.mp4,450,1,clear,train,2019_2020
CAMHDA301-20201019T001500,2020-10-19,/home/jovyan/ooi/san_data/RS03ASHS-PN03B-06-CAMHDA301/2020/10/19/CAMHDA301-20201019T001500.mp4,450,1,clear,val,2019_2020
CAMHDA301-20201019T031500,2020-10-19,/home/jovyan/ooi/san_data/RS03ASHS-PN03B-06-CAMHDA301/2020/10/19/CAMHDA301-20201019T031500.mp4,450,1,clear,val,2019_2020
CAMHDA301-20201019T061500,2020-10-19,/home/jovyan/ooi/san_data/RS03ASHS-PN03B-06-CAMHDA301/2020/10/19/CAMHDA301-20201019T061500.mp4,450,1,clear,val,2019_2020
CAMHDA301-20201019T091500,2020-10-19,/home/jovyan/ooi/san_data/RS03ASHS-PN03B-06-CAMHDA301/2020/10/19/CAMHDA301-20201019T091500.mp4,750,0,clear,val,2019_2020
CAMHDA301-20201019T091500,2020-10-19,/home/jovyan/ooi/san_data/RS03ASHS-PN03B-06-CAMHDA301/2020/10/19/CAMHDA301-20201019T091500.mp4,840,0,clear,val,2019_2020
CAMHDA301-20201019T091500,2020-10-19,/home/jovyan/ooi/san_data/RS03ASHS-PN03B-06-CAMHDA301/2020/10/19/CAMHDA301-20201019T091500.mp4,450,0,clear,val,2019_2020
CAMHDA301-20201019T091500,2020-10-19,/home/jovyan/ooi/san_data/RS03ASHS-PN03B-06-CAMHDA301/2020/10/19/CAMHDA301-20201019T091500.mp4,510,0,clear,val,2019_2020
CAMHDA301-20201019T121500,2020-10-19,/home/jovyan/ooi/san_data/RS03ASHS-PN03B-06-CAMHDA301/2020/10/19/CAMHDA301-20201019T121500.mp4,450,1,clear,val,2019_2020
CAMHDA301-20201019T151500,2020-10-19,/home/jovyan/ooi/san_data/RS03ASHS-PN03B-06-CAMHDA301/2020/10/19/CAMHDA301-20201019T151500.mp4,450,1,clear,val,2019_2020
CAMHDA301-20201019T181500,2020-10-19,/home/jovyan/ooi/san_data/RS03ASHS-PN03B-06-CAMHDA301/2020/10/19/CAMHDA301-20201019T181500.mp4,660,0,clear,val,2019_2020
CAMHDA301-20201019T181500,2020-10-19,/home/jovyan/ooi/san_data/RS03ASHS-PN03B-06-CAMHDA301/2020/10/19/CAMHDA301-20201019T181500.mp4,360,0,clear,val,2019_2020
CAMHDA301-20201019T181500,2020-10-19,/home/jovyan/ooi/san_data/RS03ASHS-PN03B-06-CAMHDA301/2020/10/19/CAMHDA301-20201019T181500.mp4,720,0,clear,val,2019_2020
CAMHDA301-20201019T181500,2020-10-19,/home/jovyan/ooi/san_data/RS03ASHS-PN03B-06-CAMHDA301/2020/10/19/CAMHDA301-20201019T181500.mp4,510,0,clear,val,2019_2020
CAMHDA301-20201019T211500,2020-10-19,/home/jovyan/ooi/san_data/RS03ASHS-PN03B-06-CAMHDA301/2020/10/19/CAMHDA301-20201019T211500.mp4,90,0,clear,val,2019_2020
CAMHDA301-20201019T211500,2020-10-19,/home/jovyan/ooi/san_data/RS03ASHS-PN03B-06-CAMHDA301/2020/10/19/CAMHDA301-20201019T211500.mp4,810,0,clear,val,2019_2020
CAMHDA301-20201019T211500,2020-10-19,/home/jovyan/ooi/san_data/RS03ASHS-PN03B-06-CAMHDA301/2020/10/19/CAMHDA301-20201019T211500.mp4,300,0,clear,val,2019_2020
CAMHDA301-20201019T211500,2020-10-19,/home/jovyan/ooi/san_data/RS03ASHS-PN03B-06-CAMHDA301/2020/10/19/CAMHDA301-20201019T211500.mp4,450,0,clear,val,2019_2020
CAMHDA301-20201026T001500,2020-10-26,/home/jovyan/ooi/san_data/RS03ASHS-PN03B-06-CAMHDA301/2020/10/26/CAMHDA301-20201026T001500.mp4,450,1,clear,train,2019_2020
CAMHDA301-20201026T031500,2020-10-26,/home/jovyan/ooi/san_data/RS03ASHS-PN03B-06-CAMHDA301/2020/10/26/CAMHDA301-20201026T031500.mp4,810,0,clear,train,2019_2020
CAMHDA301-20201026T031500,2020-10-26,/home/jovyan/ooi/san_data/RS03ASHS-PN03B-06-CAMHDA301/2020/10/26/CAMHDA301-20201026T031500.mp4,210,0,clear,train,2019_2020
CAMHDA301-20201026T031500,2020-10-26,/home/jovyan/ooi/san_data/RS03ASHS-PN03B-06-CAMHDA301/2020/10/26/CAMHDA301-20201026T031500.mp4,30,0,clear,train,2019_2020
CAMHDA301-20201026T031500,2020-10-26,/home/jovyan/ooi/san_data/RS03ASHS-PN03B-06-CAMHDA301/2020/10/26/CAMHDA301-20201026T031500.mp4,540,0,clear,train,2019_2020
CAMHDA301-20201026T061500,2020-10-26,/home/jovyan/ooi/san_data/RS03ASHS-PN03B-06-CAMHDA301/2020/10/26/CAMHDA301-20201026T061500.mp4,480,0,clear,train,2019_2020
CAMHDA301-20201026T061500,2020-10-26,/home/jovyan/ooi/san_data/RS03ASHS-PN03B-06-CAMHDA301/2020/10/26/CAMHDA301-20201026T061500.mp4,300,0,clear,train,2019_2020
CAMHDA301-20201026T061500,2020-10-26,/home/jovyan/ooi/san_data/RS03ASHS-PN03B-06-CAMHDA301/2020/10/26/CAMHDA301-20201026T061500.mp4,120,0,clear,train,2019_2020
CAMHDA301-20201026T061500,2020-10-26,/home/jovyan/ooi/san_data/RS03ASHS-PN03B-06-CAMHDA301/2020/10/26/CAMHDA301-20201026T061500.mp4,30,0,clear,train,2019_2020
CAMHDA301-20201026T091500,2020-10-26,/home/jovyan/ooi/san_data/RS03ASHS-PN03B-06-CAMHDA301/2020/10/26/CAMHDA301-20201026T091500.mp4,240,0,clear,train,2019_2020
CAMHDA301-20201026T091500,2020-10-26,/home/jovyan/ooi/san_data/RS03ASHS-PN03B-06-CAMHDA301/2020/10/26/CAMHDA301-20201026T091500.mp4,360,0,clear,train,2019_2020
CAMHDA301-20201026T091500,2020-10-26,/home/jovyan/ooi/san_data/RS03ASHS-PN03B-06-CAMHDA301/2020/10/26/CAMHDA301-20201026T091500.mp4,780,0,clear,train,2019_2020
CAMHDA301-20201026T091500,2020-10-26,/home/jovyan/ooi/san_data/RS03ASHS-PN03B-06-CAMHDA301/2020/10/26/CAMHDA301-20201026T091500.mp4,150,0,clear,train,2019_2020
CAMHDA301-20201026T121500,2020-10-26,/home/jovyan/ooi/san_data/RS03ASHS-PN03B-06-CAMHDA301/2020/10/26/CAMHDA301-20201026T121500.mp4,450,1,clear,train,2019_2020
CAMHDA301-20201026T151500,2020-10-26,/home/jovyan/ooi/san_data/RS03ASHS-PN03B-06-CAMHDA301/2020/10/26/CAMHDA301-20201026T151500.mp4,300,0,clear,train,2019_2020
CAMHDA301-20201026T151500,2020-10-26,/home/jovyan/ooi/san_data/RS03ASHS-PN03B-06-CAMHDA301/2020/10/26/CAMHDA301-20201026T151500.mp4,690,0,clear,train,2019_2020
CAMHDA301-20201026T151500,2020-10-26,/home/jovyan/ooi/san_data/RS03ASHS-PN03B-06-CAMHDA301/2020/10/26/CAMHDA301-20201026T151500.mp4,180,0,clear,train,2019_2020
CAMHDA301-20201026T151500,2020-10-26,/home/jovyan/ooi/san_data/RS03ASHS-PN03B-06-CAMHDA301/2020/10/26/CAMHDA301-20201026T151500.mp4,330,0,clear,train,2019_2020
CAMHDA301-20201026T181500,2020-10-26,/home/jovyan/ooi/san_data/RS03ASHS-PN03B-06-CAMHDA301/2020/10/26/CAMHDA301-20201026T181500.mp4,570,0,clear,train,2019_2020
CAMHDA301-20201026T181500,2020-10-26,/home/jovyan/ooi/san_data/RS03ASHS-PN03B-06-CAMHDA301/2020/10/26/CAMHDA301-20201026T181500.mp4,30,0,clear,train,2019_2020
CAMHDA301-20201026T181500,2020-10-26,/home/jovyan/ooi/san_data/RS03ASHS-PN03B-06-CAMHDA301/2020/10/26/CAMHDA301-20201026T181500.mp4,120,0,clear,train,2019_2020
CAMHDA301-20201026T181500,2020-10-26,/home/jovyan/ooi/san_data/RS03ASHS-PN03B-06-CAMHDA301/2020/10/26/CAMHDA301-20201026T181500.mp4,360,0,clear,train,2019_2020
CAMHDA301-20201026T211500,2020-10-26,/home/jovyan/ooi/san_data/RS03ASHS-PN03B-06-CAMHDA301/2020/10/26/CAMHDA301-20201026T211500.mp4,420,1,clear,train,2019_2020
CAMHDA301-20201102T001500,2020-11-02,/home/jovyan/ooi/san_data/RS03ASHS-PN03B-06-CAMHDA301/2020/11/02/CAMHDA301-20201102T001500.mp4,630,0,clear,train,2019_2020
CAMHDA301-20201102T001500,2020-11-02,/home/jovyan/ooi/san_data/RS03ASHS-PN03B-06-CAMHDA301/2020/11/02/CAMHDA301-20201102T001500.mp4,330,0,clear,train,2019_2020
CAMHDA301-20201102T001500,2020-11-02,/home/jovyan/ooi/san_data/RS03ASHS-PN03B-06-CAMHDA301/2020/11/02/CAMHDA301-20201102T001500.mp4,510,0,clear,train,2019_2020
CAMHDA301-20201102T001500,2020-11-02,/home/jovyan/ooi/san_data/RS03ASHS-PN03B-06-CAMHDA301/2020/11/02/CAMHDA301-20201102T001500.mp4,660,0,clear,train,2019_2020
CAMHDA301-20201102T031500,2020-11-02,/home/jovyan/ooi/san_data/RS03ASHS-PN03B-06-CAMHDA301/2020/11/02/CAMHDA301-20201102T031500.mp4,510,0,clear,train,2019_2020
CAMHDA301-20201102T031500,2020-11-02,/home/jovyan/ooi/san_data/RS03ASHS-PN03B-06-CAMHDA301/2020/11/02/CAMHDA301-20201102T031500.mp4,120,0,clear,train,2019_2020
CAMHDA301-20201102T031500,2020-11-02,/home/jovyan/ooi/san_data/RS03ASHS-PN03B-06-CAMHDA301/2020/11/02/CAMHDA301-20201102T031500.mp4,570,0,clear,train,2019_2020
CAMHDA301-20201102T031500,2020-11-02,/home/jovyan/ooi/san_data/RS03ASHS-PN03B-06-CAMHDA301/2020/11/02/CAMHDA301-20201102T031500.mp4,90,0,clear,train,2019_2020
CAMHDA301-20201102T061500,2020-11-02,/home/jovyan/ooi/san_data/RS03ASHS-PN03B-06-CAMHDA301/2020/11/02/CAMHDA301-20201102T061500.mp4,270,0,clear,train,2019_2020
CAMHDA301-20201102T061500,2020-11-02,/home/jovyan/ooi/san_data/RS03ASHS-PN03B-06-CAMHDA301/2020/11/02/CAMHDA301-20201102T061500.mp4,330,0,clear,train,2019_2020
CAMHDA301-20201102T061500,2020-11-02,/home/jovyan/ooi/san_data/RS03ASHS-PN03B-06-CAMHDA301/2020/11/02/CAMHDA301-20201102T061500.mp4,150,0,clear,train,2019_2020
CAMHDA301-20201102T061500,2020-11-02,/home/jovyan/ooi/san_data/RS03ASHS-PN03B-06-CAMHDA301/2020/11/02/CAMHDA301-20201102T061500.mp4,210,0,clear,train,2019_2020
CAMHDA301-20201102T091500,2020-11-02,/home/jovyan/ooi/san_data/RS03ASHS-PN03B-06-CAMHDA301/2020/11/02/CAMHDA301-20201102T091500.mp4,780,0,clear,train,2019_2020
CAMHDA301-20201102T091500,2020-11-02,/home/jovyan/ooi/san_data/RS03ASHS-PN03B-06-CAMHDA301/2020/11/02/CAMHDA301-20201102T091500.mp4,210,0,clear,train,2019_2020
CAMHDA301-20201102T091500,2020-11-02,/home/jovyan/ooi/san_data/RS03ASHS-PN03B-06-CAMHDA301/2020/11/02/CAMHDA301-20201102T091500.mp4,270,0,clear,train,2019_2020
CAMHDA301-20201102T091500,2020-11-02,/home/jovyan/ooi/san_data/RS03ASHS-PN03B-06-CAMHDA301/2020/11/02/CAMHDA301-20201102T091500.mp4,660,0,clear,train,2019_2020
CAMHDA301-20201102T121500,2020-11-02,/home/jovyan/ooi/san_data/RS03ASHS-PN03B-06-CAMHDA301/2020/11/02/CAMHDA301-20201102T121500.mp4,570,0,clear,train,2019_2020
CAMHDA301-20201102T121500,2020-11-02,/home/jovyan/ooi/san_data/RS03ASHS-PN03B-06-CAMHDA301/2020/11/02/CAMHDA301-20201102T121500.mp4,840,0,clear,train,2019_2020
CAMHDA301-20201102T121500,2020-11-02,/home/jovyan/ooi/san_data/RS03ASHS-PN03B-06-CAMHDA301/2020/11/02/CAMHDA301-20201102T121500.mp4,750,0,clear,train,2019_2020
CAMHDA301-20201102T121500,2020-11-02,/home/jovyan/ooi/san_data/RS03ASHS-PN03B-06-CAMHDA301/2020/11/02/CAMHDA301-20201102T121500.mp4,330,0,clear,train,2019_2020
CAMHDA301-20201102T151500,2020-11-02,/home/jovyan/ooi/san_data/RS03ASHS-PN03B-06-CAMHDA301/2020/11/02/CAMHDA301-20201102T151500.mp4,150,0,clear,train,2019_2020
CAMHDA301-20201102T151500,2020-11-02,/home/jovyan/ooi/san_data/RS03ASHS-PN03B-06-CAMHDA301/2020/11/02/CAMHDA301-20201102T151500.mp4,360,0,clear,train,2019_2020
CAMHDA301-20201102T151500,2020-11-02,/home/jovyan/ooi/san_data/RS03ASHS-PN03B-06-CAMHDA301/2020/11/02/CAMHDA301-20201102T151500.mp4,840,0,clear,train,2019_2020
CAMHDA301-20201102T151500,2020-11-02,/home/jovyan/ooi/san_data/RS03ASHS-PN03B-06-CAMHDA301/2020/11/02/CAMHDA301-20201102T151500.mp4,750,0,clear,train,2019_2020
CAMHDA301-20201102T181500,2020-11-02,/home/jovyan/ooi/san_data/RS03ASHS-PN03B-06-CAMHDA301/2020/11/02/CAMHDA301-20201102T181500.mp4,450,0,clear,train,2019_2020
CAMHDA301-20201102T181500,2020-11-02,/home/jovyan/ooi/san_data/RS03ASHS-PN03B-06-CAMHDA301/2020/11/02/CAMHDA301-20201102T181500.mp4,720,0,clear,train,2019_2020
CAMHDA301-20201102T181500,2020-11-02,/home/jovyan/ooi/san_data/RS03ASHS-PN03B-06-CAMHDA301/2020/11/02/CAMHDA301-20201102T181500.mp4,120,0,clear,train,2019_2020
CAMHDA301-20201102T181500,2020-11-02,/home/jovyan/ooi/san_data/RS03ASHS-PN03B-06-CAMHDA301/2020/11/02/CAMHDA301-20201102T181500.mp4,660,0,clear,train,2019_2020
CAMHDA301-20201102T211500,2020-11-02,/home/jovyan/ooi/san_data/RS03ASHS-PN03B-06-CAMHDA301/2020/11/02/CAMHDA301-20201102T211500.mp4,660,0,clear,train,2019_2020
CAMHDA301-20201102T211500,2020-11-02,/home/jovyan/ooi/san_data/RS03ASHS-PN03B-06-CAMHDA301/2020/11/02/CAMHDA301-20201102T211500.mp4,300,0,clear,train,2019_2020
CAMHDA301-20201102T211500,2020-11-02,/home/jovyan/ooi/san_data/RS03ASHS-PN03B-06-CAMHDA301/2020/11/02/CAMHDA301-20201102T211500.mp4,120,0,clear,train,2019_2020
CAMHDA301-20201102T211500,2020-11-02,/home/jovyan/ooi/san_data/RS03ASHS-PN03B-06-CAMHDA301/2020/11/02/CAMHDA301-20201102T211500.mp4,750,0,clear,train,2019_2020
CAMHDA301-20201109T001500,2020-11-09,/home/jovyan/ooi/san_data/RS03ASHS-PN03B-06-CAMHDA301/2020/11/09/CAMHDA301-20201109T001500.mp4,450,1,clear,train,2019_2020
CAMHDA301-20201109T031500,2020-11-09,/home/jovyan/ooi/san_data/RS03ASHS-PN03B-06-CAMHDA301/2020/11/09/CAMHDA301-20201109T031500.mp4,780,0,clear,train,2019_2020
CAMHDA301-20201109T031500,2020-11-09,/home/jovyan/ooi/san_data/RS03ASHS-PN03B-06-CAMHDA301/2020/11/09/CAMHDA301-20201109T031500.mp4,390,0,clear,train,2019_2020
CAMHDA301-20201109T031500,2020-11-09,/home/jovyan/ooi/san_data/RS03ASHS-PN03B-06-CAMHDA301/2020/11/09/CAMHDA301-20201109T031500.mp4,210,0,clear,train,2019_2020
CAMHDA301-20201109T031500,2020-11-09,/home/jovyan/ooi/san_data/RS03ASHS-PN03B-06-CAMHDA301/2020/11/09/CAMHDA301-20201109T031500.mp4,540,0,clear,train,2019_2020
CAMHDA301-20201109T061500,2020-11-09,/home/jovyan/ooi/san_data/RS03ASHS-PN03B-06-CAMHDA301/2020/11/09/CAMHDA301-20201109T061500.mp4,450,1,clear,train,2019_2020
CAMHDA301-20201109T091500,2020-11-09,/home/jovyan/ooi/san_data/RS03ASHS-PN03B-06-CAMHDA301/2020/11/09/CAMHDA301-20201109T091500.mp4,450,1,clear,train,2019_2020
CAMHDA301-20201109T121500,2020-11-09,/home/jovyan/ooi/san_data/RS03ASHS-PN03B-06-CAMHDA301/2020/11/09/CAMHDA301-20201109T121500.mp4,450,1,clear,train,2019_2020
CAMHDA301-20201109T151500,2020-11-09,/home/jovyan/ooi/san_data/RS03ASHS-PN03B-06-CAMHDA301/2020/11/09/CAMHDA301-20201109T151500.mp4,90,0,clear,train,2019_2020
CAMHDA301-20201109T151500,2020-11-09,/home/jovyan/ooi/san_data/RS03ASHS-PN03B-06-CAMHDA301/2020/11/09/CAMHDA301-20201109T151500.mp4,750,0,clear,train,2019_2020
CAMHDA301-20201109T151500,2020-11-09,/home/jovyan/ooi/san_data/RS03ASHS-PN03B-06-CAMHDA301/2020/11/09/CAMHDA301-20201109T151500.mp4,690,0,clear,train,2019_2020
CAMHDA301-20201109T151500,2020-11-09,/home/jovyan/ooi/san_data/RS03ASHS-PN03B-06-CAMHDA301/2020/11/09/CAMHDA301-20201109T151500.mp4,180,0,clear,train,2019_2020
CAMHDA301-20201109T181500,2020-11-09,/home/jovyan/ooi/san_data/RS03ASHS-PN03B-06-CAMHDA301/2020/11/09/CAMHDA301-20201109T181500.mp4,300,0,clear,train,2019_2020
CAMHDA301-20201109T181500,2020-11-09,/home/jovyan/ooi/san_data/RS03ASHS-PN03B-06-CAMHDA301/2020/11/09/CAMHDA301-20201109T181500.mp4,420,0,clear,train,2019_2020
CAMHDA301-20201109T181500,2020-11-09,/home/jovyan/ooi/san_data/RS03ASHS-PN03B-06-CAMHDA301/2020/11/09/CAMHDA301-20201109T181500.mp4,480,0,clear,train,2019_2020
CAMHDA301-20201109T181500,2020-11-09,/home/jovyan/ooi/san_data/RS03ASHS-PN03B-06-CAMHDA301/2020/11/09/CAMHDA301-20201109T181500.mp4,390,0,clear,train,2019_2020
CAMHDA301-20201109T211500,2020-11-09,/home/jovyan/ooi/san_data/RS03ASHS-PN03B-06-CAMHDA301/2020/11/09/CAMHDA301-20201109T211500.mp4,60,0,clear,train,2019_2020
CAMHDA301-20201109T211500,2020-11-09,/home/jovyan/ooi/san_data/RS03ASHS-PN03B-06-CAMHDA301/2020/11/09/CAMHDA301-20201109T211500.mp4,420,0,clear,train,2019_2020
CAMHDA301-20201109T211500,2020-11-09,/home/jovyan/ooi/san_data/RS03ASHS-PN03B-06-CAMHDA301/2020/11/09/CAMHDA301-20201109T211500.mp4,30,0,clear,train,2019_2020
CAMHDA301-20201109T211500,2020-11-09,/home/jovyan/ooi/san_data/RS03ASHS-PN03B-06-CAMHDA301/2020/11/09/CAMHDA301-20201109T211500.mp4,120,0,clear,train,2019_2020
CAMHDA301-20201116T001500,2020-11-16,/home/jovyan/ooi/san_data/RS03ASHS-PN03B-06-CAMHDA301/2020/11/16/CAMHDA301-20201116T001500.mp4,450,1,clear,test,2019_2020
CAMHDA301-20201116T031500,2020-11-16,/home/jovyan/ooi/san_data/RS03ASHS-PN03B-06-CAMHDA301/2020/11/16/CAMHDA301-20201116T031500.mp4,450,1,clear,test,2019_2020
CAMHDA301-20201116T061500,2020-11-16,/home/jovyan/ooi/san_data/RS03ASHS-PN03B-06-CAMHDA301/2020/11/16/CAMHDA301-20201116T061500.mp4,450,1,clear,test,2019_2020
CAMHDA301-20201116T091500,2020-11-16,/home/jovyan/ooi/san_data/RS03ASHS-PN03B-06-CAMHDA301/2020/11/16/CAMHDA301-20201116T091500.mp4,450,1,clear,test,2019_2020
CAMHDA301-20201116T121500,2020-11-16,/home/jovyan/ooi/san_data/RS03ASHS-PN03B-06-CAMHDA301/2020/11/16/CAMHDA301-20201116T121500.mp4,450,1,clear,test,2019_2020
CAMHDA301-20201116T151500,2020-11-16,/home/jovyan/ooi/san_data/RS03ASHS-PN03B-06-CAMHDA301/2020/11/16/CAMHDA301-20201116T151500.mp4,630,0,clear,test,2019_2020
CAMHDA301-20201116T151500,2020-11-16,/home/jovyan/ooi/san_data/RS03ASHS-PN03B-06-CAMHDA301/2020/11/16/CAMHDA301-20201116T151500.mp4,60,0,clear,test,2019_2020
CAMHDA301-20201116T151500,2020-11-16,/home/jovyan/ooi/san_data/RS03ASHS-PN03B-06-CAMHDA301/2020/11/16/CAMHDA301-20201116T151500.mp4,150,0,clear,test,2019_2020
CAMHDA301-20201116T151500,2020-11-16,/home/jovyan/ooi/san_data/RS03ASHS-PN03B-06-CAMHDA301/2020/11/16/CAMHDA301-20201116T151500.mp4,240,0,clear,test,2019_2020
CAMHDA301-20201116T181500,2020-11-16,/home/jovyan/ooi/san_data/RS03ASHS-PN03B-06-CAMHDA301/2020/11/16/CAMHDA301-20201116T181500.mp4,690,0,clear,test,2019_2020
CAMHDA301-20201116T181500,2020-11-16,/home/jovyan/ooi/san_data/RS03ASHS-PN03B-06-CAMHDA301/2020/11/16/CAMHDA301-20201116T181500.mp4,660,0,clear,test,2019_2020
CAMHDA301-20201116T181500,2020-11-16,/home/jovyan/ooi/san_data/RS03ASHS-PN03B-06-CAMHDA301/2020/11/16/CAMHDA301-20201116T181500.mp4,750,0,clear,test,2019_2020
CAMHDA301-20201116T181500,2020-11-16,/home/jovyan/ooi/san_data/RS03ASHS-PN03B-06-CAMHDA301/2020/11/16/CAMHDA301-20201116T181500.mp4,720,0,clear,test,2019_2020
CAMHDA301-20201116T211500,2020-11-16,/home/jovyan/ooi/san_data/RS03ASHS-PN03B-06-CAMHDA301/2020/11/16/CAMHDA301-20201116T211500.mp4,420,1,clear,test,2019_2020
CAMHDA301-20201123T001500,2020-11-23,/home/jovyan/ooi/san_data/RS03ASHS-PN03B-06-CAMHDA301/2020/11/23/CAMHDA301-20201123T001500.mp4,450,1,clear,train,2019_2020
CAMHDA301-20201123T031500,2020-11-23,/home/jovyan/ooi/san_data/RS03ASHS-PN03B-06-CAMHDA301/2020/11/23/CAMHDA301-20201123T031500.mp4,480,0,clear,train,2019_2020
CAMHDA301-20201123T031500,2020-11-23,/home/jovyan/ooi/san_data/RS03ASHS-PN03B-06-CAMHDA301/2020/11/23/CAMHDA301-20201123T031500.mp4,690,0,clear,train,2019_2020
CAMHDA301-20201123T031500,2020-11-23,/home/jovyan/ooi/san_data/RS03ASHS-PN03B-06-CAMHDA301/2020/11/23/CAMHDA301-20201123T031500.mp4,630,0,clear,train,2019_2020
CAMHDA301-20201123T031500,2020-11-23,/home/jovyan/ooi/san_data/RS03ASHS-PN03B-06-CAMHDA301/2020/11/23/CAMHDA301-20201123T031500.mp4,270,0,clear,train,2019_2020
CAMHDA301-20201123T061500,2020-11-23,/home/jovyan/ooi/san_data/RS03ASHS-PN03B-06-CAMHDA301/2020/11/23/CAMHDA301-20201123T061500.mp4,420,1,clear,train,2019_2020
CAMHDA301-20201123T091500,2020-11-23,/home/jovyan/ooi/san_data/RS03ASHS-PN03B-06-CAMHDA301/2020/11/23/CAMHDA301-20201123T091500.mp4,450,1,clear,train,2019_2020
CAMHDA301-20201123T121500,2020-11-23,/home/jovyan/ooi/san_data/RS03ASHS-PN03B-06-CAMHDA301/2020/11/23/CAMHDA301-20201123T121500.mp4,450,1,clear,train,2019_2020
CAMHDA301-20201123T151500,2020-11-23,/home/jovyan/ooi/san_data/RS03ASHS-PN03B-06-CAMHDA301/2020/11/23/CAMHDA301-20201123T151500.mp4,450,0,clear,train,2019_2020
CAMHDA301-20201123T151500,2020-11-23,/home/jovyan/ooi/san_data/RS03ASHS-PN03B-06-CAMHDA301/2020/11/23/CAMHDA301-20201123T151500.mp4,570,0,clear,train,2019_2020
CAMHDA301-20201123T151500,2020-11-23,/home/jovyan/ooi/san_data/RS03ASHS-PN03B-06-CAMHDA301/2020/11/23/CAMHDA301-20201123T151500.mp4,270,0,clear,train,2019_2020
CAMHDA301-20201123T151500,2020-11-23,/home/jovyan/ooi/san_data/RS03ASHS-PN03B-06-CAMHDA301/2020/11/23/CAMHDA301-20201123T151500.mp4,90,0,clear,train,2019_2020
CAMHDA301-20201123T181500,2020-11-23,/home/jovyan/ooi/san_data/RS03ASHS-PN03B-06-CAMHDA301/2020/11/23/CAMHDA301-20201123T181500.mp4,300,0,clear,train,2019_2020
CAMHDA301-20201123T181500,2020-11-23,/home/jovyan/ooi/san_data/RS03ASHS-PN03B-06-CAMHDA301/2020/11/23/CAMHDA301-20201123T181500.mp4,600,0,clear,train,2019_2020
CAMHDA301-20201123T181500,2020-11-23,/home/jovyan/ooi/san_data/RS03ASHS-PN03B-06-CAMHDA301/2020/11/23/CAMHDA301-20201123T181500.mp4,330,0,clear,train,2019_2020
CAMHDA301-20201123T181500,2020-11-23,/home/jovyan/ooi/san_data/RS03ASHS-PN03B-06-CAMHDA301/2020/11/23/CAMHDA301-20201123T181500.mp4,150,0,clear,train,2019_2020
CAMHDA301-20201123T211500,2020-11-23,/home/jovyan/ooi/san_data/RS03ASHS-PN03B-06-CAMHDA301/2020/11/23/CAMHDA301-20201123T211500.mp4,360,0,clear,train,2019_2020
CAMHDA301-20201123T211500,2020-11-23,/home/jovyan/ooi/san_data/RS03ASHS-PN03B-06-CAMHDA301/2020/11/23/CAMHDA301-20201123T211500.mp4,210,0,clear,train,2019_2020
CAMHDA301-20201123T211500,2020-11-23,/home/jovyan/ooi/san_data/RS03ASHS-PN03B-06-CAMHDA301/2020/11/23/CAMHDA301-20201123T211500.mp4,240,0,clear,train,2019_2020
CAMHDA301-20201123T211500,2020-11-23,/home/jovyan/ooi/san_data/RS03ASHS-PN03B-06-CAMHDA301/2020/11/23/CAMHDA301-20201123T211500.mp4,300,0,clear,train,2019_2020
CAMHDA301-20201130T001500,2020-11-30,/home/jovyan/ooi/san_data/RS03ASHS-PN03B-06-CAMHDA301/2020/11/30/CAMHDA301-20201130T001500.mp4,420,1,clear,test,2019_2020
CAMHDA301-20201130T031500,2020-11-30,/home/jovyan/ooi/san_data/RS03ASHS-PN03B-06-CAMHDA301/2020/11/30/CAMHDA301-20201130T031500.mp4,450,1,clear,test,2019_2020
CAMHDA301-20201130T061500,2020-11-30,/home/jovyan/ooi/san_data/RS03ASHS-PN03B-06-CAMHDA301/2020/11/30/CAMHDA301-20201130T061500.mp4,450,1,clear,test,2019_2020
CAMHDA301-20201130T091500,2020-11-30,/home/jovyan/ooi/san_data/RS03ASHS-PN03B-06-CAMHDA301/2020/11/30/CAMHDA301-20201130T091500.mp4,450,1,clear,test,2019_2020
CAMHDA301-20201130T121500,2020-11-30,/home/jovyan/ooi/san_data/RS03ASHS-PN03B-06-CAMHDA301/2020/11/30/CAMHDA301-20201130T121500.mp4,420,1,clear,test,2019_2020
CAMHDA301-20201130T151500,2020-11-30,/home/jovyan/ooi/san_data/RS03ASHS-PN03B-06-CAMHDA301/2020/11/30/CAMHDA301-20201130T151500.mp4,420,1,clear,test,2019_2020
CAMHDA301-20201130T181500,2020-11-30,/home/jovyan/ooi/san_data/RS03ASHS-PN03B-06-CAMHDA301/2020/11/30/CAMHDA301-20201130T181500.mp4,420,1,clear,test,2019_2020
CAMHDA301-20201130T211500,2020-11-30,/home/jovyan/ooi/san_data/RS03ASHS-PN03B-06-CAMHDA301/2020/11/30/CAMHDA301-20201130T211500.mp4,420,1,clear,test,2019_2020
CAMHDA301-20201207T001500,2020-12-07,/home/jovyan/ooi/san_data/RS03ASHS-PN03B-06-CAMHDA301/2020/12/07/CAMHDA301-20201207T001500.mp4,840,0,clear,test,2019_2020
CAMHDA301-20201207T001500,2020-12-07,/home/jovyan/ooi/san_data/RS03ASHS-PN03B-06-CAMHDA301/2020/12/07/CAMHDA301-20201207T001500.mp4,420,0,clear,test,2019_2020
CAMHDA301-20201207T001500,2020-12-07,/home/jovyan/ooi/san_data/RS03ASHS-PN03B-06-CAMHDA301/2020/12/07/CAMHDA301-20201207T001500.mp4,330,0,clear,test,2019_2020
CAMHDA301-20201207T001500,2020-12-07,/home/jovyan/ooi/san_data/RS03ASHS-PN03B-06-CAMHDA301/2020/12/07/CAMHDA301-20201207T001500.mp4,690,0,clear,test,2019_2020
CAMHDA301-20201207T031500,2020-12-07,/home/jovyan/ooi/san_data/RS03ASHS-PN03B-06-CAMHDA301/2020/12/07/CAMHDA301-20201207T031500.mp4,420,1,clear,test,2019_2020
CAMHDA301-20201207T061500,2020-12-07,/home/jovyan/ooi/san_data/RS03ASHS-PN03B-06-CAMHDA301/2020/12/07/CAMHDA301-20201207T061500.mp4,450,1,clear,test,2019_2020
CAMHDA301-20201207T091500,2020-12-07,/home/jovyan/ooi/san_data/RS03ASHS-PN03B-06-CAMHDA301/2020/12/07/CAMHDA301-20201207T091500.mp4,420,1,clear,test,2019_2020
CAMHDA301-20201207T121500,2020-12-07,/home/jovyan/ooi/san_data/RS03ASHS-PN03B-06-CAMHDA301/2020/12/07/CAMHDA301-20201207T121500.mp4,660,0,clear,test,2019_2020
CAMHDA301-20201207T121500,2020-12-07,/home/jovyan/ooi/san_data/RS03ASHS-PN03B-06-CAMHDA301/2020/12/07/CAMHDA301-20201207T121500.mp4,150,0,clear,test,2019_2020
CAMHDA301-20201207T121500,2020-12-07,/home/jovyan/ooi/san_data/RS03ASHS-PN03B-06-CAMHDA301/2020/12/07/CAMHDA301-20201207T121500.mp4,270,0,clear,test,2019_2020
CAMHDA301-20201207T121500,2020-12-07,/home/jovyan/ooi/san_data/RS03ASHS-PN03B-06-CAMHDA301/2020/12/07/CAMHDA301-20201207T121500.mp4,450,0,clear,test,2019_2020
CAMHDA301-20201207T151500,2020-12-07,/home/jovyan/ooi/san_data/RS03ASHS-PN03B-06-CAMHDA301/2020/12/07/CAMHDA301-20201207T151500.mp4,420,1,clear,test,2019_2020
CAMHDA301-20201207T181500,2020-12-07,/home/jovyan/ooi/san_data/RS03ASHS-PN03B-06-CAMHDA301/2020/12/07/CAMHDA301-20201207T181500.mp4,420,1,clear,test,2019_2020
CAMHDA301-20201207T211500,2020-12-07,/home/jovyan/ooi/san_data/RS03ASHS-PN03B-06-CAMHDA301/2020/12/07/CAMHDA301-20201207T211500.mp4,360,0,clear,test,2019_2020
CAMHDA301-20201207T211500,2020-12-07,/home/jovyan/ooi/san_data/RS03ASHS-PN03B-06-CAMHDA301/2020/12/07/CAMHDA301-20201207T211500.mp4,480,0,clear,test,2019_2020
CAMHDA301-20201207T211500,2020-12-07,/home/jovyan/ooi/san_data/RS03ASHS-PN03B-06-CAMHDA301/2020/12/07/CAMHDA301-20201207T211500.mp4,420,0,clear,test,2019_2020
CAMHDA301-20201207T211500,2020-12-07,/home/jovyan/ooi/san_data/RS03ASHS-PN03B-06-CAMHDA301/2020/12/07/CAMHDA301-20201207T211500.mp4,690,0,clear,test,2019_2020
CAMHDA301-20201214T001500,2020-12-14,/home/jovyan/ooi/san_data/RS03ASHS-PN03B-06-CAMHDA301/2020/12/14/CAMHDA301-20201214T001500.mp4,420,1,clear,train,2019_2020
CAMHDA301-20201214T031500,2020-12-14,/home/jovyan/ooi/san_data/RS03ASHS-PN03B-06-CAMHDA301/2020/12/14/CAMHDA301-20201214T031500.mp4,450,1,clear,train,2019_2020
CAMHDA301-20201214T061500,2020-12-14,/home/jovyan/ooi/san_data/RS03ASHS-PN03B-06-CAMHDA301/2020/12/14/CAMHDA301-20201214T061500.mp4,450,1,clear,train,2019_2020
CAMHDA301-20201214T091500,2020-12-14,/home/jovyan/ooi/san_data/RS03ASHS-PN03B-06-CAMHDA301/2020/12/14/CAMHDA301-20201214T091500.mp4,450,1,clear,train,2019_2020
CAMHDA301-20201214T121500,2020-12-14,/home/jovyan/ooi/san_data/RS03ASHS-PN03B-06-CAMHDA301/2020/12/14/CAMHDA301-20201214T121500.mp4,450,1,clear,train,2019_2020
CAMHDA301-20201214T151500,2020-12-14,/home/jovyan/ooi/san_data/RS03ASHS-PN03B-06-CAMHDA301/2020/12/14/CAMHDA301-20201214T151500.mp4,450,1,clear,train,2019_2020
CAMHDA301-20201214T181500,2020-12-14,/home/jovyan/ooi/san_data/RS03ASHS-PN03B-06-CAMHDA301/2020/12/14/CAMHDA301-20201214T181500.mp4,450,1,clear,train,2019_2020
CAMHDA301-20201214T211500,2020-12-14,/home/jovyan/ooi/san_data/RS03ASHS-PN03B-06-CAMHDA301/2020/12/14/CAMHDA301-20201214T211500.mp4,450,1,clear,train,2019_2020
CAMHDA301-20201221T001500,2020-12-21,/home/jovyan/ooi/san_data/RS03ASHS-PN03B-06-CAMHDA301/2020/12/21/CAMHDA301-20201221T001500.mp4,450,1,clear,train,2019_2020
CAMHDA301-20201221T031500,2020-12-21,/home/jovyan/ooi/san_data/RS03ASHS-PN03B-06-CAMHDA301/2020/12/21/CAMHDA301-20201221T031500.mp4,450,1,clear,train,2019_2020
CAMHDA301-20201221T061500,2020-12-21,/home/jovyan/ooi/san_data/RS03ASHS-PN03B-06-CAMHDA301/2020/12/21/CAMHDA301-20201221T061500.mp4,450,1,clear,train,2019_2020
CAMHDA301-20201221T091500,2020-12-21,/home/jovyan/ooi/san_data/RS03ASHS-PN03B-06-CAMHDA301/2020/12/21/CAMHDA301-20201221T091500.mp4,450,1,clear,train,2019_2020
CAMHDA301-20201221T121500,2020-12-21,/home/jovyan/ooi/san_data/RS03ASHS-PN03B-06-CAMHDA301/2020/12/21/CAMHDA301-20201221T121500.mp4,330,0,clear,train,2019_2020
CAMHDA301-20201221T121500,2020-12-21,/home/jovyan/ooi/san_data/RS03ASHS-PN03B-06-CAMHDA301/2020/12/21/CAMHDA301-20201221T121500.mp4,360,0,clear,train,2019_2020
CAMHDA301-20201221T121500,2020-12-21,/home/jovyan/ooi/san_data/RS03ASHS-PN03B-06-CAMHDA301/2020/12/21/CAMHDA301-20201221T121500.mp4,180,0,clear,train,2019_2020
CAMHDA301-20201221T121500,2020-12-21,/home/jovyan/ooi/san_data/RS03ASHS-PN03B-06-CAMHDA301/2020/12/21/CAMHDA301-20201221T121500.mp4,450,0,clear,train,2019_2020
CAMHDA301-20201221T151500,2020-12-21,/home/jovyan/ooi/san_data/RS03ASHS-PN03B-06-CAMHDA301/2020/12/21/CAMHDA301-20201221T151500.mp4,330,0,clear,train,2019_2020
CAMHDA301-20201221T151500,2020-12-21,/home/jovyan/ooi/san_data/RS03ASHS-PN03B-06-CAMHDA301/2020/12/21/CAMHDA301-20201221T151500.mp4,360,0,clear,train,2019_2020
CAMHDA301-20201221T151500,2020-12-21,/home/jovyan/ooi/san_data/RS03ASHS-PN03B-06-CAMHDA301/2020/12/21/CAMHDA301-20201221T151500.mp4,480,0,clear,train,2019_2020
CAMHDA301-20201221T151500,2020-12-21,/home/jovyan/ooi/san_data/RS03ASHS-PN03B-06-CAMHDA301/2020/12/21/CAMHDA301-20201221T151500.mp4,270,0,clear,train,2019_2020
CAMHDA301-20201221T181500,2020-12-21,/home/jovyan/ooi/san_data/RS03ASHS-PN03B-06-CAMHDA301/2020/12/21/CAMHDA301-20201221T181500.mp4,780,0,clear,train,2019_2020
CAMHDA301-20201221T181500,2020-12-21,/home/jovyan/ooi/san_data/RS03ASHS-PN03B-06-CAMHDA301/2020/12/21/CAMHDA301-20201221T181500.mp4,300,0,clear,train,2019_2020
CAMHDA301-20201221T181500,2020-12-21,/home/jovyan/ooi/san_data/RS03ASHS-PN03B-06-CAMHDA301/2020/12/21/CAMHDA301-20201221T181500.mp4,90,0,clear,train,2019_2020
CAMHDA301-20201221T181500,2020-12-21,/home/jovyan/ooi/san_data/RS03ASHS-PN03B-06-CAMHDA301/2020/12/21/CAMHDA301-20201221T181500.mp4,330,0,clear,train,2019_2020
CAMHDA301-20201221T211500,2020-12-21,/home/jovyan/ooi/san_data/RS03ASHS-PN03B-06-CAMHDA301/2020/12/21/CAMHDA301-20201221T211500.mp4,480,0,clear,train,2019_2020
CAMHDA301-20201221T211500,2020-12-21,/home/jovyan/ooi/san_data/RS03ASHS-PN03B-06-CAMHDA301/2020/12/21/CAMHDA301-20201221T211500.mp4,420,0,clear,train,2019_2020
CAMHDA301-20201221T211500,2020-12-21,/home/jovyan/ooi/san_data/RS03ASHS-PN03B-06-CAMHDA301/2020/12/21/CAMHDA301-20201221T211500.mp4,570,0,clear,train,2019_2020
CAMHDA301-20201221T211500,2020-12-21,/home/jovyan/ooi/san_data/RS03ASHS-PN03B-06-CAMHDA301/2020/12/21/CAMHDA301-20201221T211500.mp4,750,0,clear,train,2019_2020
CAMHDA301-20201228T001500,2020-12-28,/home/jovyan/ooi/san_data/RS03ASHS-PN03B-06-CAMHDA301/2020/12/28/CAMHDA301-20201228T001500.mp4,450,1,clear,train,2019_2020
CAMHDA301-20201228T031500,2020-12-28,/home/jovyan/ooi/san_data/RS03ASHS-PN03B-06-CAMHDA301/2020/12/28/CAMHDA301-20201228T031500.mp4,450,1,clear,train,2019_2020
CAMHDA301-20201228T061500,2020-12-28,/home/jovyan/ooi/san_data/RS03ASHS-PN03B-06-CAMHDA301/2020/12/28/CAMHDA301-20201228T061500.mp4,420,1,clear,train,2019_2020
CAMHDA301-20201228T091500,2020-12-28,/home/jovyan/ooi/san_data/RS03ASHS-PN03B-06-CAMHDA301/2020/12/28/CAMHDA301-20201228T091500.mp4,420,1,clear,train,2019_2020
CAMHDA301-20201228T121500,2020-12-28,/home/jovyan/ooi/san_data/RS03ASHS-PN03B-06-CAMHDA301/2020/12/28/CAMHDA301-20201228T121500.mp4,450,1,clear,train,2019_2020
CAMHDA301-20201228T151500,2020-12-28,/home/jovyan/ooi/san_data/RS03ASHS-PN03B-06-CAMHDA301/2020/12/28/CAMHDA301-20201228T151500.mp4,360,0,clear,train,2019_2020
CAMHDA301-20201228T151500,2020-12-28,/home/jovyan/ooi/san_data/RS03ASHS-PN03B-06-CAMHDA301/2020/12/28/CAMHDA301-20201228T151500.mp4,30,0,clear,train,2019_2020
CAMHDA301-20201228T151500,2020-12-28,/home/jovyan/ooi/san_data/RS03ASHS-PN03B-06-CAMHDA301/2020/12/28/CAMHDA301-20201228T151500.mp4,240,0,clear,train,2019_2020
CAMHDA301-20201228T151500,2020-12-28,/home/jovyan/ooi/san_data/RS03ASHS-PN03B-06-CAMHDA301/2020/12/28/CAMHDA301-20201228T151500.mp4,480,0,clear,train,2019_2020
CAMHDA301-20201228T181500,2020-12-28,/home/jovyan/ooi/san_data/RS03ASHS-PN03B-06-CAMHDA301/2020/12/28/CAMHDA301-20201228T181500.mp4,90,0,clear,train,2019_2020
CAMHDA301-20201228T181500,2020-12-28,/home/jovyan/ooi/san_data/RS03ASHS-PN03B-06-CAMHDA301/2020/12/28/CAMHDA301-20201228T181500.mp4,360,0,clear,train,2019_2020
CAMHDA301-20201228T181500,2020-12-28,/home/jovyan/ooi/san_data/RS03ASHS-PN03B-06-CAMHDA301/2020/12/28/CAMHDA301-20201228T181500.mp4,570,0,clear,train,2019_2020
CAMHDA301-20201228T181500,2020-12-28,/home/jovyan/ooi/san_data/RS03ASHS-PN03B-06-CAMHDA301/2020/12/28/CAMHDA301-20201228T181500.mp4,840,0,clear,train,2019_2020
CAMHDA301-20201228T211500,2020-12-28,/home/jovyan/ooi/san_data/RS03ASHS-PN03B-06-CAMHDA301/2020/12/28/CAMHDA301-20201228T211500.mp4,420,1,clear,train,2019_2020
CAMHDA301-20210906T001500,2021-09-06,/home/jovyan/ooi/san_data/RS03ASHS-PN03B-06-CAMHDA301/2021/09/06/CAMHDA301-20210906T001500.mp4,540,1,clear,train,clear_window_2021_2022
CAMHDA301-20210906T031500,2021-09-06,/home/jovyan/ooi/san_data/RS03ASHS-PN03B-06-CAMHDA301/2021/09/06/CAMHDA301-20210906T031500.mp4,600,0,clear,train,clear_window_2021_2022
CAMHDA301-20210906T031500,2021-09-06,/home/jovyan/ooi/san_data/RS03ASHS-PN03B-06-CAMHDA301/2021/09/06/CAMHDA301-20210906T031500.mp4,570,0,clear,train,clear_window_2021_2022
CAMHDA301-20210906T031500,2021-09-06,/home/jovyan/ooi/san_data/RS03ASHS-PN03B-06-CAMHDA301/2021/09/06/CAMHDA301-20210906T031500.mp4,750,0,clear,train,clear_window_2021_2022
CAMHDA301-20210906T031500,2021-09-06,/home/jovyan/ooi/san_data/RS03ASHS-PN03B-06-CAMHDA301/2021/09/06/CAMHDA301-20210906T031500.mp4,840,0,clear,train,clear_window_2021_2022
CAMHDA301-20210906T061500,2021-09-06,/home/jovyan/ooi/san_data/RS03ASHS-PN03B-06-CAMHDA301/2021/09/06/CAMHDA301-20210906T061500.mp4,840,0,clear,train,clear_window_2021_2022
CAMHDA301-20210906T061500,2021-09-06,/home/jovyan/ooi/san_data/RS03ASHS-PN03B-06-CAMHDA301/2021/09/06/CAMHDA301-20210906T061500.mp4,270,0,clear,train,clear_window_2021_2022
CAMHDA301-20210906T061500,2021-09-06,/home/jovyan/ooi/san_data/RS03ASHS-PN03B-06-CAMHDA301/2021/09/06/CAMHDA301-20210906T061500.mp4,150,0,clear,train,clear_window_2021_2022
CAMHDA301-20210906T061500,2021-09-06,/home/jovyan/ooi/san_data/RS03ASHS-PN03B-06-CAMHDA301/2021/09/06/CAMHDA301-20210906T061500.mp4,660,0,clear,train,clear_window_2021_2022
CAMHDA301-20210906T091500,2021-09-06,/home/jovyan/ooi/san_data/RS03ASHS-PN03B-06-CAMHDA301/2021/09/06/CAMHDA301-20210906T091500.mp4,810,0,clear,train,clear_window_2021_2022
CAMHDA301-20210906T091500,2021-09-06,/home/jovyan/ooi/san_data/RS03ASHS-PN03B-06-CAMHDA301/2021/09/06/CAMHDA301-20210906T091500.mp4,180,0,clear,train,clear_window_2021_2022
CAMHDA301-20210906T091500,2021-09-06,/home/jovyan/ooi/san_data/RS03ASHS-PN03B-06-CAMHDA301/2021/09/06/CAMHDA301-20210906T091500.mp4,480,0,clear,train,clear_window_2021_2022
CAMHDA301-20210906T091500,2021-09-06,/home/jovyan/ooi/san_data/RS03ASHS-PN03B-06-CAMHDA301/2021/09/06/CAMHDA301-20210906T091500.mp4,510,0,clear,train,clear_window_2021_2022
CAMHDA301-20210906T121500,2021-09-06,/home/jovyan/ooi/san_data/RS03ASHS-PN03B-06-CAMHDA301/2021/09/06/CAMHDA301-20210906T121500.mp4,210,0,clear,train,clear_window_2021_2022
CAMHDA301-20210906T121500,2021-09-06,/home/jovyan/ooi/san_data/RS03ASHS-PN03B-06-CAMHDA301/2021/09/06/CAMHDA301-20210906T121500.mp4,690,0,clear,train,clear_window_2021_2022
CAMHDA301-20210906T121500,2021-09-06,/home/jovyan/ooi/san_data/RS03ASHS-PN03B-06-CAMHDA301/2021/09/06/CAMHDA301-20210906T121500.mp4,300,0,clear,train,clear_window_2021_2022
CAMHDA301-20210906T121500,2021-09-06,/home/jovyan/ooi/san_data/RS03ASHS-PN03B-06-CAMHDA301/2021/09/06/CAMHDA301-20210906T121500.mp4,60,0,clear,train,clear_window_2021_2022
CAMHDA301-20210906T151500,2021-09-06,/home/jovyan/ooi/san_data/RS03ASHS-PN03B-06-CAMHDA301/2021/09/06/CAMHDA301-20210906T151500.mp4,540,1,clear,train,clear_window_2021_2022
CAMHDA301-20210906T181500,2021-09-06,/home/jovyan/ooi/san_data/RS03ASHS-PN03B-06-CAMHDA301/2021/09/06/CAMHDA301-20210906T181500.mp4,450,0,clear,train,clear_window_2021_2022
CAMHDA301-20210906T181500,2021-09-06,/home/jovyan/ooi/san_data/RS03ASHS-PN03B-06-CAMHDA301/2021/09/06/CAMHDA301-20210906T181500.mp4,180,0,clear,train,clear_window_2021_2022
CAMHDA301-20210906T181500,2021-09-06,/home/jovyan/ooi/san_data/RS03ASHS-PN03B-06-CAMHDA301/2021/09/06/CAMHDA301-20210906T181500.mp4,810,0,clear,train,clear_window_2021_2022
CAMHDA301-20210906T181500,2021-09-06,/home/jovyan/ooi/san_data/RS03ASHS-PN03B-06-CAMHDA301/2021/09/06/CAMHDA301-20210906T181500.mp4,660,0,clear,train,clear_window_2021_2022
CAMHDA301-20210906T211500,2021-09-06,/home/jovyan/ooi/san_data/RS03ASHS-PN03B-06-CAMHDA301/2021/09/06/CAMHDA301-20210906T211500.mp4,720,0,clear,train,clear_window_2021_2022
CAMHDA301-20210906T211500,2021-09-06,/home/jovyan/ooi/san_data/RS03ASHS-PN03B-06-CAMHDA301/2021/09/06/CAMHDA301-20210906T211500.mp4,420,0,clear,train,clear_window_2021_2022
CAMHDA301-20210906T211500,2021-09-06,/home/jovyan/ooi/san_data/RS03ASHS-PN03B-06-CAMHDA301/2021/09/06/CAMHDA301-20210906T211500.mp4,150,0,clear,train,clear_window_2021_2022
CAMHDA301-20210906T211500,2021-09-06,/home/jovyan/ooi/san_data/RS03ASHS-PN03B-06-CAMHDA301/2021/09/06/CAMHDA301-20210906T211500.mp4,390,0,clear,train,clear_window_2021_2022
CAMHDA301-20210907T001500,2021-09-07,/home/jovyan/ooi/san_data/RS03ASHS-PN03B-06-CAMHDA301/2021/09/07/CAMHDA301-20210907T001500.mp4,720,0,clear,train,tuesdays_2021_2024
CAMHDA301-20210907T001500,2021-09-07,/home/jovyan/ooi/san_data/RS03ASHS-PN03B-06-CAMHDA301/2021/09/07/CAMHDA301-20210907T001500.mp4,540,0,clear,train,tuesdays_2021_2024
CAMHDA301-20210907T001500,2021-09-07,/home/jovyan/ooi/san_data/RS03ASHS-PN03B-06-CAMHDA301/2021/09/07/CAMHDA301-20210907T001500.mp4,690,0,clear,train,tuesdays_2021_2024
CAMHDA301-20210907T001500,2021-09-07,/home/jovyan/ooi/san_data/RS03ASHS-PN03B-06-CAMHDA301/2021/09/07/CAMHDA301-20210907T001500.mp4,810,0,clear,train,tuesdays_2021_2024
CAMHDA301-20210907T031500,2021-09-07,/home/jovyan/ooi/san_data/RS03ASHS-PN03B-06-CAMHDA301/2021/09/07/CAMHDA301-20210907T031500.mp4,120,0,clear,train,tuesdays_2021_2024
CAMHDA301-20210907T031500,2021-09-07,/home/jovyan/ooi/san_data/RS03ASHS-PN03B-06-CAMHDA301/2021/09/07/CAMHDA301-20210907T031500.mp4,840,0,clear,train,tuesdays_2021_2024
CAMHDA301-20210907T031500,2021-09-07,/home/jovyan/ooi/san_data/RS03ASHS-PN03B-06-CAMHDA301/2021/09/07/CAMHDA301-20210907T031500.mp4,330,0,clear,train,tuesdays_2021_2024
CAMHDA301-20210907T031500,2021-09-07,/home/jovyan/ooi/san_data/RS03ASHS-PN03B-06-CAMHDA301/2021/09/07/CAMHDA301-20210907T031500.mp4,420,0,clear,train,tuesdays_2021_2024
CAMHDA301-20210907T061500,2021-09-07,/home/jovyan/ooi/san_data/RS03ASHS-PN03B-06-CAMHDA301/2021/09/07/CAMHDA301-20210907T061500.mp4,90,0,clear,train,tuesdays_2021_2024
CAMHDA301-20210907T061500,2021-09-07,/home/jovyan/ooi/san_data/RS03ASHS-PN03B-06-CAMHDA301/2021/09/07/CAMHDA301-20210907T061500.mp4,690,0,clear,train,tuesdays_2021_2024
CAMHDA301-20210907T061500,2021-09-07,/home/jovyan/ooi/san_data/RS03ASHS-PN03B-06-CAMHDA301/2021/09/07/CAMHDA301-20210907T061500.mp4,60,0,clear,train,tuesdays_2021_2024
CAMHDA301-20210907T061500,2021-09-07,/home/jovyan/ooi/san_data/RS03ASHS-PN03B-06-CAMHDA301/2021/09/07/CAMHDA301-20210907T061500.mp4,600,0,clear,train,tuesdays_2021_2024
CAMHDA301-20210907T091500,2021-09-07,/home/jovyan/ooi/san_data/RS03ASHS-PN03B-06-CAMHDA301/2021/09/07/CAMHDA301-20210907T091500.mp4,240,0,clear,train,tuesdays_2021_2024
CAMHDA301-20210907T091500,2021-09-07,/home/jovyan/ooi/san_data/RS03ASHS-PN03B-06-CAMHDA301/2021/09/07/CAMHDA301-20210907T091500.mp4,810,0,clear,train,tuesdays_2021_2024
CAMHDA301-20210907T091500,2021-09-07,/home/jovyan/ooi/san_data/RS03ASHS-PN03B-06-CAMHDA301/2021/09/07/CAMHDA301-20210907T091500.mp4,690,0,clear,train,tuesdays_2021_2024
CAMHDA301-20210907T091500,2021-09-07,/home/jovyan/ooi/san_data/RS03ASHS-PN03B-06-CAMHDA301/2021/09/07/CAMHDA301-20210907T091500.mp4,510,0,clear,train,tuesdays_2021_2024
CAMHDA301-20210907T121500,2021-09-07,/home/jovyan/ooi/san_data/RS03ASHS-PN03B-06-CAMHDA301/2021/09/07/CAMHDA301-20210907T121500.mp4,420,0,clear,train,tuesdays_2021_2024
CAMHDA301-20210907T121500,2021-09-07,/home/jovyan/ooi/san_data/RS03ASHS-PN03B-06-CAMHDA301/2021/09/07/CAMHDA301-20210907T121500.mp4,840,0,clear,train,tuesdays_2021_2024
CAMHDA301-20210907T121500,2021-09-07,/home/jovyan/ooi/san_data/RS03ASHS-PN03B-06-CAMHDA301/2021/09/07/CAMHDA301-20210907T121500.mp4,210,0,clear,train,tuesdays_2021_2024
CAMHDA301-20210907T121500,2021-09-07,/home/jovyan/ooi/san_data/RS03ASHS-PN03B-06-CAMHDA301/2021/09/07/CAMHDA301-20210907T121500.mp4,750,0,clear,train,tuesdays_2021_2024
CAMHDA301-20210907T151500,2021-09-07,/home/jovyan/ooi/san_data/RS03ASHS-PN03B-06-CAMHDA301/2021/09/07/CAMHDA301-20210907T151500.mp4,480,0,clear,train,tuesdays_2021_2024
CAMHDA301-20210907T151500,2021-09-07,/home/jovyan/ooi/san_data/RS03ASHS-PN03B-06-CAMHDA301/2021/09/07/CAMHDA301-20210907T151500.mp4,150,0,clear,train,tuesdays_2021_2024
CAMHDA301-20210907T151500,2021-09-07,/home/jovyan/ooi/san_data/RS03ASHS-PN03B-06-CAMHDA301/2021/09/07/CAMHDA301-20210907T151500.mp4,30,0,clear,train,tuesdays_2021_2024
CAMHDA301-20210907T151500,2021-09-07,/home/jovyan/ooi/san_data/RS03ASHS-PN03B-06-CAMHDA301/2021/09/07/CAMHDA301-20210907T151500.mp4,420,0,clear,train,tuesdays_2021_2024
CAMHDA301-20210907T181500,2021-09-07,/home/jovyan/ooi/san_data/RS03ASHS-PN03B-06-CAMHDA301/2021/09/07/CAMHDA301-20210907T181500.mp4,750,0,clear,train,tuesdays_2021_2024
CAMHDA301-20210907T181500,2021-09-07,/home/jovyan/ooi/san_data/RS03ASHS-PN03B-06-CAMHDA301/2021/09/07/CAMHDA301-20210907T181500.mp4,30,0,clear,train,tuesdays_2021_2024
CAMHDA301-20210907T181500,2021-09-07,/home/jovyan/ooi/san_data/RS03ASHS-PN03B-06-CAMHDA301/2021/09/07/CAMHDA301-20210907T181500.mp4,120,0,clear,train,tuesdays_2021_2024
CAMHDA301-20210907T181500,2021-09-07,/home/jovyan/ooi/san_data/RS03ASHS-PN03B-06-CAMHDA301/2021/09/07/CAMHDA301-20210907T181500.mp4,300,0,clear,train,tuesdays_2021_2024
CAMHDA301-20210907T211500,2021-09-07,/home/jovyan/ooi/san_data/RS03ASHS-PN03B-06-CAMHDA301/2021/09/07/CAMHDA301-20210907T211500.mp4,150,0,clear,train,tuesdays_2021_2024
CAMHDA301-20210907T211500,2021-09-07,/home/jovyan/ooi/san_data/RS03ASHS-PN03B-06-CAMHDA301/2021/09/07/CAMHDA301-20210907T211500.mp4,480,0,clear,train,tuesdays_2021_2024
CAMHDA301-20210907T211500,2021-09-07,/home/jovyan/ooi/san_data/RS03ASHS-PN03B-06-CAMHDA301/2021/09/07/CAMHDA301-20210907T211500.mp4,720,0,clear,train,tuesdays_2021_2024
CAMHDA301-20210907T211500,2021-09-07,/home/jovyan/ooi/san_data/RS03ASHS-PN03B-06-CAMHDA301/2021/09/07/CAMHDA301-20210907T211500.mp4,60,0,clear,train,tuesdays_2021_2024
CAMHDA301-20210913T001500,2021-09-13,/home/jovyan/ooi/san_data/RS03ASHS-PN03B-06-CAMHDA301/2021/09/13/CAMHDA301-20210913T001500.mp4,270,0,clear,test,clear_window_2021_2022
CAMHDA301-20210913T001500,2021-09-13,/home/jovyan/ooi/san_data/RS03ASHS-PN03B-06-CAMHDA301/2021/09/13/CAMHDA301-20210913T001500.mp4,30,0,clear,test,clear_window_2021_2022
CAMHDA301-20210913T001500,2021-09-13,/home/jovyan/ooi/san_data/RS03ASHS-PN03B-06-CAMHDA301/2021/09/13/CAMHDA301-20210913T001500.mp4,810,0,clear,test,clear_window_2021_2022
CAMHDA301-20210913T001500,2021-09-13,/home/jovyan/ooi/san_data/RS03ASHS-PN03B-06-CAMHDA301/2021/09/13/CAMHDA301-20210913T001500.mp4,330,0,clear,test,clear_window_2021_2022
CAMHDA301-20210913T031500,2021-09-13,/home/jovyan/ooi/san_data/RS03ASHS-PN03B-06-CAMHDA301/2021/09/13/CAMHDA301-20210913T031500.mp4,270,0,clear,test,clear_window_2021_2022
CAMHDA301-20210913T031500,2021-09-13,/home/jovyan/ooi/san_data/RS03ASHS-PN03B-06-CAMHDA301/2021/09/13/CAMHDA301-20210913T031500.mp4,540,0,clear,test,clear_window_2021_2022
CAMHDA301-20210913T031500,2021-09-13,/home/jovyan/ooi/san_data/RS03ASHS-PN03B-06-CAMHDA301/2021/09/13/CAMHDA301-20210913T031500.mp4,60,0,clear,test,clear_window_2021_2022
CAMHDA301-20210913T031500,2021-09-13,/home/jovyan/ooi/san_data/RS03ASHS-PN03B-06-CAMHDA301/2021/09/13/CAMHDA301-20210913T031500.mp4,660,0,clear,test,clear_window_2021_2022
CAMHDA301-20210913T061500,2021-09-13,/home/jovyan/ooi/san_data/RS03ASHS-PN03B-06-CAMHDA301/2021/09/13/CAMHDA301-20210913T061500.mp4,450,0,clear,test,clear_window_2021_2022
CAMHDA301-20210913T061500,2021-09-13,/home/jovyan/ooi/san_data/RS03ASHS-PN03B-06-CAMHDA301/2021/09/13/CAMHDA301-20210913T061500.mp4,570,0,clear,test,clear_window_2021_2022
CAMHDA301-20210913T061500,2021-09-13,/home/jovyan/ooi/san_data/RS03ASHS-PN03B-06-CAMHDA301/2021/09/13/CAMHDA301-20210913T061500.mp4,840,0,clear,test,clear_window_2021_2022
CAMHDA301-20210913T061500,2021-09-13,/home/jovyan/ooi/san_data/RS03ASHS-PN03B-06-CAMHDA301/2021/09/13/CAMHDA301-20210913T061500.mp4,210,0,clear,test,clear_window_2021_2022
CAMHDA301-20210913T091500,2021-09-13,/home/jovyan/ooi/san_data/RS03ASHS-PN03B-06-CAMHDA301/2021/09/13/CAMHDA301-20210913T091500.mp4,750,0,clear,test,clear_window_2021_2022
CAMHDA301-20210913T091500,2021-09-13,/home/jovyan/ooi/san_data/RS03ASHS-PN03B-06-CAMHDA301/2021/09/13/CAMHDA301-20210913T091500.mp4,780,0,clear,test,clear_window_2021_2022
CAMHDA301-20210913T091500,2021-09-13,/home/jovyan/ooi/san_data/RS03ASHS-PN03B-06-CAMHDA301/2021/09/13/CAMHDA301-20210913T091500.mp4,330,0,clear,test,clear_window_2021_2022
CAMHDA301-20210913T091500,2021-09-13,/home/jovyan/ooi/san_data/RS03ASHS-PN03B-06-CAMHDA301/2021/09/13/CAMHDA301-20210913T091500.mp4,660,0,clear,test,clear_window_2021_2022
CAMHDA301-20210913T121500,2021-09-13,/home/jovyan/ooi/san_data/RS03ASHS-PN03B-06-CAMHDA301/2021/09/13/CAMHDA301-20210913T121500.mp4,480,0,clear,test,clear_window_2021_2022
CAMHDA301-20210913T121500,2021-09-13,/home/jovyan/ooi/san_data/RS03ASHS-PN03B-06-CAMHDA301/2021/09/13/CAMHDA301-20210913T121500.mp4,60,0,clear,test,clear_window_2021_2022
CAMHDA301-20210913T121500,2021-09-13,/home/jovyan/ooi/san_data/RS03ASHS-PN03B-06-CAMHDA301/2021/09/13/CAMHDA301-20210913T121500.mp4,90,0,clear,test,clear_window_2021_2022
CAMHDA301-20210913T121500,2021-09-13,/home/jovyan/ooi/san_data/RS03ASHS-PN03B-06-CAMHDA301/2021/09/13/CAMHDA301-20210913T121500.mp4,210,0,clear,test,clear_window_2021_2022
CAMHDA301-20210913T151500,2021-09-13,/home/jovyan/ooi/san_data/RS03ASHS-PN03B-06-CAMHDA301/2021/09/13/CAMHDA301-20210913T151500.mp4,540,1,clear,test,clear_window_2021_2022
CAMHDA301-20210913T181500,2021-09-13,/home/jovyan/ooi/san_data/RS03ASHS-PN03B-06-CAMHDA301/2021/09/13/CAMHDA301-20210913T181500.mp4,540,1,clear,test,clear_window_2021_2022
CAMHDA301-20210913T211500,2021-09-13,/home/jovyan/ooi/san_data/RS03ASHS-PN03B-06-CAMHDA301/2021/09/13/CAMHDA301-20210913T211500.mp4,540,1,clear,test,clear_window_2021_2022
CAMHDA301-20210914T001500,2021-09-14,/home/jovyan/ooi/san_data/RS03ASHS-PN03B-06-CAMHDA301/2021/09/14/CAMHDA301-20210914T001500.mp4,360,0,clear,train,tuesdays_2021_2024
CAMHDA301-20210914T001500,2021-09-14,/home/jovyan/ooi/san_data/RS03ASHS-PN03B-06-CAMHDA301/2021/09/14/CAMHDA301-20210914T001500.mp4,810,0,clear,train,tuesdays_2021_2024
CAMHDA301-20210914T001500,2021-09-14,/home/jovyan/ooi/san_data/RS03ASHS-PN03B-06-CAMHDA301/2021/09/14/CAMHDA301-20210914T001500.mp4,480,0,clear,train,tuesdays_2021_2024
CAMHDA301-20210914T001500,2021-09-14,/home/jovyan/ooi/san_data/RS03ASHS-PN03B-06-CAMHDA301/2021/09/14/CAMHDA301-20210914T001500.mp4,390,0,clear,train,tuesdays_2021_2024
CAMHDA301-20210914T031500,2021-09-14,/home/jovyan/ooi/san_data/RS03ASHS-PN03B-06-CAMHDA301/2021/09/14/CAMHDA301-20210914T031500.mp4,810,0,clear,train,tuesdays_2021_2024
CAMHDA301-20210914T031500,2021-09-14,/home/jovyan/ooi/san_data/RS03ASHS-PN03B-06-CAMHDA301/2021/09/14/CAMHDA301-20210914T031500.mp4,660,0,clear,train,tuesdays_2021_2024
CAMHDA301-20210914T031500,2021-09-14,/home/jovyan/ooi/san_data/RS03ASHS-PN03B-06-CAMHDA301/2021/09/14/CAMHDA301-20210914T031500.mp4,510,0,clear,train,tuesdays_2021_2024
CAMHDA301-20210914T031500,2021-09-14,/home/jovyan/ooi/san_data/RS03ASHS-PN03B-06-CAMHDA301/2021/09/14/CAMHDA301-20210914T031500.mp4,390,0,clear,train,tuesdays_2021_2024
CAMHDA301-20210914T061500,2021-09-14,/home/jovyan/ooi/san_data/RS03ASHS-PN03B-06-CAMHDA301/2021/09/14/CAMHDA301-20210914T061500.mp4,540,1,clear,train,tuesdays_2021_2024
CAMHDA301-20210914T091500,2021-09-14,/home/jovyan/ooi/san_data/RS03ASHS-PN03B-06-CAMHDA301/2021/09/14/CAMHDA301-20210914T091500.mp4,540,1,clear,train,tuesdays_2021_2024
CAMHDA301-20210914T121500,2021-09-14,/home/jovyan/ooi/san_data/RS03ASHS-PN03B-06-CAMHDA301/2021/09/14/CAMHDA301-20210914T121500.mp4,540,1,clear,train,tuesdays_2021_2024
CAMHDA301-20210914T151500,2021-09-14,/home/jovyan/ooi/san_data/RS03ASHS-PN03B-06-CAMHDA301/2021/09/14/CAMHDA301-20210914T151500.mp4,420,0,clear,train,tuesdays_2021_2024
CAMHDA301-20210914T151500,2021-09-14,/home/jovyan/ooi/san_data/RS03ASHS-PN03B-06-CAMHDA301/2021/09/14/CAMHDA301-20210914T151500.mp4,450,0,clear,train,tuesdays_2021_2024
CAMHDA301-20210914T151500,2021-09-14,/home/jovyan/ooi/san_data/RS03ASHS-PN03B-06-CAMHDA301/2021/09/14/CAMHDA301-20210914T151500.mp4,690,0,clear,train,tuesdays_2021_2024
CAMHDA301-20210914T151500,2021-09-14,/home/jovyan/ooi/san_data/RS03ASHS-PN03B-06-CAMHDA301/2021/09/14/CAMHDA301-20210914T151500.mp4,720,0,clear,train,tuesdays_2021_2024
CAMHDA301-20210914T181500,2021-09-14,/home/jovyan/ooi/san_data/RS03ASHS-PN03B-06-CAMHDA301/2021/09/14/CAMHDA301-20210914T181500.mp4,480,0,clear,train,tuesdays_2021_2024
CAMHDA301-20210914T181500,2021-09-14,/home/jovyan/ooi/san_data/RS03ASHS-PN03B-06-CAMHDA301/2021/09/14/CAMHDA301-20210914T181500.mp4,420,0,clear,train,tuesdays_2021_2024
CAMHDA301-20210914T181500,2021-09-14,/home/jovyan/ooi/san_data/RS03ASHS-PN03B-06-CAMHDA301/2021/09/14/CAMHDA301-20210914T181500.mp4,660,0,clear,train,tuesdays_2021_2024
CAMHDA301-20210914T181500,2021-09-14,/home/jovyan/ooi/san_data/RS03ASHS-PN03B-06-CAMHDA301/2021/09/14/CAMHDA301-20210914T181500.mp4,240,0,clear,train,tuesdays_2021_2024
CAMHDA301-20210914T211500,2021-09-14,/home/jovyan/ooi/san_data/RS03ASHS-PN03B-06-CAMHDA301/2021/09/14/CAMHDA301-20210914T211500.mp4,60,0,clear,train,tuesdays_2021_2024
CAMHDA301-20210914T211500,2021-09-14,/home/jovyan/ooi/san_data/RS03ASHS-PN03B-06-CAMHDA301/2021/09/14/CAMHDA301-20210914T211500.mp4,90,0,clear,train,tuesdays_2021_2024
CAMHDA301-20210914T211500,2021-09-14,/home/jovyan/ooi/san_data/RS03ASHS-PN03B-06-CAMHDA301/2021/09/14/CAMHDA301-20210914T211500.mp4,690,0,clear,train,tuesdays_2021_2024
CAMHDA301-20210914T211500,2021-09-14,/home/jovyan/ooi/san_data/RS03ASHS-PN03B-06-CAMHDA301/2021/09/14/CAMHDA301-20210914T211500.mp4,180,0,clear,train,tuesdays_2021_2024
CAMHDA301-20210920T001500,2021-09-20,/home/jovyan/ooi/san_data/RS03ASHS-PN03B-06-CAMHDA301/2021/09/20/CAMHDA301-20210920T001500.mp4,780,0,clear,train,clear_window_2021_2022
CAMHDA301-20210920T001500,2021-09-20,/home/jovyan/ooi/san_data/RS03ASHS-PN03B-06-CAMHDA301/2021/09/20/CAMHDA301-20210920T001500.mp4,240,0,clear,train,clear_window_2021_2022
CAMHDA301-20210920T001500,2021-09-20,/home/jovyan/ooi/san_data/RS03ASHS-PN03B-06-CAMHDA301/2021/09/20/CAMHDA301-20210920T001500.mp4,30,0,clear,train,clear_window_2021_2022
CAMHDA301-20210920T001500,2021-09-20,/home/jovyan/ooi/san_data/RS03ASHS-PN03B-06-CAMHDA301/2021/09/20/CAMHDA301-20210920T001500.mp4,60,0,clear,train,clear_window_2021_2022
CAMHDA301-20210920T031500,2021-09-20,/home/jovyan/ooi/san_data/RS03ASHS-PN03B-06-CAMHDA301/2021/09/20/CAMHDA301-20210920T031500.mp4,300,0,clear,train,clear_window_2021_2022
CAMHDA301-20210920T031500,2021-09-20,/home/jovyan/ooi/san_data/RS03ASHS-PN03B-06-CAMHDA301/2021/09/20/CAMHDA301-20210920T031500.mp4,720,0,clear,train,clear_window_2021_2022
CAMHDA301-20210920T031500,2021-09-20,/home/jovyan/ooi/san_data/RS03ASHS-PN03B-06-CAMHDA301/2021/09/20/CAMHDA301-20210920T031500.mp4,600,0,clear,train,clear_window_2021_2022
CAMHDA301-20210920T031500,2021-09-20,/home/jovyan/ooi/san_data/RS03ASHS-PN03B-06-CAMHDA301/2021/09/20/CAMHDA301-20210920T031500.mp4,270,0,clear,train,clear_window_2021_2022
CAMHDA301-20210920T061500,2021-09-20,/home/jovyan/ooi/san_data/RS03ASHS-PN03B-06-CAMHDA301/2021/09/20/CAMHDA301-20210920T061500.mp4,600,0,clear,train,clear_window_2021_2022
CAMHDA301-20210920T061500,2021-09-20,/home/jovyan/ooi/san_data/RS03ASHS-PN03B-06-CAMHDA301/2021/09/20/CAMHDA301-20210920T061500.mp4,570,0,clear,train,clear_window_2021_2022
CAMHDA301-20210920T061500,2021-09-20,/home/jovyan/ooi/san_data/RS03ASHS-PN03B-06-CAMHDA301/2021/09/20/CAMHDA301-20210920T061500.mp4,210,0,clear,train,clear_window_2021_2022
CAMHDA301-20210920T061500,2021-09-20,/home/jovyan/ooi/san_data/RS03ASHS-PN03B-06-CAMHDA301/2021/09/20/CAMHDA301-20210920T061500.mp4,360,0,clear,train,clear_window_2021_2022
CAMHDA301-20210920T091500,2021-09-20,/home/jovyan/ooi/san_data/RS03ASHS-PN03B-06-CAMHDA301/2021/09/20/CAMHDA301-20210920T091500.mp4,90,0,clear,train,clear_window_2021_2022
CAMHDA301-20210920T091500,2021-09-20,/home/jovyan/ooi/san_data/RS03ASHS-PN03B-06-CAMHDA301/2021/09/20/CAMHDA301-20210920T091500.mp4,210,0,clear,train,clear_window_2021_2022
CAMHDA301-20210920T091500,2021-09-20,/home/jovyan/ooi/san_data/RS03ASHS-PN03B-06-CAMHDA301/2021/09/20/CAMHDA301-20210920T091500.mp4,840,0,clear,train,clear_window_2021_2022
CAMHDA301-20210920T091500,2021-09-20,/home/jovyan/ooi/san_data/RS03ASHS-PN03B-06-CAMHDA301/2021/09/20/CAMHDA301-20210920T091500.mp4,720,0,clear,train,clear_window_2021_2022
CAMHDA301-20210920T121500,2021-09-20,/home/jovyan/ooi/san_data/RS03ASHS-PN03B-06-CAMHDA301/2021/09/20/CAMHDA301-20210920T121500.mp4,210,1,clear,train,clear_window_2021_2022
CAMHDA301-20210920T151500,2021-09-20,/home/jovyan/ooi/san_data/RS03ASHS-PN03B-06-CAMHDA301/2021/09/20/CAMHDA301-20210920T151500.mp4,750,0,clear,train,clear_window_2021_2022
CAMHDA301-20210920T151500,2021-09-20,/home/jovyan/ooi/san_data/RS03ASHS-PN03B-06-CAMHDA301/2021/09/20/CAMHDA301-20210920T151500.mp4,810,0,clear,train,clear_window_2021_2022
CAMHDA301-20210920T151500,2021-09-20,/home/jovyan/ooi/san_data/RS03ASHS-PN03B-06-CAMHDA301/2021/09/20/CAMHDA301-20210920T151500.mp4,570,0,clear,train,clear_window_2021_2022
CAMHDA301-20210920T151500,2021-09-20,/home/jovyan/ooi/san_data/RS03ASHS-PN03B-06-CAMHDA301/2021/09/20/CAMHDA301-20210920T151500.mp4,600,0,clear,train,clear_window_2021_2022
CAMHDA301-20210920T181500,2021-09-20,/home/jovyan/ooi/san_data/RS03ASHS-PN03B-06-CAMHDA301/2021/09/20/CAMHDA301-20210920T181500.mp4,570,0,clear,train,clear_window_2021_2022
CAMHDA301-20210920T181500,2021-09-20,/home/jovyan/ooi/san_data/RS03ASHS-PN03B-06-CAMHDA301/2021/09/20/CAMHDA301-20210920T181500.mp4,240,0,clear,train,clear_window_2021_2022
CAMHDA301-20210920T181500,2021-09-20,/home/jovyan/ooi/san_data/RS03ASHS-PN03B-06-CAMHDA301/2021/09/20/CAMHDA301-20210920T181500.mp4,480,0,clear,train,clear_window_2021_2022
CAMHDA301-20210920T181500,2021-09-20,/home/jovyan/ooi/san_data/RS03ASHS-PN03B-06-CAMHDA301/2021/09/20/CAMHDA301-20210920T181500.mp4,90,0,clear,train,clear_window_2021_2022
CAMHDA301-20210920T211500,2021-09-20,/home/jovyan/ooi/san_data/RS03ASHS-PN03B-06-CAMHDA301/2021/09/20/CAMHDA301-20210920T211500.mp4,330,0,clear,train,clear_window_2021_2022
CAMHDA301-20210920T211500,2021-09-20,/home/jovyan/ooi/san_data/RS03ASHS-PN03B-06-CAMHDA301/2021/09/20/CAMHDA301-20210920T211500.mp4,150,0,clear,train,clear_window_2021_2022
CAMHDA301-20210920T211500,2021-09-20,/home/jovyan/ooi/san_data/RS03ASHS-PN03B-06-CAMHDA301/2021/09/20/CAMHDA301-20210920T211500.mp4,180,0,clear,train,clear_window_2021_2022
CAMHDA301-20210920T211500,2021-09-20,/home/jovyan/ooi/san_data/RS03ASHS-PN03B-06-CAMHDA301/2021/09/20/CAMHDA301-20210920T211500.mp4,660,0,clear,train,clear_window_2021_2022
CAMHDA301-20210921T001500,2021-09-21,/home/jovyan/ooi/san_data/RS03ASHS-PN03B-06-CAMHDA301/2021/09/21/CAMHDA301-20210921T001500.mp4,540,1,clear,train,tuesdays_2021_2024
CAMHDA301-20210921T031500,2021-09-21,/home/jovyan/ooi/san_data/RS03ASHS-PN03B-06-CAMHDA301/2021/09/21/CAMHDA301-20210921T031500.mp4,540,1,clear,train,tuesdays_2021_2024
CAMHDA301-20210921T061500,2021-09-21,/home/jovyan/ooi/san_data/RS03ASHS-PN03B-06-CAMHDA301/2021/09/21/CAMHDA301-20210921T061500.mp4,540,1,clear,train,tuesdays_2021_2024
CAMHDA301-20210921T091500,2021-09-21,/home/jovyan/ooi/san_data/RS03ASHS-PN03B-06-CAMHDA301/2021/09/21/CAMHDA301-20210921T091500.mp4,810,0,clear,train,tuesdays_2021_2024
CAMHDA301-20210921T091500,2021-09-21,/home/jovyan/ooi/san_data/RS03ASHS-PN03B-06-CAMHDA301/2021/09/21/CAMHDA301-20210921T091500.mp4,660,0,clear,train,tuesdays_2021_2024
CAMHDA301-20210921T091500,2021-09-21,/home/jovyan/ooi/san_data/RS03ASHS-PN03B-06-CAMHDA301/2021/09/21/CAMHDA301-20210921T091500.mp4,60,0,clear,train,tuesdays_2021_2024
CAMHDA301-20210921T091500,2021-09-21,/home/jovyan/ooi/san_data/RS03ASHS-PN03B-06-CAMHDA301/2021/09/21/CAMHDA301-20210921T091500.mp4,210,0,clear,train,tuesdays_2021_2024
CAMHDA301-20210921T121500,2021-09-21,/home/jovyan/ooi/san_data/RS03ASHS-PN03B-06-CAMHDA301/2021/09/21/CAMHDA301-20210921T121500.mp4,540,1,clear,train,tuesdays_2021_2024
CAMHDA301-20210921T151500,2021-09-21,/home/jovyan/ooi/san_data/RS03ASHS-PN03B-06-CAMHDA301/2021/09/21/CAMHDA301-20210921T151500.mp4,540,1,clear,train,tuesdays_2021_2024
CAMHDA301-20210921T181500,2021-09-21,/home/jovyan/ooi/san_data/RS03ASHS-PN03B-06-CAMHDA301/2021/09/21/CAMHDA301-20210921T181500.mp4,720,0,clear,train,tuesdays_2021_2024
CAMHDA301-20210921T181500,2021-09-21,/home/jovyan/ooi/san_data/RS03ASHS-PN03B-06-CAMHDA301/2021/09/21/CAMHDA301-20210921T181500.mp4,330,0,clear,train,tuesdays_2021_2024
CAMHDA301-20210921T181500,2021-09-21,/home/jovyan/ooi/san_data/RS03ASHS-PN03B-06-CAMHDA301/2021/09/21/CAMHDA301-20210921T181500.mp4,90,0,clear,train,tuesdays_2021_2024
CAMHDA301-20210921T181500,2021-09-21,/home/jovyan/ooi/san_data/RS03ASHS-PN03B-06-CAMHDA301/2021/09/21/CAMHDA301-20210921T181500.mp4,780,0,clear,train,tuesdays_2021_2024
CAMHDA301-20210921T211500,2021-09-21,/home/jovyan/ooi/san_data/RS03ASHS-PN03B-06-CAMHDA301/2021/09/21/CAMHDA301-20210921T211500.mp4,690,0,clear,train,tuesdays_2021_2024
CAMHDA301-20210921T211500,2021-09-21,/home/jovyan/ooi/san_data/RS03ASHS-PN03B-06-CAMHDA301/2021/09/21/CAMHDA301-20210921T211500.mp4,390,0,clear,train,tuesdays_2021_2024
CAMHDA301-20210921T211500,2021-09-21,/home/jovyan/ooi/san_data/RS03ASHS-PN03B-06-CAMHDA301/2021/09/21/CAMHDA301-20210921T211500.mp4,450,0,clear,train,tuesdays_2021_2024
CAMHDA301-20210921T211500,2021-09-21,/home/jovyan/ooi/san_data/RS03ASHS-PN03B-06-CAMHDA301/2021/09/21/CAMHDA301-20210921T211500.mp4,360,0,clear,train,tuesdays_2021_2024
CAMHDA301-20210927T001500,2021-09-27,/home/jovyan/ooi/san_data/RS03ASHS-PN03B-06-CAMHDA301/2021/09/27/CAMHDA301-20210927T001500.mp4,540,1,clear,train,clear_window_2021_2022
CAMHDA301-20210927T031500,2021-09-27,/home/jovyan/ooi/san_data/RS03ASHS-PN03B-06-CAMHDA301/2021/09/27/CAMHDA301-20210927T031500.mp4,540,1,clear,train,clear_window_2021_2022
CAMHDA301-20210927T061500,2021-09-27,/home/jovyan/ooi/san_data/RS03ASHS-PN03B-06-CAMHDA301/2021/09/27/CAMHDA301-20210927T061500.mp4,540,1,clear,train,clear_window_2021_2022
CAMHDA301-20210927T091500,2021-09-27,/home/jovyan/ooi/san_data/RS03ASHS-PN03B-06-CAMHDA301/2021/09/27/CAMHDA301-20210927T091500.mp4,540,1,clear,train,clear_window_2021_2022
CAMHDA301-20210927T121500,2021-09-27,/home/jovyan/ooi/san_data/RS03ASHS-PN03B-06-CAMHDA301/2021/09/27/CAMHDA301-20210927T121500.mp4,120,0,clear,train,clear_window_2021_2022
CAMHDA301-20210927T121500,2021-09-27,/home/jovyan/ooi/san_data/RS03ASHS-PN03B-06-CAMHDA301/2021/09/27/CAMHDA301-20210927T121500.mp4,360,0,clear,train,clear_window_2021_2022
CAMHDA301-20210927T121500,2021-09-27,/home/jovyan/ooi/san_data/RS03ASHS-PN03B-06-CAMHDA301/2021/09/27/CAMHDA301-20210927T121500.mp4,270,0,clear,train,clear_window_2021_2022
CAMHDA301-20210927T121500,2021-09-27,/home/jovyan/ooi/san_data/RS03ASHS-PN03B-06-CAMHDA301/2021/09/27/CAMHDA301-20210927T121500.mp4,780,0,clear,train,clear_window_2021_2022
CAMHDA301-20210927T151500,2021-09-27,/home/jovyan/ooi/san_data/RS03ASHS-PN03B-06-CAMHDA301/2021/09/27/CAMHDA301-20210927T151500.mp4,540,1,clear,train,clear_window_2021_2022
CAMHDA301-20210927T181500,2021-09-27,/home/jovyan/ooi/san_data/RS03ASHS-PN03B-06-CAMHDA301/2021/09/27/CAMHDA301-20210927T181500.mp4,630,0,clear,train,clear_window_2021_2022
CAMHDA301-20210927T181500,2021-09-27,/home/jovyan/ooi/san_data/RS03ASHS-PN03B-06-CAMHDA301/2021/09/27/CAMHDA301-20210927T181500.mp4,390,0,clear,train,clear_window_2021_2022
CAMHDA301-20210927T181500,2021-09-27,/home/jovyan/ooi/san_data/RS03ASHS-PN03B-06-CAMHDA301/2021/09/27/CAMHDA301-20210927T181500.mp4,240,0,clear,train,clear_window_2021_2022
CAMHDA301-20210927T181500,2021-09-27,/home/jovyan/ooi/san_data/RS03ASHS-PN03B-06-CAMHDA301/2021/09/27/CAMHDA301-20210927T181500.mp4,450,0,clear,train,clear_window_2021_2022
CAMHDA301-20210927T211500,2021-09-27,/home/jovyan/ooi/san_data/RS03ASHS-PN03B-06-CAMHDA301/2021/09/27/CAMHDA301-20210927T211500.mp4,540,1,clear,train,clear_window_2021_2022
CAMHDA301-20210928T001500,2021-09-28,/home/jovyan/ooi/san_data/RS03ASHS-PN03B-06-CAMHDA301/2021/09/28/CAMHDA301-20210928T001500.mp4,540,1,clear,train,tuesdays_2021_2024
CAMHDA301-20210928T031500,2021-09-28,/home/jovyan/ooi/san_data/RS03ASHS-PN03B-06-CAMHDA301/2021/09/28/CAMHDA301-20210928T031500.mp4,540,1,clear,train,tuesdays_2021_2024
CAMHDA301-20210928T061500,2021-09-28,/home/jovyan/ooi/san_data/RS03ASHS-PN03B-06-CAMHDA301/2021/09/28/CAMHDA301-20210928T061500.mp4,540,1,clear,train,tuesdays_2021_2024
CAMHDA301-20210928T091500,2021-09-28,/home/jovyan/ooi/san_data/RS03ASHS-PN03B-06-CAMHDA301/2021/09/28/CAMHDA301-20210928T091500.mp4,180,0,clear,train,tuesdays_2021_2024
CAMHDA301-20210928T091500,2021-09-28,/home/jovyan/ooi/san_data/RS03ASHS-PN03B-06-CAMHDA301/2021/09/28/CAMHDA301-20210928T091500.mp4,90,0,clear,train,tuesdays_2021_2024
CAMHDA301-20210928T091500,2021-09-28,/home/jovyan/ooi/san_data/RS03ASHS-PN03B-06-CAMHDA301/2021/09/28/CAMHDA301-20210928T091500.mp4,810,0,clear,train,tuesdays_2021_2024
CAMHDA301-20210928T091500,2021-09-28,/home/jovyan/ooi/san_data/RS03ASHS-PN03B-06-CAMHDA301/2021/09/28/CAMHDA301-20210928T091500.mp4,510,0,clear,train,tuesdays_2021_2024
CAMHDA301-20210928T121500,2021-09-28,/home/jovyan/ooi/san_data/RS03ASHS-PN03B-06-CAMHDA301/2021/09/28/CAMHDA301-20210928T121500.mp4,540,1,clear,train,tuesdays_2021_2024
CAMHDA301-20210928T151500,2021-09-28,/home/jovyan/ooi/san_data/RS03ASHS-PN03B-06-CAMHDA301/2021/09/28/CAMHDA301-20210928T151500.mp4,780,0,clear,train,tuesdays_2021_2024
CAMHDA301-20210928T151500,2021-09-28,/home/jovyan/ooi/san_data/RS03ASHS-PN03B-06-CAMHDA301/2021/09/28/CAMHDA301-20210928T151500.mp4,300,0,clear,train,tuesdays_2021_2024
CAMHDA301-20210928T151500,2021-09-28,/home/jovyan/ooi/san_data/RS03ASHS-PN03B-06-CAMHDA301/2021/09/28/CAMHDA301-20210928T151500.mp4,390,0,clear,train,tuesdays_2021_2024
CAMHDA301-20210928T151500,2021-09-28,/home/jovyan/ooi/san_data/RS03ASHS-PN03B-06-CAMHDA301/2021/09/28/CAMHDA301-20210928T151500.mp4,600,0,clear,train,tuesdays_2021_2024
CAMHDA301-20210928T181500,2021-09-28,/home/jovyan/ooi/san_data/RS03ASHS-PN03B-06-CAMHDA301/2021/09/28/CAMHDA301-20210928T181500.mp4,540,1,clear,train,tuesdays_2021_2024
CAMHDA301-20210928T211500,2021-09-28,/home/jovyan/ooi/san_data/RS03ASHS-PN03B-06-CAMHDA301/2021/09/28/CAMHDA301-20210928T211500.mp4,540,1,clear,train,tuesdays_2021_2024
CAMHDA301-20211004T001500,2021-10-04,/home/jovyan/ooi/san_data/RS03ASHS-PN03B-06-CAMHDA301/2021/10/04/CAMHDA301-20211004T001500.mp4,540,1,clear,test,clear_window_2021_2022
CAMHDA301-20211004T031500,2021-10-04,/home/jovyan/ooi/san_data/RS03ASHS-PN03B-06-CAMHDA301/2021/10/04/CAMHDA301-20211004T031500.mp4,300,0,clear,test,clear_window_2021_2022
CAMHDA301-20211004T031500,2021-10-04,/home/jovyan/ooi/san_data/RS03ASHS-PN03B-06-CAMHDA301/2021/10/04/CAMHDA301-20211004T031500.mp4,510,0,clear,test,clear_window_2021_2022
CAMHDA301-20211004T031500,2021-10-04,/home/jovyan/ooi/san_data/RS03ASHS-PN03B-06-CAMHDA301/2021/10/04/CAMHDA301-20211004T031500.mp4,390,0,clear,test,clear_window_2021_2022
CAMHDA301-20211004T031500,2021-10-04,/home/jovyan/ooi/san_data/RS03ASHS-PN03B-06-CAMHDA301/2021/10/04/CAMHDA301-20211004T031500.mp4,720,0,clear,test,clear_window_2021_2022
CAMHDA301-20211004T061500,2021-10-04,/home/jovyan/ooi/san_data/RS03ASHS-PN03B-06-CAMHDA301/2021/10/04/CAMHDA301-20211004T061500.mp4,690,0,clear,test,clear_window_2021_2022
CAMHDA301-20211004T061500,2021-10-04,/home/jovyan/ooi/san_data/RS03ASHS-PN03B-06-CAMHDA301/2021/10/04/CAMHDA301-20211004T061500.mp4,270,0,clear,test,clear_window_2021_2022
CAMHDA301-20211004T061500,2021-10-04,/home/jovyan/ooi/san_data/RS03ASHS-PN03B-06-CAMHDA301/2021/10/04/CAMHDA301-20211004T061500.mp4,300,0,clear,test,clear_window_2021_2022
CAMHDA301-20211004T061500,2021-10-04,/home/jovyan/ooi/san_data/RS03ASHS-PN03B-06-CAMHDA301/2021/10/04/CAMHDA301-20211004T061500.mp4,630,0,clear,test,clear_window_2021_2022
CAMHDA301-20211004T091500,2021-10-04,/home/jovyan/ooi/san_data/RS03ASHS-PN03B-06-CAMHDA301/2021/10/04/CAMHDA301-20211004T091500.mp4,660,0,clear,test,clear_window_2021_2022
CAMHDA301-20211004T091500,2021-10-04,/home/jovyan/ooi/san_data/RS03ASHS-PN03B-06-CAMHDA301/2021/10/04/CAMHDA301-20211004T091500.mp4,630,0,clear,test,clear_window_2021_2022
CAMHDA301-20211004T091500,2021-10-04,/home/jovyan/ooi/san_data/RS03ASHS-PN03B-06-CAMHDA301/2021/10/04/CAMHDA301-20211004T091500.mp4,210,0,clear,test,clear_window_2021_2022
CAMHDA301-20211004T091500,2021-10-04,/home/jovyan/ooi/san_data/RS03ASHS-PN03B-06-CAMHDA301/2021/10/04/CAMHDA301-20211004T091500.mp4,600,0,clear,test,clear_window_2021_2022
CAMHDA301-20211004T121500,2021-10-04,/home/jovyan/ooi/san_data/RS03ASHS-PN03B-06-CAMHDA301/2021/10/04/CAMHDA301-20211004T121500.mp4,540,1,clear,test,clear_window_2021_2022
CAMHDA301-20211004T151500,2021-10-04,/home/jovyan/ooi/san_data/RS03ASHS-PN03B-06-CAMHDA301/2021/10/04/CAMHDA301-20211004T151500.mp4,300,0,clear,test,clear_window_2021_2022
CAMHDA301-20211004T151500,2021-10-04,/home/jovyan/ooi/san_data/RS03ASHS-PN03B-06-CAMHDA301/2021/10/04/CAMHDA301-20211004T151500.mp4,330,0,clear,test,clear_window_2021_2022
CAMHDA301-20211004T151500,2021-10-04,/home/jovyan/ooi/san_data/RS03ASHS-PN03B-06-CAMHDA301/2021/10/04/CAMHDA301-20211004T151500.mp4,390,0,clear,test,clear_window_2021_2022
CAMHDA301-20211004T151500,2021-10-04,/home/jovyan/ooi/san_data/RS03ASHS-PN03B-06-CAMHDA301/2021/10/04/CAMHDA301-20211004T151500.mp4,240,0,clear,test,clear_window_2021_2022
CAMHDA301-20211004T181500,2021-10-04,/home/jovyan/ooi/san_data/RS03ASHS-PN03B-06-CAMHDA301/2021/10/04/CAMHDA301-20211004T181500.mp4,540,1,clear,test,clear_window_2021_2022
CAMHDA301-20211004T211500,2021-10-04,/home/jovyan/ooi/san_data/RS03ASHS-PN03B-06-CAMHDA301/2021/10/04/CAMHDA301-20211004T211500.mp4,60,0,clear,test,clear_window_2021_2022
CAMHDA301-20211004T211500,2021-10-04,/home/jovyan/ooi/san_data/RS03ASHS-PN03B-06-CAMHDA301/2021/10/04/CAMHDA301-20211004T211500.mp4,600,0,clear,test,clear_window_2021_2022
CAMHDA301-20211004T211500,2021-10-04,/home/jovyan/ooi/san_data/RS03ASHS-PN03B-06-CAMHDA301/2021/10/04/CAMHDA301-20211004T211500.mp4,810,0,clear,test,clear_window_2021_2022
CAMHDA301-20211004T211500,2021-10-04,/home/jovyan/ooi/san_data/RS03ASHS-PN03B-06-CAMHDA301/2021/10/04/CAMHDA301-20211004T211500.mp4,210,0,clear,test,clear_window_2021_2022
CAMHDA301-20211005T001500,2021-10-05,/home/jovyan/ooi/san_data/RS03ASHS-PN03B-06-CAMHDA301/2021/10/05/CAMHDA301-20211005T001500.mp4,780,0,clear,train,tuesdays_2021_2024
CAMHDA301-20211005T001500,2021-10-05,/home/jovyan/ooi/san_data/RS03ASHS-PN03B-06-CAMHDA301/2021/10/05/CAMHDA301-20211005T001500.mp4,150,0,clear,train,tuesdays_2021_2024
CAMHDA301-20211005T001500,2021-10-05,/home/jovyan/ooi/san_data/RS03ASHS-PN03B-06-CAMHDA301/2021/10/05/CAMHDA301-20211005T001500.mp4,630,0,clear,train,tuesdays_2021_2024
CAMHDA301-20211005T001500,2021-10-05,/home/jovyan/ooi/san_data/RS03ASHS-PN03B-06-CAMHDA301/2021/10/05/CAMHDA301-20211005T001500.mp4,690,0,clear,train,tuesdays_2021_2024
CAMHDA301-20211005T031500,2021-10-05,/home/jovyan/ooi/san_data/RS03ASHS-PN03B-06-CAMHDA301/2021/10/05/CAMHDA301-20211005T031500.mp4,540,1,clear,train,tuesdays_2021_2024
CAMHDA301-20211005T061500,2021-10-05,/home/jovyan/ooi/san_data/RS03ASHS-PN03B-06-CAMHDA301/2021/10/05/CAMHDA301-20211005T061500.mp4,540,1,clear,train,tuesdays_2021_2024
CAMHDA301-20211005T091500,2021-10-05,/home/jovyan/ooi/san_data/RS03ASHS-PN03B-06-CAMHDA301/2021/10/05/CAMHDA301-20211005T091500.mp4,840,0,clear,train,tuesdays_2021_2024
CAMHDA301-20211005T091500,2021-10-05,/home/jovyan/ooi/san_data/RS03ASHS-PN03B-06-CAMHDA301/2021/10/05/CAMHDA301-20211005T091500.mp4,660,0,clear,train,tuesdays_2021_2024
CAMHDA301-20211005T091500,2021-10-05,/home/jovyan/ooi/san_data/RS03ASHS-PN03B-06-CAMHDA301/2021/10/05/CAMHDA301-20211005T091500.mp4,210,0,clear,train,tuesdays_2021_2024
CAMHDA301-20211005T091500,2021-10-05,/home/jovyan/ooi/san_data/RS03ASHS-PN03B-06-CAMHDA301/2021/10/05/CAMHDA301-20211005T091500.mp4,330,0,clear,train,tuesdays_2021_2024
CAMHDA301-20211005T121500,2021-10-05,/home/jovyan/ooi/san_data/RS03ASHS-PN03B-06-CAMHDA301/2021/10/05/CAMHDA301-20211005T121500.mp4,540,1,clear,train,tuesdays_2021_2024
CAMHDA301-20211005T151500,2021-10-05,/home/jovyan/ooi/san_data/RS03ASHS-PN03B-06-CAMHDA301/2021/10/05/CAMHDA301-20211005T151500.mp4,330,0,clear,train,tuesdays_2021_2024
CAMHDA301-20211005T151500,2021-10-05,/home/jovyan/ooi/san_data/RS03ASHS-PN03B-06-CAMHDA301/2021/10/05/CAMHDA301-20211005T151500.mp4,630,0,clear,train,tuesdays_2021_2024
CAMHDA301-20211005T151500,2021-10-05,/home/jovyan/ooi/san_data/RS03ASHS-PN03B-06-CAMHDA301/2021/10/05/CAMHDA301-20211005T151500.mp4,720,0,clear,train,tuesdays_2021_2024
CAMHDA301-20211005T151500,2021-10-05,/home/jovyan/ooi/san_data/RS03ASHS-PN03B-06-CAMHDA301/2021/10/05/CAMHDA301-20211005T151500.mp4,810,0,clear,train,tuesdays_2021_2024
CAMHDA301-20211005T181500,2021-10-05,/home/jovyan/ooi/san_data/RS03ASHS-PN03B-06-CAMHDA301/2021/10/05/CAMHDA301-20211005T181500.mp4,360,0,clear,train,tuesdays_2021_2024
CAMHDA301-20211005T181500,2021-10-05,/home/jovyan/ooi/san_data/RS03ASHS-PN03B-06-CAMHDA301/2021/10/05/CAMHDA301-20211005T181500.mp4,390,0,clear,train,tuesdays_2021_2024
CAMHDA301-20211005T181500,2021-10-05,/home/jovyan/ooi/san_data/RS03ASHS-PN03B-06-CAMHDA301/2021/10/05/CAMHDA301-20211005T181500.mp4,660,0,clear,train,tuesdays_2021_2024
CAMHDA301-20211005T181500,2021-10-05,/home/jovyan/ooi/san_data/RS03ASHS-PN03B-06-CAMHDA301/2021/10/05/CAMHDA301-20211005T181500.mp4,540,0,clear,train,tuesdays_2021_2024
CAMHDA301-20211005T211500,2021-10-05,/home/jovyan/ooi/san_data/RS03ASHS-PN03B-06-CAMHDA301/2021/10/05/CAMHDA301-20211005T211500.mp4,480,0,clear,train,tuesdays_2021_2024
CAMHDA301-20211005T211500,2021-10-05,/home/jovyan/ooi/san_data/RS03ASHS-PN03B-06-CAMHDA301/2021/10/05/CAMHDA301-20211005T211500.mp4,630,0,clear,train,tuesdays_2021_2024
CAMHDA301-20211005T211500,2021-10-05,/home/jovyan/ooi/san_data/RS03ASHS-PN03B-06-CAMHDA301/2021/10/05/CAMHDA301-20211005T211500.mp4,420,0,clear,train,tuesdays_2021_2024
CAMHDA301-20211005T211500,2021-10-05,/home/jovyan/ooi/san_data/RS03ASHS-PN03B-06-CAMHDA301/2021/10/05/CAMHDA301-20211005T211500.mp4,570,0,clear,train,tuesdays_2021_2024
CAMHDA301-20211011T001500,2021-10-11,/home/jovyan/ooi/san_data/RS03ASHS-PN03B-06-CAMHDA301/2021/10/11/CAMHDA301-20211011T001500.mp4,180,0,clear,val,clear_window_2021_2022
CAMHDA301-20211011T001500,2021-10-11,/home/jovyan/ooi/san_data/RS03ASHS-PN03B-06-CAMHDA301/2021/10/11/CAMHDA301-20211011T001500.mp4,810,0,clear,val,clear_window_2021_2022
CAMHDA301-20211011T001500,2021-10-11,/home/jovyan/ooi/san_data/RS03ASHS-PN03B-06-CAMHDA301/2021/10/11/CAMHDA301-20211011T001500.mp4,60,0,clear,val,clear_window_2021_2022
CAMHDA301-20211011T001500,2021-10-11,/home/jovyan/ooi/san_data/RS03ASHS-PN03B-06-CAMHDA301/2021/10/11/CAMHDA301-20211011T001500.mp4,360,0,clear,val,clear_window_2021_2022
CAMHDA301-20211011T031500,2021-10-11,/home/jovyan/ooi/san_data/RS03ASHS-PN03B-06-CAMHDA301/2021/10/11/CAMHDA301-20211011T031500.mp4,90,0,clear,val,clear_window_2021_2022
CAMHDA301-20211011T031500,2021-10-11,/home/jovyan/ooi/san_data/RS03ASHS-PN03B-06-CAMHDA301/2021/10/11/CAMHDA301-20211011T031500.mp4,360,0,clear,val,clear_window_2021_2022
CAMHDA301-20211011T031500,2021-10-11,/home/jovyan/ooi/san_data/RS03ASHS-PN03B-06-CAMHDA301/2021/10/11/CAMHDA301-20211011T031500.mp4,570,0,clear,val,clear_window_2021_2022
CAMHDA301-20211011T031500,2021-10-11,/home/jovyan/ooi/san_data/RS03ASHS-PN03B-06-CAMHDA301/2021/10/11/CAMHDA301-20211011T031500.mp4,210,0,clear,val,clear_window_2021_2022
CAMHDA301-20211011T061500,2021-10-11,/home/jovyan/ooi/san_data/RS03ASHS-PN03B-06-CAMHDA301/2021/10/11/CAMHDA301-20211011T061500.mp4,540,1,clear,val,clear_window_2021_2022
CAMHDA301-20211011T091500,2021-10-11,/home/jovyan/ooi/san_data/RS03ASHS-PN03B-06-CAMHDA301/2021/10/11/CAMHDA301-20211011T091500.mp4,540,1,clear,val,clear_window_2021_2022
CAMHDA301-20211011T121500,2021-10-11,/home/jovyan/ooi/san_data/RS03ASHS-PN03B-06-CAMHDA301/2021/10/11/CAMHDA301-20211011T121500.mp4,420,0,clear,val,clear_window_2021_2022
CAMHDA301-20211011T121500,2021-10-11,/home/jovyan/ooi/san_data/RS03ASHS-PN03B-06-CAMHDA301/2021/10/11/CAMHDA301-20211011T121500.mp4,630,0,clear,val,clear_window_2021_2022
CAMHDA301-20211011T121500,2021-10-11,/home/jovyan/ooi/san_data/RS03ASHS-PN03B-06-CAMHDA301/2021/10/11/CAMHDA301-20211011T121500.mp4,360,0,clear,val,clear_window_2021_2022
CAMHDA301-20211011T121500,2021-10-11,/home/jovyan/ooi/san_data/RS03ASHS-PN03B-06-CAMHDA301/2021/10/11/CAMHDA301-20211011T121500.mp4,480,0,clear,val,clear_window_2021_2022
CAMHDA301-20211011T151500,2021-10-11,/home/jovyan/ooi/san_data/RS03ASHS-PN03B-06-CAMHDA301/2021/10/11/CAMHDA301-20211011T151500.mp4,540,1,clear,val,clear_window_2021_2022
CAMHDA301-20211011T181500,2021-10-11,/home/jovyan/ooi/san_data/RS03ASHS-PN03B-06-CAMHDA301/2021/10/11/CAMHDA301-20211011T181500.mp4,600,0,clear,val,clear_window_2021_2022
CAMHDA301-20211011T181500,2021-10-11,/home/jovyan/ooi/san_data/RS03ASHS-PN03B-06-CAMHDA301/2021/10/11/CAMHDA301-20211011T181500.mp4,510,0,clear,val,clear_window_2021_2022
CAMHDA301-20211011T181500,2021-10-11,/home/jovyan/ooi/san_data/RS03ASHS-PN03B-06-CAMHDA301/2021/10/11/CAMHDA301-20211011T181500.mp4,810,0,clear,val,clear_window_2021_2022
CAMHDA301-20211011T181500,2021-10-11,/home/jovyan/ooi/san_data/RS03ASHS-PN03B-06-CAMHDA301/2021/10/11/CAMHDA301-20211011T181500.mp4,630,0,clear,val,clear_window_2021_2022
CAMHDA301-20211011T211500,2021-10-11,/home/jovyan/ooi/san_data/RS03ASHS-PN03B-06-CAMHDA301/2021/10/11/CAMHDA301-20211011T211500.mp4,690,0,clear,val,clear_window_2021_2022
CAMHDA301-20211011T211500,2021-10-11,/home/jovyan/ooi/san_data/RS03ASHS-PN03B-06-CAMHDA301/2021/10/11/CAMHDA301-20211011T211500.mp4,630,0,clear,val,clear_window_2021_2022
CAMHDA301-20211011T211500,2021-10-11,/home/jovyan/ooi/san_data/RS03ASHS-PN03B-06-CAMHDA301/2021/10/11/CAMHDA301-20211011T211500.mp4,840,0,clear,val,clear_window_2021_2022
CAMHDA301-20211011T211500,2021-10-11,/home/jovyan/ooi/san_data/RS03ASHS-PN03B-06-CAMHDA301/2021/10/11/CAMHDA301-20211011T211500.mp4,450,0,clear,val,clear_window_2021_2022
CAMHDA301-20211012T001500,2021-10-12,/home/jovyan/ooi/san_data/RS03ASHS-PN03B-06-CAMHDA301/2021/10/12/CAMHDA301-20211012T001500.mp4,120,0,clear,train,tuesdays_2021_2024
CAMHDA301-20211012T001500,2021-10-12,/home/jovyan/ooi/san_data/RS03ASHS-PN03B-06-CAMHDA301/2021/10/12/CAMHDA301-20211012T001500.mp4,600,0,clear,train,tuesdays_2021_2024
CAMHDA301-20211012T001500,2021-10-12,/home/jovyan/ooi/san_data/RS03ASHS-PN03B-06-CAMHDA301/2021/10/12/CAMHDA301-20211012T001500.mp4,630,0,clear,train,tuesdays_2021_2024
CAMHDA301-20211012T001500,2021-10-12,/home/jovyan/ooi/san_data/RS03ASHS-PN03B-06-CAMHDA301/2021/10/12/CAMHDA301-20211012T001500.mp4,810,0,clear,train,tuesdays_2021_2024
CAMHDA301-20211012T031500,2021-10-12,/home/jovyan/ooi/san_data/RS03ASHS-PN03B-06-CAMHDA301/2021/10/12/CAMHDA301-20211012T031500.mp4,540,1,clear,train,tuesdays_2021_2024
CAMHDA301-20211012T061500,2021-10-12,/home/jovyan/ooi/san_data/RS03ASHS-PN03B-06-CAMHDA301/2021/10/12/CAMHDA301-20211012T061500.mp4,540,1,clear,train,tuesdays_2021_2024
CAMHDA301-20211012T091500,2021-10-12,/home/jovyan/ooi/san_data/RS03ASHS-PN03B-06-CAMHDA301/2021/10/12/CAMHDA301-20211012T091500.mp4,540,1,clear,train,tuesdays_2021_2024
CAMHDA301-20211012T121500,2021-10-12,/home/jovyan/ooi/san_data/RS03ASHS-PN03B-06-CAMHDA301/2021/10/12/CAMHDA301-20211012T121500.mp4,540,1,clear,train,tuesdays_2021_2024
CAMHDA301-20211012T151500,2021-10-12,/home/jovyan/ooi/san_data/RS03ASHS-PN03B-06-CAMHDA301/2021/10/12/CAMHDA301-20211012T151500.mp4,540,1,clear,train,tuesdays_2021_2024
CAMHDA301-20211012T181500,2021-10-12,/home/jovyan/ooi/san_data/RS03ASHS-PN03B-06-CAMHDA301/2021/10/12/CAMHDA301-20211012T181500.mp4,300,0,clear,train,tuesdays_2021_2024
CAMHDA301-20211012T181500,2021-10-12,/home/jovyan/ooi/san_data/RS03ASHS-PN03B-06-CAMHDA301/2021/10/12/CAMHDA301-20211012T181500.mp4,510,0,clear,train,tuesdays_2021_2024
CAMHDA301-20211012T181500,2021-10-12,/home/jovyan/ooi/san_data/RS03ASHS-PN03B-06-CAMHDA301/2021/10/12/CAMHDA301-20211012T181500.mp4,390,0,clear,train,tuesdays_2021_2024
CAMHDA301-20211012T181500,2021-10-12,/home/jovyan/ooi/san_data/RS03ASHS-PN03B-06-CAMHDA301/2021/10/12/CAMHDA301-20211012T181500.mp4,270,0,clear,train,tuesdays_2021_2024
CAMHDA301-20211012T211500,2021-10-12,/home/jovyan/ooi/san_data/RS03ASHS-PN03B-06-CAMHDA301/2021/10/12/CAMHDA301-20211012T211500.mp4,450,0,clear,train,tuesdays_2021_2024
CAMHDA301-20211012T211500,2021-10-12,/home/jovyan/ooi/san_data/RS03ASHS-PN03B-06-CAMHDA301/2021/10/12/CAMHDA301-20211012T211500.mp4,330,0,clear,train,tuesdays_2021_2024
CAMHDA301-20211012T211500,2021-10-12,/home/jovyan/ooi/san_data/RS03ASHS-PN03B-06-CAMHDA301/2021/10/12/CAMHDA301-20211012T211500.mp4,30,0,clear,train,tuesdays_2021_2024
CAMHDA301-20211012T211500,2021-10-12,/home/jovyan/ooi/san_data/RS03ASHS-PN03B-06-CAMHDA301/2021/10/12/CAMHDA301-20211012T211500.mp4,840,0,clear,train,tuesdays_2021_2024
CAMHDA301-20211018T001500,2021-10-18,/home/jovyan/ooi/san_data/RS03ASHS-PN03B-06-CAMHDA301/2021/10/18/CAMHDA301-20211018T001500.mp4,270,0,clear,val,clear_window_2021_2022
CAMHDA301-20211018T001500,2021-10-18,/home/jovyan/ooi/san_data/RS03ASHS-PN03B-06-CAMHDA301/2021/10/18/CAMHDA301-20211018T001500.mp4,570,0,clear,val,clear_window_2021_2022
CAMHDA301-20211018T001500,2021-10-18,/home/jovyan/ooi/san_data/RS03ASHS-PN03B-06-CAMHDA301/2021/10/18/CAMHDA301-20211018T001500.mp4,450,0,clear,val,clear_window_2021_2022
CAMHDA301-20211018T001500,2021-10-18,/home/jovyan/ooi/san_data/RS03ASHS-PN03B-06-CAMHDA301/2021/10/18/CAMHDA301-20211018T001500.mp4,480,0,clear,val,clear_window_2021_2022
CAMHDA301-20211018T031500,2021-10-18,/home/jovyan/ooi/san_data/RS03ASHS-PN03B-06-CAMHDA301/2021/10/18/CAMHDA301-20211018T031500.mp4,30,0,clear,val,clear_window_2021_2022
CAMHDA301-20211018T031500,2021-10-18,/home/jovyan/ooi/san_data/RS03ASHS-PN03B-06-CAMHDA301/2021/10/18/CAMHDA301-20211018T031500.mp4,690,0,clear,val,clear_window_2021_2022
CAMHDA301-20211018T031500,2021-10-18,/home/jovyan/ooi/san_data/RS03ASHS-PN03B-06-CAMHDA301/2021/10/18/CAMHDA301-20211018T031500.mp4,570,0,clear,val,clear_window_2021_2022
CAMHDA301-20211018T031500,2021-10-18,/home/jovyan/ooi/san_data/RS03ASHS-PN03B-06-CAMHDA301/2021/10/18/CAMHDA301-20211018T031500.mp4,420,0,clear,val,clear_window_2021_2022
CAMHDA301-20211018T061500,2021-10-18,/home/jovyan/ooi/san_data/RS03ASHS-PN03B-06-CAMHDA301/2021/10/18/CAMHDA301-20211018T061500.mp4,390,0,clear,val,clear_window_2021_2022
CAMHDA301-20211018T061500,2021-10-18,/home/jovyan/ooi/san_data/RS03ASHS-PN03B-06-CAMHDA301/2021/10/18/CAMHDA301-20211018T061500.mp4,120,0,clear,val,clear_window_2021_2022
CAMHDA301-20211018T061500,2021-10-18,/home/jovyan/ooi/san_data/RS03ASHS-PN03B-06-CAMHDA301/2021/10/18/CAMHDA301-20211018T061500.mp4,300,0,clear,val,clear_window_2021_2022
CAMHDA301-20211018T061500,2021-10-18,/home/jovyan/ooi/san_data/RS03ASHS-PN03B-06-CAMHDA301/2021/10/18/CAMHDA301-20211018T061500.mp4,180,0,clear,val,clear_window_2021_2022
CAMHDA301-20211018T091500,2021-10-18,/home/jovyan/ooi/san_data/RS03ASHS-PN03B-06-CAMHDA301/2021/10/18/CAMHDA301-20211018T091500.mp4,540,1,clear,val,clear_window_2021_2022
CAMHDA301-20211018T121500,2021-10-18,/home/jovyan/ooi/san_data/RS03ASHS-PN03B-06-CAMHDA301/2021/10/18/CAMHDA301-20211018T121500.mp4,540,1,clear,val,clear_window_2021_2022
CAMHDA301-20211018T151500,2021-10-18,/home/jovyan/ooi/san_data/RS03ASHS-PN03B-06-CAMHDA301/2021/10/18/CAMHDA301-20211018T151500.mp4,540,0,clear,val,clear_window_2021_2022
CAMHDA301-20211018T151500,2021-10-18,/home/jovyan/ooi/san_data/RS03ASHS-PN03B-06-CAMHDA301/2021/10/18/CAMHDA301-20211018T151500.mp4,90,0,clear,val,clear_window_2021_2022
CAMHDA301-20211018T151500,2021-10-18,/home/jovyan/ooi/san_data/RS03ASHS-PN03B-06-CAMHDA301/2021/10/18/CAMHDA301-20211018T151500.mp4,630,0,clear,val,clear_window_2021_2022
CAMHDA301-20211018T151500,2021-10-18,/home/jovyan/ooi/san_data/RS03ASHS-PN03B-06-CAMHDA301/2021/10/18/CAMHDA301-20211018T151500.mp4,330,0,clear,val,clear_window_2021_2022
CAMHDA301-20211018T181500,2021-10-18,/home/jovyan/ooi/san_data/RS03ASHS-PN03B-06-CAMHDA301/2021/10/18/CAMHDA301-20211018T181500.mp4,240,0,clear,val,clear_window_2021_2022
CAMHDA301-20211018T181500,2021-10-18,/home/jovyan/ooi/san_data/RS03ASHS-PN03B-06-CAMHDA301/2021/10/18/CAMHDA301-20211018T181500.mp4,270,0,clear,val,clear_window_2021_2022
CAMHDA301-20211018T181500,2021-10-18,/home/jovyan/ooi/san_data/RS03ASHS-PN03B-06-CAMHDA301/2021/10/18/CAMHDA301-20211018T181500.mp4,30,0,clear,val,clear_window_2021_2022
CAMHDA301-20211018T181500,2021-10-18,/home/jovyan/ooi/san_data/RS03ASHS-PN03B-06-CAMHDA301/2021/10/18/CAMHDA301-20211018T181500.mp4,780,0,clear,val,clear_window_2021_2022
CAMHDA301-20211018T211500,2021-10-18,/home/jovyan/ooi/san_data/RS03ASHS-PN03B-06-CAMHDA301/2021/10/18/CAMHDA301-20211018T211500.mp4,540,1,clear,val,clear_window_2021_2022
CAMHDA301-20211019T001500,2021-10-19,/home/jovyan/ooi/san_data/RS03ASHS-PN03B-06-CAMHDA301/2021/10/19/CAMHDA301-20211019T001500.mp4,540,1,clear,train,tuesdays_2021_2024
CAMHDA301-20211019T031500,2021-10-19,/home/jovyan/ooi/san_data/RS03ASHS-PN03B-06-CAMHDA301/2021/10/19/CAMHDA301-20211019T031500.mp4,60,0,clear,train,tuesdays_2021_2024
CAMHDA301-20211019T031500,2021-10-19,/home/jovyan/ooi/san_data/RS03ASHS-PN03B-06-CAMHDA301/2021/10/19/CAMHDA301-20211019T031500.mp4,150,0,clear,train,tuesdays_2021_2024
CAMHDA301-20211019T031500,2021-10-19,/home/jovyan/ooi/san_data/RS03ASHS-PN03B-06-CAMHDA301/2021/10/19/CAMHDA301-20211019T031500.mp4,840,0,clear,train,tuesdays_2021_2024
CAMHDA301-20211019T031500,2021-10-19,/home/jovyan/ooi/san_data/RS03ASHS-PN03B-06-CAMHDA301/2021/10/19/CAMHDA301-20211019T031500.mp4,570,0,clear,train,tuesdays_2021_2024
CAMHDA301-20211019T061500,2021-10-19,/home/jovyan/ooi/san_data/RS03ASHS-PN03B-06-CAMHDA301/2021/10/19/CAMHDA301-20211019T061500.mp4,390,0,clear,train,tuesdays_2021_2024
CAMHDA301-20211019T061500,2021-10-19,/home/jovyan/ooi/san_data/RS03ASHS-PN03B-06-CAMHDA301/2021/10/19/CAMHDA301-20211019T061500.mp4,210,0,clear,train,tuesdays_2021_2024
CAMHDA301-20211019T061500,2021-10-19,/home/jovyan/ooi/san_data/RS03ASHS-PN03B-06-CAMHDA301/2021/10/19/CAMHDA301-20211019T061500.mp4,660,0,clear,train,tuesdays_2021_2024
CAMHDA301-20211019T061500,2021-10-19,/home/jovyan/ooi/san_data/RS03ASHS-PN03B-06-CAMHDA301/2021/10/19/CAMHDA301-20211019T061500.mp4,180,0,clear,train,tuesdays_2021_2024
CAMHDA301-20211019T091500,2021-10-19,/home/jovyan/ooi/san_data/RS03ASHS-PN03B-06-CAMHDA301/2021/10/19/CAMHDA301-20211019T091500.mp4,810,0,clear,train,tuesdays_2021_2024
CAMHDA301-20211019T091500,2021-10-19,/home/jovyan/ooi/san_data/RS03ASHS-PN03B-06-CAMHDA301/2021/10/19/CAMHDA301-20211019T091500.mp4,780,0,clear,train,tuesdays_2021_2024
CAMHDA301-20211019T091500,2021-10-19,/home/jovyan/ooi/san_data/RS03ASHS-PN03B-06-CAMHDA301/2021/10/19/CAMHDA301-20211019T091500.mp4,660,0,clear,train,tuesdays_2021_2024
CAMHDA301-20211019T091500,2021-10-19,/home/jovyan/ooi/san_data/RS03ASHS-PN03B-06-CAMHDA301/2021/10/19/CAMHDA301-20211019T091500.mp4,540,0,clear,train,tuesdays_2021_2024
CAMHDA301-20211019T121500,2021-10-19,/home/jovyan/ooi/san_data/RS03ASHS-PN03B-06-CAMHDA301/2021/10/19/CAMHDA301-20211019T121500.mp4,540,1,clear,train,tuesdays_2021_2024
CAMHDA301-20211019T151500,2021-10-19,/home/jovyan/ooi/san_data/RS03ASHS-PN03B-06-CAMHDA301/2021/10/19/CAMHDA301-20211019T151500.mp4,780,0,clear,train,tuesdays_2021_2024
CAMHDA301-20211019T151500,2021-10-19,/home/jovyan/ooi/san_data/RS03ASHS-PN03B-06-CAMHDA301/2021/10/19/CAMHDA301-20211019T151500.mp4,60,0,clear,train,tuesdays_2021_2024
CAMHDA301-20211019T151500,2021-10-19,/home/jovyan/ooi/san_data/RS03ASHS-PN03B-06-CAMHDA301/2021/10/19/CAMHDA301-20211019T151500.mp4,750,0,clear,train,tuesdays_2021_2024
CAMHDA301-20211019T151500,2021-10-19,/home/jovyan/ooi/san_data/RS03ASHS-PN03B-06-CAMHDA301/2021/10/19/CAMHDA301-20211019T151500.mp4,90,0,clear,train,tuesdays_2021_2024
CAMHDA301-20211019T181500,2021-10-19,/home/jovyan/ooi/san_data/RS03ASHS-PN03B-06-CAMHDA301/2021/10/19/CAMHDA301-20211019T181500.mp4,360,0,clear,train,tuesdays_2021_2024
CAMHDA301-20211019T181500,2021-10-19,/home/jovyan/ooi/san_data/RS03ASHS-PN03B-06-CAMHDA301/2021/10/19/CAMHDA301-20211019T181500.mp4,480,0,clear,train,tuesdays_2021_2024
CAMHDA301-20211019T181500,2021-10-19,/home/jovyan/ooi/san_data/RS03ASHS-PN03B-06-CAMHDA301/2021/10/19/CAMHDA301-20211019T181500.mp4,120,0,clear,train,tuesdays_2021_2024
CAMHDA301-20211019T181500,2021-10-19,/home/jovyan/ooi/san_data/RS03ASHS-PN03B-06-CAMHDA301/2021/10/19/CAMHDA301-20211019T181500.mp4,180,0,clear,train,tuesdays_2021_2024
CAMHDA301-20211019T211500,2021-10-19,/home/jovyan/ooi/san_data/RS03ASHS-PN03B-06-CAMHDA301/2021/10/19/CAMHDA301-20211019T211500.mp4,330,0,clear,train,tuesdays_2021_2024
CAMHDA301-20211019T211500,2021-10-19,/home/jovyan/ooi/san_data/RS03ASHS-PN03B-06-CAMHDA301/2021/10/19/CAMHDA301-20211019T211500.mp4,780,0,clear,train,tuesdays_2021_2024
CAMHDA301-20211019T211500,2021-10-19,/home/jovyan/ooi/san_data/RS03ASHS-PN03B-06-CAMHDA301/2021/10/19/CAMHDA301-20211019T211500.mp4,120,0,clear,train,tuesdays_2021_2024
CAMHDA301-20211019T211500,2021-10-19,/home/jovyan/ooi/san_data/RS03ASHS-PN03B-06-CAMHDA301/2021/10/19/CAMHDA301-20211019T211500.mp4,570,0,clear,train,tuesdays_2021_2024
CAMHDA301-20211025T001500,2021-10-25,/home/jovyan/ooi/san_data/RS03ASHS-PN03B-06-CAMHDA301/2021/10/25/CAMHDA301-20211025T001500.mp4,360,0,clear,train,clear_window_2021_2022
CAMHDA301-20211025T001500,2021-10-25,/home/jovyan/ooi/san_data/RS03ASHS-PN03B-06-CAMHDA301/2021/10/25/CAMHDA301-20211025T001500.mp4,810,0,clear,train,clear_window_2021_2022
CAMHDA301-20211025T001500,2021-10-25,/home/jovyan/ooi/san_data/RS03ASHS-PN03B-06-CAMHDA301/2021/10/25/CAMHDA301-20211025T001500.mp4,60,0,clear,train,clear_window_2021_2022
CAMHDA301-20211025T001500,2021-10-25,/home/jovyan/ooi/san_data/RS03ASHS-PN03B-06-CAMHDA301/2021/10/25/CAMHDA301-20211025T001500.mp4,690,0,clear,train,clear_window_2021_2022
CAMHDA301-20211025T031500,2021-10-25,/home/jovyan/ooi/san_data/RS03ASHS-PN03B-06-CAMHDA301/2021/10/25/CAMHDA301-20211025T031500.mp4,540,1,clear,train,clear_window_2021_2022
CAMHDA301-20211025T061500,2021-10-25,/home/jovyan/ooi/san_data/RS03ASHS-PN03B-06-CAMHDA301/2021/10/25/CAMHDA301-20211025T061500.mp4,540,1,clear,train,clear_window_2021_2022
CAMHDA301-20211025T091500,2021-10-25,/home/jovyan/ooi/san_data/RS03ASHS-PN03B-06-CAMHDA301/2021/10/25/CAMHDA301-20211025T091500.mp4,540,1,clear,train,clear_window_2021_2022
CAMHDA301-20211025T121500,2021-10-25,/home/jovyan/ooi/san_data/RS03ASHS-PN03B-06-CAMHDA301/2021/10/25/CAMHDA301-20211025T121500.mp4,540,1,clear,train,clear_window_2021_2022
CAMHDA301-20211025T151500,2021-10-25,/home/jovyan/ooi/san_data/RS03ASHS-PN03B-06-CAMHDA301/2021/10/25/CAMHDA301-20211025T151500.mp4,540,1,clear,train,clear_window_2021_2022
CAMHDA301-20211025T181500,2021-10-25,/home/jovyan/ooi/san_data/RS03ASHS-PN03B-06-CAMHDA301/2021/10/25/CAMHDA301-20211025T181500.mp4,540,1,clear,train,clear_window_2021_2022
CAMHDA301-20211025T211500,2021-10-25,/home/jovyan/ooi/san_data/RS03ASHS-PN03B-06-CAMHDA301/2021/10/25/CAMHDA301-20211025T211500.mp4,540,1,clear,train,clear_window_2021_2022
CAMHDA301-20211026T001500,2021-10-26,/home/jovyan/ooi/san_data/RS03ASHS-PN03B-06-CAMHDA301/2021/10/26/CAMHDA301-20211026T001500.mp4,540,1,clear,val,tuesdays_2021_2024
CAMHDA301-20211026T031500,2021-10-26,/home/jovyan/ooi/san_data/RS03ASHS-PN03B-06-CAMHDA301/2021/10/26/CAMHDA301-20211026T031500.mp4,540,1,clear,val,tuesdays_2021_2024
CAMHDA301-20211026T061500,2021-10-26,/home/jovyan/ooi/san_data/RS03ASHS-PN03B-06-CAMHDA301/2021/10/26/CAMHDA301-20211026T061500.mp4,540,1,clear,val,tuesdays_2021_2024
CAMHDA301-20211026T091500,2021-10-26,/home/jovyan/ooi/san_data/RS03ASHS-PN03B-06-CAMHDA301/2021/10/26/CAMHDA301-20211026T091500.mp4,540,1,clear,val,tuesdays_2021_2024
CAMHDA301-20211026T121500,2021-10-26,/home/jovyan/ooi/san_data/RS03ASHS-PN03B-06-CAMHDA301/2021/10/26/CAMHDA301-20211026T121500.mp4,540,1,clear,val,tuesdays_2021_2024
CAMHDA301-20211026T151500,2021-10-26,/home/jovyan/ooi/san_data/RS03ASHS-PN03B-06-CAMHDA301/2021/10/26/CAMHDA301-20211026T151500.mp4,540,1,clear,val,tuesdays_2021_2024
CAMHDA301-20211026T181500,2021-10-26,/home/jovyan/ooi/san_data/RS03ASHS-PN03B-06-CAMHDA301/2021/10/26/CAMHDA301-20211026T181500.mp4,540,1,clear,val,tuesdays_2021_2024
CAMHDA301-20211026T211500,2021-10-26,/home/jovyan/ooi/san_data/RS03ASHS-PN03B-06-CAMHDA301/2021/10/26/CAMHDA301-20211026T211500.mp4,540,1,clear,val,tuesdays_2021_2024
CAMHDA301-20211101T031500,2021-11-01,/home/jovyan/ooi/san_data/RS03ASHS-PN03B-06-CAMHDA301/2021/11/01/CAMHDA301-20211101T031500.mp4,210,0,clear,train,clear_window_2021_2022
CAMHDA301-20211101T031500,2021-11-01,/home/jovyan/ooi/san_data/RS03ASHS-PN03B-06-CAMHDA301/2021/11/01/CAMHDA301-20211101T031500.mp4,840,0,clear,train,clear_window_2021_2022
CAMHDA301-20211101T031500,2021-11-01,/home/jovyan/ooi/san_data/RS03ASHS-PN03B-06-CAMHDA301/2021/11/01/CAMHDA301-20211101T031500.mp4,570,0,clear,train,clear_window_2021_2022
CAMHDA301-20211101T031500,2021-11-01,/home/jovyan/ooi/san_data/RS03ASHS-PN03B-06-CAMHDA301/2021/11/01/CAMHDA301-20211101T031500.mp4,90,0,clear,train,clear_window_2021_2022
CAMHDA301-20211101T061500,2021-11-01,/home/jovyan/ooi/san_data/RS03ASHS-PN03B-06-CAMHDA301/2021/11/01/CAMHDA301-20211101T061500.mp4,660,0,clear,train,clear_window_2021_2022
CAMHDA301-20211101T061500,2021-11-01,/home/jovyan/ooi/san_data/RS03ASHS-PN03B-06-CAMHDA301/2021/11/01/CAMHDA301-20211101T061500.mp4,450,0,clear,train,clear_window_2021_2022
CAMHDA301-20211101T061500,2021-11-01,/home/jovyan/ooi/san_data/RS03ASHS-PN03B-06-CAMHDA301/2021/11/01/CAMHDA301-20211101T061500.mp4,570,0,clear,train,clear_window_2021_2022
CAMHDA301-20211101T061500,2021-11-01,/home/jovyan/ooi/san_data/RS03ASHS-PN03B-06-CAMHDA301/2021/11/01/CAMHDA301-20211101T061500.mp4,420,0,clear,train,clear_window_2021_2022
CAMHDA301-20211101T091500,2021-11-01,/home/jovyan/ooi/san_data/RS03ASHS-PN03B-06-CAMHDA301/2021/11/01/CAMHDA301-20211101T091500.mp4,450,0,clear,train,clear_window_2021_2022
CAMHDA301-20211101T091500,2021-11-01,/home/jovyan/ooi/san_data/RS03ASHS-PN03B-06-CAMHDA301/2021/11/01/CAMHDA301-20211101T091500.mp4,720,0,clear,train,clear_window_2021_2022
CAMHDA301-20211101T091500,2021-11-01,/home/jovyan/ooi/san_data/RS03ASHS-PN03B-06-CAMHDA301/2021/11/01/CAMHDA301-20211101T091500.mp4,360,0,clear,train,clear_window_2021_2022
CAMHDA301-20211101T091500,2021-11-01,/home/jovyan/ooi/san_data/RS03ASHS-PN03B-06-CAMHDA301/2021/11/01/CAMHDA301-20211101T091500.mp4,390,0,clear,train,clear_window_2021_2022
CAMHDA301-20211101T121500,2021-11-01,/home/jovyan/ooi/san_data/RS03ASHS-PN03B-06-CAMHDA301/2021/11/01/CAMHDA301-20211101T121500.mp4,660,0,clear,train,clear_window_2021_2022
CAMHDA301-20211101T121500,2021-11-01,/home/jovyan/ooi/san_data/RS03ASHS-PN03B-06-CAMHDA301/2021/11/01/CAMHDA301-20211101T121500.mp4,150,0,clear,train,clear_window_2021_2022
CAMHDA301-20211101T121500,2021-11-01,/home/jovyan/ooi/san_data/RS03ASHS-PN03B-06-CAMHDA301/2021/11/01/CAMHDA301-20211101T121500.mp4,750,0,clear,train,clear_window_2021_2022
CAMHDA301-20211101T121500,2021-11-01,/home/jovyan/ooi/san_data/RS03ASHS-PN03B-06-CAMHDA301/2021/11/01/CAMHDA301-20211101T121500.mp4,300,0,clear,train,clear_window_2021_2022
CAMHDA301-20211101T151500,2021-11-01,/home/jovyan/ooi/san_data/RS03ASHS-PN03B-06-CAMHDA301/2021/11/01/CAMHDA301-20211101T151500.mp4,420,0,clear,train,clear_window_2021_2022
CAMHDA301-20211101T151500,2021-11-01,/home/jovyan/ooi/san_data/RS03ASHS-PN03B-06-CAMHDA301/2021/11/01/CAMHDA301-20211101T151500.mp4,30,0,clear,train,clear_window_2021_2022
CAMHDA301-20211101T151500,2021-11-01,/home/jovyan/ooi/san_data/RS03ASHS-PN03B-06-CAMHDA301/2021/11/01/CAMHDA301-20211101T151500.mp4,480,0,clear,train,clear_window_2021_2022
CAMHDA301-20211101T151500,2021-11-01,/home/jovyan/ooi/san_data/RS03ASHS-PN03B-06-CAMHDA301/2021/11/01/CAMHDA301-20211101T151500.mp4,90,0,clear,train,clear_window_2021_2022
CAMHDA301-20211108T001500,2021-11-08,/home/jovyan/ooi/san_data/RS03ASHS-PN03B-06-CAMHDA301/2021/11/08/CAMHDA301-20211108T001500.mp4,540,1,clear,train,clear_window_2021_2022
CAMHDA301-20211108T031500,2021-11-08,/home/jovyan/ooi/san_data/RS03ASHS-PN03B-06-CAMHDA301/2021/11/08/CAMHDA301-20211108T031500.mp4,540,1,clear,train,clear_window_2021_2022
CAMHDA301-20211108T061500,2021-11-08,/home/jovyan/ooi/san_data/RS03ASHS-PN03B-06-CAMHDA301/2021/11/08/CAMHDA301-20211108T061500.mp4,540,1,clear,train,clear_window_2021_2022
CAMHDA301-20211108T091500,2021-11-08,/home/jovyan/ooi/san_data/RS03ASHS-PN03B-06-CAMHDA301/2021/11/08/CAMHDA301-20211108T091500.mp4,540,1,clear,train,clear_window_2021_2022
CAMHDA301-20211108T121500,2021-11-08,/home/jovyan/ooi/san_data/RS03ASHS-PN03B-06-CAMHDA301/2021/11/08/CAMHDA301-20211108T121500.mp4,540,1,clear,train,clear_window_2021_2022
CAMHDA301-20211108T151500,2021-11-08,/home/jovyan/ooi/san_data/RS03ASHS-PN03B-06-CAMHDA301/2021/11/08/CAMHDA301-20211108T151500.mp4,360,0,clear,train,clear_window_2021_2022
CAMHDA301-20211108T151500,2021-11-08,/home/jovyan/ooi/san_data/RS03ASHS-PN03B-06-CAMHDA301/2021/11/08/CAMHDA301-20211108T151500.mp4,600,0,clear,train,clear_window_2021_2022
CAMHDA301-20211108T151500,2021-11-08,/home/jovyan/ooi/san_data/RS03ASHS-PN03B-06-CAMHDA301/2021/11/08/CAMHDA301-20211108T151500.mp4,810,0,clear,train,clear_window_2021_2022
CAMHDA301-20211108T151500,2021-11-08,/home/jovyan/ooi/san_data/RS03ASHS-PN03B-06-CAMHDA301/2021/11/08/CAMHDA301-20211108T151500.mp4,720,0,clear,train,clear_window_2021_2022
CAMHDA301-20211108T181500,2021-11-08,/home/jovyan/ooi/san_data/RS03ASHS-PN03B-06-CAMHDA301/2021/11/08/CAMHDA301-20211108T181500.mp4,300,0,clear,train,clear_window_2021_2022
CAMHDA301-20211108T181500,2021-11-08,/home/jovyan/ooi/san_data/RS03ASHS-PN03B-06-CAMHDA301/2021/11/08/CAMHDA301-20211108T181500.mp4,780,0,clear,train,clear_window_2021_2022
CAMHDA301-20211108T181500,2021-11-08,/home/jovyan/ooi/san_data/RS03ASHS-PN03B-06-CAMHDA301/2021/11/08/CAMHDA301-20211108T181500.mp4,360,0,clear,train,clear_window_2021_2022
CAMHDA301-20211108T181500,2021-11-08,/home/jovyan/ooi/san_data/RS03ASHS-PN03B-06-CAMHDA301/2021/11/08/CAMHDA301-20211108T181500.mp4,510,0,clear,train,clear_window_2021_2022
CAMHDA301-20211108T211500,2021-11-08,/home/jovyan/ooi/san_data/RS03ASHS-PN03B-06-CAMHDA301/2021/11/08/CAMHDA301-20211108T211500.mp4,540,1,clear,train,clear_window_2021_2022
CAMHDA301-20211109T001500,2021-11-09,/home/jovyan/ooi/san_data/RS03ASHS-PN03B-06-CAMHDA301/2021/11/09/CAMHDA301-20211109T001500.mp4,540,1,clear,train,tuesdays_2021_2024
CAMHDA301-20211109T031500,2021-11-09,/home/jovyan/ooi/san_data/RS03ASHS-PN03B-06-CAMHDA301/2021/11/09/CAMHDA301-20211109T031500.mp4,810,0,clear,train,tuesdays_2021_2024
CAMHDA301-20211109T031500,2021-11-09,/home/jovyan/ooi/san_data/RS03ASHS-PN03B-06-CAMHDA301/2021/11/09/CAMHDA301-20211109T031500.mp4,240,0,clear,train,tuesdays_2021_2024
CAMHDA301-20211109T031500,2021-11-09,/home/jovyan/ooi/san_data/RS03ASHS-PN03B-06-CAMHDA301/2021/11/09/CAMHDA301-20211109T031500.mp4,570,0,clear,train,tuesdays_2021_2024
CAMHDA301-20211109T031500,2021-11-09,/home/jovyan/ooi/san_data/RS03ASHS-PN03B-06-CAMHDA301/2021/11/09/CAMHDA301-20211109T031500.mp4,330,0,clear,train,tuesdays_2021_2024
CAMHDA301-20211109T061500,2021-11-09,/home/jovyan/ooi/san_data/RS03ASHS-PN03B-06-CAMHDA301/2021/11/09/CAMHDA301-20211109T061500.mp4,540,1,clear,train,tuesdays_2021_2024
CAMHDA301-20211109T091500,2021-11-09,/home/jovyan/ooi/san_data/RS03ASHS-PN03B-06-CAMHDA301/2021/11/09/CAMHDA301-20211109T091500.mp4,540,1,clear,train,tuesdays_2021_2024
CAMHDA301-20211109T121500,2021-11-09,/home/jovyan/ooi/san_data/RS03ASHS-PN03B-06-CAMHDA301/2021/11/09/CAMHDA301-20211109T121500.mp4,540,1,clear,train,tuesdays_2021_2024
CAMHDA301-20211109T151500,2021-11-09,/home/jovyan/ooi/san_data/RS03ASHS-PN03B-06-CAMHDA301/2021/11/09/CAMHDA301-20211109T151500.mp4,540,1,clear,train,tuesdays_2021_2024
CAMHDA301-20211109T181500,2021-11-09,/home/jovyan/ooi/san_data/RS03ASHS-PN03B-06-CAMHDA301/2021/11/09/CAMHDA301-20211109T181500.mp4,780,0,clear,train,tuesdays_2021_2024
CAMHDA301-20211109T181500,2021-11-09,/home/jovyan/ooi/san_data/RS03ASHS-PN03B-06-CAMHDA301/2021/11/09/CAMHDA301-20211109T181500.mp4,450,0,clear,train,tuesdays_2021_2024
CAMHDA301-20211109T181500,2021-11-09,/home/jovyan/ooi/san_data/RS03ASHS-PN03B-06-CAMHDA301/2021/11/09/CAMHDA301-20211109T181500.mp4,420,0,clear,train,tuesdays_2021_2024
CAMHDA301-20211109T181500,2021-11-09,/home/jovyan/ooi/san_data/RS03ASHS-PN03B-06-CAMHDA301/2021/11/09/CAMHDA301-20211109T181500.mp4,690,0,clear,train,tuesdays_2021_2024
CAMHDA301-20211109T211500,2021-11-09,/home/jovyan/ooi/san_data/RS03ASHS-PN03B-06-CAMHDA301/2021/11/09/CAMHDA301-20211109T211500.mp4,540,1,clear,train,tuesdays_2021_2024
CAMHDA301-20211115T001500,2021-11-15,/home/jovyan/ooi/san_data/RS03ASHS-PN03B-06-CAMHDA301/2021/11/15/CAMHDA301-20211115T001500.mp4,570,0,clear,val,clear_window_2021_2022
CAMHDA301-20211115T001500,2021-11-15,/home/jovyan/ooi/san_data/RS03ASHS-PN03B-06-CAMHDA301/2021/11/15/CAMHDA301-20211115T001500.mp4,450,0,clear,val,clear_window_2021_2022
CAMHDA301-20211115T001500,2021-11-15,/home/jovyan/ooi/san_data/RS03ASHS-PN03B-06-CAMHDA301/2021/11/15/CAMHDA301-20211115T001500.mp4,60,0,clear,val,clear_window_2021_2022
CAMHDA301-20211115T001500,2021-11-15,/home/jovyan/ooi/san_data/RS03ASHS-PN03B-06-CAMHDA301/2021/11/15/CAMHDA301-20211115T001500.mp4,180,0,clear,val,clear_window_2021_2022
CAMHDA301-20211115T031500,2021-11-15,/home/jovyan/ooi/san_data/RS03ASHS-PN03B-06-CAMHDA301/2021/11/15/CAMHDA301-20211115T031500.mp4,540,1,clear,val,clear_window_2021_2022
CAMHDA301-20211115T061500,2021-11-15,/home/jovyan/ooi/san_data/RS03ASHS-PN03B-06-CAMHDA301/2021/11/15/CAMHDA301-20211115T061500.mp4,540,1,clear,val,clear_window_2021_2022
CAMHDA301-20211115T091500,2021-11-15,/home/jovyan/ooi/san_data/RS03ASHS-PN03B-06-CAMHDA301/2021/11/15/CAMHDA301-20211115T091500.mp4,540,1,clear,val,clear_window_2021_2022
CAMHDA301-20211115T121500,2021-11-15,/home/jovyan/ooi/san_data/RS03ASHS-PN03B-06-CAMHDA301/2021/11/15/CAMHDA301-20211115T121500.mp4,450,0,clear,val,clear_window_2021_2022
CAMHDA301-20211115T121500,2021-11-15,/home/jovyan/ooi/san_data/RS03ASHS-PN03B-06-CAMHDA301/2021/11/15/CAMHDA301-20211115T121500.mp4,390,0,clear,val,clear_window_2021_2022
CAMHDA301-20211115T121500,2021-11-15,/home/jovyan/ooi/san_data/RS03ASHS-PN03B-06-CAMHDA301/2021/11/15/CAMHDA301-20211115T121500.mp4,120,0,clear,val,clear_window_2021_2022
CAMHDA301-20211115T121500,2021-11-15,/home/jovyan/ooi/san_data/RS03ASHS-PN03B-06-CAMHDA301/2021/11/15/CAMHDA301-20211115T121500.mp4,810,0,clear,val,clear_window_2021_2022
CAMHDA301-20211115T151500,2021-11-15,/home/jovyan/ooi/san_data/RS03ASHS-PN03B-06-CAMHDA301/2021/11/15/CAMHDA301-20211115T151500.mp4,540,1,clear,val,clear_window_2021_2022
CAMHDA301-20211115T181500,2021-11-15,/home/jovyan/ooi/san_data/RS03ASHS-PN03B-06-CAMHDA301/2021/11/15/CAMHDA301-20211115T181500.mp4,840,0,clear,val,clear_window_2021_2022
CAMHDA301-20211115T181500,2021-11-15,/home/jovyan/ooi/san_data/RS03ASHS-PN03B-06-CAMHDA301/2021/11/15/CAMHDA301-20211115T181500.mp4,480,0,clear,val,clear_window_2021_2022
CAMHDA301-20211115T181500,2021-11-15,/home/jovyan/ooi/san_data/RS03ASHS-PN03B-06-CAMHDA301/2021/11/15/CAMHDA301-20211115T181500.mp4,810,0,clear,val,clear_window_2021_2022
CAMHDA301-20211115T181500,2021-11-15,/home/jovyan/ooi/san_data/RS03ASHS-PN03B-06-CAMHDA301/2021/11/15/CAMHDA301-20211115T181500.mp4,390,0,clear,val,clear_window_2021_2022
CAMHDA301-20211115T211500,2021-11-15,/home/jovyan/ooi/san_data/RS03ASHS-PN03B-06-CAMHDA301/2021/11/15/CAMHDA301-20211115T211500.mp4,300,0,clear,val,clear_window_2021_2022
CAMHDA301-20211115T211500,2021-11-15,/home/jovyan/ooi/san_data/RS03ASHS-PN03B-06-CAMHDA301/2021/11/15/CAMHDA301-20211115T211500.mp4,690,0,clear,val,clear_window_2021_2022
CAMHDA301-20211115T211500,2021-11-15,/home/jovyan/ooi/san_data/RS03ASHS-PN03B-06-CAMHDA301/2021/11/15/CAMHDA301-20211115T211500.mp4,420,0,clear,val,clear_window_2021_2022
CAMHDA301-20211115T211500,2021-11-15,/home/jovyan/ooi/san_data/RS03ASHS-PN03B-06-CAMHDA301/2021/11/15/CAMHDA301-20211115T211500.mp4,480,0,clear,val,clear_window_2021_2022
CAMHDA301-20211116T001500,2021-11-16,/home/jovyan/ooi/san_data/RS03ASHS-PN03B-06-CAMHDA301/2021/11/16/CAMHDA301-20211116T001500.mp4,540,1,clear,train,tuesdays_2021_2024
CAMHDA301-20211116T031500,2021-11-16,/home/jovyan/ooi/san_data/RS03ASHS-PN03B-06-CAMHDA301/2021/11/16/CAMHDA301-20211116T031500.mp4,540,1,clear,train,tuesdays_2021_2024
CAMHDA301-20211116T061500,2021-11-16,/home/jovyan/ooi/san_data/RS03ASHS-PN03B-06-CAMHDA301/2021/11/16/CAMHDA301-20211116T061500.mp4,540,1,clear,train,tuesdays_2021_2024
CAMHDA301-20211116T091500,2021-11-16,/home/jovyan/ooi/san_data/RS03ASHS-PN03B-06-CAMHDA301/2021/11/16/CAMHDA301-20211116T091500.mp4,480,0,clear,train,tuesdays_2021_2024
CAMHDA301-20211116T091500,2021-11-16,/home/jovyan/ooi/san_data/RS03ASHS-PN03B-06-CAMHDA301/2021/11/16/CAMHDA301-20211116T091500.mp4,120,0,clear,train,tuesdays_2021_2024
CAMHDA301-20211116T091500,2021-11-16,/home/jovyan/ooi/san_data/RS03ASHS-PN03B-06-CAMHDA301/2021/11/16/CAMHDA301-20211116T091500.mp4,180,0,clear,train,tuesdays_2021_2024
CAMHDA301-20211116T091500,2021-11-16,/home/jovyan/ooi/san_data/RS03ASHS-PN03B-06-CAMHDA301/2021/11/16/CAMHDA301-20211116T091500.mp4,450,0,clear,train,tuesdays_2021_2024
CAMHDA301-20211116T121500,2021-11-16,/home/jovyan/ooi/san_data/RS03ASHS-PN03B-06-CAMHDA301/2021/11/16/CAMHDA301-20211116T121500.mp4,810,0,clear,train,tuesdays_2021_2024
CAMHDA301-20211116T121500,2021-11-16,/home/jovyan/ooi/san_data/RS03ASHS-PN03B-06-CAMHDA301/2021/11/16/CAMHDA301-20211116T121500.mp4,360,0,clear,train,tuesdays_2021_2024
CAMHDA301-20211116T121500,2021-11-16,/home/jovyan/ooi/san_data/RS03ASHS-PN03B-06-CAMHDA301/2021/11/16/CAMHDA301-20211116T121500.mp4,300,0,clear,train,tuesdays_2021_2024
CAMHDA301-20211116T121500,2021-11-16,/home/jovyan/ooi/san_data/RS03ASHS-PN03B-06-CAMHDA301/2021/11/16/CAMHDA301-20211116T121500.mp4,270,0,clear,train,tuesdays_2021_2024
CAMHDA301-20211116T151500,2021-11-16,/home/jovyan/ooi/san_data/RS03ASHS-PN03B-06-CAMHDA301/2021/11/16/CAMHDA301-20211116T151500.mp4,540,1,clear,train,tuesdays_2021_2024
CAMHDA301-20211116T181500,2021-11-16,/home/jovyan/ooi/san_data/RS03ASHS-PN03B-06-CAMHDA301/2021/11/16/CAMHDA301-20211116T181500.mp4,540,1,clear,train,tuesdays_2021_2024
CAMHDA301-20211116T211500,2021-11-16,/home/jovyan/ooi/san_data/RS03ASHS-PN03B-06-CAMHDA301/2021/11/16/CAMHDA301-20211116T211500.mp4,540,1,clear,train,tuesdays_2021_2024
CAMHDA301-20211122T001500,2021-11-22,/home/jovyan/ooi/san_data/RS03ASHS-PN03B-06-CAMHDA301/2021/11/22/CAMHDA301-20211122T001500.mp4,810,0,clear,train,clear_window_2021_2022
CAMHDA301-20211122T001500,2021-11-22,/home/jovyan/ooi/san_data/RS03ASHS-PN03B-06-CAMHDA301/2021/11/22/CAMHDA301-20211122T001500.mp4,180,0,clear,train,clear_window_2021_2022
CAMHDA301-20211122T001500,2021-11-22,/home/jovyan/ooi/san_data/RS03ASHS-PN03B-06-CAMHDA301/2021/11/22/CAMHDA301-20211122T001500.mp4,780,0,clear,train,clear_window_2021_2022
CAMHDA301-20211122T001500,2021-11-22,/home/jovyan/ooi/san_data/RS03ASHS-PN03B-06-CAMHDA301/2021/11/22/CAMHDA301-20211122T001500.mp4,420,0,clear,train,clear_window_2021_2022
CAMHDA301-20211122T031500,2021-11-22,/home/jovyan/ooi/san_data/RS03ASHS-PN03B-06-CAMHDA301/2021/11/22/CAMHDA301-20211122T031500.mp4,540,1,clear,train,clear_window_2021_2022
CAMHDA301-20211122T061500,2021-11-22,/home/jovyan/ooi/san_data/RS03ASHS-PN03B-06-CAMHDA301/2021/11/22/CAMHDA301-20211122T061500.mp4,780,0,clear,train,clear_window_2021_2022
CAMHDA301-20211122T061500,2021-11-22,/home/jovyan/ooi/san_data/RS03ASHS-PN03B-06-CAMHDA301/2021/11/22/CAMHDA301-20211122T061500.mp4,690,0,clear,train,clear_window_2021_2022
CAMHDA301-20211122T061500,2021-11-22,/home/jovyan/ooi/san_data/RS03ASHS-PN03B-06-CAMHDA301/2021/11/22/CAMHDA301-20211122T061500.mp4,480,0,clear,train,clear_window_2021_2022
CAMHDA301-20211122T061500,2021-11-22,/home/jovyan/ooi/san_data/RS03ASHS-PN03B-06-CAMHDA301/2021/11/22/CAMHDA301-20211122T061500.mp4,450,0,clear,train,clear_window_2021_2022
CAMHDA301-20211122T091500,2021-11-22,/home/jovyan/ooi/san_data/RS03ASHS-PN03B-06-CAMHDA301/2021/11/22/CAMHDA301-20211122T091500.mp4,810,0,clear,train,clear_window_2021_2022
CAMHDA301-20211122T091500,2021-11-22,/home/jovyan/ooi/san_data/RS03ASHS-PN03B-06-CAMHDA301/2021/11/22/CAMHDA301-20211122T091500.mp4,210,0,clear,train,clear_window_2021_2022
CAMHDA301-20211122T091500,2021-11-22,/home/jovyan/ooi/san_data/RS03ASHS-PN03B-06-CAMHDA301/2021/11/22/CAMHDA301-20211122T091500.mp4,300,0,clear,train,clear_window_2021_2022
CAMHDA301-20211122T091500,2021-11-22,/home/jovyan/ooi/san_data/RS03ASHS-PN03B-06-CAMHDA301/2021/11/22/CAMHDA301-20211122T091500.mp4,690,0,clear,train,clear_window_2021_2022
CAMHDA301-20211122T121500,2021-11-22,/home/jovyan/ooi/san_data/RS03ASHS-PN03B-06-CAMHDA301/2021/11/22/CAMHDA301-20211122T121500.mp4,540,1,clear,train,clear_window_2021_2022
CAMHDA301-20211122T151500,2021-11-22,/home/jovyan/ooi/san_data/RS03ASHS-PN03B-06-CAMHDA301/2021/11/22/CAMHDA301-20211122T151500.mp4,540,1,clear,train,clear_window_2021_2022
CAMHDA301-20211122T181500,2021-11-22,/home/jovyan/ooi/san_data/RS03ASHS-PN03B-06-CAMHDA301/2021/11/22/CAMHDA301-20211122T181500.mp4,540,1,clear,train,clear_window_2021_2022
CAMHDA301-20211122T211500,2021-11-22,/home/jovyan/ooi/san_data/RS03ASHS-PN03B-06-CAMHDA301/2021/11/22/CAMHDA301-20211122T211500.mp4,840,0,clear,train,clear_window_2021_2022
CAMHDA301-20211122T211500,2021-11-22,/home/jovyan/ooi/san_data/RS03ASHS-PN03B-06-CAMHDA301/2021/11/22/CAMHDA301-20211122T211500.mp4,750,0,clear,train,clear_window_2021_2022
CAMHDA301-20211122T211500,2021-11-22,/home/jovyan/ooi/san_data/RS03ASHS-PN03B-06-CAMHDA301/2021/11/22/CAMHDA301-20211122T211500.mp4,120,0,clear,train,clear_window_2021_2022
CAMHDA301-20211122T211500,2021-11-22,/home/jovyan/ooi/san_data/RS03ASHS-PN03B-06-CAMHDA301/2021/11/22/CAMHDA301-20211122T211500.mp4,540,0,clear,train,clear_window_2021_2022
CAMHDA301-20211123T001500,2021-11-23,/home/jovyan/ooi/san_data/RS03ASHS-PN03B-06-CAMHDA301/2021/11/23/CAMHDA301-20211123T001500.mp4,270,0,clear,test,tuesdays_2021_2024
CAMHDA301-20211123T001500,2021-11-23,/home/jovyan/ooi/san_data/RS03ASHS-PN03B-06-CAMHDA301/2021/11/23/CAMHDA301-20211123T001500.mp4,150,0,clear,test,tuesdays_2021_2024
CAMHDA301-20211123T001500,2021-11-23,/home/jovyan/ooi/san_data/RS03ASHS-PN03B-06-CAMHDA301/2021/11/23/CAMHDA301-20211123T001500.mp4,840,0,clear,test,tuesdays_2021_2024
CAMHDA301-20211123T001500,2021-11-23,/home/jovyan/ooi/san_data/RS03ASHS-PN03B-06-CAMHDA301/2021/11/23/CAMHDA301-20211123T001500.mp4,780,0,clear,test,tuesdays_2021_2024
CAMHDA301-20211123T031500,2021-11-23,/home/jovyan/ooi/san_data/RS03ASHS-PN03B-06-CAMHDA301/2021/11/23/CAMHDA301-20211123T031500.mp4,540,1,clear,test,tuesdays_2021_2024
CAMHDA301-20211123T061500,2021-11-23,/home/jovyan/ooi/san_data/RS03ASHS-PN03B-06-CAMHDA301/2021/11/23/CAMHDA301-20211123T061500.mp4,540,1,clear,test,tuesdays_2021_2024
CAMHDA301-20211123T091500,2021-11-23,/home/jovyan/ooi/san_data/RS03ASHS-PN03B-06-CAMHDA301/2021/11/23/CAMHDA301-20211123T091500.mp4,150,0,clear,test,tuesdays_2021_2024
CAMHDA301-20211123T091500,2021-11-23,/home/jovyan/ooi/san_data/RS03ASHS-PN03B-06-CAMHDA301/2021/11/23/CAMHDA301-20211123T091500.mp4,240,0,clear,test,tuesdays_2021_2024
CAMHDA301-20211123T091500,2021-11-23,/home/jovyan/ooi/san_data/RS03ASHS-PN03B-06-CAMHDA301/2021/11/23/CAMHDA301-20211123T091500.mp4,270,0,clear,test,tuesdays_2021_2024
CAMHDA301-20211123T091500,2021-11-23,/home/jovyan/ooi/san_data/RS03ASHS-PN03B-06-CAMHDA301/2021/11/23/CAMHDA301-20211123T091500.mp4,600,0,clear,test,tuesdays_2021_2024
CAMHDA301-20211123T121500,2021-11-23,/home/jovyan/ooi/san_data/RS03ASHS-PN03B-06-CAMHDA301/2021/11/23/CAMHDA301-20211123T121500.mp4,630,0,clear,test,tuesdays_2021_2024
CAMHDA301-20211123T121500,2021-11-23,/home/jovyan/ooi/san_data/RS03ASHS-PN03B-06-CAMHDA301/2021/11/23/CAMHDA301-20211123T121500.mp4,180,0,clear,test,tuesdays_2021_2024
CAMHDA301-20211123T121500,2021-11-23,/home/jovyan/ooi/san_data/RS03ASHS-PN03B-06-CAMHDA301/2021/11/23/CAMHDA301-20211123T121500.mp4,720,0,clear,test,tuesdays_2021_2024
CAMHDA301-20211123T121500,2021-11-23,/home/jovyan/ooi/san_data/RS03ASHS-PN03B-06-CAMHDA301/2021/11/23/CAMHDA301-20211123T121500.mp4,210,0,clear,test,tuesdays_2021_2024
CAMHDA301-20211123T151500,2021-11-23,/home/jovyan/ooi/san_data/RS03ASHS-PN03B-06-CAMHDA301/2021/11/23/CAMHDA301-20211123T151500.mp4,570,0,clear,test,tuesdays_2021_2024
CAMHDA301-20211123T151500,2021-11-23,/home/jovyan/ooi/san_data/RS03ASHS-PN03B-06-CAMHDA301/2021/11/23/CAMHDA301-20211123T151500.mp4,750,0,clear,test,tuesdays_2021_2024
CAMHDA301-20211123T151500,2021-11-23,/home/jovyan/ooi/san_data/RS03ASHS-PN03B-06-CAMHDA301/2021/11/23/CAMHDA301-20211123T151500.mp4,690,0,clear,test,tuesdays_2021_2024
CAMHDA301-20211123T151500,2021-11-23,/home/jovyan/ooi/san_data/RS03ASHS-PN03B-06-CAMHDA301/2021/11/23/CAMHDA301-20211123T151500.mp4,330,0,clear,test,tuesdays_2021_2024
CAMHDA301-20211123T181500,2021-11-23,/home/jovyan/ooi/san_data/RS03ASHS-PN03B-06-CAMHDA301/2021/11/23/CAMHDA301-20211123T181500.mp4,540,1,clear,test,tuesdays_2021_2024
CAMHDA301-20211123T211500,2021-11-23,/home/jovyan/ooi/san_data/RS03ASHS-PN03B-06-CAMHDA301/2021/11/23/CAMHDA301-20211123T211500.mp4,540,1,clear,test,tuesdays_2021_2024
CAMHDA301-20211129T001500,2021-11-29,/home/jovyan/ooi/san_data/RS03ASHS-PN03B-06-CAMHDA301/2021/11/29/CAMHDA301-20211129T001500.mp4,540,1,clear,val,clear_window_2021_2022
CAMHDA301-20211129T031500,2021-11-29,/home/jovyan/ooi/san_data/RS03ASHS-PN03B-06-CAMHDA301/2021/11/29/CAMHDA301-20211129T031500.mp4,360,0,clear,val,clear_window_2021_2022
CAMHDA301-20211129T031500,2021-11-29,/home/jovyan/ooi/san_data/RS03ASHS-PN03B-06-CAMHDA301/2021/11/29/CAMHDA301-20211129T031500.mp4,600,0,clear,val,clear_window_2021_2022
CAMHDA301-20211129T031500,2021-11-29,/home/jovyan/ooi/san_data/RS03ASHS-PN03B-06-CAMHDA301/2021/11/29/CAMHDA301-20211129T031500.mp4,240,0,clear,val,clear_window_2021_2022
CAMHDA301-20211129T031500,2021-11-29,/home/jovyan/ooi/san_data/RS03ASHS-PN03B-06-CAMHDA301/2021/11/29/CAMHDA301-20211129T031500.mp4,840,0,clear,val,clear_window_2021_2022
CAMHDA301-20211129T061500,2021-11-29,/home/jovyan/ooi/san_data/RS03ASHS-PN03B-06-CAMHDA301/2021/11/29/CAMHDA301-20211129T061500.mp4,30,0,clear,val,clear_window_2021_2022
CAMHDA301-20211129T061500,2021-11-29,/home/jovyan/ooi/san_data/RS03ASHS-PN03B-06-CAMHDA301/2021/11/29/CAMHDA301-20211129T061500.mp4,540,0,clear,val,clear_window_2021_2022
CAMHDA301-20211129T061500,2021-11-29,/home/jovyan/ooi/san_data/RS03ASHS-PN03B-06-CAMHDA301/2021/11/29/CAMHDA301-20211129T061500.mp4,660,0,clear,val,clear_window_2021_2022
CAMHDA301-20211129T061500,2021-11-29,/home/jovyan/ooi/san_data/RS03ASHS-PN03B-06-CAMHDA301/2021/11/29/CAMHDA301-20211129T061500.mp4,840,0,clear,val,clear_window_2021_2022
CAMHDA301-20211129T091500,2021-11-29,/home/jovyan/ooi/san_data/RS03ASHS-PN03B-06-CAMHDA301/2021/11/29/CAMHDA301-20211129T091500.mp4,660,0,clear,val,clear_window_2021_2022
CAMHDA301-20211129T091500,2021-11-29,/home/jovyan/ooi/san_data/RS03ASHS-PN03B-06-CAMHDA301/2021/11/29/CAMHDA301-20211129T091500.mp4,300,0,clear,val,clear_window_2021_2022
CAMHDA301-20211129T091500,2021-11-29,/home/jovyan/ooi/san_data/RS03ASHS-PN03B-06-CAMHDA301/2021/11/29/CAMHDA301-20211129T091500.mp4,120,0,clear,val,clear_window_2021_2022
CAMHDA301-20211129T091500,2021-11-29,/home/jovyan/ooi/san_data/RS03ASHS-PN03B-06-CAMHDA301/2021/11/29/CAMHDA301-20211129T091500.mp4,630,0,clear,val,clear_window_2021_2022
CAMHDA301-20211129T121500,2021-11-29,/home/jovyan/ooi/san_data/RS03ASHS-PN03B-06-CAMHDA301/2021/11/29/CAMHDA301-20211129T121500.mp4,540,1,clear,val,clear_window_2021_2022
CAMHDA301-20211129T151500,2021-11-29,/home/jovyan/ooi/san_data/RS03ASHS-PN03B-06-CAMHDA301/2021/11/29/CAMHDA301-20211129T151500.mp4,540,1,clear,val,clear_window_2021_2022
CAMHDA301-20211129T181500,2021-11-29,/home/jovyan/ooi/san_data/RS03ASHS-PN03B-06-CAMHDA301/2021/11/29/CAMHDA301-20211129T181500.mp4,630,0,clear,val,clear_window_2021_2022
CAMHDA301-20211129T181500,2021-11-29,/home/jovyan/ooi/san_data/RS03ASHS-PN03B-06-CAMHDA301/2021/11/29/CAMHDA301-20211129T181500.mp4,300,0,clear,val,clear_window_2021_2022
CAMHDA301-20211129T181500,2021-11-29,/home/jovyan/ooi/san_data/RS03ASHS-PN03B-06-CAMHDA301/2021/11/29/CAMHDA301-20211129T181500.mp4,840,0,clear,val,clear_window_2021_2022
CAMHDA301-20211129T181500,2021-11-29,/home/jovyan/ooi/san_data/RS03ASHS-PN03B-06-CAMHDA301/2021/11/29/CAMHDA301-20211129T181500.mp4,780,0,clear,val,clear_window_2021_2022
CAMHDA301-20211129T211500,2021-11-29,/home/jovyan/ooi/san_data/RS03ASHS-PN03B-06-CAMHDA301/2021/11/29/CAMHDA301-20211129T211500.mp4,750,0,clear,val,clear_window_2021_2022
CAMHDA301-20211129T211500,2021-11-29,/home/jovyan/ooi/san_data/RS03ASHS-PN03B-06-CAMHDA301/2021/11/29/CAMHDA301-20211129T211500.mp4,510,0,clear,val,clear_window_2021_2022
CAMHDA301-20211129T211500,2021-11-29,/home/jovyan/ooi/san_data/RS03ASHS-PN03B-06-CAMHDA301/2021/11/29/CAMHDA301-20211129T211500.mp4,570,0,clear,val,clear_window_2021_2022
CAMHDA301-20211129T211500,2021-11-29,/home/jovyan/ooi/san_data/RS03ASHS-PN03B-06-CAMHDA301/2021/11/29/CAMHDA301-20211129T211500.mp4,780,0,clear,val,clear_window_2021_2022
CAMHDA301-20211130T001500,2021-11-30,/home/jovyan/ooi/san_data/RS03ASHS-PN03B-06-CAMHDA301/2021/11/30/CAMHDA301-20211130T001500.mp4,840,0,clear,train,tuesdays_2021_2024
CAMHDA301-20211130T001500,2021-11-30,/home/jovyan/ooi/san_data/RS03ASHS-PN03B-06-CAMHDA301/2021/11/30/CAMHDA301-20211130T001500.mp4,660,0,clear,train,tuesdays_2021_2024
CAMHDA301-20211130T001500,2021-11-30,/home/jovyan/ooi/san_data/RS03ASHS-PN03B-06-CAMHDA301/2021/11/30/CAMHDA301-20211130T001500.mp4,330,0,clear,train,tuesdays_2021_2024
CAMHDA301-20211130T001500,2021-11-30,/home/jovyan/ooi/san_data/RS03ASHS-PN03B-06-CAMHDA301/2021/11/30/CAMHDA301-20211130T001500.mp4,90,0,clear,train,tuesdays_2021_2024
CAMHDA301-20211130T031500,2021-11-30,/home/jovyan/ooi/san_data/RS03ASHS-PN03B-06-CAMHDA301/2021/11/30/CAMHDA301-20211130T031500.mp4,720,0,clear,train,tuesdays_2021_2024
CAMHDA301-20211130T031500,2021-11-30,/home/jovyan/ooi/san_data/RS03ASHS-PN03B-06-CAMHDA301/2021/11/30/CAMHDA301-20211130T031500.mp4,30,0,clear,train,tuesdays_2021_2024
CAMHDA301-20211130T031500,2021-11-30,/home/jovyan/ooi/san_data/RS03ASHS-PN03B-06-CAMHDA301/2021/11/30/CAMHDA301-20211130T031500.mp4,540,0,clear,train,tuesdays_2021_2024
CAMHDA301-20211130T031500,2021-11-30,/home/jovyan/ooi/san_data/RS03ASHS-PN03B-06-CAMHDA301/2021/11/30/CAMHDA301-20211130T031500.mp4,480,0,clear,train,tuesdays_2021_2024
CAMHDA301-20211130T061500,2021-11-30,/home/jovyan/ooi/san_data/RS03ASHS-PN03B-06-CAMHDA301/2021/11/30/CAMHDA301-20211130T061500.mp4,750,0,clear,train,tuesdays_2021_2024
CAMHDA301-20211130T061500,2021-11-30,/home/jovyan/ooi/san_data/RS03ASHS-PN03B-06-CAMHDA301/2021/11/30/CAMHDA301-20211130T061500.mp4,510,0,clear,train,tuesdays_2021_2024
CAMHDA301-20211130T061500,2021-11-30,/home/jovyan/ooi/san_data/RS03ASHS-PN03B-06-CAMHDA301/2021/11/30/CAMHDA301-20211130T061500.mp4,780,0,clear,train,tuesdays_2021_2024
CAMHDA301-20211130T061500,2021-11-30,/home/jovyan/ooi/san_data/RS03ASHS-PN03B-06-CAMHDA301/2021/11/30/CAMHDA301-20211130T061500.mp4,390,0,clear,train,tuesdays_2021_2024
CAMHDA301-20211130T091500,2021-11-30,/home/jovyan/ooi/san_data/RS03ASHS-PN03B-06-CAMHDA301/2021/11/30/CAMHDA301-20211130T091500.mp4,480,0,clear,train,tuesdays_2021_2024
CAMHDA301-20211130T091500,2021-11-30,/home/jovyan/ooi/san_data/RS03ASHS-PN03B-06-CAMHDA301/2021/11/30/CAMHDA301-20211130T091500.mp4,450,0,clear,train,tuesdays_2021_2024
CAMHDA301-20211130T091500,2021-11-30,/home/jovyan/ooi/san_data/RS03ASHS-PN03B-06-CAMHDA301/2021/11/30/CAMHDA301-20211130T091500.mp4,330,0,clear,train,tuesdays_2021_2024
CAMHDA301-20211130T091500,2021-11-30,/home/jovyan/ooi/san_data/RS03ASHS-PN03B-06-CAMHDA301/2021/11/30/CAMHDA301-20211130T091500.mp4,750,0,clear,train,tuesdays_2021_2024
CAMHDA301-20211130T121500,2021-11-30,/home/jovyan/ooi/san_data/RS03ASHS-PN03B-06-CAMHDA301/2021/11/30/CAMHDA301-20211130T121500.mp4,240,0,clear,train,tuesdays_2021_2024
CAMHDA301-20211130T121500,2021-11-30,/home/jovyan/ooi/san_data/RS03ASHS-PN03B-06-CAMHDA301/2021/11/30/CAMHDA301-20211130T121500.mp4,90,0,clear,train,tuesdays_2021_2024
CAMHDA301-20211130T121500,2021-11-30,/home/jovyan/ooi/san_data/RS03ASHS-PN03B-06-CAMHDA301/2021/11/30/CAMHDA301-20211130T121500.mp4,600,0,clear,train,tuesdays_2021_2024
CAMHDA301-20211130T121500,2021-11-30,/home/jovyan/ooi/san_data/RS03ASHS-PN03B-06-CAMHDA301/2021/11/30/CAMHDA301-20211130T121500.mp4,480,0,clear,train,tuesdays_2021_2024
CAMHDA301-20211130T151500,2021-11-30,/home/jovyan/ooi/san_data/RS03ASHS-PN03B-06-CAMHDA301/2021/11/30/CAMHDA301-20211130T151500.mp4,330,0,clear,train,tuesdays_2021_2024
CAMHDA301-20211130T151500,2021-11-30,/home/jovyan/ooi/san_data/RS03ASHS-PN03B-06-CAMHDA301/2021/11/30/CAMHDA301-20211130T151500.mp4,720,0,clear,train,tuesdays_2021_2024
CAMHDA301-20211130T151500,2021-11-30,/home/jovyan/ooi/san_data/RS03ASHS-PN03B-06-CAMHDA301/2021/11/30/CAMHDA301-20211130T151500.mp4,810,0,clear,train,tuesdays_2021_2024
CAMHDA301-20211130T151500,2021-11-30,/home/jovyan/ooi/san_data/RS03ASHS-PN03B-06-CAMHDA301/2021/11/30/CAMHDA301-20211130T151500.mp4,390,0,clear,train,tuesdays_2021_2024
CAMHDA301-20211130T181500,2021-11-30,/home/jovyan/ooi/san_data/RS03ASHS-PN03B-06-CAMHDA301/2021/11/30/CAMHDA301-20211130T181500.mp4,270,0,clear,train,tuesdays_2021_2024
CAMHDA301-20211130T181500,2021-11-30,/home/jovyan/ooi/san_data/RS03ASHS-PN03B-06-CAMHDA301/2021/11/30/CAMHDA301-20211130T181500.mp4,240,0,clear,train,tuesdays_2021_2024
CAMHDA301-20211130T181500,2021-11-30,/home/jovyan/ooi/san_data/RS03ASHS-PN03B-06-CAMHDA301/2021/11/30/CAMHDA301-20211130T181500.mp4,660,0,clear,train,tuesdays_2021_2024
CAMHDA301-20211130T181500,2021-11-30,/home/jovyan/ooi/san_data/RS03ASHS-PN03B-06-CAMHDA301/2021/11/30/CAMHDA301-20211130T181500.mp4,540,0,clear,train,tuesdays_2021_2024
CAMHDA301-20211130T211500,2021-11-30,/home/jovyan/ooi/san_data/RS03ASHS-PN03B-06-CAMHDA301/2021/11/30/CAMHDA301-20211130T211500.mp4,540,1,clear,train,tuesdays_2021_2024
CAMHDA301-20211206T001500,2021-12-06,/home/jovyan/ooi/san_data/RS03ASHS-PN03B-06-CAMHDA301/2021/12/06/CAMHDA301-20211206T001500.mp4,540,1,clear,train,clear_window_2021_2022
CAMHDA301-20211206T031500,2021-12-06,/home/jovyan/ooi/san_data/RS03ASHS-PN03B-06-CAMHDA301/2021/12/06/CAMHDA301-20211206T031500.mp4,540,1,clear,train,clear_window_2021_2022
CAMHDA301-20211206T061500,2021-12-06,/home/jovyan/ooi/san_data/RS03ASHS-PN03B-06-CAMHDA301/2021/12/06/CAMHDA301-20211206T061500.mp4,540,1,clear,train,clear_window_2021_2022
CAMHDA301-20211206T091500,2021-12-06,/home/jovyan/ooi/san_data/RS03ASHS-PN03B-06-CAMHDA301/2021/12/06/CAMHDA301-20211206T091500.mp4,540,1,clear,train,clear_window_2021_2022
CAMHDA301-20211206T121500,2021-12-06,/home/jovyan/ooi/san_data/RS03ASHS-PN03B-06-CAMHDA301/2021/12/06/CAMHDA301-20211206T121500.mp4,540,1,clear,train,clear_window_2021_2022
CAMHDA301-20211206T151500,2021-12-06,/home/jovyan/ooi/san_data/RS03ASHS-PN03B-06-CAMHDA301/2021/12/06/CAMHDA301-20211206T151500.mp4,540,1,clear,train,clear_window_2021_2022
CAMHDA301-20211206T181500,2021-12-06,/home/jovyan/ooi/san_data/RS03ASHS-PN03B-06-CAMHDA301/2021/12/06/CAMHDA301-20211206T181500.mp4,540,1,clear,train,clear_window_2021_2022
CAMHDA301-20211206T211500,2021-12-06,/home/jovyan/ooi/san_data/RS03ASHS-PN03B-06-CAMHDA301/2021/12/06/CAMHDA301-20211206T211500.mp4,540,1,clear,train,clear_window_2021_2022
CAMHDA301-20211207T001500,2021-12-07,/home/jovyan/ooi/san_data/RS03ASHS-PN03B-06-CAMHDA301/2021/12/07/CAMHDA301-20211207T001500.mp4,120,0,clear,train,tuesdays_2021_2024
CAMHDA301-20211207T001500,2021-12-07,/home/jovyan/ooi/san_data/RS03ASHS-PN03B-06-CAMHDA301/2021/12/07/CAMHDA301-20211207T001500.mp4,540,0,clear,train,tuesdays_2021_2024
CAMHDA301-20211207T001500,2021-12-07,/home/jovyan/ooi/san_data/RS03ASHS-PN03B-06-CAMHDA301/2021/12/07/CAMHDA301-20211207T001500.mp4,300,0,clear,train,tuesdays_2021_2024
CAMHDA301-20211207T001500,2021-12-07,/home/jovyan/ooi/san_data/RS03ASHS-PN03B-06-CAMHDA301/2021/12/07/CAMHDA301-20211207T001500.mp4,660,0,clear,train,tuesdays_2021_2024
CAMHDA301-20211207T031500,2021-12-07,/home/jovyan/ooi/san_data/RS03ASHS-PN03B-06-CAMHDA301/2021/12/07/CAMHDA301-20211207T031500.mp4,540,1,clear,train,tuesdays_2021_2024
CAMHDA301-20211207T061500,2021-12-07,/home/jovyan/ooi/san_data/RS03ASHS-PN03B-06-CAMHDA301/2021/12/07/CAMHDA301-20211207T061500.mp4,540,1,clear,train,tuesdays_2021_2024
CAMHDA301-20211207T091500,2021-12-07,/home/jovyan/ooi/san_data/RS03ASHS-PN03B-06-CAMHDA301/2021/12/07/CAMHDA301-20211207T091500.mp4,540,1,clear,train,tuesdays_2021_2024
CAMHDA301-20211207T121500,2021-12-07,/home/jovyan/ooi/san_data/RS03ASHS-PN03B-06-CAMHDA301/2021/12/07/CAMHDA301-20211207T121500.mp4,540,1,clear,train,tuesdays_2021_2024
CAMHDA301-20211207T151500,2021-12-07,/home/jovyan/ooi/san_data/RS03ASHS-PN03B-06-CAMHDA301/2021/12/07/CAMHDA301-20211207T151500.mp4,660,0,clear,train,tuesdays_2021_2024
CAMHDA301-20211207T151500,2021-12-07,/home/jovyan/ooi/san_data/RS03ASHS-PN03B-06-CAMHDA301/2021/12/07/CAMHDA301-20211207T151500.mp4,570,0,clear,train,tuesdays_2021_2024
CAMHDA301-20211207T151500,2021-12-07,/home/jovyan/ooi/san_data/RS03ASHS-PN03B-06-CAMHDA301/2021/12/07/CAMHDA301-20211207T151500.mp4,510,0,clear,train,tuesdays_2021_2024
CAMHDA301-20211207T151500,2021-12-07,/home/jovyan/ooi/san_data/RS03ASHS-PN03B-06-CAMHDA301/2021/12/07/CAMHDA301-20211207T151500.mp4,750,0,clear,train,tuesdays_2021_2024
CAMHDA301-20211207T181500,2021-12-07,/home/jovyan/ooi/san_data/RS03ASHS-PN03B-06-CAMHDA301/2021/12/07/CAMHDA301-20211207T181500.mp4,630,0,clear,train,tuesdays_2021_2024
CAMHDA301-20211207T181500,2021-12-07,/home/jovyan/ooi/san_data/RS03ASHS-PN03B-06-CAMHDA301/2021/12/07/CAMHDA301-20211207T181500.mp4,360,0,clear,train,tuesdays_2021_2024
CAMHDA301-20211207T181500,2021-12-07,/home/jovyan/ooi/san_data/RS03ASHS-PN03B-06-CAMHDA301/2021/12/07/CAMHDA301-20211207T181500.mp4,840,0,clear,train,tuesdays_2021_2024
CAMHDA301-20211207T181500,2021-12-07,/home/jovyan/ooi/san_data/RS03ASHS-PN03B-06-CAMHDA301/2021/12/07/CAMHDA301-20211207T181500.mp4,690,0,clear,train,tuesdays_2021_2024
CAMHDA301-20211207T211500,2021-12-07,/home/jovyan/ooi/san_data/RS03ASHS-PN03B-06-CAMHDA301/2021/12/07/CAMHDA301-20211207T211500.mp4,420,0,clear,train,tuesdays_2021_2024
CAMHDA301-20211207T211500,2021-12-07,/home/jovyan/ooi/san_data/RS03ASHS-PN03B-06-CAMHDA301/2021/12/07/CAMHDA301-20211207T211500.mp4,30,0,clear,train,tuesdays_2021_2024
CAMHDA301-20211207T211500,2021-12-07,/home/jovyan/ooi/san_data/RS03ASHS-PN03B-06-CAMHDA301/2021/12/07/CAMHDA301-20211207T211500.mp4,360,0,clear,train,tuesdays_2021_2024
CAMHDA301-20211207T211500,2021-12-07,/home/jovyan/ooi/san_data/RS03ASHS-PN03B-06-CAMHDA301/2021/12/07/CAMHDA301-20211207T211500.mp4,480,0,clear,train,tuesdays_2021_2024
CAMHDA301-20211213T001500,2021-12-13,/home/jovyan/ooi/san_data/RS03ASHS-PN03B-06-CAMHDA301/2021/12/13/CAMHDA301-20211213T001500.mp4,540,1,clear,train,clear_window_2021_2022
CAMHDA301-20211213T031500,2021-12-13,/home/jovyan/ooi/san_data/RS03ASHS-PN03B-06-CAMHDA301/2021/12/13/CAMHDA301-20211213T031500.mp4,540,1,clear,train,clear_window_2021_2022
CAMHDA301-20211213T061500,2021-12-13,/home/jovyan/ooi/san_data/RS03ASHS-PN03B-06-CAMHDA301/2021/12/13/CAMHDA301-20211213T061500.mp4,540,1,clear,train,clear_window_2021_2022
CAMHDA301-20211213T091500,2021-12-13,/home/jovyan/ooi/san_data/RS03ASHS-PN03B-06-CAMHDA301/2021/12/13/CAMHDA301-20211213T091500.mp4,540,1,clear,train,clear_window_2021_2022
CAMHDA301-20211213T121500,2021-12-13,/home/jovyan/ooi/san_data/RS03ASHS-PN03B-06-CAMHDA301/2021/12/13/CAMHDA301-20211213T121500.mp4,540,1,clear,train,clear_window_2021_2022
CAMHDA301-20211213T151500,2021-12-13,/home/jovyan/ooi/san_data/RS03ASHS-PN03B-06-CAMHDA301/2021/12/13/CAMHDA301-20211213T151500.mp4,540,1,clear,train,clear_window_2021_2022
CAMHDA301-20211213T181500,2021-12-13,/home/jovyan/ooi/san_data/RS03ASHS-PN03B-06-CAMHDA301/2021/12/13/CAMHDA301-20211213T181500.mp4,540,1,clear,train,clear_window_2021_2022
CAMHDA301-20211213T211500,2021-12-13,/home/jovyan/ooi/san_data/RS03ASHS-PN03B-06-CAMHDA301/2021/12/13/CAMHDA301-20211213T211500.mp4,780,0,clear,train,clear_window_2021_2022
CAMHDA301-20211213T211500,2021-12-13,/home/jovyan/ooi/san_data/RS03ASHS-PN03B-06-CAMHDA301/2021/12/13/CAMHDA301-20211213T211500.mp4,660,0,clear,train,clear_window_2021_2022
CAMHDA301-20211213T211500,2021-12-13,/home/jovyan/ooi/san_data/RS03ASHS-PN03B-06-CAMHDA301/2021/12/13/CAMHDA301-20211213T211500.mp4,420,0,clear,train,clear_window_2021_2022
CAMHDA301-20211213T211500,2021-12-13,/home/jovyan/ooi/san_data/RS03ASHS-PN03B-06-CAMHDA301/2021/12/13/CAMHDA301-20211213T211500.mp4,450,0,clear,train,clear_window_2021_2022
CAMHDA301-20211214T001500,2021-12-14,/home/jovyan/ooi/san_data/RS03ASHS-PN03B-06-CAMHDA301/2021/12/14/CAMHDA301-20211214T001500.mp4,540,1,clear,train,tuesdays_2021_2024
CAMHDA301-20211214T031500,2021-12-14,/home/jovyan/ooi/san_data/RS03ASHS-PN03B-06-CAMHDA301/2021/12/14/CAMHDA301-20211214T031500.mp4,540,1,clear,train,tuesdays_2021_2024
CAMHDA301-20211214T061500,2021-12-14,/home/jovyan/ooi/san_data/RS03ASHS-PN03B-06-CAMHDA301/2021/12/14/CAMHDA301-20211214T061500.mp4,540,1,clear,train,tuesdays_2021_2024
CAMHDA301-20211214T091500,2021-12-14,/home/jovyan/ooi/san_data/RS03ASHS-PN03B-06-CAMHDA301/2021/12/14/CAMHDA301-20211214T091500.mp4,540,1,clear,train,tuesdays_2021_2024
CAMHDA301-20211214T121500,2021-12-14,/home/jovyan/ooi/san_data/RS03ASHS-PN03B-06-CAMHDA301/2021/12/14/CAMHDA301-20211214T121500.mp4,540,1,clear,train,tuesdays_2021_2024
CAMHDA301-20211214T151500,2021-12-14,/home/jovyan/ooi/san_data/RS03ASHS-PN03B-06-CAMHDA301/2021/12/14/CAMHDA301-20211214T151500.mp4,780,0,clear,train,tuesdays_2021_2024
CAMHDA301-20211214T151500,2021-12-14,/home/jovyan/ooi/san_data/RS03ASHS-PN03B-06-CAMHDA301/2021/12/14/CAMHDA301-20211214T151500.mp4,240,0,clear,train,tuesdays_2021_2024
CAMHDA301-20211214T151500,2021-12-14,/home/jovyan/ooi/san_data/RS03ASHS-PN03B-06-CAMHDA301/2021/12/14/CAMHDA301-20211214T151500.mp4,570,0,clear,train,tuesdays_2021_2024
CAMHDA301-20211214T151500,2021-12-14,/home/jovyan/ooi/san_data/RS03ASHS-PN03B-06-CAMHDA301/2021/12/14/CAMHDA301-20211214T151500.mp4,480,0,clear,train,tuesdays_2021_2024
CAMHDA301-20211214T181500,2021-12-14,/home/jovyan/ooi/san_data/RS03ASHS-PN03B-06-CAMHDA301/2021/12/14/CAMHDA301-20211214T181500.mp4,540,1,clear,train,tuesdays_2021_2024
CAMHDA301-20211214T211500,2021-12-14,/home/jovyan/ooi/san_data/RS03ASHS-PN03B-06-CAMHDA301/2021/12/14/CAMHDA301-20211214T211500.mp4,540,1,clear,train,tuesdays_2021_2024
CAMHDA301-20211220T001500,2021-12-20,/home/jovyan/ooi/san_data/RS03ASHS-PN03B-06-CAMHDA301/2021/12/20/CAMHDA301-20211220T001500.mp4,690,0,clear,train,clear_window_2021_2022
CAMHDA301-20211220T001500,2021-12-20,/home/jovyan/ooi/san_data/RS03ASHS-PN03B-06-CAMHDA301/2021/12/20/CAMHDA301-20211220T001500.mp4,30,0,clear,train,clear_window_2021_2022
CAMHDA301-20211220T001500,2021-12-20,/home/jovyan/ooi/san_data/RS03ASHS-PN03B-06-CAMHDA301/2021/12/20/CAMHDA301-20211220T001500.mp4,840,0,clear,train,clear_window_2021_2022
CAMHDA301-20211220T001500,2021-12-20,/home/jovyan/ooi/san_data/RS03ASHS-PN03B-06-CAMHDA301/2021/12/20/CAMHDA301-20211220T001500.mp4,600,0,clear,train,clear_window_2021_2022
CAMHDA301-20211220T031500,2021-12-20,/home/jovyan/ooi/san_data/RS03ASHS-PN03B-06-CAMHDA301/2021/12/20/CAMHDA301-20211220T031500.mp4,510,0,clear,train,clear_window_2021_2022
CAMHDA301-20211220T031500,2021-12-20,/home/jovyan/ooi/san_data/RS03ASHS-PN03B-06-CAMHDA301/2021/12/20/CAMHDA301-20211220T031500.mp4,840,0,clear,train,clear_window_2021_2022
CAMHDA301-20211220T031500,2021-12-20,/home/jovyan/ooi/san_data/RS03ASHS-PN03B-06-CAMHDA301/2021/12/20/CAMHDA301-20211220T031500.mp4,150,0,clear,train,clear_window_2021_2022
CAMHDA301-20211220T031500,2021-12-20,/home/jovyan/ooi/san_data/RS03ASHS-PN03B-06-CAMHDA301/2021/12/20/CAMHDA301-20211220T031500.mp4,720,0,clear,train,clear_window_2021_2022
CAMHDA301-20211220T061500,2021-12-20,/home/jovyan/ooi/san_data/RS03ASHS-PN03B-06-CAMHDA301/2021/12/20/CAMHDA301-20211220T061500.mp4,150,0,clear,train,clear_window_2021_2022
CAMHDA301-20211220T061500,2021-12-20,/home/jovyan/ooi/san_data/RS03ASHS-PN03B-06-CAMHDA301/2021/12/20/CAMHDA301-20211220T061500.mp4,420,0,clear,train,clear_window_2021_2022
CAMHDA301-20211220T061500,2021-12-20,/home/jovyan/ooi/san_data/RS03ASHS-PN03B-06-CAMHDA301/2021/12/20/CAMHDA301-20211220T061500.mp4,30,0,clear,train,clear_window_2021_2022
CAMHDA301-20211220T061500,2021-12-20,/home/jovyan/ooi/san_data/RS03ASHS-PN03B-06-CAMHDA301/2021/12/20/CAMHDA301-20211220T061500.mp4,540,0,clear,train,clear_window_2021_2022
CAMHDA301-20211220T091500,2021-12-20,/home/jovyan/ooi/san_data/RS03ASHS-PN03B-06-CAMHDA301/2021/12/20/CAMHDA301-20211220T091500.mp4,300,0,clear,train,clear_window_2021_2022
CAMHDA301-20211220T091500,2021-12-20,/home/jovyan/ooi/san_data/RS03ASHS-PN03B-06-CAMHDA301/2021/12/20/CAMHDA301-20211220T091500.mp4,480,0,clear,train,clear_window_2021_2022
CAMHDA301-20211220T091500,2021-12-20,/home/jovyan/ooi/san_data/RS03ASHS-PN03B-06-CAMHDA301/2021/12/20/CAMHDA301-20211220T091500.mp4,570,0,clear,train,clear_window_2021_2022
CAMHDA301-20211220T091500,2021-12-20,/home/jovyan/ooi/san_data/RS03ASHS-PN03B-06-CAMHDA301/2021/12/20/CAMHDA301-20211220T091500.mp4,840,0,clear,train,clear_window_2021_2022
CAMHDA301-20211220T121500,2021-12-20,/home/jovyan/ooi/san_data/RS03ASHS-PN03B-06-CAMHDA301/2021/12/20/CAMHDA301-20211220T121500.mp4,540,1,clear,train,clear_window_2021_2022
CAMHDA301-20211220T151500,2021-12-20,/home/jovyan/ooi/san_data/RS03ASHS-PN03B-06-CAMHDA301/2021/12/20/CAMHDA301-20211220T151500.mp4,120,0,clear,train,clear_window_2021_2022
CAMHDA301-20211220T151500,2021-12-20,/home/jovyan/ooi/san_data/RS03ASHS-PN03B-06-CAMHDA301/2021/12/20/CAMHDA301-20211220T151500.mp4,660,0,clear,train,clear_window_2021_2022
CAMHDA301-20211220T151500,2021-12-20,/home/jovyan/ooi/san_data/RS03ASHS-PN03B-06-CAMHDA301/2021/12/20/CAMHDA301-20211220T151500.mp4,360,0,clear,train,clear_window_2021_2022
CAMHDA301-20211220T151500,2021-12-20,/home/jovyan/ooi/san_data/RS03ASHS-PN03B-06-CAMHDA301/2021/12/20/CAMHDA301-20211220T151500.mp4,450,0,clear,train,clear_window_2021_2022
CAMHDA301-20211220T181500,2021-12-20,/home/jovyan/ooi/san_data/RS03ASHS-PN03B-06-CAMHDA301/2021/12/20/CAMHDA301-20211220T181500.mp4,720,0,clear,train,clear_window_2021_2022
CAMHDA301-20211220T181500,2021-12-20,/home/jovyan/ooi/san_data/RS03ASHS-PN03B-06-CAMHDA301/2021/12/20/CAMHDA301-20211220T181500.mp4,210,0,clear,train,clear_window_2021_2022
CAMHDA301-20211220T181500,2021-12-20,/home/jovyan/ooi/san_data/RS03ASHS-PN03B-06-CAMHDA301/2021/12/20/CAMHDA301-20211220T181500.mp4,30,0,clear,train,clear_window_2021_2022
CAMHDA301-20211220T181500,2021-12-20,/home/jovyan/ooi/san_data/RS03ASHS-PN03B-06-CAMHDA301/2021/12/20/CAMHDA301-20211220T181500.mp4,120,0,clear,train,clear_window_2021_2022
CAMHDA301-20211220T211500,2021-12-20,/home/jovyan/ooi/san_data/RS03ASHS-PN03B-06-CAMHDA301/2021/12/20/CAMHDA301-20211220T211500.mp4,510,0,clear,train,clear_window_2021_2022
CAMHDA301-20211220T211500,2021-12-20,/home/jovyan/ooi/san_data/RS03ASHS-PN03B-06-CAMHDA301/2021/12/20/CAMHDA301-20211220T211500.mp4,210,0,clear,train,clear_window_2021_2022
CAMHDA301-20211220T211500,2021-12-20,/home/jovyan/ooi/san_data/RS03ASHS-PN03B-06-CAMHDA301/2021/12/20/CAMHDA301-20211220T211500.mp4,90,0,clear,train,clear_window_2021_2022
CAMHDA301-20211220T211500,2021-12-20,/home/jovyan/ooi/san_data/RS03ASHS-PN03B-06-CAMHDA301/2021/12/20/CAMHDA301-20211220T211500.mp4,150,0,clear,train,clear_window_2021_2022
CAMHDA301-20211221T001500,2021-12-21,/home/jovyan/ooi/san_data/RS03ASHS-PN03B-06-CAMHDA301/2021/12/21/CAMHDA301-20211221T001500.mp4,540,1,clear,train,tuesdays_2021_2024
CAMHDA301-20211221T031500,2021-12-21,/home/jovyan/ooi/san_data/RS03ASHS-PN03B-06-CAMHDA301/2021/12/21/CAMHDA301-20211221T031500.mp4,540,1,clear,train,tuesdays_2021_2024
CAMHDA301-20211221T061500,2021-12-21,/home/jovyan/ooi/san_data/RS03ASHS-PN03B-06-CAMHDA301/2021/12/21/CAMHDA301-20211221T061500.mp4,540,1,clear,train,tuesdays_2021_2024
CAMHDA301-20211221T091500,2021-12-21,/home/jovyan/ooi/san_data/RS03ASHS-PN03B-06-CAMHDA301/2021/12/21/CAMHDA301-20211221T091500.mp4,540,1,clear,train,tuesdays_2021_2024
CAMHDA301-20211221T121500,2021-12-21,/home/jovyan/ooi/san_data/RS03ASHS-PN03B-06-CAMHDA301/2021/12/21/CAMHDA301-20211221T121500.mp4,180,0,clear,train,tuesdays_2021_2024
CAMHDA301-20211221T121500,2021-12-21,/home/jovyan/ooi/san_data/RS03ASHS-PN03B-06-CAMHDA301/2021/12/21/CAMHDA301-20211221T121500.mp4,120,0,clear,train,tuesdays_2021_2024
CAMHDA301-20211221T121500,2021-12-21,/home/jovyan/ooi/san_data/RS03ASHS-PN03B-06-CAMHDA301/2021/12/21/CAMHDA301-20211221T121500.mp4,750,0,clear,train,tuesdays_2021_2024
CAMHDA301-20211221T121500,2021-12-21,/home/jovyan/ooi/san_data/RS03ASHS-PN03B-06-CAMHDA301/2021/12/21/CAMHDA301-20211221T121500.mp4,690,0,clear,train,tuesdays_2021_2024
CAMHDA301-20211221T151500,2021-12-21,/home/jovyan/ooi/san_data/RS03ASHS-PN03B-06-CAMHDA301/2021/12/21/CAMHDA301-20211221T151500.mp4,540,1,clear,train,tuesdays_2021_2024
CAMHDA301-20211221T181500,2021-12-21,/home/jovyan/ooi/san_data/RS03ASHS-PN03B-06-CAMHDA301/2021/12/21/CAMHDA301-20211221T181500.mp4,540,1,clear,train,tuesdays_2021_2024
CAMHDA301-20211221T211500,2021-12-21,/home/jovyan/ooi/san_data/RS03ASHS-PN03B-06-CAMHDA301/2021/12/21/CAMHDA301-20211221T211500.mp4,360,0,clear,train,tuesdays_2021_2024
CAMHDA301-20211221T211500,2021-12-21,/home/jovyan/ooi/san_data/RS03ASHS-PN03B-06-CAMHDA301/2021/12/21/CAMHDA301-20211221T211500.mp4,60,0,clear,train,tuesdays_2021_2024
CAMHDA301-20211221T211500,2021-12-21,/home/jovyan/ooi/san_data/RS03ASHS-PN03B-06-CAMHDA301/2021/12/21/CAMHDA301-20211221T211500.mp4,180,0,clear,train,tuesdays_2021_2024
CAMHDA301-20211221T211500,2021-12-21,/home/jovyan/ooi/san_data/RS03ASHS-PN03B-06-CAMHDA301/2021/12/21/CAMHDA301-20211221T211500.mp4,120,0,clear,train,tuesdays_2021_2024
CAMHDA301-20211227T001500,2021-12-27,/home/jovyan/ooi/san_data/RS03ASHS-PN03B-06-CAMHDA301/2021/12/27/CAMHDA301-20211227T001500.mp4,540,1,clear,train,clear_window_2021_2022
CAMHDA301-20211227T031500,2021-12-27,/home/jovyan/ooi/san_data/RS03ASHS-PN03B-06-CAMHDA301/2021/12/27/CAMHDA301-20211227T031500.mp4,780,0,clear,train,clear_window_2021_2022
CAMHDA301-20211227T031500,2021-12-27,/home/jovyan/ooi/san_data/RS03ASHS-PN03B-06-CAMHDA301/2021/12/27/CAMHDA301-20211227T031500.mp4,450,0,clear,train,clear_window_2021_2022
CAMHDA301-20211227T031500,2021-12-27,/home/jovyan/ooi/san_data/RS03ASHS-PN03B-06-CAMHDA301/2021/12/27/CAMHDA301-20211227T031500.mp4,60,0,clear,train,clear_window_2021_2022
CAMHDA301-20211227T031500,2021-12-27,/home/jovyan/ooi/san_data/RS03ASHS-PN03B-06-CAMHDA301/2021/12/27/CAMHDA301-20211227T031500.mp4,810,0,clear,train,clear_window_2021_2022
CAMHDA301-20211227T061500,2021-12-27,/home/jovyan/ooi/san_data/RS03ASHS-PN03B-06-CAMHDA301/2021/12/27/CAMHDA301-20211227T061500.mp4,540,1,clear,train,clear_window_2021_2022
CAMHDA301-20211227T091500,2021-12-27,/home/jovyan/ooi/san_data/RS03ASHS-PN03B-06-CAMHDA301/2021/12/27/CAMHDA301-20211227T091500.mp4,540,1,clear,train,clear_window_2021_2022
CAMHDA301-20211227T121500,2021-12-27,/home/jovyan/ooi/san_data/RS03ASHS-PN03B-06-CAMHDA301/2021/12/27/CAMHDA301-20211227T121500.mp4,540,1,clear,train,clear_window_2021_2022
CAMHDA301-20211227T151500,2021-12-27,/home/jovyan/ooi/san_data/RS03ASHS-PN03B-06-CAMHDA301/2021/12/27/CAMHDA301-20211227T151500.mp4,540,1,clear,train,clear_window_2021_2022
CAMHDA301-20211227T181500,2021-12-27,/home/jovyan/ooi/san_data/RS03ASHS-PN03B-06-CAMHDA301/2021/12/27/CAMHDA301-20211227T181500.mp4,780,0,clear,train,clear_window_2021_2022
CAMHDA301-20211227T181500,2021-12-27,/home/jovyan/ooi/san_data/RS03ASHS-PN03B-06-CAMHDA301/2021/12/27/CAMHDA301-20211227T181500.mp4,120,0,clear,train,clear_window_2021_2022
CAMHDA301-20211227T181500,2021-12-27,/home/jovyan/ooi/san_data/RS03ASHS-PN03B-06-CAMHDA301/2021/12/27/CAMHDA301-20211227T181500.mp4,300,0,clear,train,clear_window_2021_2022
CAMHDA301-20211227T181500,2021-12-27,/home/jovyan/ooi/san_data/RS03ASHS-PN03B-06-CAMHDA301/2021/12/27/CAMHDA301-20211227T181500.mp4,210,0,clear,train,clear_window_2021_2022
CAMHDA301-20211227T211500,2021-12-27,/home/jovyan/ooi/san_data/RS03ASHS-PN03B-06-CAMHDA301/2021/12/27/CAMHDA301-20211227T211500.mp4,510,1,clear,train,clear_window_2021_2022
CAMHDA301-20211228T001500,2021-12-28,/home/jovyan/ooi/san_data/RS03ASHS-PN03B-06-CAMHDA301/2021/12/28/CAMHDA301-20211228T001500.mp4,420,0,clear,val,tuesdays_2021_2024
CAMHDA301-20211228T001500,2021-12-28,/home/jovyan/ooi/san_data/RS03ASHS-PN03B-06-CAMHDA301/2021/12/28/CAMHDA301-20211228T001500.mp4,630,0,clear,val,tuesdays_2021_2024
CAMHDA301-20211228T001500,2021-12-28,/home/jovyan/ooi/san_data/RS03ASHS-PN03B-06-CAMHDA301/2021/12/28/CAMHDA301-20211228T001500.mp4,330,0,clear,val,tuesdays_2021_2024
CAMHDA301-20211228T001500,2021-12-28,/home/jovyan/ooi/san_data/RS03ASHS-PN03B-06-CAMHDA301/2021/12/28/CAMHDA301-20211228T001500.mp4,690,0,clear,val,tuesdays_2021_2024
CAMHDA301-20211228T031500,2021-12-28,/home/jovyan/ooi/san_data/RS03ASHS-PN03B-06-CAMHDA301/2021/12/28/CAMHDA301-20211228T031500.mp4,540,1,clear,val,tuesdays_2021_2024
CAMHDA301-20211228T061500,2021-12-28,/home/jovyan/ooi/san_data/RS03ASHS-PN03B-06-CAMHDA301/2021/12/28/CAMHDA301-20211228T061500.mp4,540,1,clear,val,tuesdays_2021_2024
CAMHDA301-20211228T091500,2021-12-28,/home/jovyan/ooi/san_data/RS03ASHS-PN03B-06-CAMHDA301/2021/12/28/CAMHDA301-20211228T091500.mp4,270,0,clear,val,tuesdays_2021_2024
CAMHDA301-20211228T091500,2021-12-28,/home/jovyan/ooi/san_data/RS03ASHS-PN03B-06-CAMHDA301/2021/12/28/CAMHDA301-20211228T091500.mp4,450,0,clear,val,tuesdays_2021_2024
CAMHDA301-20211228T091500,2021-12-28,/home/jovyan/ooi/san_data/RS03ASHS-PN03B-06-CAMHDA301/2021/12/28/CAMHDA301-20211228T091500.mp4,840,0,clear,val,tuesdays_2021_2024
CAMHDA301-20211228T091500,2021-12-28,/home/jovyan/ooi/san_data/RS03ASHS-PN03B-06-CAMHDA301/2021/12/28/CAMHDA301-20211228T091500.mp4,180,0,clear,val,tuesdays_2021_2024
CAMHDA301-20211228T121500,2021-12-28,/home/jovyan/ooi/san_data/RS03ASHS-PN03B-06-CAMHDA301/2021/12/28/CAMHDA301-20211228T121500.mp4,540,1,clear,val,tuesdays_2021_2024
CAMHDA301-20211228T151500,2021-12-28,/home/jovyan/ooi/san_data/RS03ASHS-PN03B-06-CAMHDA301/2021/12/28/CAMHDA301-20211228T151500.mp4,540,1,clear,val,tuesdays_2021_2024
CAMHDA301-20211228T181500,2021-12-28,/home/jovyan/ooi/san_data/RS03ASHS-PN03B-06-CAMHDA301/2021/12/28/CAMHDA301-20211228T181500.mp4,540,1,clear,val,tuesdays_2021_2024
CAMHDA301-20211228T211500,2021-12-28,/home/jovyan/ooi/san_data/RS03ASHS-PN03B-06-CAMHDA301/2021/12/28/CAMHDA301-20211228T211500.mp4,540,1,clear,val,tuesdays_2021_2024
CAMHDA301-20220103T001500,2022-01-03,/home/jovyan/ooi/san_data/RS03ASHS-PN03B-06-CAMHDA301/2022/01/03/CAMHDA301-20220103T001500.mp4,300,0,clear,train,clear_window_2021_2022
CAMHDA301-20220103T001500,2022-01-03,/home/jovyan/ooi/san_data/RS03ASHS-PN03B-06-CAMHDA301/2022/01/03/CAMHDA301-20220103T001500.mp4,540,0,clear,train,clear_window_2021_2022
CAMHDA301-20220103T001500,2022-01-03,/home/jovyan/ooi/san_data/RS03ASHS-PN03B-06-CAMHDA301/2022/01/03/CAMHDA301-20220103T001500.mp4,780,0,clear,train,clear_window_2021_2022
CAMHDA301-20220103T001500,2022-01-03,/home/jovyan/ooi/san_data/RS03ASHS-PN03B-06-CAMHDA301/2022/01/03/CAMHDA301-20220103T001500.mp4,150,0,clear,train,clear_window_2021_2022
CAMHDA301-20220103T031500,2022-01-03,/home/jovyan/ooi/san_data/RS03ASHS-PN03B-06-CAMHDA301/2022/01/03/CAMHDA301-20220103T031500.mp4,270,0,clear,train,clear_window_2021_2022
CAMHDA301-20220103T031500,2022-01-03,/home/jovyan/ooi/san_data/RS03ASHS-PN03B-06-CAMHDA301/2022/01/03/CAMHDA301-20220103T031500.mp4,420,0,clear,train,clear_window_2021_2022
CAMHDA301-20220103T031500,2022-01-03,/home/jovyan/ooi/san_data/RS03ASHS-PN03B-06-CAMHDA301/2022/01/03/CAMHDA301-20220103T031500.mp4,630,0,clear,train,clear_window_2021_2022
CAMHDA301-20220103T031500,2022-01-03,/home/jovyan/ooi/san_data/RS03ASHS-PN03B-06-CAMHDA301/2022/01/03/CAMHDA301-20220103T031500.mp4,810,0,clear,train,clear_window_2021_2022
CAMHDA301-20220103T061500,2022-01-03,/home/jovyan/ooi/san_data/RS03ASHS-PN03B-06-CAMHDA301/2022/01/03/CAMHDA301-20220103T061500.mp4,330,0,clear,train,clear_window_2021_2022
CAMHDA301-20220103T061500,2022-01-03,/home/jovyan/ooi/san_data/RS03ASHS-PN03B-06-CAMHDA301/2022/01/03/CAMHDA301-20220103T061500.mp4,840,0,clear,train,clear_window_2021_2022
CAMHDA301-20220103T061500,2022-01-03,/home/jovyan/ooi/san_data/RS03ASHS-PN03B-06-CAMHDA301/2022/01/03/CAMHDA301-20220103T061500.mp4,30,0,clear,train,clear_window_2021_2022
CAMHDA301-20220103T061500,2022-01-03,/home/jovyan/ooi/san_data/RS03ASHS-PN03B-06-CAMHDA301/2022/01/03/CAMHDA301-20220103T061500.mp4,60,0,clear,train,clear_window_2021_2022
CAMHDA301-20220103T091500,2022-01-03,/home/jovyan/ooi/san_data/RS03ASHS-PN03B-06-CAMHDA301/2022/01/03/CAMHDA301-20220103T091500.mp4,840,0,clear,train,clear_window_2021_2022
CAMHDA301-20220103T091500,2022-01-03,/home/jovyan/ooi/san_data/RS03ASHS-PN03B-06-CAMHDA301/2022/01/03/CAMHDA301-20220103T091500.mp4,120,0,clear,train,clear_window_2021_2022
CAMHDA301-20220103T091500,2022-01-03,/home/jovyan/ooi/san_data/RS03ASHS-PN03B-06-CAMHDA301/2022/01/03/CAMHDA301-20220103T091500.mp4,660,0,clear,train,clear_window_2021_2022
CAMHDA301-20220103T091500,2022-01-03,/home/jovyan/ooi/san_data/RS03ASHS-PN03B-06-CAMHDA301/2022/01/03/CAMHDA301-20220103T091500.mp4,90,0,clear,train,clear_window_2021_2022
CAMHDA301-20220103T121500,2022-01-03,/home/jovyan/ooi/san_data/RS03ASHS-PN03B-06-CAMHDA301/2022/01/03/CAMHDA301-20220103T121500.mp4,270,0,clear,train,clear_window_2021_2022
CAMHDA301-20220103T121500,2022-01-03,/home/jovyan/ooi/san_data/RS03ASHS-PN03B-06-CAMHDA301/2022/01/03/CAMHDA301-20220103T121500.mp4,690,0,clear,train,clear_window_2021_2022
CAMHDA301-20220103T121500,2022-01-03,/home/jovyan/ooi/san_data/RS03ASHS-PN03B-06-CAMHDA301/2022/01/03/CAMHDA301-20220103T121500.mp4,180,0,clear,train,clear_window_2021_2022
CAMHDA301-20220103T121500,2022-01-03,/home/jovyan/ooi/san_data/RS03ASHS-PN03B-06-CAMHDA301/2022/01/03/CAMHDA301-20220103T121500.mp4,810,0,clear,train,clear_window_2021_2022
CAMHDA301-20220103T151500,2022-01-03,/home/jovyan/ooi/san_data/RS03ASHS-PN03B-06-CAMHDA301/2022/01/03/CAMHDA301-20220103T151500.mp4,360,0,clear,train,clear_window_2021_2022
CAMHDA301-20220103T151500,2022-01-03,/home/jovyan/ooi/san_data/RS03ASHS-PN03B-06-CAMHDA301/2022/01/03/CAMHDA301-20220103T151500.mp4,720,0,clear,train,clear_window_2021_2022
CAMHDA301-20220103T151500,2022-01-03,/home/jovyan/ooi/san_data/RS03ASHS-PN03B-06-CAMHDA301/2022/01/03/CAMHDA301-20220103T151500.mp4,480,0,clear,train,clear_window_2021_2022
CAMHDA301-20220103T151500,2022-01-03,/home/jovyan/ooi/san_data/RS03ASHS-PN03B-06-CAMHDA301/2022/01/03/CAMHDA301-20220103T151500.mp4,660,0,clear,train,clear_window_2021_2022
CAMHDA301-20220103T181500,2022-01-03,/home/jovyan/ooi/san_data/RS03ASHS-PN03B-06-CAMHDA301/2022/01/03/CAMHDA301-20220103T181500.mp4,330,0,clear,train,clear_window_2021_2022
CAMHDA301-20220103T181500,2022-01-03,/home/jovyan/ooi/san_data/RS03ASHS-PN03B-06-CAMHDA301/2022/01/03/CAMHDA301-20220103T181500.mp4,360,0,clear,train,clear_window_2021_2022
CAMHDA301-20220103T181500,2022-01-03,/home/jovyan/ooi/san_data/RS03ASHS-PN03B-06-CAMHDA301/2022/01/03/CAMHDA301-20220103T181500.mp4,90,0,clear,train,clear_window_2021_2022
CAMHDA301-20220103T181500,2022-01-03,/home/jovyan/ooi/san_data/RS03ASHS-PN03B-06-CAMHDA301/2022/01/03/CAMHDA301-20220103T181500.mp4,240,0,clear,train,clear_window_2021_2022
CAMHDA301-20220103T211500,2022-01-03,/home/jovyan/ooi/san_data/RS03ASHS-PN03B-06-CAMHDA301/2022/01/03/CAMHDA301-20220103T211500.mp4,630,0,clear,train,clear_window_2021_2022
CAMHDA301-20220103T211500,2022-01-03,/home/jovyan/ooi/san_data/RS03ASHS-PN03B-06-CAMHDA301/2022/01/03/CAMHDA301-20220103T211500.mp4,150,0,clear,train,clear_window_2021_2022
CAMHDA301-20220103T211500,2022-01-03,/home/jovyan/ooi/san_data/RS03ASHS-PN03B-06-CAMHDA301/2022/01/03/CAMHDA301-20220103T211500.mp4,240,0,clear,train,clear_window_2021_2022
CAMHDA301-20220103T211500,2022-01-03,/home/jovyan/ooi/san_data/RS03ASHS-PN03B-06-CAMHDA301/2022/01/03/CAMHDA301-20220103T211500.mp4,540,0,clear,train,clear_window_2021_2022
CAMHDA301-20220104T001500,2022-01-04,/home/jovyan/ooi/san_data/RS03ASHS-PN03B-06-CAMHDA301/2022/01/04/CAMHDA301-20220104T001500.mp4,240,0,clear,test,tuesdays_2021_2024
CAMHDA301-20220104T001500,2022-01-04,/home/jovyan/ooi/san_data/RS03ASHS-PN03B-06-CAMHDA301/2022/01/04/CAMHDA301-20220104T001500.mp4,720,0,clear,test,tuesdays_2021_2024
CAMHDA301-20220104T001500,2022-01-04,/home/jovyan/ooi/san_data/RS03ASHS-PN03B-06-CAMHDA301/2022/01/04/CAMHDA301-20220104T001500.mp4,450,0,clear,test,tuesdays_2021_2024
CAMHDA301-20220104T001500,2022-01-04,/home/jovyan/ooi/san_data/RS03ASHS-PN03B-06-CAMHDA301/2022/01/04/CAMHDA301-20220104T001500.mp4,360,0,clear,test,tuesdays_2021_2024
CAMHDA301-20220104T031500,2022-01-04,/home/jovyan/ooi/san_data/RS03ASHS-PN03B-06-CAMHDA301/2022/01/04/CAMHDA301-20220104T031500.mp4,540,1,clear,test,tuesdays_2021_2024
CAMHDA301-20220104T061500,2022-01-04,/home/jovyan/ooi/san_data/RS03ASHS-PN03B-06-CAMHDA301/2022/01/04/CAMHDA301-20220104T061500.mp4,540,1,clear,test,tuesdays_2021_2024
CAMHDA301-20220104T091500,2022-01-04,/home/jovyan/ooi/san_data/RS03ASHS-PN03B-06-CAMHDA301/2022/01/04/CAMHDA301-20220104T091500.mp4,540,1,clear,test,tuesdays_2021_2024
CAMHDA301-20220104T121500,2022-01-04,/home/jovyan/ooi/san_data/RS03ASHS-PN03B-06-CAMHDA301/2022/01/04/CAMHDA301-20220104T121500.mp4,540,1,clear,test,tuesdays_2021_2024
CAMHDA301-20220104T151500,2022-01-04,/home/jovyan/ooi/san_data/RS03ASHS-PN03B-06-CAMHDA301/2022/01/04/CAMHDA301-20220104T151500.mp4,540,1,clear,test,tuesdays_2021_2024
CAMHDA301-20220104T181500,2022-01-04,/home/jovyan/ooi/san_data/RS03ASHS-PN03B-06-CAMHDA301/2022/01/04/CAMHDA301-20220104T181500.mp4,540,1,clear,test,tuesdays_2021_2024
CAMHDA301-20220104T211500,2022-01-04,/home/jovyan/ooi/san_data/RS03ASHS-PN03B-06-CAMHDA301/2022/01/04/CAMHDA301-20220104T211500.mp4,540,1,clear,test,tuesdays_2021_2024
CAMHDA301-20220110T001500,2022-01-10,/home/jovyan/ooi/san_data/RS03ASHS-PN03B-06-CAMHDA301/2022/01/10/CAMHDA301-20220110T001500.mp4,420,0,clear,test,clear_window_2021_2022
CAMHDA301-20220110T001500,2022-01-10,/home/jovyan/ooi/san_data/RS03ASHS-PN03B-06-CAMHDA301/2022/01/10/CAMHDA301-20220110T001500.mp4,270,0,clear,test,clear_window_2021_2022
CAMHDA301-20220110T001500,2022-01-10,/home/jovyan/ooi/san_data/RS03ASHS-PN03B-06-CAMHDA301/2022/01/10/CAMHDA301-20220110T001500.mp4,720,0,clear,test,clear_window_2021_2022
CAMHDA301-20220110T001500,2022-01-10,/home/jovyan/ooi/san_data/RS03ASHS-PN03B-06-CAMHDA301/2022/01/10/CAMHDA301-20220110T001500.mp4,90,0,clear,test,clear_window_2021_2022
CAMHDA301-20220110T031500,2022-01-10,/home/jovyan/ooi/san_data/RS03ASHS-PN03B-06-CAMHDA301/2022/01/10/CAMHDA301-20220110T031500.mp4,180,0,clear,test,clear_window_2021_2022
CAMHDA301-20220110T031500,2022-01-10,/home/jovyan/ooi/san_data/RS03ASHS-PN03B-06-CAMHDA301/2022/01/10/CAMHDA301-20220110T031500.mp4,600,0,clear,test,clear_window_2021_2022
CAMHDA301-20220110T031500,2022-01-10,/home/jovyan/ooi/san_data/RS03ASHS-PN03B-06-CAMHDA301/2022/01/10/CAMHDA301-20220110T031500.mp4,210,0,clear,test,clear_window_2021_2022
CAMHDA301-20220110T031500,2022-01-10,/home/jovyan/ooi/san_data/RS03ASHS-PN03B-06-CAMHDA301/2022/01/10/CAMHDA301-20220110T031500.mp4,750,0,clear,test,clear_window_2021_2022
CAMHDA301-20220110T061500,2022-01-10,/home/jovyan/ooi/san_data/RS03ASHS-PN03B-06-CAMHDA301/2022/01/10/CAMHDA301-20220110T061500.mp4,780,0,clear,test,clear_window_2021_2022
CAMHDA301-20220110T061500,2022-01-10,/home/jovyan/ooi/san_data/RS03ASHS-PN03B-06-CAMHDA301/2022/01/10/CAMHDA301-20220110T061500.mp4,60,0,clear,test,clear_window_2021_2022
CAMHDA301-20220110T061500,2022-01-10,/home/jovyan/ooi/san_data/RS03ASHS-PN03B-06-CAMHDA301/2022/01/10/CAMHDA301-20220110T061500.mp4,570,0,clear,test,clear_window_2021_2022
CAMHDA301-20220110T061500,2022-01-10,/home/jovyan/ooi/san_data/RS03ASHS-PN03B-06-CAMHDA301/2022/01/10/CAMHDA301-20220110T061500.mp4,540,0,clear,test,clear_window_2021_2022
CAMHDA301-20220110T091500,2022-01-10,/home/jovyan/ooi/san_data/RS03ASHS-PN03B-06-CAMHDA301/2022/01/10/CAMHDA301-20220110T091500.mp4,690,0,clear,test,clear_window_2021_2022
CAMHDA301-20220110T091500,2022-01-10,/home/jovyan/ooi/san_data/RS03ASHS-PN03B-06-CAMHDA301/2022/01/10/CAMHDA301-20220110T091500.mp4,150,0,clear,test,clear_window_2021_2022
CAMHDA301-20220110T091500,2022-01-10,/home/jovyan/ooi/san_data/RS03ASHS-PN03B-06-CAMHDA301/2022/01/10/CAMHDA301-20220110T091500.mp4,360,0,clear,test,clear_window_2021_2022
CAMHDA301-20220110T091500,2022-01-10,/home/jovyan/ooi/san_data/RS03ASHS-PN03B-06-CAMHDA301/2022/01/10/CAMHDA301-20220110T091500.mp4,570,0,clear,test,clear_window_2021_2022
CAMHDA301-20220110T121500,2022-01-10,/home/jovyan/ooi/san_data/RS03ASHS-PN03B-06-CAMHDA301/2022/01/10/CAMHDA301-20220110T121500.mp4,360,1,clear,test,clear_window_2021_2022
CAMHDA301-20220110T151500,2022-01-10,/home/jovyan/ooi/san_data/RS03ASHS-PN03B-06-CAMHDA301/2022/01/10/CAMHDA301-20220110T151500.mp4,600,0,clear,test,clear_window_2021_2022
CAMHDA301-20220110T151500,2022-01-10,/home/jovyan/ooi/san_data/RS03ASHS-PN03B-06-CAMHDA301/2022/01/10/CAMHDA301-20220110T151500.mp4,840,0,clear,test,clear_window_2021_2022
CAMHDA301-20220110T151500,2022-01-10,/home/jovyan/ooi/san_data/RS03ASHS-PN03B-06-CAMHDA301/2022/01/10/CAMHDA301-20220110T151500.mp4,570,0,clear,test,clear_window_2021_2022
CAMHDA301-20220110T151500,2022-01-10,/home/jovyan/ooi/san_data/RS03ASHS-PN03B-06-CAMHDA301/2022/01/10/CAMHDA301-20220110T151500.mp4,210,0,clear,test,clear_window_2021_2022
CAMHDA301-20220110T181500,2022-01-10,/home/jovyan/ooi/san_data/RS03ASHS-PN03B-06-CAMHDA301/2022/01/10/CAMHDA301-20220110T181500.mp4,840,0,clear,test,clear_window_2021_2022
CAMHDA301-20220110T181500,2022-01-10,/home/jovyan/ooi/san_data/RS03ASHS-PN03B-06-CAMHDA301/2022/01/10/CAMHDA301-20220110T181500.mp4,750,0,clear,test,clear_window_2021_2022
CAMHDA301-20220110T181500,2022-01-10,/home/jovyan/ooi/san_data/RS03ASHS-PN03B-06-CAMHDA301/2022/01/10/CAMHDA301-20220110T181500.mp4,780,0,clear,test,clear_window_2021_2022
CAMHDA301-20220110T181500,2022-01-10,/home/jovyan/ooi/san_data/RS03ASHS-PN03B-06-CAMHDA301/2022/01/10/CAMHDA301-20220110T181500.mp4,570,0,clear,test,clear_window_2021_2022
CAMHDA301-20220110T211500,2022-01-10,/home/jovyan/ooi/san_data/RS03ASHS-PN03B-06-CAMHDA301/2022/01/10/CAMHDA301-20220110T211500.mp4,30,0,clear,test,clear_window_2021_2022
CAMHDA301-20220110T211500,2022-01-10,/home/jovyan/ooi/san_data/RS03ASHS-PN03B-06-CAMHDA301/2022/01/10/CAMHDA301-20220110T211500.mp4,720,0,clear,test,clear_window_2021_2022
CAMHDA301-20220110T211500,2022-01-10,/home/jovyan/ooi/san_data/RS03ASHS-PN03B-06-CAMHDA301/2022/01/10/CAMHDA301-20220110T211500.mp4,390,0,clear,test,clear_window_2021_2022
CAMHDA301-20220110T211500,2022-01-10,/home/jovyan/ooi/san_data/RS03ASHS-PN03B-06-CAMHDA301/2022/01/10/CAMHDA301-20220110T211500.mp4,270,0,clear,test,clear_window_2021_2022
CAMHDA301-20220111T001500,2022-01-11,/home/jovyan/ooi/san_data/RS03ASHS-PN03B-06-CAMHDA301/2022/01/11/CAMHDA301-20220111T001500.mp4,540,1,clear,test,tuesdays_2021_2024
CAMHDA301-20220111T031500,2022-01-11,/home/jovyan/ooi/san_data/RS03ASHS-PN03B-06-CAMHDA301/2022/01/11/CAMHDA301-20220111T031500.mp4,540,1,clear,test,tuesdays_2021_2024
CAMHDA301-20220111T061500,2022-01-11,/home/jovyan/ooi/san_data/RS03ASHS-PN03B-06-CAMHDA301/2022/01/11/CAMHDA301-20220111T061500.mp4,690,0,clear,test,tuesdays_2021_2024
CAMHDA301-20220111T061500,2022-01-11,/home/jovyan/ooi/san_data/RS03ASHS-PN03B-06-CAMHDA301/2022/01/11/CAMHDA301-20220111T061500.mp4,360,0,clear,test,tuesdays_2021_2024
CAMHDA301-20220111T061500,2022-01-11,/home/jovyan/ooi/san_data/RS03ASHS-PN03B-06-CAMHDA301/2022/01/11/CAMHDA301-20220111T061500.mp4,390,0,clear,test,tuesdays_2021_2024
CAMHDA301-20220111T061500,2022-01-11,/home/jovyan/ooi/san_data/RS03ASHS-PN03B-06-CAMHDA301/2022/01/11/CAMHDA301-20220111T061500.mp4,660,0,clear,test,tuesdays_2021_2024
CAMHDA301-20220111T151500,2022-01-11,/home/jovyan/ooi/san_data/RS03ASHS-PN03B-06-CAMHDA301/2022/01/11/CAMHDA301-20220111T151500.mp4,540,1,clear,test,tuesdays_2021_2024
CAMHDA301-20220111T211500,2022-01-11,/home/jovyan/ooi/san_data/RS03ASHS-PN03B-06-CAMHDA301/2022/01/11/CAMHDA301-20220111T211500.mp4,540,1,clear,test,tuesdays_2021_2024
CAMHDA301-20220117T001500,2022-01-17,/home/jovyan/ooi/san_data/RS03ASHS-PN03B-06-CAMHDA301/2022/01/17/CAMHDA301-20220117T001500.mp4,540,1,clear,train,clear_window_2021_2022
CAMHDA301-20220117T031500,2022-01-17,/home/jovyan/ooi/san_data/RS03ASHS-PN03B-06-CAMHDA301/2022/01/17/CAMHDA301-20220117T031500.mp4,540,1,clear,train,clear_window_2021_2022
CAMHDA301-20220117T061500,2022-01-17,/home/jovyan/ooi/san_data/RS03ASHS-PN03B-06-CAMHDA301/2022/01/17/CAMHDA301-20220117T061500.mp4,540,0,clear,train,clear_window_2021_2022
CAMHDA301-20220117T061500,2022-01-17,/home/jovyan/ooi/san_data/RS03ASHS-PN03B-06-CAMHDA301/2022/01/17/CAMHDA301-20220117T061500.mp4,360,0,clear,train,clear_window_2021_2022
CAMHDA301-20220117T061500,2022-01-17,/home/jovyan/ooi/san_data/RS03ASHS-PN03B-06-CAMHDA301/2022/01/17/CAMHDA301-20220117T061500.mp4,450,0,clear,train,clear_window_2021_2022
CAMHDA301-20220117T061500,2022-01-17,/home/jovyan/ooi/san_data/RS03ASHS-PN03B-06-CAMHDA301/2022/01/17/CAMHDA301-20220117T061500.mp4,690,0,clear,train,clear_window_2021_2022
CAMHDA301-20220117T091500,2022-01-17,/home/jovyan/ooi/san_data/RS03ASHS-PN03B-06-CAMHDA301/2022/01/17/CAMHDA301-20220117T091500.mp4,750,0,clear,train,clear_window_2021_2022
CAMHDA301-20220117T091500,2022-01-17,/home/jovyan/ooi/san_data/RS03ASHS-PN03B-06-CAMHDA301/2022/01/17/CAMHDA301-20220117T091500.mp4,420,0,clear,train,clear_window_2021_2022
CAMHDA301-20220117T091500,2022-01-17,/home/jovyan/ooi/san_data/RS03ASHS-PN03B-06-CAMHDA301/2022/01/17/CAMHDA301-20220117T091500.mp4,480,0,clear,train,clear_window_2021_2022
CAMHDA301-20220117T091500,2022-01-17,/home/jovyan/ooi/san_data/RS03ASHS-PN03B-06-CAMHDA301/2022/01/17/CAMHDA301-20220117T091500.mp4,120,0,clear,train,clear_window_2021_2022
CAMHDA301-20220117T121500,2022-01-17,/home/jovyan/ooi/san_data/RS03ASHS-PN03B-06-CAMHDA301/2022/01/17/CAMHDA301-20220117T121500.mp4,540,1,clear,train,clear_window_2021_2022
CAMHDA301-20220117T151500,2022-01-17,/home/jovyan/ooi/san_data/RS03ASHS-PN03B-06-CAMHDA301/2022/01/17/CAMHDA301-20220117T151500.mp4,810,0,clear,train,clear_window_2021_2022
CAMHDA301-20220117T151500,2022-01-17,/home/jovyan/ooi/san_data/RS03ASHS-PN03B-06-CAMHDA301/2022/01/17/CAMHDA301-20220117T151500.mp4,780,0,clear,train,clear_window_2021_2022
CAMHDA301-20220117T151500,2022-01-17,/home/jovyan/ooi/san_data/RS03ASHS-PN03B-06-CAMHDA301/2022/01/17/CAMHDA301-20220117T151500.mp4,30,0,clear,train,clear_window_2021_2022
CAMHDA301-20220117T151500,2022-01-17,/home/jovyan/ooi/san_data/RS03ASHS-PN03B-06-CAMHDA301/2022/01/17/CAMHDA301-20220117T151500.mp4,660,0,clear,train,clear_window_2021_2022
CAMHDA301-20220117T181500,2022-01-17,/home/jovyan/ooi/san_data/RS03ASHS-PN03B-06-CAMHDA301/2022/01/17/CAMHDA301-20220117T181500.mp4,180,0,clear,train,clear_window_2021_2022
CAMHDA301-20220117T181500,2022-01-17,/home/jovyan/ooi/san_data/RS03ASHS-PN03B-06-CAMHDA301/2022/01/17/CAMHDA301-20220117T181500.mp4,90,0,clear,train,clear_window_2021_2022
CAMHDA301-20220117T181500,2022-01-17,/home/jovyan/ooi/san_data/RS03ASHS-PN03B-06-CAMHDA301/2022/01/17/CAMHDA301-20220117T181500.mp4,600,0,clear,train,clear_window_2021_2022
CAMHDA301-20220117T181500,2022-01-17,/home/jovyan/ooi/san_data/RS03ASHS-PN03B-06-CAMHDA301/2022/01/17/CAMHDA301-20220117T181500.mp4,330,0,clear,train,clear_window_2021_2022
CAMHDA301-20220117T211500,2022-01-17,/home/jovyan/ooi/san_data/RS03ASHS-PN03B-06-CAMHDA301/2022/01/17/CAMHDA301-20220117T211500.mp4,540,1,clear,train,clear_window_2021_2022
CAMHDA301-20220118T001500,2022-01-18,/home/jovyan/ooi/san_data/RS03ASHS-PN03B-06-CAMHDA301/2022/01/18/CAMHDA301-20220118T001500.mp4,540,1,clear,train,tuesdays_2021_2024
CAMHDA301-20220118T061500,2022-01-18,/home/jovyan/ooi/san_data/RS03ASHS-PN03B-06-CAMHDA301/2022/01/18/CAMHDA301-20220118T061500.mp4,540,1,clear,train,tuesdays_2021_2024
CAMHDA301-20220118T181500,2022-01-18,/home/jovyan/ooi/san_data/RS03ASHS-PN03B-06-CAMHDA301/2022/01/18/CAMHDA301-20220118T181500.mp4,540,1,clear,train,tuesdays_2021_2024
CAMHDA301-20220124T001500,2022-01-24,/home/jovyan/ooi/san_data/RS03ASHS-PN03B-06-CAMHDA301/2022/01/24/CAMHDA301-20220124T001500.mp4,570,0,clear,train,clear_window_2021_2022
CAMHDA301-20220124T001500,2022-01-24,/home/jovyan/ooi/san_data/RS03ASHS-PN03B-06-CAMHDA301/2022/01/24/CAMHDA301-20220124T001500.mp4,150,0,clear,train,clear_window_2021_2022
CAMHDA301-20220124T001500,2022-01-24,/home/jovyan/ooi/san_data/RS03ASHS-PN03B-06-CAMHDA301/2022/01/24/CAMHDA301-20220124T001500.mp4,540,0,clear,train,clear_window_2021_2022
CAMHDA301-20220124T001500,2022-01-24,/home/jovyan/ooi/san_data/RS03ASHS-PN03B-06-CAMHDA301/2022/01/24/CAMHDA301-20220124T001500.mp4,60,0,clear,train,clear_window_2021_2022
CAMHDA301-20220124T031500,2022-01-24,/home/jovyan/ooi/san_data/RS03ASHS-PN03B-06-CAMHDA301/2022/01/24/CAMHDA301-20220124T031500.mp4,840,0,clear,train,clear_window_2021_2022
CAMHDA301-20220124T031500,2022-01-24,/home/jovyan/ooi/san_data/RS03ASHS-PN03B-06-CAMHDA301/2022/01/24/CAMHDA301-20220124T031500.mp4,240,0,clear,train,clear_window_2021_2022
CAMHDA301-20220124T031500,2022-01-24,/home/jovyan/ooi/san_data/RS03ASHS-PN03B-06-CAMHDA301/2022/01/24/CAMHDA301-20220124T031500.mp4,30,0,clear,train,clear_window_2021_2022
CAMHDA301-20220124T031500,2022-01-24,/home/jovyan/ooi/san_data/RS03ASHS-PN03B-06-CAMHDA301/2022/01/24/CAMHDA301-20220124T031500.mp4,570,0,clear,train,clear_window_2021_2022
CAMHDA301-20220124T061500,2022-01-24,/home/jovyan/ooi/san_data/RS03ASHS-PN03B-06-CAMHDA301/2022/01/24/CAMHDA301-20220124T061500.mp4,540,0,clear,train,clear_window_2021_2022
CAMHDA301-20220124T061500,2022-01-24,/home/jovyan/ooi/san_data/RS03ASHS-PN03B-06-CAMHDA301/2022/01/24/CAMHDA301-20220124T061500.mp4,690,0,clear,train,clear_window_2021_2022
CAMHDA301-20220124T061500,2022-01-24,/home/jovyan/ooi/san_data/RS03ASHS-PN03B-06-CAMHDA301/2022/01/24/CAMHDA301-20220124T061500.mp4,60,0,clear,train,clear_window_2021_2022
CAMHDA301-20220124T061500,2022-01-24,/home/jovyan/ooi/san_data/RS03ASHS-PN03B-06-CAMHDA301/2022/01/24/CAMHDA301-20220124T061500.mp4,300,0,clear,train,clear_window_2021_2022
CAMHDA301-20220124T091500,2022-01-24,/home/jovyan/ooi/san_data/RS03ASHS-PN03B-06-CAMHDA301/2022/01/24/CAMHDA301-20220124T091500.mp4,390,0,clear,train,clear_window_2021_2022
CAMHDA301-20220124T091500,2022-01-24,/home/jovyan/ooi/san_data/RS03ASHS-PN03B-06-CAMHDA301/2022/01/24/CAMHDA301-20220124T091500.mp4,720,0,clear,train,clear_window_2021_2022
CAMHDA301-20220124T091500,2022-01-24,/home/jovyan/ooi/san_data/RS03ASHS-PN03B-06-CAMHDA301/2022/01/24/CAMHDA301-20220124T091500.mp4,510,0,clear,train,clear_window_2021_2022
CAMHDA301-20220124T091500,2022-01-24,/home/jovyan/ooi/san_data/RS03ASHS-PN03B-06-CAMHDA301/2022/01/24/CAMHDA301-20220124T091500.mp4,750,0,clear,train,clear_window_2021_2022
CAMHDA301-20220124T121500,2022-01-24,/home/jovyan/ooi/san_data/RS03ASHS-PN03B-06-CAMHDA301/2022/01/24/CAMHDA301-20220124T121500.mp4,570,0,clear,train,clear_window_2021_2022
CAMHDA301-20220124T121500,2022-01-24,/home/jovyan/ooi/san_data/RS03ASHS-PN03B-06-CAMHDA301/2022/01/24/CAMHDA301-20220124T121500.mp4,420,0,clear,train,clear_window_2021_2022
CAMHDA301-20220124T121500,2022-01-24,/home/jovyan/ooi/san_data/RS03ASHS-PN03B-06-CAMHDA301/2022/01/24/CAMHDA301-20220124T121500.mp4,60,0,clear,train,clear_window_2021_2022
CAMHDA301-20220124T121500,2022-01-24,/home/jovyan/ooi/san_data/RS03ASHS-PN03B-06-CAMHDA301/2022/01/24/CAMHDA301-20220124T121500.mp4,150,0,clear,train,clear_window_2021_2022
CAMHDA301-20220124T151500,2022-01-24,/home/jovyan/ooi/san_data/RS03ASHS-PN03B-06-CAMHDA301/2022/01/24/CAMHDA301-20220124T151500.mp4,660,0,clear,train,clear_window_2021_2022
CAMHDA301-20220124T151500,2022-01-24,/home/jovyan/ooi/san_data/RS03ASHS-PN03B-06-CAMHDA301/2022/01/24/CAMHDA301-20220124T151500.mp4,330,0,clear,train,clear_window_2021_2022
CAMHDA301-20220124T151500,2022-01-24,/home/jovyan/ooi/san_data/RS03ASHS-PN03B-06-CAMHDA301/2022/01/24/CAMHDA301-20220124T151500.mp4,600,0,clear,train,clear_window_2021_2022
CAMHDA301-20220124T151500,2022-01-24,/home/jovyan/ooi/san_data/RS03ASHS-PN03B-06-CAMHDA301/2022/01/24/CAMHDA301-20220124T151500.mp4,300,0,clear,train,clear_window_2021_2022
CAMHDA301-20220124T181500,2022-01-24,/home/jovyan/ooi/san_data/RS03ASHS-PN03B-06-CAMHDA301/2022/01/24/CAMHDA301-20220124T181500.mp4,780,0,clear,train,clear_window_2021_2022
CAMHDA301-20220124T181500,2022-01-24,/home/jovyan/ooi/san_data/RS03ASHS-PN03B-06-CAMHDA301/2022/01/24/CAMHDA301-20220124T181500.mp4,540,0,clear,train,clear_window_2021_2022
CAMHDA301-20220124T181500,2022-01-24,/home/jovyan/ooi/san_data/RS03ASHS-PN03B-06-CAMHDA301/2022/01/24/CAMHDA301-20220124T181500.mp4,270,0,clear,train,clear_window_2021_2022
CAMHDA301-20220124T181500,2022-01-24,/home/jovyan/ooi/san_data/RS03ASHS-PN03B-06-CAMHDA301/2022/01/24/CAMHDA301-20220124T181500.mp4,810,0,clear,train,clear_window_2021_2022
CAMHDA301-20220124T211500,2022-01-24,/home/jovyan/ooi/san_data/RS03ASHS-PN03B-06-CAMHDA301/2022/01/24/CAMHDA301-20220124T211500.mp4,510,0,clear,train,clear_window_2021_2022
CAMHDA301-20220124T211500,2022-01-24,/home/jovyan/ooi/san_data/RS03ASHS-PN03B-06-CAMHDA301/2022/01/24/CAMHDA301-20220124T211500.mp4,480,0,clear,train,clear_window_2021_2022
CAMHDA301-20220124T211500,2022-01-24,/home/jovyan/ooi/san_data/RS03ASHS-PN03B-06-CAMHDA301/2022/01/24/CAMHDA301-20220124T211500.mp4,750,0,clear,train,clear_window_2021_2022
CAMHDA301-20220124T211500,2022-01-24,/home/jovyan/ooi/san_data/RS03ASHS-PN03B-06-CAMHDA301/2022/01/24/CAMHDA301-20220124T211500.mp4,780,0,clear,train,clear_window_2021_2022
CAMHDA301-20220125T151500,2022-01-25,/home/jovyan/ooi/san_data/RS03ASHS-PN03B-06-CAMHDA301/2022/01/25/CAMHDA301-20220125T151500.mp4,540,1,clear,val,tuesdays_2021_2024
CAMHDA301-20220125T181500,2022-01-25,/home/jovyan/ooi/san_data/RS03ASHS-PN03B-06-CAMHDA301/2022/01/25/CAMHDA301-20220125T181500.mp4,540,1,clear,val,tuesdays_2021_2024
CAMHDA301-20220125T211500,2022-01-25,/home/jovyan/ooi/san_data/RS03ASHS-PN03B-06-CAMHDA301/2022/01/25/CAMHDA301-20220125T211500.mp4,540,1,clear,val,tuesdays_2021_2024
CAMHDA301-20220131T001500,2022-01-31,/home/jovyan/ooi/san_data/RS03ASHS-PN03B-06-CAMHDA301/2022/01/31/CAMHDA301-20220131T001500.mp4,540,1,clear,train,clear_window_2021_2022
CAMHDA301-20220131T031500,2022-01-31,/home/jovyan/ooi/san_data/RS03ASHS-PN03B-06-CAMHDA301/2022/01/31/CAMHDA301-20220131T031500.mp4,540,1,clear,train,clear_window_2021_2022
CAMHDA301-20220131T061500,2022-01-31,/home/jovyan/ooi/san_data/RS03ASHS-PN03B-06-CAMHDA301/2022/01/31/CAMHDA301-20220131T061500.mp4,240,0,clear,train,clear_window_2021_2022
CAMHDA301-20220131T061500,2022-01-31,/home/jovyan/ooi/san_data/RS03ASHS-PN03B-06-CAMHDA301/2022/01/31/CAMHDA301-20220131T061500.mp4,390,0,clear,train,clear_window_2021_2022
CAMHDA301-20220131T061500,2022-01-31,/home/jovyan/ooi/san_data/RS03ASHS-PN03B-06-CAMHDA301/2022/01/31/CAMHDA301-20220131T061500.mp4,180,0,clear,train,clear_window_2021_2022
CAMHDA301-20220131T061500,2022-01-31,/home/jovyan/ooi/san_data/RS03ASHS-PN03B-06-CAMHDA301/2022/01/31/CAMHDA301-20220131T061500.mp4,30,0,clear,train,clear_window_2021_2022
CAMHDA301-20220131T091500,2022-01-31,/home/jovyan/ooi/san_data/RS03ASHS-PN03B-06-CAMHDA301/2022/01/31/CAMHDA301-20220131T091500.mp4,540,1,clear,train,clear_window_2021_2022
CAMHDA301-20220131T121500,2022-01-31,/home/jovyan/ooi/san_data/RS03ASHS-PN03B-06-CAMHDA301/2022/01/31/CAMHDA301-20220131T121500.mp4,540,1,clear,train,clear_window_2021_2022
CAMHDA301-20220131T151500,2022-01-31,/home/jovyan/ooi/san_data/RS03ASHS-PN03B-06-CAMHDA301/2022/01/31/CAMHDA301-20220131T151500.mp4,630,0,clear,train,clear_window_2021_2022
CAMHDA301-20220131T151500,2022-01-31,/home/jovyan/ooi/san_data/RS03ASHS-PN03B-06-CAMHDA301/2022/01/31/CAMHDA301-20220131T151500.mp4,690,0,clear,train,clear_window_2021_2022
CAMHDA301-20220131T151500,2022-01-31,/home/jovyan/ooi/san_data/RS03ASHS-PN03B-06-CAMHDA301/2022/01/31/CAMHDA301-20220131T151500.mp4,120,0,clear,train,clear_window_2021_2022
CAMHDA301-20220131T151500,2022-01-31,/home/jovyan/ooi/san_data/RS03ASHS-PN03B-06-CAMHDA301/2022/01/31/CAMHDA301-20220131T151500.mp4,60,0,clear,train,clear_window_2021_2022
CAMHDA301-20220131T181500,2022-01-31,/home/jovyan/ooi/san_data/RS03ASHS-PN03B-06-CAMHDA301/2022/01/31/CAMHDA301-20220131T181500.mp4,150,0,clear,train,clear_window_2021_2022
CAMHDA301-20220131T181500,2022-01-31,/home/jovyan/ooi/san_data/RS03ASHS-PN03B-06-CAMHDA301/2022/01/31/CAMHDA301-20220131T181500.mp4,540,0,clear,train,clear_window_2021_2022
CAMHDA301-20220131T181500,2022-01-31,/home/jovyan/ooi/san_data/RS03ASHS-PN03B-06-CAMHDA301/2022/01/31/CAMHDA301-20220131T181500.mp4,450,0,clear,train,clear_window_2021_2022
CAMHDA301-20220131T181500,2022-01-31,/home/jovyan/ooi/san_data/RS03ASHS-PN03B-06-CAMHDA301/2022/01/31/CAMHDA301-20220131T181500.mp4,690,0,clear,train,clear_window_2021_2022
CAMHDA301-20220131T211500,2022-01-31,/home/jovyan/ooi/san_data/RS03ASHS-PN03B-06-CAMHDA301/2022/01/31/CAMHDA301-20220131T211500.mp4,210,0,clear,train,clear_window_2021_2022
CAMHDA301-20220131T211500,2022-01-31,/home/jovyan/ooi/san_data/RS03ASHS-PN03B-06-CAMHDA301/2022/01/31/CAMHDA301-20220131T211500.mp4,510,0,clear,train,clear_window_2021_2022
CAMHDA301-20220131T211500,2022-01-31,/home/jovyan/ooi/san_data/RS03ASHS-PN03B-06-CAMHDA301/2022/01/31/CAMHDA301-20220131T211500.mp4,420,0,clear,train,clear_window_2021_2022
CAMHDA301-20220131T211500,2022-01-31,/home/jovyan/ooi/san_data/RS03ASHS-PN03B-06-CAMHDA301/2022/01/31/CAMHDA301-20220131T211500.mp4,180,0,clear,train,clear_window_2021_2022
CAMHDA301-20220201T031500,2022-02-01,/home/jovyan/ooi/san_data/RS03ASHS-PN03B-06-CAMHDA301/2022/02/01/CAMHDA301-20220201T031500.mp4,720,0,clear,val,tuesdays_2021_2024
CAMHDA301-20220201T031500,2022-02-01,/home/jovyan/ooi/san_data/RS03ASHS-PN03B-06-CAMHDA301/2022/02/01/CAMHDA301-20220201T031500.mp4,660,0,clear,val,tuesdays_2021_2024
CAMHDA301-20220201T031500,2022-02-01,/home/jovyan/ooi/san_data/RS03ASHS-PN03B-06-CAMHDA301/2022/02/01/CAMHDA301-20220201T031500.mp4,810,0,clear,val,tuesdays_2021_2024
CAMHDA301-20220201T031500,2022-02-01,/home/jovyan/ooi/san_data/RS03ASHS-PN03B-06-CAMHDA301/2022/02/01/CAMHDA301-20220201T031500.mp4,510,0,clear,val,tuesdays_2021_2024
CAMHDA301-20220201T061500,2022-02-01,/home/jovyan/ooi/san_data/RS03ASHS-PN03B-06-CAMHDA301/2022/02/01/CAMHDA301-20220201T061500.mp4,510,0,clear,val,tuesdays_2021_2024
CAMHDA301-20220201T061500,2022-02-01,/home/jovyan/ooi/san_data/RS03ASHS-PN03B-06-CAMHDA301/2022/02/01/CAMHDA301-20220201T061500.mp4,450,0,clear,val,tuesdays_2021_2024
CAMHDA301-20220201T061500,2022-02-01,/home/jovyan/ooi/san_data/RS03ASHS-PN03B-06-CAMHDA301/2022/02/01/CAMHDA301-20220201T061500.mp4,30,0,clear,val,tuesdays_2021_2024
CAMHDA301-20220201T061500,2022-02-01,/home/jovyan/ooi/san_data/RS03ASHS-PN03B-06-CAMHDA301/2022/02/01/CAMHDA301-20220201T061500.mp4,330,0,clear,val,tuesdays_2021_2024
CAMHDA301-20220201T091500,2022-02-01,/home/jovyan/ooi/san_data/RS03ASHS-PN03B-06-CAMHDA301/2022/02/01/CAMHDA301-20220201T091500.mp4,210,0,clear,val,tuesdays_2021_2024
CAMHDA301-20220201T091500,2022-02-01,/home/jovyan/ooi/san_data/RS03ASHS-PN03B-06-CAMHDA301/2022/02/01/CAMHDA301-20220201T091500.mp4,780,0,clear,val,tuesdays_2021_2024
CAMHDA301-20220201T091500,2022-02-01,/home/jovyan/ooi/san_data/RS03ASHS-PN03B-06-CAMHDA301/2022/02/01/CAMHDA301-20220201T091500.mp4,630,0,clear,val,tuesdays_2021_2024
CAMHDA301-20220201T091500,2022-02-01,/home/jovyan/ooi/san_data/RS03ASHS-PN03B-06-CAMHDA301/2022/02/01/CAMHDA301-20220201T091500.mp4,30,0,clear,val,tuesdays_2021_2024
CAMHDA301-20220201T121500,2022-02-01,/home/jovyan/ooi/san_data/RS03ASHS-PN03B-06-CAMHDA301/2022/02/01/CAMHDA301-20220201T121500.mp4,60,0,clear,val,tuesdays_2021_2024
CAMHDA301-20220201T121500,2022-02-01,/home/jovyan/ooi/san_data/RS03ASHS-PN03B-06-CAMHDA301/2022/02/01/CAMHDA301-20220201T121500.mp4,210,0,clear,val,tuesdays_2021_2024
CAMHDA301-20220201T121500,2022-02-01,/home/jovyan/ooi/san_data/RS03ASHS-PN03B-06-CAMHDA301/2022/02/01/CAMHDA301-20220201T121500.mp4,180,0,clear,val,tuesdays_2021_2024
CAMHDA301-20220201T121500,2022-02-01,/home/jovyan/ooi/san_data/RS03ASHS-PN03B-06-CAMHDA301/2022/02/01/CAMHDA301-20220201T121500.mp4,630,0,clear,val,tuesdays_2021_2024
CAMHDA301-20220201T151500,2022-02-01,/home/jovyan/ooi/san_data/RS03ASHS-PN03B-06-CAMHDA301/2022/02/01/CAMHDA301-20220201T151500.mp4,30,0,clear,val,tuesdays_2021_2024
CAMHDA301-20220201T151500,2022-02-01,/home/jovyan/ooi/san_data/RS03ASHS-PN03B-06-CAMHDA301/2022/02/01/CAMHDA301-20220201T151500.mp4,570,0,clear,val,tuesdays_2021_2024
CAMHDA301-20220201T151500,2022-02-01,/home/jovyan/ooi/san_data/RS03ASHS-PN03B-06-CAMHDA301/2022/02/01/CAMHDA301-20220201T151500.mp4,210,0,clear,val,tuesdays_2021_2024
CAMHDA301-20220201T151500,2022-02-01,/home/jovyan/ooi/san_data/RS03ASHS-PN03B-06-CAMHDA301/2022/02/01/CAMHDA301-20220201T151500.mp4,450,0,clear,val,tuesdays_2021_2024
CAMHDA301-20220201T181500,2022-02-01,/home/jovyan/ooi/san_data/RS03ASHS-PN03B-06-CAMHDA301/2022/02/01/CAMHDA301-20220201T181500.mp4,810,0,clear,val,tuesdays_2021_2024
CAMHDA301-20220201T181500,2022-02-01,/home/jovyan/ooi/san_data/RS03ASHS-PN03B-06-CAMHDA301/2022/02/01/CAMHDA301-20220201T181500.mp4,240,0,clear,val,tuesdays_2021_2024
CAMHDA301-20220201T181500,2022-02-01,/home/jovyan/ooi/san_data/RS03ASHS-PN03B-06-CAMHDA301/2022/02/01/CAMHDA301-20220201T181500.mp4,270,0,clear,val,tuesdays_2021_2024
CAMHDA301-20220201T181500,2022-02-01,/home/jovyan/ooi/san_data/RS03ASHS-PN03B-06-CAMHDA301/2022/02/01/CAMHDA301-20220201T181500.mp4,330,0,clear,val,tuesdays_2021_2024
CAMHDA301-20220201T211500,2022-02-01,/home/jovyan/ooi/san_data/RS03ASHS-PN03B-06-CAMHDA301/2022/02/01/CAMHDA301-20220201T211500.mp4,690,0,clear,val,tuesdays_2021_2024
CAMHDA301-20220201T211500,2022-02-01,/home/jovyan/ooi/san_data/RS03ASHS-PN03B-06-CAMHDA301/2022/02/01/CAMHDA301-20220201T211500.mp4,750,0,clear,val,tuesdays_2021_2024
CAMHDA301-20220201T211500,2022-02-01,/home/jovyan/ooi/san_data/RS03ASHS-PN03B-06-CAMHDA301/2022/02/01/CAMHDA301-20220201T211500.mp4,480,0,clear,val,tuesdays_2021_2024
CAMHDA301-20220201T211500,2022-02-01,/home/jovyan/ooi/san_data/RS03ASHS-PN03B-06-CAMHDA301/2022/02/01/CAMHDA301-20220201T211500.mp4,360,0,clear,val,tuesdays_2021_2024
CAMHDA301-20220207T001500,2022-02-07,/home/jovyan/ooi/san_data/RS03ASHS-PN03B-06-CAMHDA301/2022/02/07/CAMHDA301-20220207T001500.mp4,540,1,clear,train,clear_window_2021_2022
CAMHDA301-20220207T031500,2022-02-07,/home/jovyan/ooi/san_data/RS03ASHS-PN03B-06-CAMHDA301/2022/02/07/CAMHDA301-20220207T031500.mp4,540,1,clear,train,clear_window_2021_2022
CAMHDA301-20220207T061500,2022-02-07,/home/jovyan/ooi/san_data/RS03ASHS-PN03B-06-CAMHDA301/2022/02/07/CAMHDA301-20220207T061500.mp4,540,1,clear,train,clear_window_2021_2022
CAMHDA301-20220207T091500,2022-02-07,/home/jovyan/ooi/san_data/RS03ASHS-PN03B-06-CAMHDA301/2022/02/07/CAMHDA301-20220207T091500.mp4,540,1,clear,train,clear_window_2021_2022
CAMHDA301-20220207T121500,2022-02-07,/home/jovyan/ooi/san_data/RS03ASHS-PN03B-06-CAMHDA301/2022/02/07/CAMHDA301-20220207T121500.mp4,600,0,clear,train,clear_window_2021_2022
CAMHDA301-20220207T121500,2022-02-07,/home/jovyan/ooi/san_data/RS03ASHS-PN03B-06-CAMHDA301/2022/02/07/CAMHDA301-20220207T121500.mp4,180,0,clear,train,clear_window_2021_2022
CAMHDA301-20220207T121500,2022-02-07,/home/jovyan/ooi/san_data/RS03ASHS-PN03B-06-CAMHDA301/2022/02/07/CAMHDA301-20220207T121500.mp4,750,0,clear,train,clear_window_2021_2022
CAMHDA301-20220207T121500,2022-02-07,/home/jovyan/ooi/san_data/RS03ASHS-PN03B-06-CAMHDA301/2022/02/07/CAMHDA301-20220207T121500.mp4,360,0,clear,train,clear_window_2021_2022
CAMHDA301-20220207T151500,2022-02-07,/home/jovyan/ooi/san_data/RS03ASHS-PN03B-06-CAMHDA301/2022/02/07/CAMHDA301-20220207T151500.mp4,120,0,clear,train,clear_window_2021_2022
CAMHDA301-20220207T151500,2022-02-07,/home/jovyan/ooi/san_data/RS03ASHS-PN03B-06-CAMHDA301/2022/02/07/CAMHDA301-20220207T151500.mp4,810,0,clear,train,clear_window_2021_2022
CAMHDA301-20220207T151500,2022-02-07,/home/jovyan/ooi/san_data/RS03ASHS-PN03B-06-CAMHDA301/2022/02/07/CAMHDA301-20220207T151500.mp4,660,0,clear,train,clear_window_2021_2022
CAMHDA301-20220207T151500,2022-02-07,/home/jovyan/ooi/san_data/RS03ASHS-PN03B-06-CAMHDA301/2022/02/07/CAMHDA301-20220207T151500.mp4,330,0,clear,train,clear_window_2021_2022
CAMHDA301-20220207T181500,2022-02-07,/home/jovyan/ooi/san_data/RS03ASHS-PN03B-06-CAMHDA301/2022/02/07/CAMHDA301-20220207T181500.mp4,540,1,clear,train,clear_window_2021_2022
CAMHDA301-20220207T211500,2022-02-07,/home/jovyan/ooi/san_data/RS03ASHS-PN03B-06-CAMHDA301/2022/02/07/CAMHDA301-20220207T211500.mp4,540,1,clear,train,clear_window_2021_2022
CAMHDA301-20220208T001500,2022-02-08,/home/jovyan/ooi/san_data/RS03ASHS-PN03B-06-CAMHDA301/2022/02/08/CAMHDA301-20220208T001500.mp4,540,1,clear,train,tuesdays_2021_2024
CAMHDA301-20220208T031500,2022-02-08,/home/jovyan/ooi/san_data/RS03ASHS-PN03B-06-CAMHDA301/2022/02/08/CAMHDA301-20220208T031500.mp4,540,1,clear,train,tuesdays_2021_2024
CAMHDA301-20220208T061500,2022-02-08,/home/jovyan/ooi/san_data/RS03ASHS-PN03B-06-CAMHDA301/2022/02/08/CAMHDA301-20220208T061500.mp4,540,1,clear,train,tuesdays_2021_2024
CAMHDA301-20220208T091500,2022-02-08,/home/jovyan/ooi/san_data/RS03ASHS-PN03B-06-CAMHDA301/2022/02/08/CAMHDA301-20220208T091500.mp4,540,1,clear,train,tuesdays_2021_2024
CAMHDA301-20220208T121500,2022-02-08,/home/jovyan/ooi/san_data/RS03ASHS-PN03B-06-CAMHDA301/2022/02/08/CAMHDA301-20220208T121500.mp4,540,1,clear,train,tuesdays_2021_2024
CAMHDA301-20220208T151500,2022-02-08,/home/jovyan/ooi/san_data/RS03ASHS-PN03B-06-CAMHDA301/2022/02/08/CAMHDA301-20220208T151500.mp4,540,1,clear,train,tuesdays_2021_2024
CAMHDA301-20220208T211500,2022-02-08,/home/jovyan/ooi/san_data/RS03ASHS-PN03B-06-CAMHDA301/2022/02/08/CAMHDA301-20220208T211500.mp4,540,1,clear,train,tuesdays_2021_2024
CAMHDA301-20220214T001500,2022-02-14,/home/jovyan/ooi/san_data/RS03ASHS-PN03B-06-CAMHDA301/2022/02/14/CAMHDA301-20220214T001500.mp4,540,1,clear,train,clear_window_2021_2022
CAMHDA301-20220214T031500,2022-02-14,/home/jovyan/ooi/san_data/RS03ASHS-PN03B-06-CAMHDA301/2022/02/14/CAMHDA301-20220214T031500.mp4,540,1,clear,train,clear_window_2021_2022
CAMHDA301-20220214T061500,2022-02-14,/home/jovyan/ooi/san_data/RS03ASHS-PN03B-06-CAMHDA301/2022/02/14/CAMHDA301-20220214T061500.mp4,540,1,clear,train,clear_window_2021_2022
CAMHDA301-20220214T091500,2022-02-14,/home/jovyan/ooi/san_data/RS03ASHS-PN03B-06-CAMHDA301/2022/02/14/CAMHDA301-20220214T091500.mp4,540,1,clear,train,clear_window_2021_2022
CAMHDA301-20220214T121500,2022-02-14,/home/jovyan/ooi/san_data/RS03ASHS-PN03B-06-CAMHDA301/2022/02/14/CAMHDA301-20220214T121500.mp4,540,1,clear,train,clear_window_2021_2022
CAMHDA301-20220214T151500,2022-02-14,/home/jovyan/ooi/san_data/RS03ASHS-PN03B-06-CAMHDA301/2022/02/14/CAMHDA301-20220214T151500.mp4,540,1,clear,train,clear_window_2021_2022
CAMHDA301-20220214T181500,2022-02-14,/home/jovyan/ooi/san_data/RS03ASHS-PN03B-06-CAMHDA301/2022/02/14/CAMHDA301-20220214T181500.mp4,30,0,clear,train,clear_window_2021_2022
CAMHDA301-20220214T181500,2022-02-14,/home/jovyan/ooi/san_data/RS03ASHS-PN03B-06-CAMHDA301/2022/02/14/CAMHDA301-20220214T181500.mp4,360,0,clear,train,clear_window_2021_2022
CAMHDA301-20220214T181500,2022-02-14,/home/jovyan/ooi/san_data/RS03ASHS-PN03B-06-CAMHDA301/2022/02/14/CAMHDA301-20220214T181500.mp4,780,0,clear,train,clear_window_2021_2022
CAMHDA301-20220214T181500,2022-02-14,/home/jovyan/ooi/san_data/RS03ASHS-PN03B-06-CAMHDA301/2022/02/14/CAMHDA301-20220214T181500.mp4,450,0,clear,train,clear_window_2021_2022
CAMHDA301-20220214T211500,2022-02-14,/home/jovyan/ooi/san_data/RS03ASHS-PN03B-06-CAMHDA301/2022/02/14/CAMHDA301-20220214T211500.mp4,540,1,clear,train,clear_window_2021_2022
CAMHDA301-20220215T001500,2022-02-15,/home/jovyan/ooi/san_data/RS03ASHS-PN03B-06-CAMHDA301/2022/02/15/CAMHDA301-20220215T001500.mp4,540,1,clear,test,tuesdays_2021_2024
CAMHDA301-20220215T031500,2022-02-15,/home/jovyan/ooi/san_data/RS03ASHS-PN03B-06-CAMHDA301/2022/02/15/CAMHDA301-20220215T031500.mp4,540,1,clear,test,tuesdays_2021_2024
CAMHDA301-20220215T091500,2022-02-15,/home/jovyan/ooi/san_data/RS03ASHS-PN03B-06-CAMHDA301/2022/02/15/CAMHDA301-20220215T091500.mp4,540,1,clear,test,tuesdays_2021_2024
CAMHDA301-20220215T151500,2022-02-15,/home/jovyan/ooi/san_data/RS03ASHS-PN03B-06-CAMHDA301/2022/02/15/CAMHDA301-20220215T151500.mp4,540,1,clear,test,tuesdays_2021_2024
CAMHDA301-20220215T181500,2022-02-15,/home/jovyan/ooi/san_data/RS03ASHS-PN03B-06-CAMHDA301/2022/02/15/CAMHDA301-20220215T181500.mp4,540,1,clear,test,tuesdays_2021_2024
CAMHDA301-20220215T211500,2022-02-15,/home/jovyan/ooi/san_data/RS03ASHS-PN03B-06-CAMHDA301/2022/02/15/CAMHDA301-20220215T211500.mp4,540,1,clear,test,tuesdays_2021_2024
CAMHDA301-20220221T001500,2022-02-21,/home/jovyan/ooi/san_data/RS03ASHS-PN03B-06-CAMHDA301/2022/02/21/CAMHDA301-20220221T001500.mp4,810,0,clear,train,clear_window_2021_2022
CAMHDA301-20220221T001500,2022-02-21,/home/jovyan/ooi/san_data/RS03ASHS-PN03B-06-CAMHDA301/2022/02/21/CAMHDA301-20220221T001500.mp4,360,0,clear,train,clear_window_2021_2022
CAMHDA301-20220221T001500,2022-02-21,/home/jovyan/ooi/san_data/RS03ASHS-PN03B-06-CAMHDA301/2022/02/21/CAMHDA301-20220221T001500.mp4,240,0,clear,train,clear_window_2021_2022
CAMHDA301-20220221T001500,2022-02-21,/home/jovyan/ooi/san_data/RS03ASHS-PN03B-06-CAMHDA301/2022/02/21/CAMHDA301-20220221T001500.mp4,480,0,clear,train,clear_window_2021_2022
CAMHDA301-20220221T031500,2022-02-21,/home/jovyan/ooi/san_data/RS03ASHS-PN03B-06-CAMHDA301/2022/02/21/CAMHDA301-20220221T031500.mp4,810,0,clear,train,clear_window_2021_2022
CAMHDA301-20220221T031500,2022-02-21,/home/jovyan/ooi/san_data/RS03ASHS-PN03B-06-CAMHDA301/2022/02/21/CAMHDA301-20220221T031500.mp4,360,0,clear,train,clear_window_2021_2022
CAMHDA301-20220221T031500,2022-02-21,/home/jovyan/ooi/san_data/RS03ASHS-PN03B-06-CAMHDA301/2022/02/21/CAMHDA301-20220221T031500.mp4,480,0,clear,train,clear_window_2021_2022
CAMHDA301-20220221T031500,2022-02-21,/home/jovyan/ooi/san_data/RS03ASHS-PN03B-06-CAMHDA301/2022/02/21/CAMHDA301-20220221T031500.mp4,570,0,clear,train,clear_window_2021_2022
CAMHDA301-20220221T061500,2022-02-21,/home/jovyan/ooi/san_data/RS03ASHS-PN03B-06-CAMHDA301/2022/02/21/CAMHDA301-20220221T061500.mp4,660,0,clear,train,clear_window_2021_2022
CAMHDA301-20220221T061500,2022-02-21,/home/jovyan/ooi/san_data/RS03ASHS-PN03B-06-CAMHDA301/2022/02/21/CAMHDA301-20220221T061500.mp4,420,0,clear,train,clear_window_2021_2022
CAMHDA301-20220221T061500,2022-02-21,/home/jovyan/ooi/san_data/RS03ASHS-PN03B-06-CAMHDA301/2022/02/21/CAMHDA301-20220221T061500.mp4,180,0,clear,train,clear_window_2021_2022
CAMHDA301-20220221T061500,2022-02-21,/home/jovyan/ooi/san_data/RS03ASHS-PN03B-06-CAMHDA301/2022/02/21/CAMHDA301-20220221T061500.mp4,270,0,clear,train,clear_window_2021_2022
CAMHDA301-20220221T091500,2022-02-21,/home/jovyan/ooi/san_data/RS03ASHS-PN03B-06-CAMHDA301/2022/02/21/CAMHDA301-20220221T091500.mp4,540,1,clear,train,clear_window_2021_2022
CAMHDA301-20220221T121500,2022-02-21,/home/jovyan/ooi/san_data/RS03ASHS-PN03B-06-CAMHDA301/2022/02/21/CAMHDA301-20220221T121500.mp4,540,1,clear,train,clear_window_2021_2022
CAMHDA301-20220221T151500,2022-02-21,/home/jovyan/ooi/san_data/RS03ASHS-PN03B-06-CAMHDA301/2022/02/21/CAMHDA301-20220221T151500.mp4,600,0,clear,train,clear_window_2021_2022
CAMHDA301-20220221T151500,2022-02-21,/home/jovyan/ooi/san_data/RS03ASHS-PN03B-06-CAMHDA301/2022/02/21/CAMHDA301-20220221T151500.mp4,720,0,clear,train,clear_window_2021_2022
CAMHDA301-20220221T151500,2022-02-21,/home/jovyan/ooi/san_data/RS03ASHS-PN03B-06-CAMHDA301/2022/02/21/CAMHDA301-20220221T151500.mp4,660,0,clear,train,clear_window_2021_2022
CAMHDA301-20220221T151500,2022-02-21,/home/jovyan/ooi/san_data/RS03ASHS-PN03B-06-CAMHDA301/2022/02/21/CAMHDA301-20220221T151500.mp4,60,0,clear,train,clear_window_2021_2022
CAMHDA301-20220221T181500,2022-02-21,/home/jovyan/ooi/san_data/RS03ASHS-PN03B-06-CAMHDA301/2022/02/21/CAMHDA301-20220221T181500.mp4,540,1,clear,train,clear_window_2021_2022
CAMHDA301-20220221T211500,2022-02-21,/home/jovyan/ooi/san_data/RS03ASHS-PN03B-06-CAMHDA301/2022/02/21/CAMHDA301-20220221T211500.mp4,150,0,clear,train,clear_window_2021_2022
CAMHDA301-20220221T211500,2022-02-21,/home/jovyan/ooi/san_data/RS03ASHS-PN03B-06-CAMHDA301/2022/02/21/CAMHDA301-20220221T211500.mp4,30,0,clear,train,clear_window_2021_2022
CAMHDA301-20220221T211500,2022-02-21,/home/jovyan/ooi/san_data/RS03ASHS-PN03B-06-CAMHDA301/2022/02/21/CAMHDA301-20220221T211500.mp4,780,0,clear,train,clear_window_2021_2022
CAMHDA301-20220221T211500,2022-02-21,/home/jovyan/ooi/san_data/RS03ASHS-PN03B-06-CAMHDA301/2022/02/21/CAMHDA301-20220221T211500.mp4,360,0,clear,train,clear_window_2021_2022
CAMHDA301-20220222T001500,2022-02-22,/home/jovyan/ooi/san_data/RS03ASHS-PN03B-06-CAMHDA301/2022/02/22/CAMHDA301-20220222T001500.mp4,540,1,clear,train,tuesdays_2021_2024
CAMHDA301-20220222T031500,2022-02-22,/home/jovyan/ooi/san_data/RS03ASHS-PN03B-06-CAMHDA301/2022/02/22/CAMHDA301-20220222T031500.mp4,540,1,clear,train,tuesdays_2021_2024
CAMHDA301-20220222T061500,2022-02-22,/home/jovyan/ooi/san_data/RS03ASHS-PN03B-06-CAMHDA301/2022/02/22/CAMHDA301-20220222T061500.mp4,540,1,clear,train,tuesdays_2021_2024
CAMHDA301-20220222T121500,2022-02-22,/home/jovyan/ooi/san_data/RS03ASHS-PN03B-06-CAMHDA301/2022/02/22/CAMHDA301-20220222T121500.mp4,540,1,clear,train,tuesdays_2021_2024
CAMHDA301-20220222T181500,2022-02-22,/home/jovyan/ooi/san_data/RS03ASHS-PN03B-06-CAMHDA301/2022/02/22/CAMHDA301-20220222T181500.mp4,540,1,clear,train,tuesdays_2021_2024
CAMHDA301-20220222T211500,2022-02-22,/home/jovyan/ooi/san_data/RS03ASHS-PN03B-06-CAMHDA301/2022/02/22/CAMHDA301-20220222T211500.mp4,540,1,clear,train,tuesdays_2021_2024
CAMHDA301-20220228T001500,2022-02-28,/home/jovyan/ooi/san_data/RS03ASHS-PN03B-06-CAMHDA301/2022/02/28/CAMHDA301-20220228T001500.mp4,540,1,clear,test,clear_window_2021_2022
CAMHDA301-20220228T031500,2022-02-28,/home/jovyan/ooi/san_data/RS03ASHS-PN03B-06-CAMHDA301/2022/02/28/CAMHDA301-20220228T031500.mp4,540,1,clear,test,clear_window_2021_2022
CAMHDA301-20220228T061500,2022-02-28,/home/jovyan/ooi/san_data/RS03ASHS-PN03B-06-CAMHDA301/2022/02/28/CAMHDA301-20220228T061500.mp4,540,1,clear,test,clear_window_2021_2022
CAMHDA301-20220228T091500,2022-02-28,/home/jovyan/ooi/san_data/RS03ASHS-PN03B-06-CAMHDA301/2022/02/28/CAMHDA301-20220228T091500.mp4,540,1,clear,test,clear_window_2021_2022
CAMHDA301-20220228T121500,2022-02-28,/home/jovyan/ooi/san_data/RS03ASHS-PN03B-06-CAMHDA301/2022/02/28/CAMHDA301-20220228T121500.mp4,540,1,clear,test,clear_window_2021_2022
CAMHDA301-20220228T151500,2022-02-28,/home/jovyan/ooi/san_data/RS03ASHS-PN03B-06-CAMHDA301/2022/02/28/CAMHDA301-20220228T151500.mp4,780,0,clear,test,clear_window_2021_2022
CAMHDA301-20220228T151500,2022-02-28,/home/jovyan/ooi/san_data/RS03ASHS-PN03B-06-CAMHDA301/2022/02/28/CAMHDA301-20220228T151500.mp4,150,0,clear,test,clear_window_2021_2022
CAMHDA301-20220228T151500,2022-02-28,/home/jovyan/ooi/san_data/RS03ASHS-PN03B-06-CAMHDA301/2022/02/28/CAMHDA301-20220228T151500.mp4,270,0,clear,test,clear_window_2021_2022
CAMHDA301-20220228T151500,2022-02-28,/home/jovyan/ooi/san_data/RS03ASHS-PN03B-06-CAMHDA301/2022/02/28/CAMHDA301-20220228T151500.mp4,570,0,clear,test,clear_window_2021_2022
CAMHDA301-20220228T181500,2022-02-28,/home/jovyan/ooi/san_data/RS03ASHS-PN03B-06-CAMHDA301/2022/02/28/CAMHDA301-20220228T181500.mp4,690,0,clear,test,clear_window_2021_2022
CAMHDA301-20220228T181500,2022-02-28,/home/jovyan/ooi/san_data/RS03ASHS-PN03B-06-CAMHDA301/2022/02/28/CAMHDA301-20220228T181500.mp4,270,0,clear,test,clear_window_2021_2022
CAMHDA301-20220228T181500,2022-02-28,/home/jovyan/ooi/san_data/RS03ASHS-PN03B-06-CAMHDA301/2022/02/28/CAMHDA301-20220228T181500.mp4,510,0,clear,test,clear_window_2021_2022
CAMHDA301-20220228T181500,2022-02-28,/home/jovyan/ooi/san_data/RS03ASHS-PN03B-06-CAMHDA301/2022/02/28/CAMHDA301-20220228T181500.mp4,60,0,clear,test,clear_window_2021_2022
CAMHDA301-20220228T211500,2022-02-28,/home/jovyan/ooi/san_data/RS03ASHS-PN03B-06-CAMHDA301/2022/02/28/CAMHDA301-20220228T211500.mp4,120,0,clear,test,clear_window_2021_2022
CAMHDA301-20220228T211500,2022-02-28,/home/jovyan/ooi/san_data/RS03ASHS-PN03B-06-CAMHDA301/2022/02/28/CAMHDA301-20220228T211500.mp4,270,0,clear,test,clear_window_2021_2022
CAMHDA301-20220228T211500,2022-02-28,/home/jovyan/ooi/san_data/RS03ASHS-PN03B-06-CAMHDA301/2022/02/28/CAMHDA301-20220228T211500.mp4,720,0,clear,test,clear_window_2021_2022
CAMHDA301-20220228T211500,2022-02-28,/home/jovyan/ooi/san_data/RS03ASHS-PN03B-06-CAMHDA301/2022/02/28/CAMHDA301-20220228T211500.mp4,600,0,clear,test,clear_window_2021_2022
CAMHDA301-20220301T031500,2022-03-01,/home/jovyan/ooi/san_data/RS03ASHS-PN03B-06-CAMHDA301/2022/03/01/CAMHDA301-20220301T031500.mp4,810,0,clear,train,tuesdays_2021_2024
CAMHDA301-20220301T031500,2022-03-01,/home/jovyan/ooi/san_data/RS03ASHS-PN03B-06-CAMHDA301/2022/03/01/CAMHDA301-20220301T031500.mp4,420,0,clear,train,tuesdays_2021_2024
CAMHDA301-20220301T031500,2022-03-01,/home/jovyan/ooi/san_data/RS03ASHS-PN03B-06-CAMHDA301/2022/03/01/CAMHDA301-20220301T031500.mp4,330,0,clear,train,tuesdays_2021_2024
CAMHDA301-20220301T031500,2022-03-01,/home/jovyan/ooi/san_data/RS03ASHS-PN03B-06-CAMHDA301/2022/03/01/CAMHDA301-20220301T031500.mp4,570,0,clear,train,tuesdays_2021_2024
CAMHDA301-20220301T061500,2022-03-01,/home/jovyan/ooi/san_data/RS03ASHS-PN03B-06-CAMHDA301/2022/03/01/CAMHDA301-20220301T061500.mp4,300,0,clear,train,tuesdays_2021_2024
CAMHDA301-20220301T061500,2022-03-01,/home/jovyan/ooi/san_data/RS03ASHS-PN03B-06-CAMHDA301/2022/03/01/CAMHDA301-20220301T061500.mp4,630,0,clear,train,tuesdays_2021_2024
CAMHDA301-20220301T061500,2022-03-01,/home/jovyan/ooi/san_data/RS03ASHS-PN03B-06-CAMHDA301/2022/03/01/CAMHDA301-20220301T061500.mp4,120,0,clear,train,tuesdays_2021_2024
CAMHDA301-20220301T061500,2022-03-01,/home/jovyan/ooi/san_data/RS03ASHS-PN03B-06-CAMHDA301/2022/03/01/CAMHDA301-20220301T061500.mp4,690,0,clear,train,tuesdays_2021_2024
CAMHDA301-20220301T091500,2022-03-01,/home/jovyan/ooi/san_data/RS03ASHS-PN03B-06-CAMHDA301/2022/03/01/CAMHDA301-20220301T091500.mp4,360,0,clear,train,tuesdays_2021_2024
CAMHDA301-20220301T091500,2022-03-01,/home/jovyan/ooi/san_data/RS03ASHS-PN03B-06-CAMHDA301/2022/03/01/CAMHDA301-20220301T091500.mp4,660,0,clear,train,tuesdays_2021_2024
CAMHDA301-20220301T091500,2022-03-01,/home/jovyan/ooi/san_data/RS03ASHS-PN03B-06-CAMHDA301/2022/03/01/CAMHDA301-20220301T091500.mp4,90,0,clear,train,tuesdays_2021_2024
CAMHDA301-20220301T091500,2022-03-01,/home/jovyan/ooi/san_data/RS03ASHS-PN03B-06-CAMHDA301/2022/03/01/CAMHDA301-20220301T091500.mp4,840,0,clear,train,tuesdays_2021_2024
CAMHDA301-20220301T121500,2022-03-01,/home/jovyan/ooi/san_data/RS03ASHS-PN03B-06-CAMHDA301/2022/03/01/CAMHDA301-20220301T121500.mp4,540,0,clear,train,tuesdays_2021_2024
CAMHDA301-20220301T121500,2022-03-01,/home/jovyan/ooi/san_data/RS03ASHS-PN03B-06-CAMHDA301/2022/03/01/CAMHDA301-20220301T121500.mp4,90,0,clear,train,tuesdays_2021_2024
CAMHDA301-20220301T121500,2022-03-01,/home/jovyan/ooi/san_data/RS03ASHS-PN03B-06-CAMHDA301/2022/03/01/CAMHDA301-20220301T121500.mp4,240,0,clear,train,tuesdays_2021_2024
CAMHDA301-20220301T121500,2022-03-01,/home/jovyan/ooi/san_data/RS03ASHS-PN03B-06-CAMHDA301/2022/03/01/CAMHDA301-20220301T121500.mp4,450,0,clear,train,tuesdays_2021_2024
CAMHDA301-20220301T151500,2022-03-01,/home/jovyan/ooi/san_data/RS03ASHS-PN03B-06-CAMHDA301/2022/03/01/CAMHDA301-20220301T151500.mp4,660,0,clear,train,tuesdays_2021_2024
CAMHDA301-20220301T151500,2022-03-01,/home/jovyan/ooi/san_data/RS03ASHS-PN03B-06-CAMHDA301/2022/03/01/CAMHDA301-20220301T151500.mp4,330,0,clear,train,tuesdays_2021_2024
CAMHDA301-20220301T151500,2022-03-01,/home/jovyan/ooi/san_data/RS03ASHS-PN03B-06-CAMHDA301/2022/03/01/CAMHDA301-20220301T151500.mp4,90,0,clear,train,tuesdays_2021_2024
CAMHDA301-20220301T151500,2022-03-01,/home/jovyan/ooi/san_data/RS03ASHS-PN03B-06-CAMHDA301/2022/03/01/CAMHDA301-20220301T151500.mp4,450,0,clear,train,tuesdays_2021_2024
CAMHDA301-20220301T181500,2022-03-01,/home/jovyan/ooi/san_data/RS03ASHS-PN03B-06-CAMHDA301/2022/03/01/CAMHDA301-20220301T181500.mp4,90,0,clear,train,tuesdays_2021_2024
CAMHDA301-20220301T181500,2022-03-01,/home/jovyan/ooi/san_data/RS03ASHS-PN03B-06-CAMHDA301/2022/03/01/CAMHDA301-20220301T181500.mp4,330,0,clear,train,tuesdays_2021_2024
CAMHDA301-20220301T181500,2022-03-01,/home/jovyan/ooi/san_data/RS03ASHS-PN03B-06-CAMHDA301/2022/03/01/CAMHDA301-20220301T181500.mp4,750,0,clear,train,tuesdays_2021_2024
CAMHDA301-20220301T181500,2022-03-01,/home/jovyan/ooi/san_data/RS03ASHS-PN03B-06-CAMHDA301/2022/03/01/CAMHDA301-20220301T181500.mp4,60,0,clear,train,tuesdays_2021_2024
CAMHDA301-20220301T211500,2022-03-01,/home/jovyan/ooi/san_data/RS03ASHS-PN03B-06-CAMHDA301/2022/03/01/CAMHDA301-20220301T211500.mp4,90,0,clear,train,tuesdays_2021_2024
CAMHDA301-20220301T211500,2022-03-01,/home/jovyan/ooi/san_data/RS03ASHS-PN03B-06-CAMHDA301/2022/03/01/CAMHDA301-20220301T211500.mp4,120,0,clear,train,tuesdays_2021_2024
CAMHDA301-20220301T211500,2022-03-01,/home/jovyan/ooi/san_data/RS03ASHS-PN03B-06-CAMHDA301/2022/03/01/CAMHDA301-20220301T211500.mp4,780,0,clear,train,tuesdays_2021_2024
CAMHDA301-20220301T211500,2022-03-01,/home/jovyan/ooi/san_data/RS03ASHS-PN03B-06-CAMHDA301/2022/03/01/CAMHDA301-20220301T211500.mp4,690,0,clear,train,tuesdays_2021_2024
CAMHDA301-20220307T001500,2022-03-07,/home/jovyan/ooi/san_data/RS03ASHS-PN03B-06-CAMHDA301/2022/03/07/CAMHDA301-20220307T001500.mp4,540,1,clear,test,clear_window_2021_2022
CAMHDA301-20220307T031500,2022-03-07,/home/jovyan/ooi/san_data/RS03ASHS-PN03B-06-CAMHDA301/2022/03/07/CAMHDA301-20220307T031500.mp4,540,1,clear,test,clear_window_2021_2022
CAMHDA301-20220307T061500,2022-03-07,/home/jovyan/ooi/san_data/RS03ASHS-PN03B-06-CAMHDA301/2022/03/07/CAMHDA301-20220307T061500.mp4,540,1,clear,test,clear_window_2021_2022
CAMHDA301-20220307T091500,2022-03-07,/home/jovyan/ooi/san_data/RS03ASHS-PN03B-06-CAMHDA301/2022/03/07/CAMHDA301-20220307T091500.mp4,540,1,clear,test,clear_window_2021_2022
CAMHDA301-20220307T121500,2022-03-07,/home/jovyan/ooi/san_data/RS03ASHS-PN03B-06-CAMHDA301/2022/03/07/CAMHDA301-20220307T121500.mp4,390,0,clear,test,clear_window_2021_2022
CAMHDA301-20220307T121500,2022-03-07,/home/jovyan/ooi/san_data/RS03ASHS-PN03B-06-CAMHDA301/2022/03/07/CAMHDA301-20220307T121500.mp4,60,0,clear,test,clear_window_2021_2022
CAMHDA301-20220307T121500,2022-03-07,/home/jovyan/ooi/san_data/RS03ASHS-PN03B-06-CAMHDA301/2022/03/07/CAMHDA301-20220307T121500.mp4,240,0,clear,test,clear_window_2021_2022
CAMHDA301-20220307T121500,2022-03-07,/home/jovyan/ooi/san_data/RS03ASHS-PN03B-06-CAMHDA301/2022/03/07/CAMHDA301-20220307T121500.mp4,30,0,clear,test,clear_window_2021_2022
CAMHDA301-20220307T151500,2022-03-07,/home/jovyan/ooi/san_data/RS03ASHS-PN03B-06-CAMHDA301/2022/03/07/CAMHDA301-20220307T151500.mp4,330,0,clear,test,clear_window_2021_2022
CAMHDA301-20220307T151500,2022-03-07,/home/jovyan/ooi/san_data/RS03ASHS-PN03B-06-CAMHDA301/2022/03/07/CAMHDA301-20220307T151500.mp4,780,0,clear,test,clear_window_2021_2022
CAMHDA301-20220307T151500,2022-03-07,/home/jovyan/ooi/san_data/RS03ASHS-PN03B-06-CAMHDA301/2022/03/07/CAMHDA301-20220307T151500.mp4,120,0,clear,test,clear_window_2021_2022
CAMHDA301-20220307T151500,2022-03-07,/home/jovyan/ooi/san_data/RS03ASHS-PN03B-06-CAMHDA301/2022/03/07/CAMHDA301-20220307T151500.mp4,270,0,clear,test,clear_window_2021_2022
CAMHDA301-20220307T181500,2022-03-07,/home/jovyan/ooi/san_data/RS03ASHS-PN03B-06-CAMHDA301/2022/03/07/CAMHDA301-20220307T181500.mp4,540,1,clear,test,clear_window_2021_2022
CAMHDA301-20220307T211500,2022-03-07,/home/jovyan/ooi/san_data/RS03ASHS-PN03B-06-CAMHDA301/2022/03/07/CAMHDA301-20220307T211500.mp4,90,0,clear,test,clear_window_2021_2022
CAMHDA301-20220307T211500,2022-03-07,/home/jovyan/ooi/san_data/RS03ASHS-PN03B-06-CAMHDA301/2022/03/07/CAMHDA301-20220307T211500.mp4,780,0,clear,test,clear_window_2021_2022
CAMHDA301-20220307T211500,2022-03-07,/home/jovyan/ooi/san_data/RS03ASHS-PN03B-06-CAMHDA301/2022/03/07/CAMHDA301-20220307T211500.mp4,630,0,clear,test,clear_window_2021_2022
CAMHDA301-20220307T211500,2022-03-07,/home/jovyan/ooi/san_data/RS03ASHS-PN03B-06-CAMHDA301/2022/03/07/CAMHDA301-20220307T211500.mp4,570,0,clear,test,clear_window_2021_2022
CAMHDA301-20220308T001500,2022-03-08,/home/jovyan/ooi/san_data/RS03ASHS-PN03B-06-CAMHDA301/2022/03/08/CAMHDA301-20220308T001500.mp4,540,1,clear,train,tuesdays_2021_2024
CAMHDA301-20220308T031500,2022-03-08,/home/jovyan/ooi/san_data/RS03ASHS-PN03B-06-CAMHDA301/2022/03/08/CAMHDA301-20220308T031500.mp4,540,1,clear,train,tuesdays_2021_2024
CAMHDA301-20220308T061500,2022-03-08,/home/jovyan/ooi/san_data/RS03ASHS-PN03B-06-CAMHDA301/2022/03/08/CAMHDA301-20220308T061500.mp4,360,0,clear,train,tuesdays_2021_2024
CAMHDA301-20220308T061500,2022-03-08,/home/jovyan/ooi/san_data/RS03ASHS-PN03B-06-CAMHDA301/2022/03/08/CAMHDA301-20220308T061500.mp4,120,0,clear,train,tuesdays_2021_2024
CAMHDA301-20220308T061500,2022-03-08,/home/jovyan/ooi/san_data/RS03ASHS-PN03B-06-CAMHDA301/2022/03/08/CAMHDA301-20220308T061500.mp4,270,0,clear,train,tuesdays_2021_2024
CAMHDA301-20220308T061500,2022-03-08,/home/jovyan/ooi/san_data/RS03ASHS-PN03B-06-CAMHDA301/2022/03/08/CAMHDA301-20220308T061500.mp4,810,0,clear,train,tuesdays_2021_2024
CAMHDA301-20220308T091500,2022-03-08,/home/jovyan/ooi/san_data/RS03ASHS-PN03B-06-CAMHDA301/2022/03/08/CAMHDA301-20220308T091500.mp4,540,1,clear,train,tuesdays_2021_2024
CAMHDA301-20220308T121500,2022-03-08,/home/jovyan/ooi/san_data/RS03ASHS-PN03B-06-CAMHDA301/2022/03/08/CAMHDA301-20220308T121500.mp4,540,1,clear,train,tuesdays_2021_2024
CAMHDA301-20220308T151500,2022-03-08,/home/jovyan/ooi/san_data/RS03ASHS-PN03B-06-CAMHDA301/2022/03/08/CAMHDA301-20220308T151500.mp4,540,1,clear,train,tuesdays_2021_2024
CAMHDA301-20220308T181500,2022-03-08,/home/jovyan/ooi/san_data/RS03ASHS-PN03B-06-CAMHDA301/2022/03/08/CAMHDA301-20220308T181500.mp4,540,1,clear,train,tuesdays_2021_2024
CAMHDA301-20220308T211500,2022-03-08,/home/jovyan/ooi/san_data/RS03ASHS-PN03B-06-CAMHDA301/2022/03/08/CAMHDA301-20220308T211500.mp4,540,1,clear,train,tuesdays_2021_2024
CAMHDA301-20220314T001500,2022-03-14,/home/jovyan/ooi/san_data/RS03ASHS-PN03B-06-CAMHDA301/2022/03/14/CAMHDA301-20220314T001500.mp4,540,1,clear,train,clear_window_2021_2022
CAMHDA301-20220314T031500,2022-03-14,/home/jovyan/ooi/san_data/RS03ASHS-PN03B-06-CAMHDA301/2022/03/14/CAMHDA301-20220314T031500.mp4,540,1,clear,train,clear_window_2021_2022
CAMHDA301-20220314T061500,2022-03-14,/home/jovyan/ooi/san_data/RS03ASHS-PN03B-06-CAMHDA301/2022/03/14/CAMHDA301-20220314T061500.mp4,540,1,clear,train,clear_window_2021_2022
CAMHDA301-20220314T091500,2022-03-14,/home/jovyan/ooi/san_data/RS03ASHS-PN03B-06-CAMHDA301/2022/03/14/CAMHDA301-20220314T091500.mp4,540,1,clear,train,clear_window_2021_2022
CAMHDA301-20220314T121500,2022-03-14,/home/jovyan/ooi/san_data/RS03ASHS-PN03B-06-CAMHDA301/2022/03/14/CAMHDA301-20220314T121500.mp4,540,1,clear,train,clear_window_2021_2022
CAMHDA301-20220314T151500,2022-03-14,/home/jovyan/ooi/san_data/RS03ASHS-PN03B-06-CAMHDA301/2022/03/14/CAMHDA301-20220314T151500.mp4,690,0,clear,train,clear_window_2021_2022
CAMHDA301-20220314T151500,2022-03-14,/home/jovyan/ooi/san_data/RS03ASHS-PN03B-06-CAMHDA301/2022/03/14/CAMHDA301-20220314T151500.mp4,540,0,clear,train,clear_window_2021_2022
CAMHDA301-20220314T151500,2022-03-14,/home/jovyan/ooi/san_data/RS03ASHS-PN03B-06-CAMHDA301/2022/03/14/CAMHDA301-20220314T151500.mp4,90,0,clear,train,clear_window_2021_2022
CAMHDA301-20220314T151500,2022-03-14,/home/jovyan/ooi/san_data/RS03ASHS-PN03B-06-CAMHDA301/2022/03/14/CAMHDA301-20220314T151500.mp4,780,0,clear,train,clear_window_2021_2022
CAMHDA301-20220314T181500,2022-03-14,/home/jovyan/ooi/san_data/RS03ASHS-PN03B-06-CAMHDA301/2022/03/14/CAMHDA301-20220314T181500.mp4,420,0,clear,train,clear_window_2021_2022
CAMHDA301-20220314T181500,2022-03-14,/home/jovyan/ooi/san_data/RS03ASHS-PN03B-06-CAMHDA301/2022/03/14/CAMHDA301-20220314T181500.mp4,90,0,clear,train,clear_window_2021_2022
CAMHDA301-20220314T181500,2022-03-14,/home/jovyan/ooi/san_data/RS03ASHS-PN03B-06-CAMHDA301/2022/03/14/CAMHDA301-20220314T181500.mp4,540,0,clear,train,clear_window_2021_2022
CAMHDA301-20220314T181500,2022-03-14,/home/jovyan/ooi/san_data/RS03ASHS-PN03B-06-CAMHDA301/2022/03/14/CAMHDA301-20220314T181500.mp4,630,0,clear,train,clear_window_2021_2022
CAMHDA301-20220314T211500,2022-03-14,/home/jovyan/ooi/san_data/RS03ASHS-PN03B-06-CAMHDA301/2022/03/14/CAMHDA301-20220314T211500.mp4,180,0,clear,train,clear_window_2021_2022
CAMHDA301-20220314T211500,2022-03-14,/home/jovyan/ooi/san_data/RS03ASHS-PN03B-06-CAMHDA301/2022/03/14/CAMHDA301-20220314T211500.mp4,330,0,clear,train,clear_window_2021_2022
CAMHDA301-20220314T211500,2022-03-14,/home/jovyan/ooi/san_data/RS03ASHS-PN03B-06-CAMHDA301/2022/03/14/CAMHDA301-20220314T211500.mp4,630,0,clear,train,clear_window_2021_2022
CAMHDA301-20220314T211500,2022-03-14,/home/jovyan/ooi/san_data/RS03ASHS-PN03B-06-CAMHDA301/2022/03/14/CAMHDA301-20220314T211500.mp4,120,0,clear,train,clear_window_2021_2022
CAMHDA301-20220315T061500,2022-03-15,/home/jovyan/ooi/san_data/RS03ASHS-PN03B-06-CAMHDA301/2022/03/15/CAMHDA301-20220315T061500.mp4,540,1,clear,val,tuesdays_2021_2024
CAMHDA301-20220315T121500,2022-03-15,/home/jovyan/ooi/san_data/RS03ASHS-PN03B-06-CAMHDA301/2022/03/15/CAMHDA301-20220315T121500.mp4,540,1,clear,val,tuesdays_2021_2024
CAMHDA301-20220315T181500,2022-03-15,/home/jovyan/ooi/san_data/RS03ASHS-PN03B-06-CAMHDA301/2022/03/15/CAMHDA301-20220315T181500.mp4,540,1,clear,val,tuesdays_2021_2024
CAMHDA301-20220315T211500,2022-03-15,/home/jovyan/ooi/san_data/RS03ASHS-PN03B-06-CAMHDA301/2022/03/15/CAMHDA301-20220315T211500.mp4,540,1,clear,val,tuesdays_2021_2024
CAMHDA301-20220321T001500,2022-03-21,/home/jovyan/ooi/san_data/RS03ASHS-PN03B-06-CAMHDA301/2022/03/21/CAMHDA301-20220321T001500.mp4,540,1,clear,train,clear_window_2021_2022
CAMHDA301-20220321T031500,2022-03-21,/home/jovyan/ooi/san_data/RS03ASHS-PN03B-06-CAMHDA301/2022/03/21/CAMHDA301-20220321T031500.mp4,540,1,clear,train,clear_window_2021_2022
CAMHDA301-20220321T061500,2022-03-21,/home/jovyan/ooi/san_data/RS03ASHS-PN03B-06-CAMHDA301/2022/03/21/CAMHDA301-20220321T061500.mp4,630,0,clear,train,clear_window_2021_2022
CAMHDA301-20220321T061500,2022-03-21,/home/jovyan/ooi/san_data/RS03ASHS-PN03B-06-CAMHDA301/2022/03/21/CAMHDA301-20220321T061500.mp4,150,0,clear,train,clear_window_2021_2022
CAMHDA301-20220321T061500,2022-03-21,/home/jovyan/ooi/san_data/RS03ASHS-PN03B-06-CAMHDA301/2022/03/21/CAMHDA301-20220321T061500.mp4,750,0,clear,train,clear_window_2021_2022
CAMHDA301-20220321T061500,2022-03-21,/home/jovyan/ooi/san_data/RS03ASHS-PN03B-06-CAMHDA301/2022/03/21/CAMHDA301-20220321T061500.mp4,720,0,clear,train,clear_window_2021_2022
CAMHDA301-20220321T091500,2022-03-21,/home/jovyan/ooi/san_data/RS03ASHS-PN03B-06-CAMHDA301/2022/03/21/CAMHDA301-20220321T091500.mp4,540,1,clear,train,clear_window_2021_2022
CAMHDA301-20220321T121500,2022-03-21,/home/jovyan/ooi/san_data/RS03ASHS-PN03B-06-CAMHDA301/2022/03/21/CAMHDA301-20220321T121500.mp4,540,1,clear,train,clear_window_2021_2022
CAMHDA301-20220321T151500,2022-03-21,/home/jovyan/ooi/san_data/RS03ASHS-PN03B-06-CAMHDA301/2022/03/21/CAMHDA301-20220321T151500.mp4,540,1,clear,train,clear_window_2021_2022
CAMHDA301-20220321T181500,2022-03-21,/home/jovyan/ooi/san_data/RS03ASHS-PN03B-06-CAMHDA301/2022/03/21/CAMHDA301-20220321T181500.mp4,540,1,clear,train,clear_window_2021_2022
CAMHDA301-20220321T211500,2022-03-21,/home/jovyan/ooi/san_data/RS03ASHS-PN03B-06-CAMHDA301/2022/03/21/CAMHDA301-20220321T211500.mp4,540,1,clear,train,clear_window_2021_2022
CAMHDA301-20220322T031500,2022-03-22,/home/jovyan/ooi/san_data/RS03ASHS-PN03B-06-CAMHDA301/2022/03/22/CAMHDA301-20220322T031500.mp4,540,1,clear,train,tuesdays_2021_2024
CAMHDA301-20220322T061500,2022-03-22,/home/jovyan/ooi/san_data/RS03ASHS-PN03B-06-CAMHDA301/2022/03/22/CAMHDA301-20220322T061500.mp4,540,1,clear,train,tuesdays_2021_2024
CAMHDA301-20220322T091500,2022-03-22,/home/jovyan/ooi/san_data/RS03ASHS-PN03B-06-CAMHDA301/2022/03/22/CAMHDA301-20220322T091500.mp4,540,1,clear,train,tuesdays_2021_2024
CAMHDA301-20220322T121500,2022-03-22,/home/jovyan/ooi/san_data/RS03ASHS-PN03B-06-CAMHDA301/2022/03/22/CAMHDA301-20220322T121500.mp4,540,1,clear,train,tuesdays_2021_2024
CAMHDA301-20220322T151500,2022-03-22,/home/jovyan/ooi/san_data/RS03ASHS-PN03B-06-CAMHDA301/2022/03/22/CAMHDA301-20220322T151500.mp4,540,1,clear,train,tuesdays_2021_2024
CAMHDA301-20220322T181500,2022-03-22,/home/jovyan/ooi/san_data/RS03ASHS-PN03B-06-CAMHDA301/2022/03/22/CAMHDA301-20220322T181500.mp4,540,1,clear,train,tuesdays_2021_2024
CAMHDA301-20220322T211500,2022-03-22,/home/jovyan/ooi/san_data/RS03ASHS-PN03B-06-CAMHDA301/2022/03/22/CAMHDA301-20220322T211500.mp4,540,1,clear,train,tuesdays_2021_2024
CAMHDA301-20220328T001500,2022-03-28,/home/jovyan/ooi/san_data/RS03ASHS-PN03B-06-CAMHDA301/2022/03/28/CAMHDA301-20220328T001500.mp4,330,0,clear,train,clear_window_2021_2022
CAMHDA301-20220328T001500,2022-03-28,/home/jovyan/ooi/san_data/RS03ASHS-PN03B-06-CAMHDA301/2022/03/28/CAMHDA301-20220328T001500.mp4,750,0,clear,train,clear_window_2021_2022
CAMHDA301-20220328T001500,2022-03-28,/home/jovyan/ooi/san_data/RS03ASHS-PN03B-06-CAMHDA301/2022/03/28/CAMHDA301-20220328T001500.mp4,390,0,clear,train,clear_window_2021_2022
CAMHDA301-20220328T001500,2022-03-28,/home/jovyan/ooi/san_data/RS03ASHS-PN03B-06-CAMHDA301/2022/03/28/CAMHDA301-20220328T001500.mp4,600,0,clear,train,clear_window_2021_2022
CAMHDA301-20220328T031500,2022-03-28,/home/jovyan/ooi/san_data/RS03ASHS-PN03B-06-CAMHDA301/2022/03/28/CAMHDA301-20220328T031500.mp4,420,0,clear,train,clear_window_2021_2022
CAMHDA301-20220328T031500,2022-03-28,/home/jovyan/ooi/san_data/RS03ASHS-PN03B-06-CAMHDA301/2022/03/28/CAMHDA301-20220328T031500.mp4,180,0,clear,train,clear_window_2021_2022
CAMHDA301-20220328T031500,2022-03-28,/home/jovyan/ooi/san_data/RS03ASHS-PN03B-06-CAMHDA301/2022/03/28/CAMHDA301-20220328T031500.mp4,210,0,clear,train,clear_window_2021_2022
CAMHDA301-20220328T031500,2022-03-28,/home/jovyan/ooi/san_data/RS03ASHS-PN03B-06-CAMHDA301/2022/03/28/CAMHDA301-20220328T031500.mp4,60,0,clear,train,clear_window_2021_2022
CAMHDA301-20220328T061500,2022-03-28,/home/jovyan/ooi/san_data/RS03ASHS-PN03B-06-CAMHDA301/2022/03/28/CAMHDA301-20220328T061500.mp4,540,1,clear,train,clear_window_2021_2022
CAMHDA301-20220328T091500,2022-03-28,/home/jovyan/ooi/san_data/RS03ASHS-PN03B-06-CAMHDA301/2022/03/28/CAMHDA301-20220328T091500.mp4,540,1,clear,train,clear_window_2021_2022
CAMHDA301-20220328T121500,2022-03-28,/home/jovyan/ooi/san_data/RS03ASHS-PN03B-06-CAMHDA301/2022/03/28/CAMHDA301-20220328T121500.mp4,540,1,clear,train,clear_window_2021_2022
CAMHDA301-20220328T151500,2022-03-28,/home/jovyan/ooi/san_data/RS03ASHS-PN03B-06-CAMHDA301/2022/03/28/CAMHDA301-20220328T151500.mp4,540,1,clear,train,clear_window_2021_2022
CAMHDA301-20220328T181500,2022-03-28,/home/jovyan/ooi/san_data/RS03ASHS-PN03B-06-CAMHDA301/2022/03/28/CAMHDA301-20220328T181500.mp4,540,1,clear,train,clear_window_2021_2022
CAMHDA301-20220328T211500,2022-03-28,/home/jovyan/ooi/san_data/RS03ASHS-PN03B-06-CAMHDA301/2022/03/28/CAMHDA301-20220328T211500.mp4,540,1,clear,train,clear_window_2021_2022
CAMHDA301-20220329T001500,2022-03-29,/home/jovyan/ooi/san_data/RS03ASHS-PN03B-06-CAMHDA301/2022/03/29/CAMHDA301-20220329T001500.mp4,540,1,clear,train,tuesdays_2021_2024
CAMHDA301-20220329T031500,2022-03-29,/home/jovyan/ooi/san_data/RS03ASHS-PN03B-06-CAMHDA301/2022/03/29/CAMHDA301-20220329T031500.mp4,540,1,clear,train,tuesdays_2021_2024
CAMHDA301-20220329T151500,2022-03-29,/home/jovyan/ooi/san_data/RS03ASHS-PN03B-06-CAMHDA301/2022/03/29/CAMHDA301-20220329T151500.mp4,540,1,clear,train,tuesdays_2021_2024
CAMHDA301-20220329T181500,2022-03-29,/home/jovyan/ooi/san_data/RS03ASHS-PN03B-06-CAMHDA301/2022/03/29/CAMHDA301-20220329T181500.mp4,540,1,clear,train,tuesdays_2021_2024
CAMHDA301-20220404T001500,2022-04-04,/home/jovyan/ooi/san_data/RS03ASHS-PN03B-06-CAMHDA301/2022/04/04/CAMHDA301-20220404T001500.mp4,540,1,clear,train,clear_window_2021_2022
CAMHDA301-20220404T031500,2022-04-04,/home/jovyan/ooi/san_data/RS03ASHS-PN03B-06-CAMHDA301/2022/04/04/CAMHDA301-20220404T031500.mp4,540,1,clear,train,clear_window_2021_2022
CAMHDA301-20220404T061500,2022-04-04,/home/jovyan/ooi/san_data/RS03ASHS-PN03B-06-CAMHDA301/2022/04/04/CAMHDA301-20220404T061500.mp4,600,0,clear,train,clear_window_2021_2022
CAMHDA301-20220404T061500,2022-04-04,/home/jovyan/ooi/san_data/RS03ASHS-PN03B-06-CAMHDA301/2022/04/04/CAMHDA301-20220404T061500.mp4,840,0,clear,train,clear_window_2021_2022
CAMHDA301-20220404T061500,2022-04-04,/home/jovyan/ooi/san_data/RS03ASHS-PN03B-06-CAMHDA301/2022/04/04/CAMHDA301-20220404T061500.mp4,480,0,clear,train,clear_window_2021_2022
CAMHDA301-20220404T061500,2022-04-04,/home/jovyan/ooi/san_data/RS03ASHS-PN03B-06-CAMHDA301/2022/04/04/CAMHDA301-20220404T061500.mp4,120,0,clear,train,clear_window_2021_2022
CAMHDA301-20220404T091500,2022-04-04,/home/jovyan/ooi/san_data/RS03ASHS-PN03B-06-CAMHDA301/2022/04/04/CAMHDA301-20220404T091500.mp4,540,1,clear,train,clear_window_2021_2022
CAMHDA301-20220404T121500,2022-04-04,/home/jovyan/ooi/san_data/RS03ASHS-PN03B-06-CAMHDA301/2022/04/04/CAMHDA301-20220404T121500.mp4,540,1,clear,train,clear_window_2021_2022
CAMHDA301-20220404T151500,2022-04-04,/home/jovyan/ooi/san_data/RS03ASHS-PN03B-06-CAMHDA301/2022/04/04/CAMHDA301-20220404T151500.mp4,540,1,clear,train,clear_window_2021_2022
CAMHDA301-20220404T181500,2022-04-04,/home/jovyan/ooi/san_data/RS03ASHS-PN03B-06-CAMHDA301/2022/04/04/CAMHDA301-20220404T181500.mp4,540,1,clear,train,clear_window_2021_2022
CAMHDA301-20220404T211500,2022-04-04,/home/jovyan/ooi/san_data/RS03ASHS-PN03B-06-CAMHDA301/2022/04/04/CAMHDA301-20220404T211500.mp4,540,1,clear,train,clear_window_2021_2022
CAMHDA301-20220405T001500,2022-04-05,/home/jovyan/ooi/san_data/RS03ASHS-PN03B-06-CAMHDA301/2022/04/05/CAMHDA301-20220405T001500.mp4,540,1,clear,val,tuesdays_2021_2024
CAMHDA301-20220405T031500,2022-04-05,/home/jovyan/ooi/san_data/RS03ASHS-PN03B-06-CAMHDA301/2022/04/05/CAMHDA301-20220405T031500.mp4,540,1,clear,val,tuesdays_2021_2024
CAMHDA301-20220405T061500,2022-04-05,/home/jovyan/ooi/san_data/RS03ASHS-PN03B-06-CAMHDA301/2022/04/05/CAMHDA301-20220405T061500.mp4,540,1,clear,val,tuesdays_2021_2024
CAMHDA301-20220405T091500,2022-04-05,/home/jovyan/ooi/san_data/RS03ASHS-PN03B-06-CAMHDA301/2022/04/05/CAMHDA301-20220405T091500.mp4,540,1,clear,val,tuesdays_2021_2024
CAMHDA301-20220405T121500,2022-04-05,/home/jovyan/ooi/san_data/RS03ASHS-PN03B-06-CAMHDA301/2022/04/05/CAMHDA301-20220405T121500.mp4,540,1,clear,val,tuesdays_2021_2024
CAMHDA301-20220405T151500,2022-04-05,/home/jovyan/ooi/san_data/RS03ASHS-PN03B-06-CAMHDA301/2022/04/05/CAMHDA301-20220405T151500.mp4,540,1,clear,val,tuesdays_2021_2024
CAMHDA301-20220405T181500,2022-04-05,/home/jovyan/ooi/san_data/RS03ASHS-PN03B-06-CAMHDA301/2022/04/05/CAMHDA301-20220405T181500.mp4,540,1,clear,val,tuesdays_2021_2024
CAMHDA301-20220411T001500,2022-04-11,/home/jovyan/ooi/san_data/RS03ASHS-PN03B-06-CAMHDA301/2022/04/11/CAMHDA301-20220411T001500.mp4,540,1,clear,train,clear_window_2021_2022
CAMHDA301-20220411T031500,2022-04-11,/home/jovyan/ooi/san_data/RS03ASHS-PN03B-06-CAMHDA301/2022/04/11/CAMHDA301-20220411T031500.mp4,540,1,clear,train,clear_window_2021_2022
CAMHDA301-20220411T061500,2022-04-11,/home/jovyan/ooi/san_data/RS03ASHS-PN03B-06-CAMHDA301/2022/04/11/CAMHDA301-20220411T061500.mp4,540,1,clear,train,clear_window_2021_2022
CAMHDA301-20220411T091500,2022-04-11,/home/jovyan/ooi/san_data/RS03ASHS-PN03B-06-CAMHDA301/2022/04/11/CAMHDA301-20220411T091500.mp4,540,1,clear,train,clear_window_2021_2022
CAMHDA301-20220411T121500,2022-04-11,/home/jovyan/ooi/san_data/RS03ASHS-PN03B-06-CAMHDA301/2022/04/11/CAMHDA301-20220411T121500.mp4,540,1,clear,train,clear_window_2021_2022
CAMHDA301-20220411T151500,2022-04-11,/home/jovyan/ooi/san_data/RS03ASHS-PN03B-06-CAMHDA301/2022/04/11/CAMHDA301-20220411T151500.mp4,540,1,clear,train,clear_window_2021_2022
CAMHDA301-20220411T181500,2022-04-11,/home/jovyan/ooi/san_data/RS03ASHS-PN03B-06-CAMHDA301/2022/04/11/CAMHDA301-20220411T181500.mp4,540,1,clear,train,clear_window_2021_2022
CAMHDA301-20220411T211500,2022-04-11,/home/jovyan/ooi/san_data/RS03ASHS-PN03B-06-CAMHDA301/2022/04/11/CAMHDA301-20220411T211500.mp4,420,0,clear,train,clear_window_2021_2022
CAMHDA301-20220411T211500,2022-04-11,/home/jovyan/ooi/san_data/RS03ASHS-PN03B-06-CAMHDA301/2022/04/11/CAMHDA301-20220411T211500.mp4,690,0,clear,train,clear_window_2021_2022
CAMHDA301-20220411T211500,2022-04-11,/home/jovyan/ooi/san_data/RS03ASHS-PN03B-06-CAMHDA301/2022/04/11/CAMHDA301-20220411T211500.mp4,570,0,clear,train,clear_window_2021_2022
CAMHDA301-20220411T211500,2022-04-11,/home/jovyan/ooi/san_data/RS03ASHS-PN03B-06-CAMHDA301/2022/04/11/CAMHDA301-20220411T211500.mp4,600,0,clear,train,clear_window_2021_2022
CAMHDA301-20220412T001500,2022-04-12,/home/jovyan/ooi/san_data/RS03ASHS-PN03B-06-CAMHDA301/2022/04/12/CAMHDA301-20220412T001500.mp4,540,1,clear,train,tuesdays_2021_2024
CAMHDA301-20220412T031500,2022-04-12,/home/jovyan/ooi/san_data/RS03ASHS-PN03B-06-CAMHDA301/2022/04/12/CAMHDA301-20220412T031500.mp4,540,1,clear,train,tuesdays_2021_2024
CAMHDA301-20220412T061500,2022-04-12,/home/jovyan/ooi/san_data/RS03ASHS-PN03B-06-CAMHDA301/2022/04/12/CAMHDA301-20220412T061500.mp4,540,1,clear,train,tuesdays_2021_2024
CAMHDA301-20220412T091500,2022-04-12,/home/jovyan/ooi/san_data/RS03ASHS-PN03B-06-CAMHDA301/2022/04/12/CAMHDA301-20220412T091500.mp4,780,0,clear,train,validation_tuesdays
CAMHDA301-20220412T091500,2022-04-12,/home/jovyan/ooi/san_data/RS03ASHS-PN03B-06-CAMHDA301/2022/04/12/CAMHDA301-20220412T091500.mp4,510,0,clear,train,validation_tuesdays
CAMHDA301-20220412T091500,2022-04-12,/home/jovyan/ooi/san_data/RS03ASHS-PN03B-06-CAMHDA301/2022/04/12/CAMHDA301-20220412T091500.mp4,120,0,clear,train,validation_tuesdays
CAMHDA301-20220412T091500,2022-04-12,/home/jovyan/ooi/san_data/RS03ASHS-PN03B-06-CAMHDA301/2022/04/12/CAMHDA301-20220412T091500.mp4,150,0,clear,train,validation_tuesdays
CAMHDA301-20220412T121500,2022-04-12,/home/jovyan/ooi/san_data/RS03ASHS-PN03B-06-CAMHDA301/2022/04/12/CAMHDA301-20220412T121500.mp4,540,1,clear,train,tuesdays_2021_2024
CAMHDA301-20220412T151500,2022-04-12,/home/jovyan/ooi/san_data/RS03ASHS-PN03B-06-CAMHDA301/2022/04/12/CAMHDA301-20220412T151500.mp4,540,1,clear,train,tuesdays_2021_2024
CAMHDA301-20220412T181500,2022-04-12,/home/jovyan/ooi/san_data/RS03ASHS-PN03B-06-CAMHDA301/2022/04/12/CAMHDA301-20220412T181500.mp4,510,1,clear,train,validation_tuesdays
CAMHDA301-20220412T211500,2022-04-12,/home/jovyan/ooi/san_data/RS03ASHS-PN03B-06-CAMHDA301/2022/04/12/CAMHDA301-20220412T211500.mp4,210,0,clear,train,validation_tuesdays
CAMHDA301-20220412T211500,2022-04-12,/home/jovyan/ooi/san_data/RS03ASHS-PN03B-06-CAMHDA301/2022/04/12/CAMHDA301-20220412T211500.mp4,780,0,clear,train,validation_tuesdays
CAMHDA301-20220412T211500,2022-04-12,/home/jovyan/ooi/san_data/RS03ASHS-PN03B-06-CAMHDA301/2022/04/12/CAMHDA301-20220412T211500.mp4,240,0,clear,train,validation_tuesdays
CAMHDA301-20220412T211500,2022-04-12,/home/jovyan/ooi/san_data/RS03ASHS-PN03B-06-CAMHDA301/2022/04/12/CAMHDA301-20220412T211500.mp4,360,0,clear,train,validation_tuesdays
CAMHDA301-20220418T001500,2022-04-18,/home/jovyan/ooi/san_data/RS03ASHS-PN03B-06-CAMHDA301/2022/04/18/CAMHDA301-20220418T001500.mp4,540,1,clear,train,clear_window_2021_2022
CAMHDA301-20220418T031500,2022-04-18,/home/jovyan/ooi/san_data/RS03ASHS-PN03B-06-CAMHDA301/2022/04/18/CAMHDA301-20220418T031500.mp4,60,0,clear,train,clear_window_2021_2022
CAMHDA301-20220418T031500,2022-04-18,/home/jovyan/ooi/san_data/RS03ASHS-PN03B-06-CAMHDA301/2022/04/18/CAMHDA301-20220418T031500.mp4,450,0,clear,train,clear_window_2021_2022
CAMHDA301-20220418T031500,2022-04-18,/home/jovyan/ooi/san_data/RS03ASHS-PN03B-06-CAMHDA301/2022/04/18/CAMHDA301-20220418T031500.mp4,150,0,clear,train,clear_window_2021_2022
CAMHDA301-20220418T031500,2022-04-18,/home/jovyan/ooi/san_data/RS03ASHS-PN03B-06-CAMHDA301/2022/04/18/CAMHDA301-20220418T031500.mp4,510,0,clear,train,clear_window_2021_2022
CAMHDA301-20220418T061500,2022-04-18,/home/jovyan/ooi/san_data/RS03ASHS-PN03B-06-CAMHDA301/2022/04/18/CAMHDA301-20220418T061500.mp4,690,0,clear,train,clear_window_2021_2022
CAMHDA301-20220418T061500,2022-04-18,/home/jovyan/ooi/san_data/RS03ASHS-PN03B-06-CAMHDA301/2022/04/18/CAMHDA301-20220418T061500.mp4,630,0,clear,train,clear_window_2021_2022
CAMHDA301-20220418T061500,2022-04-18,/home/jovyan/ooi/san_data/RS03ASHS-PN03B-06-CAMHDA301/2022/04/18/CAMHDA301-20220418T061500.mp4,210,0,clear,train,clear_window_2021_2022
CAMHDA301-20220418T061500,2022-04-18,/home/jovyan/ooi/san_data/RS03ASHS-PN03B-06-CAMHDA301/2022/04/18/CAMHDA301-20220418T061500.mp4,390,0,clear,train,clear_window_2021_2022
CAMHDA301-20220418T091500,2022-04-18,/home/jovyan/ooi/san_data/RS03ASHS-PN03B-06-CAMHDA301/2022/04/18/CAMHDA301-20220418T091500.mp4,600,0,clear,train,clear_window_2021_2022
CAMHDA301-20220418T091500,2022-04-18,/home/jovyan/ooi/san_data/RS03ASHS-PN03B-06-CAMHDA301/2022/04/18/CAMHDA301-20220418T091500.mp4,330,0,clear,train,clear_window_2021_2022
CAMHDA301-20220418T091500,2022-04-18,/home/jovyan/ooi/san_data/RS03ASHS-PN03B-06-CAMHDA301/2022/04/18/CAMHDA301-20220418T091500.mp4,840,0,clear,train,clear_window_2021_2022
CAMHDA301-20220418T091500,2022-04-18,/home/jovyan/ooi/san_data/RS03ASHS-PN03B-06-CAMHDA301/2022/04/18/CAMHDA301-20220418T091500.mp4,630,0,clear,train,clear_window_2021_2022
CAMHDA301-20220418T121500,2022-04-18,/home/jovyan/ooi/san_data/RS03ASHS-PN03B-06-CAMHDA301/2022/04/18/CAMHDA301-20220418T121500.mp4,540,1,clear,train,clear_window_2021_2022
CAMHDA301-20220418T151500,2022-04-18,/home/jovyan/ooi/san_data/RS03ASHS-PN03B-06-CAMHDA301/2022/04/18/CAMHDA301-20220418T151500.mp4,540,1,clear,train,clear_window_2021_2022
CAMHDA301-20220418T181500,2022-04-18,/home/jovyan/ooi/san_data/RS03ASHS-PN03B-06-CAMHDA301/2022/04/18/CAMHDA301-20220418T181500.mp4,540,1,clear,train,clear_window_2021_2022
CAMHDA301-20220418T211500,2022-04-18,/home/jovyan/ooi/san_data/RS03ASHS-PN03B-06-CAMHDA301/2022/04/18/CAMHDA301-20220418T211500.mp4,540,1,clear,train,clear_window_2021_2022
CAMHDA301-20220419T001500,2022-04-19,/home/jovyan/ooi/san_data/RS03ASHS-PN03B-06-CAMHDA301/2022/04/19/CAMHDA301-20220419T001500.mp4,540,1,clear,train,tuesdays_2021_2024
CAMHDA301-20220419T031500,2022-04-19,/home/jovyan/ooi/san_data/RS03ASHS-PN03B-06-CAMHDA301/2022/04/19/CAMHDA301-20220419T031500.mp4,540,1,clear,train,tuesdays_2021_2024
CAMHDA301-20220419T061500,2022-04-19,/home/jovyan/ooi/san_data/RS03ASHS-PN03B-06-CAMHDA301/2022/04/19/CAMHDA301-20220419T061500.mp4,540,1,clear,train,tuesdays_2021_2024
CAMHDA301-20220419T151500,2022-04-19,/home/jovyan/ooi/san_data/RS03ASHS-PN03B-06-CAMHDA301/2022/04/19/CAMHDA301-20220419T151500.mp4,540,1,clear,train,tuesdays_2021_2024
CAMHDA301-20220425T001500,2022-04-25,/home/jovyan/ooi/san_data/RS03ASHS-PN03B-06-CAMHDA301/2022/04/25/CAMHDA301-20220425T001500.mp4,210,1,clear,train,clear_window_2021_2022
CAMHDA301-20220425T031500,2022-04-25,/home/jovyan/ooi/san_data/RS03ASHS-PN03B-06-CAMHDA301/2022/04/25/CAMHDA301-20220425T031500.mp4,210,1,clear,train,clear_window_2021_2022
CAMHDA301-20220425T061500,2022-04-25,/home/jovyan/ooi/san_data/RS03ASHS-PN03B-06-CAMHDA301/2022/04/25/CAMHDA301-20220425T061500.mp4,210,1,clear,train,clear_window_2021_2022
CAMHDA301-20220425T091500,2022-04-25,/home/jovyan/ooi/san_data/RS03ASHS-PN03B-06-CAMHDA301/2022/04/25/CAMHDA301-20220425T091500.mp4,210,1,clear,train,clear_window_2021_2022
CAMHDA301-20220425T121500,2022-04-25,/home/jovyan/ooi/san_data/RS03ASHS-PN03B-06-CAMHDA301/2022/04/25/CAMHDA301-20220425T121500.mp4,210,1,clear,train,clear_window_2021_2022
CAMHDA301-20220425T151500,2022-04-25,/home/jovyan/ooi/san_data/RS03ASHS-PN03B-06-CAMHDA301/2022/04/25/CAMHDA301-20220425T151500.mp4,210,1,clear,train,clear_window_2021_2022
CAMHDA301-20220425T181500,2022-04-25,/home/jovyan/ooi/san_data/RS03ASHS-PN03B-06-CAMHDA301/2022/04/25/CAMHDA301-20220425T181500.mp4,210,1,clear,train,clear_window_2021_2022
CAMHDA301-20220425T211500,2022-04-25,/home/jovyan/ooi/san_data/RS03ASHS-PN03B-06-CAMHDA301/2022/04/25/CAMHDA301-20220425T211500.mp4,210,1,clear,train,clear_window_2021_2022
CAMHDA301-20220426T001500,2022-04-26,/home/jovyan/ooi/san_data/RS03ASHS-PN03B-06-CAMHDA301/2022/04/26/CAMHDA301-20220426T001500.mp4,210,1,clear,train,tuesdays_2021_2024
CAMHDA301-20220426T091500,2022-04-26,/home/jovyan/ooi/san_data/RS03ASHS-PN03B-06-CAMHDA301/2022/04/26/CAMHDA301-20220426T091500.mp4,210,1,clear,train,tuesdays_2021_2024
CAMHDA301-20220426T121500,2022-04-26,/home/jovyan/ooi/san_data/RS03ASHS-PN03B-06-CAMHDA301/2022/04/26/CAMHDA301-20220426T121500.mp4,210,1,clear,train,tuesdays_2021_2024
CAMHDA301-20220426T211500,2022-04-26,/home/jovyan/ooi/san_data/RS03ASHS-PN03B-06-CAMHDA301/2022/04/26/CAMHDA301-20220426T211500.mp4,210,1,clear,train,tuesdays_2021_2024
CAMHDA301-20220502T001500,2022-05-02,/home/jovyan/ooi/san_data/RS03ASHS-PN03B-06-CAMHDA301/2022/05/02/CAMHDA301-20220502T001500.mp4,660,0,clear,train,clear_window_2021_2022
CAMHDA301-20220502T001500,2022-05-02,/home/jovyan/ooi/san_data/RS03ASHS-PN03B-06-CAMHDA301/2022/05/02/CAMHDA301-20220502T001500.mp4,420,0,clear,train,clear_window_2021_2022
CAMHDA301-20220502T001500,2022-05-02,/home/jovyan/ooi/san_data/RS03ASHS-PN03B-06-CAMHDA301/2022/05/02/CAMHDA301-20220502T001500.mp4,150,0,clear,train,clear_window_2021_2022
CAMHDA301-20220502T001500,2022-05-02,/home/jovyan/ooi/san_data/RS03ASHS-PN03B-06-CAMHDA301/2022/05/02/CAMHDA301-20220502T001500.mp4,690,0,clear,train,clear_window_2021_2022
CAMHDA301-20220502T031500,2022-05-02,/home/jovyan/ooi/san_data/RS03ASHS-PN03B-06-CAMHDA301/2022/05/02/CAMHDA301-20220502T031500.mp4,30,0,clear,train,clear_window_2021_2022
CAMHDA301-20220502T031500,2022-05-02,/home/jovyan/ooi/san_data/RS03ASHS-PN03B-06-CAMHDA301/2022/05/02/CAMHDA301-20220502T031500.mp4,90,0,clear,train,clear_window_2021_2022
CAMHDA301-20220502T031500,2022-05-02,/home/jovyan/ooi/san_data/RS03ASHS-PN03B-06-CAMHDA301/2022/05/02/CAMHDA301-20220502T031500.mp4,270,0,clear,train,clear_window_2021_2022
CAMHDA301-20220502T031500,2022-05-02,/home/jovyan/ooi/san_data/RS03ASHS-PN03B-06-CAMHDA301/2022/05/02/CAMHDA301-20220502T031500.mp4,60,0,clear,train,clear_window_2021_2022
CAMHDA301-20220502T061500,2022-05-02,/home/jovyan/ooi/san_data/RS03ASHS-PN03B-06-CAMHDA301/2022/05/02/CAMHDA301-20220502T061500.mp4,390,0,clear,train,clear_window_2021_2022
CAMHDA301-20220502T061500,2022-05-02,/home/jovyan/ooi/san_data/RS03ASHS-PN03B-06-CAMHDA301/2022/05/02/CAMHDA301-20220502T061500.mp4,210,0,clear,train,clear_window_2021_2022
CAMHDA301-20220502T061500,2022-05-02,/home/jovyan/ooi/san_data/RS03ASHS-PN03B-06-CAMHDA301/2022/05/02/CAMHDA301-20220502T061500.mp4,690,0,clear,train,clear_window_2021_2022
CAMHDA301-20220502T061500,2022-05-02,/home/jovyan/ooi/san_data/RS03ASHS-PN03B-06-CAMHDA301/2022/05/02/CAMHDA301-20220502T061500.mp4,90,0,clear,train,clear_window_2021_2022
CAMHDA301-20220502T091500,2022-05-02,/home/jovyan/ooi/san_data/RS03ASHS-PN03B-06-CAMHDA301/2022/05/02/CAMHDA301-20220502T091500.mp4,120,0,clear,train,clear_window_2021_2022
CAMHDA301-20220502T091500,2022-05-02,/home/jovyan/ooi/san_data/RS03ASHS-PN03B-06-CAMHDA301/2022/05/02/CAMHDA301-20220502T091500.mp4,150,0,clear,train,clear_window_2021_2022
CAMHDA301-20220502T091500,2022-05-02,/home/jovyan/ooi/san_data/RS03ASHS-PN03B-06-CAMHDA301/2022/05/02/CAMHDA301-20220502T091500.mp4,240,0,clear,train,clear_window_2021_2022
CAMHDA301-20220502T091500,2022-05-02,/home/jovyan/ooi/san_data/RS03ASHS-PN03B-06-CAMHDA301/2022/05/02/CAMHDA301-20220502T091500.mp4,30,0,clear,train,clear_window_2021_2022
CAMHDA301-20220502T121500,2022-05-02,/home/jovyan/ooi/san_data/RS03ASHS-PN03B-06-CAMHDA301/2022/05/02/CAMHDA301-20220502T121500.mp4,540,0,clear,train,clear_window_2021_2022
CAMHDA301-20220502T121500,2022-05-02,/home/jovyan/ooi/san_data/RS03ASHS-PN03B-06-CAMHDA301/2022/05/02/CAMHDA301-20220502T121500.mp4,360,0,clear,train,clear_window_2021_2022
CAMHDA301-20220502T121500,2022-05-02,/home/jovyan/ooi/san_data/RS03ASHS-PN03B-06-CAMHDA301/2022/05/02/CAMHDA301-20220502T121500.mp4,420,0,clear,train,clear_window_2021_2022
CAMHDA301-20220502T121500,2022-05-02,/home/jovyan/ooi/san_data/RS03ASHS-PN03B-06-CAMHDA301/2022/05/02/CAMHDA301-20220502T121500.mp4,210,0,clear,train,clear_window_2021_2022
CAMHDA301-20220502T151500,2022-05-02,/home/jovyan/ooi/san_data/RS03ASHS-PN03B-06-CAMHDA301/2022/05/02/CAMHDA301-20220502T151500.mp4,810,0,clear,train,clear_window_2021_2022
CAMHDA301-20220502T151500,2022-05-02,/home/jovyan/ooi/san_data/RS03ASHS-PN03B-06-CAMHDA301/2022/05/02/CAMHDA301-20220502T151500.mp4,360,0,clear,train,clear_window_2021_2022
CAMHDA301-20220502T151500,2022-05-02,/home/jovyan/ooi/san_data/RS03ASHS-PN03B-06-CAMHDA301/2022/05/02/CAMHDA301-20220502T151500.mp4,90,0,clear,train,clear_window_2021_2022
CAMHDA301-20220502T151500,2022-05-02,/home/jovyan/ooi/san_data/RS03ASHS-PN03B-06-CAMHDA301/2022/05/02/CAMHDA301-20220502T151500.mp4,240,0,clear,train,clear_window_2021_2022
CAMHDA301-20220502T181500,2022-05-02,/home/jovyan/ooi/san_data/RS03ASHS-PN03B-06-CAMHDA301/2022/05/02/CAMHDA301-20220502T181500.mp4,360,0,clear,train,clear_window_2021_2022
CAMHDA301-20220502T181500,2022-05-02,/home/jovyan/ooi/san_data/RS03ASHS-PN03B-06-CAMHDA301/2022/05/02/CAMHDA301-20220502T181500.mp4,690,0,clear,train,clear_window_2021_2022
CAMHDA301-20220502T181500,2022-05-02,/home/jovyan/ooi/san_data/RS03ASHS-PN03B-06-CAMHDA301/2022/05/02/CAMHDA301-20220502T181500.mp4,390,0,clear,train,clear_window_2021_2022
CAMHDA301-20220502T181500,2022-05-02,/home/jovyan/ooi/san_data/RS03ASHS-PN03B-06-CAMHDA301/2022/05/02/CAMHDA301-20220502T181500.mp4,750,0,clear,train,clear_window_2021_2022
CAMHDA301-20220502T211500,2022-05-02,/home/jovyan/ooi/san_data/RS03ASHS-PN03B-06-CAMHDA301/2022/05/02/CAMHDA301-20220502T211500.mp4,60,0,clear,train,clear_window_2021_2022
CAMHDA301-20220502T211500,2022-05-02,/home/jovyan/ooi/san_data/RS03ASHS-PN03B-06-CAMHDA301/2022/05/02/CAMHDA301-20220502T211500.mp4,210,0,clear,train,clear_window_2021_2022
CAMHDA301-20220502T211500,2022-05-02,/home/jovyan/ooi/san_data/RS03ASHS-PN03B-06-CAMHDA301/2022/05/02/CAMHDA301-20220502T211500.mp4,510,0,clear,train,clear_window_2021_2022
CAMHDA301-20220502T211500,2022-05-02,/home/jovyan/ooi/san_data/RS03ASHS-PN03B-06-CAMHDA301/2022/05/02/CAMHDA301-20220502T211500.mp4,300,0,clear,train,clear_window_2021_2022
CAMHDA301-20220503T001500,2022-05-03,/home/jovyan/ooi/san_data/RS03ASHS-PN03B-06-CAMHDA301/2022/05/03/CAMHDA301-20220503T001500.mp4,660,0,clear,test,tuesdays_2021_2024
CAMHDA301-20220503T001500,2022-05-03,/home/jovyan/ooi/san_data/RS03ASHS-PN03B-06-CAMHDA301/2022/05/03/CAMHDA301-20220503T001500.mp4,150,0,clear,test,tuesdays_2021_2024
CAMHDA301-20220503T001500,2022-05-03,/home/jovyan/ooi/san_data/RS03ASHS-PN03B-06-CAMHDA301/2022/05/03/CAMHDA301-20220503T001500.mp4,90,0,clear,test,tuesdays_2021_2024
CAMHDA301-20220503T001500,2022-05-03,/home/jovyan/ooi/san_data/RS03ASHS-PN03B-06-CAMHDA301/2022/05/03/CAMHDA301-20220503T001500.mp4,600,0,clear,test,tuesdays_2021_2024
CAMHDA301-20220503T031500,2022-05-03,/home/jovyan/ooi/san_data/RS03ASHS-PN03B-06-CAMHDA301/2022/05/03/CAMHDA301-20220503T031500.mp4,450,0,clear,test,tuesdays_2021_2024
CAMHDA301-20220503T031500,2022-05-03,/home/jovyan/ooi/san_data/RS03ASHS-PN03B-06-CAMHDA301/2022/05/03/CAMHDA301-20220503T031500.mp4,60,0,clear,test,tuesdays_2021_2024
CAMHDA301-20220503T031500,2022-05-03,/home/jovyan/ooi/san_data/RS03ASHS-PN03B-06-CAMHDA301/2022/05/03/CAMHDA301-20220503T031500.mp4,480,0,clear,test,tuesdays_2021_2024
CAMHDA301-20220503T031500,2022-05-03,/home/jovyan/ooi/san_data/RS03ASHS-PN03B-06-CAMHDA301/2022/05/03/CAMHDA301-20220503T031500.mp4,240,0,clear,test,tuesdays_2021_2024
CAMHDA301-20220503T061500,2022-05-03,/home/jovyan/ooi/san_data/RS03ASHS-PN03B-06-CAMHDA301/2022/05/03/CAMHDA301-20220503T061500.mp4,360,0,clear,test,tuesdays_2021_2024
CAMHDA301-20220503T061500,2022-05-03,/home/jovyan/ooi/san_data/RS03ASHS-PN03B-06-CAMHDA301/2022/05/03/CAMHDA301-20220503T061500.mp4,480,0,clear,test,tuesdays_2021_2024
CAMHDA301-20220503T061500,2022-05-03,/home/jovyan/ooi/san_data/RS03ASHS-PN03B-06-CAMHDA301/2022/05/03/CAMHDA301-20220503T061500.mp4,840,0,clear,test,tuesdays_2021_2024
CAMHDA301-20220503T061500,2022-05-03,/home/jovyan/ooi/san_data/RS03ASHS-PN03B-06-CAMHDA301/2022/05/03/CAMHDA301-20220503T061500.mp4,240,0,clear,test,tuesdays_2021_2024
CAMHDA301-20220503T091500,2022-05-03,/home/jovyan/ooi/san_data/RS03ASHS-PN03B-06-CAMHDA301/2022/05/03/CAMHDA301-20220503T091500.mp4,150,0,clear,test,tuesdays_2021_2024
CAMHDA301-20220503T091500,2022-05-03,/home/jovyan/ooi/san_data/RS03ASHS-PN03B-06-CAMHDA301/2022/05/03/CAMHDA301-20220503T091500.mp4,210,0,clear,test,tuesdays_2021_2024
CAMHDA301-20220503T091500,2022-05-03,/home/jovyan/ooi/san_data/RS03ASHS-PN03B-06-CAMHDA301/2022/05/03/CAMHDA301-20220503T091500.mp4,510,0,clear,test,tuesdays_2021_2024
CAMHDA301-20220503T091500,2022-05-03,/home/jovyan/ooi/san_data/RS03ASHS-PN03B-06-CAMHDA301/2022/05/03/CAMHDA301-20220503T091500.mp4,60,0,clear,test,tuesdays_2021_2024
CAMHDA301-20220503T121500,2022-05-03,/home/jovyan/ooi/san_data/RS03ASHS-PN03B-06-CAMHDA301/2022/05/03/CAMHDA301-20220503T121500.mp4,660,0,clear,test,tuesdays_2021_2024
CAMHDA301-20220503T121500,2022-05-03,/home/jovyan/ooi/san_data/RS03ASHS-PN03B-06-CAMHDA301/2022/05/03/CAMHDA301-20220503T121500.mp4,840,0,clear,test,tuesdays_2021_2024
CAMHDA301-20220503T121500,2022-05-03,/home/jovyan/ooi/san_data/RS03ASHS-PN03B-06-CAMHDA301/2022/05/03/CAMHDA301-20220503T121500.mp4,270,0,clear,test,tuesdays_2021_2024
CAMHDA301-20220503T121500,2022-05-03,/home/jovyan/ooi/san_data/RS03ASHS-PN03B-06-CAMHDA301/2022/05/03/CAMHDA301-20220503T121500.mp4,810,0,clear,test,tuesdays_2021_2024
CAMHDA301-20220503T151500,2022-05-03,/home/jovyan/ooi/san_data/RS03ASHS-PN03B-06-CAMHDA301/2022/05/03/CAMHDA301-20220503T151500.mp4,480,0,clear,test,tuesdays_2021_2024
CAMHDA301-20220503T151500,2022-05-03,/home/jovyan/ooi/san_data/RS03ASHS-PN03B-06-CAMHDA301/2022/05/03/CAMHDA301-20220503T151500.mp4,690,0,clear,test,tuesdays_2021_2024
CAMHDA301-20220503T151500,2022-05-03,/home/jovyan/ooi/san_data/RS03ASHS-PN03B-06-CAMHDA301/2022/05/03/CAMHDA301-20220503T151500.mp4,540,0,clear,test,tuesdays_2021_2024
CAMHDA301-20220503T151500,2022-05-03,/home/jovyan/ooi/san_data/RS03ASHS-PN03B-06-CAMHDA301/2022/05/03/CAMHDA301-20220503T151500.mp4,270,0,clear,test,tuesdays_2021_2024
CAMHDA301-20220503T181500,2022-05-03,/home/jovyan/ooi/san_data/RS03ASHS-PN03B-06-CAMHDA301/2022/05/03/CAMHDA301-20220503T181500.mp4,810,0,clear,test,tuesdays_2021_2024
CAMHDA301-20220503T181500,2022-05-03,/home/jovyan/ooi/san_data/RS03ASHS-PN03B-06-CAMHDA301/2022/05/03/CAMHDA301-20220503T181500.mp4,120,0,clear,test,tuesdays_2021_2024
CAMHDA301-20220503T181500,2022-05-03,/home/jovyan/ooi/san_data/RS03ASHS-PN03B-06-CAMHDA301/2022/05/03/CAMHDA301-20220503T181500.mp4,390,0,clear,test,tuesdays_2021_2024
CAMHDA301-20220503T181500,2022-05-03,/home/jovyan/ooi/san_data/RS03ASHS-PN03B-06-CAMHDA301/2022/05/03/CAMHDA301-20220503T181500.mp4,630,0,clear,test,tuesdays_2021_2024
CAMHDA301-20220503T211500,2022-05-03,/home/jovyan/ooi/san_data/RS03ASHS-PN03B-06-CAMHDA301/2022/05/03/CAMHDA301-20220503T211500.mp4,330,0,clear,test,tuesdays_2021_2024
CAMHDA301-20220503T211500,2022-05-03,/home/jovyan/ooi/san_data/RS03ASHS-PN03B-06-CAMHDA301/2022/05/03/CAMHDA301-20220503T211500.mp4,210,0,clear,test,tuesdays_2021_2024
CAMHDA301-20220503T211500,2022-05-03,/home/jovyan/ooi/san_data/RS03ASHS-PN03B-06-CAMHDA301/2022/05/03/CAMHDA301-20220503T211500.mp4,540,0,clear,test,tuesdays_2021_2024
CAMHDA301-20220503T211500,2022-05-03,/home/jovyan/ooi/san_data/RS03ASHS-PN03B-06-CAMHDA301/2022/05/03/CAMHDA301-20220503T211500.mp4,60,0,clear,test,tuesdays_2021_2024
CAMHDA301-20220509T001500,2022-05-09,/home/jovyan/ooi/san_data/RS03ASHS-PN03B-06-CAMHDA301/2022/05/09/CAMHDA301-20220509T001500.mp4,180,1,clear,val,clear_window_2021_2022
CAMHDA301-20220509T031500,2022-05-09,/home/jovyan/ooi/san_data/RS03ASHS-PN03B-06-CAMHDA301/2022/05/09/CAMHDA301-20220509T031500.mp4,210,1,clear,val,clear_window_2021_2022
CAMHDA301-20220509T061500,2022-05-09,/home/jovyan/ooi/san_data/RS03ASHS-PN03B-06-CAMHDA301/2022/05/09/CAMHDA301-20220509T061500.mp4,600,0,clear,val,clear_window_2021_2022
CAMHDA301-20220509T061500,2022-05-09,/home/jovyan/ooi/san_data/RS03ASHS-PN03B-06-CAMHDA301/2022/05/09/CAMHDA301-20220509T061500.mp4,810,0,clear,val,clear_window_2021_2022
CAMHDA301-20220509T061500,2022-05-09,/home/jovyan/ooi/san_data/RS03ASHS-PN03B-06-CAMHDA301/2022/05/09/CAMHDA301-20220509T061500.mp4,540,0,clear,val,clear_window_2021_2022
CAMHDA301-20220509T061500,2022-05-09,/home/jovyan/ooi/san_data/RS03ASHS-PN03B-06-CAMHDA301/2022/05/09/CAMHDA301-20220509T061500.mp4,480,0,clear,val,clear_window_2021_2022
CAMHDA301-20220509T091500,2022-05-09,/home/jovyan/ooi/san_data/RS03ASHS-PN03B-06-CAMHDA301/2022/05/09/CAMHDA301-20220509T091500.mp4,210,1,clear,val,clear_window_2021_2022
CAMHDA301-20220509T121500,2022-05-09,/home/jovyan/ooi/san_data/RS03ASHS-PN03B-06-CAMHDA301/2022/05/09/CAMHDA301-20220509T121500.mp4,210,1,clear,val,clear_window_2021_2022
CAMHDA301-20220509T151500,2022-05-09,/home/jovyan/ooi/san_data/RS03ASHS-PN03B-06-CAMHDA301/2022/05/09/CAMHDA301-20220509T151500.mp4,210,1,clear,val,clear_window_2021_2022
CAMHDA301-20220509T181500,2022-05-09,/home/jovyan/ooi/san_data/RS03ASHS-PN03B-06-CAMHDA301/2022/05/09/CAMHDA301-20220509T181500.mp4,210,1,clear,val,clear_window_2021_2022
CAMHDA301-20220509T211500,2022-05-09,/home/jovyan/ooi/san_data/RS03ASHS-PN03B-06-CAMHDA301/2022/05/09/CAMHDA301-20220509T211500.mp4,210,1,clear,val,clear_window_2021_2022
CAMHDA301-20220510T001500,2022-05-10,/home/jovyan/ooi/san_data/RS03ASHS-PN03B-06-CAMHDA301/2022/05/10/CAMHDA301-20220510T001500.mp4,420,0,clear,train,tuesdays_2021_2024
CAMHDA301-20220510T001500,2022-05-10,/home/jovyan/ooi/san_data/RS03ASHS-PN03B-06-CAMHDA301/2022/05/10/CAMHDA301-20220510T001500.mp4,450,0,clear,train,tuesdays_2021_2024
CAMHDA301-20220510T001500,2022-05-10,/home/jovyan/ooi/san_data/RS03ASHS-PN03B-06-CAMHDA301/2022/05/10/CAMHDA301-20220510T001500.mp4,330,0,clear,train,tuesdays_2021_2024
CAMHDA301-20220510T001500,2022-05-10,/home/jovyan/ooi/san_data/RS03ASHS-PN03B-06-CAMHDA301/2022/05/10/CAMHDA301-20220510T001500.mp4,540,0,clear,train,tuesdays_2021_2024
CAMHDA301-20220510T031500,2022-05-10,/home/jovyan/ooi/san_data/RS03ASHS-PN03B-06-CAMHDA301/2022/05/10/CAMHDA301-20220510T031500.mp4,210,1,clear,train,tuesdays_2021_2024
CAMHDA301-20220510T061500,2022-05-10,/home/jovyan/ooi/san_data/RS03ASHS-PN03B-06-CAMHDA301/2022/05/10/CAMHDA301-20220510T061500.mp4,150,0,clear,train,tuesdays_2021_2024
CAMHDA301-20220510T061500,2022-05-10,/home/jovyan/ooi/san_data/RS03ASHS-PN03B-06-CAMHDA301/2022/05/10/CAMHDA301-20220510T061500.mp4,660,0,clear,train,tuesdays_2021_2024
CAMHDA301-20220510T061500,2022-05-10,/home/jovyan/ooi/san_data/RS03ASHS-PN03B-06-CAMHDA301/2022/05/10/CAMHDA301-20220510T061500.mp4,810,0,clear,train,tuesdays_2021_2024
CAMHDA301-20220510T061500,2022-05-10,/home/jovyan/ooi/san_data/RS03ASHS-PN03B-06-CAMHDA301/2022/05/10/CAMHDA301-20220510T061500.mp4,60,0,clear,train,tuesdays_2021_2024
CAMHDA301-20220510T091500,2022-05-10,/home/jovyan/ooi/san_data/RS03ASHS-PN03B-06-CAMHDA301/2022/05/10/CAMHDA301-20220510T091500.mp4,30,0,clear,train,tuesdays_2021_2024
CAMHDA301-20220510T091500,2022-05-10,/home/jovyan/ooi/san_data/RS03ASHS-PN03B-06-CAMHDA301/2022/05/10/CAMHDA301-20220510T091500.mp4,480,0,clear,train,tuesdays_2021_2024
CAMHDA301-20220510T091500,2022-05-10,/home/jovyan/ooi/san_data/RS03ASHS-PN03B-06-CAMHDA301/2022/05/10/CAMHDA301-20220510T091500.mp4,720,0,clear,train,tuesdays_2021_2024
CAMHDA301-20220510T091500,2022-05-10,/home/jovyan/ooi/san_data/RS03ASHS-PN03B-06-CAMHDA301/2022/05/10/CAMHDA301-20220510T091500.mp4,240,0,clear,train,tuesdays_2021_2024
CAMHDA301-20220510T121500,2022-05-10,/home/jovyan/ooi/san_data/RS03ASHS-PN03B-06-CAMHDA301/2022/05/10/CAMHDA301-20220510T121500.mp4,570,0,clear,train,tuesdays_2021_2024
CAMHDA301-20220510T121500,2022-05-10,/home/jovyan/ooi/san_data/RS03ASHS-PN03B-06-CAMHDA301/2022/05/10/CAMHDA301-20220510T121500.mp4,60,0,clear,train,tuesdays_2021_2024
CAMHDA301-20220510T121500,2022-05-10,/home/jovyan/ooi/san_data/RS03ASHS-PN03B-06-CAMHDA301/2022/05/10/CAMHDA301-20220510T121500.mp4,510,0,clear,train,tuesdays_2021_2024
CAMHDA301-20220510T121500,2022-05-10,/home/jovyan/ooi/san_data/RS03ASHS-PN03B-06-CAMHDA301/2022/05/10/CAMHDA301-20220510T121500.mp4,540,0,clear,train,tuesdays_2021_2024
CAMHDA301-20220510T151500,2022-05-10,/home/jovyan/ooi/san_data/RS03ASHS-PN03B-06-CAMHDA301/2022/05/10/CAMHDA301-20220510T151500.mp4,660,0,clear,train,tuesdays_2021_2024
CAMHDA301-20220510T151500,2022-05-10,/home/jovyan/ooi/san_data/RS03ASHS-PN03B-06-CAMHDA301/2022/05/10/CAMHDA301-20220510T151500.mp4,300,0,clear,train,tuesdays_2021_2024
CAMHDA301-20220510T151500,2022-05-10,/home/jovyan/ooi/san_data/RS03ASHS-PN03B-06-CAMHDA301/2022/05/10/CAMHDA301-20220510T151500.mp4,600,0,clear,train,tuesdays_2021_2024
CAMHDA301-20220510T151500,2022-05-10,/home/jovyan/ooi/san_data/RS03ASHS-PN03B-06-CAMHDA301/2022/05/10/CAMHDA301-20220510T151500.mp4,630,0,clear,train,tuesdays_2021_2024
CAMHDA301-20220510T181500,2022-05-10,/home/jovyan/ooi/san_data/RS03ASHS-PN03B-06-CAMHDA301/2022/05/10/CAMHDA301-20220510T181500.mp4,510,0,clear,train,tuesdays_2021_2024
CAMHDA301-20220510T181500,2022-05-10,/home/jovyan/ooi/san_data/RS03ASHS-PN03B-06-CAMHDA301/2022/05/10/CAMHDA301-20220510T181500.mp4,60,0,clear,train,tuesdays_2021_2024
CAMHDA301-20220510T181500,2022-05-10,/home/jovyan/ooi/san_data/RS03ASHS-PN03B-06-CAMHDA301/2022/05/10/CAMHDA301-20220510T181500.mp4,240,0,clear,train,tuesdays_2021_2024
CAMHDA301-20220510T181500,2022-05-10,/home/jovyan/ooi/san_data/RS03ASHS-PN03B-06-CAMHDA301/2022/05/10/CAMHDA301-20220510T181500.mp4,30,0,clear,train,tuesdays_2021_2024
CAMHDA301-20220510T211500,2022-05-10,/home/jovyan/ooi/san_data/RS03ASHS-PN03B-06-CAMHDA301/2022/05/10/CAMHDA301-20220510T211500.mp4,750,0,clear,train,tuesdays_2021_2024
CAMHDA301-20220510T211500,2022-05-10,/home/jovyan/ooi/san_data/RS03ASHS-PN03B-06-CAMHDA301/2022/05/10/CAMHDA301-20220510T211500.mp4,30,0,clear,train,tuesdays_2021_2024
CAMHDA301-20220510T211500,2022-05-10,/home/jovyan/ooi/san_data/RS03ASHS-PN03B-06-CAMHDA301/2022/05/10/CAMHDA301-20220510T211500.mp4,600,0,clear,train,tuesdays_2021_2024
CAMHDA301-20220510T211500,2022-05-10,/home/jovyan/ooi/san_data/RS03ASHS-PN03B-06-CAMHDA301/2022/05/10/CAMHDA301-20220510T211500.mp4,330,0,clear,train,tuesdays_2021_2024
CAMHDA301-20220516T001500,2022-05-16,/home/jovyan/ooi/san_data/RS03ASHS-PN03B-06-CAMHDA301/2022/05/16/CAMHDA301-20220516T001500.mp4,210,0,clear,train,clear_window_2021_2022
CAMHDA301-20220516T001500,2022-05-16,/home/jovyan/ooi/san_data/RS03ASHS-PN03B-06-CAMHDA301/2022/05/16/CAMHDA301-20220516T001500.mp4,510,0,clear,train,clear_window_2021_2022
CAMHDA301-20220516T001500,2022-05-16,/home/jovyan/ooi/san_data/RS03ASHS-PN03B-06-CAMHDA301/2022/05/16/CAMHDA301-20220516T001500.mp4,120,0,clear,train,clear_window_2021_2022
CAMHDA301-20220516T001500,2022-05-16,/home/jovyan/ooi/san_data/RS03ASHS-PN03B-06-CAMHDA301/2022/05/16/CAMHDA301-20220516T001500.mp4,150,0,clear,train,clear_window_2021_2022
CAMHDA301-20220516T031500,2022-05-16,/home/jovyan/ooi/san_data/RS03ASHS-PN03B-06-CAMHDA301/2022/05/16/CAMHDA301-20220516T031500.mp4,210,1,clear,train,clear_window_2021_2022
CAMHDA301-20220516T061500,2022-05-16,/home/jovyan/ooi/san_data/RS03ASHS-PN03B-06-CAMHDA301/2022/05/16/CAMHDA301-20220516T061500.mp4,210,1,clear,train,clear_window_2021_2022
CAMHDA301-20220516T091500,2022-05-16,/home/jovyan/ooi/san_data/RS03ASHS-PN03B-06-CAMHDA301/2022/05/16/CAMHDA301-20220516T091500.mp4,210,1,clear,train,clear_window_2021_2022
CAMHDA301-20220516T121500,2022-05-16,/home/jovyan/ooi/san_data/RS03ASHS-PN03B-06-CAMHDA301/2022/05/16/CAMHDA301-20220516T121500.mp4,210,1,clear,train,clear_window_2021_2022
CAMHDA301-20220516T151500,2022-05-16,/home/jovyan/ooi/san_data/RS03ASHS-PN03B-06-CAMHDA301/2022/05/16/CAMHDA301-20220516T151500.mp4,210,1,clear,train,clear_window_2021_2022
CAMHDA301-20220516T181500,2022-05-16,/home/jovyan/ooi/san_data/RS03ASHS-PN03B-06-CAMHDA301/2022/05/16/CAMHDA301-20220516T181500.mp4,210,1,clear,train,clear_window_2021_2022
CAMHDA301-20220516T211500,2022-05-16,/home/jovyan/ooi/san_data/RS03ASHS-PN03B-06-CAMHDA301/2022/05/16/CAMHDA301-20220516T211500.mp4,270,0,clear,train,clear_window_2021_2022
CAMHDA301-20220516T211500,2022-05-16,/home/jovyan/ooi/san_data/RS03ASHS-PN03B-06-CAMHDA301/2022/05/16/CAMHDA301-20220516T211500.mp4,120,0,clear,train,clear_window_2021_2022
CAMHDA301-20220516T211500,2022-05-16,/home/jovyan/ooi/san_data/RS03ASHS-PN03B-06-CAMHDA301/2022/05/16/CAMHDA301-20220516T211500.mp4,630,0,clear,train,clear_window_2021_2022
CAMHDA301-20220516T211500,2022-05-16,/home/jovyan/ooi/san_data/RS03ASHS-PN03B-06-CAMHDA301/2022/05/16/CAMHDA301-20220516T211500.mp4,60,0,clear,train,clear_window_2021_2022
CAMHDA301-20220517T031500,2022-05-17,/home/jovyan/ooi/san_data/RS03ASHS-PN03B-06-CAMHDA301/2022/05/17/CAMHDA301-20220517T031500.mp4,210,1,clear,test,tuesdays_2021_2024
CAMHDA301-20220517T061500,2022-05-17,/home/jovyan/ooi/san_data/RS03ASHS-PN03B-06-CAMHDA301/2022/05/17/CAMHDA301-20220517T061500.mp4,210,1,clear,test,tuesdays_2021_2024
CAMHDA301-20220517T091500,2022-05-17,/home/jovyan/ooi/san_data/RS03ASHS-PN03B-06-CAMHDA301/2022/05/17/CAMHDA301-20220517T091500.mp4,210,1,clear,test,tuesdays_2021_2024
CAMHDA301-20220517T121500,2022-05-17,/home/jovyan/ooi/san_data/RS03ASHS-PN03B-06-CAMHDA301/2022/05/17/CAMHDA301-20220517T121500.mp4,210,1,clear,test,tuesdays_2021_2024
CAMHDA301-20220517T151500,2022-05-17,/home/jovyan/ooi/san_data/RS03ASHS-PN03B-06-CAMHDA301/2022/05/17/CAMHDA301-20220517T151500.mp4,210,1,clear,test,tuesdays_2021_2024
CAMHDA301-20220517T181500,2022-05-17,/home/jovyan/ooi/san_data/RS03ASHS-PN03B-06-CAMHDA301/2022/05/17/CAMHDA301-20220517T181500.mp4,210,1,clear,test,tuesdays_2021_2024
CAMHDA301-20220517T211500,2022-05-17,/home/jovyan/ooi/san_data/RS03ASHS-PN03B-06-CAMHDA301/2022/05/17/CAMHDA301-20220517T211500.mp4,210,1,clear,test,tuesdays_2021_2024
CAMHDA301-20220523T001500,2022-05-23,/home/jovyan/ooi/san_data/RS03ASHS-PN03B-06-CAMHDA301/2022/05/23/CAMHDA301-20220523T001500.mp4,210,1,clear,train,clear_window_2021_2022
CAMHDA301-20220523T031500,2022-05-23,/home/jovyan/ooi/san_data/RS03ASHS-PN03B-06-CAMHDA301/2022/05/23/CAMHDA301-20220523T031500.mp4,210,1,clear,train,clear_window_2021_2022
CAMHDA301-20220523T061500,2022-05-23,/home/jovyan/ooi/san_data/RS03ASHS-PN03B-06-CAMHDA301/2022/05/23/CAMHDA301-20220523T061500.mp4,210,1,clear,train,clear_window_2021_2022
CAMHDA301-20220523T091500,2022-05-23,/home/jovyan/ooi/san_data/RS03ASHS-PN03B-06-CAMHDA301/2022/05/23/CAMHDA301-20220523T091500.mp4,420,0,clear,train,clear_window_2021_2022
CAMHDA301-20220523T091500,2022-05-23,/home/jovyan/ooi/san_data/RS03ASHS-PN03B-06-CAMHDA301/2022/05/23/CAMHDA301-20220523T091500.mp4,150,0,clear,train,clear_window_2021_2022
CAMHDA301-20220523T091500,2022-05-23,/home/jovyan/ooi/san_data/RS03ASHS-PN03B-06-CAMHDA301/2022/05/23/CAMHDA301-20220523T091500.mp4,840,0,clear,train,clear_window_2021_2022
CAMHDA301-20220523T091500,2022-05-23,/home/jovyan/ooi/san_data/RS03ASHS-PN03B-06-CAMHDA301/2022/05/23/CAMHDA301-20220523T091500.mp4,390,0,clear,train,clear_window_2021_2022
CAMHDA301-20220523T121500,2022-05-23,/home/jovyan/ooi/san_data/RS03ASHS-PN03B-06-CAMHDA301/2022/05/23/CAMHDA301-20220523T121500.mp4,210,1,clear,train,clear_window_2021_2022
CAMHDA301-20220523T151500,2022-05-23,/home/jovyan/ooi/san_data/RS03ASHS-PN03B-06-CAMHDA301/2022/05/23/CAMHDA301-20220523T151500.mp4,210,1,clear,train,clear_window_2021_2022
CAMHDA301-20220523T181500,2022-05-23,/home/jovyan/ooi/san_data/RS03ASHS-PN03B-06-CAMHDA301/2022/05/23/CAMHDA301-20220523T181500.mp4,210,1,clear,train,clear_window_2021_2022
CAMHDA301-20220523T211500,2022-05-23,/home/jovyan/ooi/san_data/RS03ASHS-PN03B-06-CAMHDA301/2022/05/23/CAMHDA301-20220523T211500.mp4,210,1,clear,train,clear_window_2021_2022
CAMHDA301-20220524T001500,2022-05-24,/home/jovyan/ooi/san_data/RS03ASHS-PN03B-06-CAMHDA301/2022/05/24/CAMHDA301-20220524T001500.mp4,210,1,clear,test,tuesdays_2021_2024
CAMHDA301-20220524T031500,2022-05-24,/home/jovyan/ooi/san_data/RS03ASHS-PN03B-06-CAMHDA301/2022/05/24/CAMHDA301-20220524T031500.mp4,210,1,clear,test,tuesdays_2021_2024
CAMHDA301-20220524T091500,2022-05-24,/home/jovyan/ooi/san_data/RS03ASHS-PN03B-06-CAMHDA301/2022/05/24/CAMHDA301-20220524T091500.mp4,210,1,clear,test,tuesdays_2021_2024
CAMHDA301-20220524T121500,2022-05-24,/home/jovyan/ooi/san_data/RS03ASHS-PN03B-06-CAMHDA301/2022/05/24/CAMHDA301-20220524T121500.mp4,210,1,clear,test,tuesdays_2021_2024
CAMHDA301-20220524T151500,2022-05-24,/home/jovyan/ooi/san_data/RS03ASHS-PN03B-06-CAMHDA301/2022/05/24/CAMHDA301-20220524T151500.mp4,210,1,clear,test,tuesdays_2021_2024
CAMHDA301-20220524T181500,2022-05-24,/home/jovyan/ooi/san_data/RS03ASHS-PN03B-06-CAMHDA301/2022/05/24/CAMHDA301-20220524T181500.mp4,210,1,clear,test,tuesdays_2021_2024
CAMHDA301-20220524T211500,2022-05-24,/home/jovyan/ooi/san_data/RS03ASHS-PN03B-06-CAMHDA301/2022/05/24/CAMHDA301-20220524T211500.mp4,210,1,clear,test,tuesdays_2021_2024
CAMHDA301-20220530T001500,2022-05-30,/home/jovyan/ooi/san_data/RS03ASHS-PN03B-06-CAMHDA301/2022/05/30/CAMHDA301-20220530T001500.mp4,210,1,clear,val,clear_window_2021_2022
CAMHDA301-20220530T031500,2022-05-30,/home/jovyan/ooi/san_data/RS03ASHS-PN03B-06-CAMHDA301/2022/05/30/CAMHDA301-20220530T031500.mp4,210,1,clear,val,clear_window_2021_2022
CAMHDA301-20220530T061500,2022-05-30,/home/jovyan/ooi/san_data/RS03ASHS-PN03B-06-CAMHDA301/2022/05/30/CAMHDA301-20220530T061500.mp4,210,1,clear,val,clear_window_2021_2022
CAMHDA301-20220530T091500,2022-05-30,/home/jovyan/ooi/san_data/RS03ASHS-PN03B-06-CAMHDA301/2022/05/30/CAMHDA301-20220530T091500.mp4,210,1,clear,val,clear_window_2021_2022
CAMHDA301-20220530T121500,2022-05-30,/home/jovyan/ooi/san_data/RS03ASHS-PN03B-06-CAMHDA301/2022/05/30/CAMHDA301-20220530T121500.mp4,210,1,clear,val,clear_window_2021_2022
CAMHDA301-20220530T151500,2022-05-30,/home/jovyan/ooi/san_data/RS03ASHS-PN03B-06-CAMHDA301/2022/05/30/CAMHDA301-20220530T151500.mp4,210,1,clear,val,clear_window_2021_2022
CAMHDA301-20220530T181500,2022-05-30,/home/jovyan/ooi/san_data/RS03ASHS-PN03B-06-CAMHDA301/2022/05/30/CAMHDA301-20220530T181500.mp4,210,1,clear,val,clear_window_2021_2022
CAMHDA301-20220530T211500,2022-05-30,/home/jovyan/ooi/san_data/RS03ASHS-PN03B-06-CAMHDA301/2022/05/30/CAMHDA301-20220530T211500.mp4,210,1,clear,val,clear_window_2021_2022
CAMHDA301-20220531T001500,2022-05-31,/home/jovyan/ooi/san_data/RS03ASHS-PN03B-06-CAMHDA301/2022/05/31/CAMHDA301-20220531T001500.mp4,210,1,clear,train,tuesdays_2021_2024
CAMHDA301-20220531T031500,2022-05-31,/home/jovyan/ooi/san_data/RS03ASHS-PN03B-06-CAMHDA301/2022/05/31/CAMHDA301-20220531T031500.mp4,210,1,clear,train,tuesdays_2021_2024
CAMHDA301-20220531T061500,2022-05-31,/home/jovyan/ooi/san_data/RS03ASHS-PN03B-06-CAMHDA301/2022/05/31/CAMHDA301-20220531T061500.mp4,210,1,clear,train,tuesdays_2021_2024
CAMHDA301-20220531T091500,2022-05-31,/home/jovyan/ooi/san_data/RS03ASHS-PN03B-06-CAMHDA301/2022/05/31/CAMHDA301-20220531T091500.mp4,210,1,clear,train,tuesdays_2021_2024
CAMHDA301-20220531T121500,2022-05-31,/home/jovyan/ooi/san_data/RS03ASHS-PN03B-06-CAMHDA301/2022/05/31/CAMHDA301-20220531T121500.mp4,210,1,clear,train,tuesdays_2021_2024
CAMHDA301-20220531T151500,2022-05-31,/home/jovyan/ooi/san_data/RS03ASHS-PN03B-06-CAMHDA301/2022/05/31/CAMHDA301-20220531T151500.mp4,210,1,clear,train,tuesdays_2021_2024
CAMHDA301-20220531T181500,2022-05-31,/home/jovyan/ooi/san_data/RS03ASHS-PN03B-06-CAMHDA301/2022/05/31/CAMHDA301-20220531T181500.mp4,210,1,clear,train,tuesdays_2021_2024
CAMHDA301-20220531T211500,2022-05-31,/home/jovyan/ooi/san_data/RS03ASHS-PN03B-06-CAMHDA301/2022/05/31/CAMHDA301-20220531T211500.mp4,210,1,clear,train,tuesdays_2021_2024
CAMHDA301-20220606T001500,2022-06-06,/home/jovyan/ooi/san_data/RS03ASHS-PN03B-06-CAMHDA301/2022/06/06/CAMHDA301-20220606T001500.mp4,210,1,clear,train,clear_window_2021_2022
CAMHDA301-20220606T031500,2022-06-06,/home/jovyan/ooi/san_data/RS03ASHS-PN03B-06-CAMHDA301/2022/06/06/CAMHDA301-20220606T031500.mp4,210,1,clear,train,clear_window_2021_2022
CAMHDA301-20220606T061500,2022-06-06,/home/jovyan/ooi/san_data/RS03ASHS-PN03B-06-CAMHDA301/2022/06/06/CAMHDA301-20220606T061500.mp4,270,0,clear,train,clear_window_2021_2022
CAMHDA301-20220606T061500,2022-06-06,/home/jovyan/ooi/san_data/RS03ASHS-PN03B-06-CAMHDA301/2022/06/06/CAMHDA301-20220606T061500.mp4,180,0,clear,train,clear_window_2021_2022
CAMHDA301-20220606T061500,2022-06-06,/home/jovyan/ooi/san_data/RS03ASHS-PN03B-06-CAMHDA301/2022/06/06/CAMHDA301-20220606T061500.mp4,30,0,clear,train,clear_window_2021_2022
CAMHDA301-20220606T061500,2022-06-06,/home/jovyan/ooi/san_data/RS03ASHS-PN03B-06-CAMHDA301/2022/06/06/CAMHDA301-20220606T061500.mp4,750,0,clear,train,clear_window_2021_2022
CAMHDA301-20220606T091500,2022-06-06,/home/jovyan/ooi/san_data/RS03ASHS-PN03B-06-CAMHDA301/2022/06/06/CAMHDA301-20220606T091500.mp4,840,0,clear,train,clear_window_2021_2022
CAMHDA301-20220606T091500,2022-06-06,/home/jovyan/ooi/san_data/RS03ASHS-PN03B-06-CAMHDA301/2022/06/06/CAMHDA301-20220606T091500.mp4,450,0,clear,train,clear_window_2021_2022
CAMHDA301-20220606T091500,2022-06-06,/home/jovyan/ooi/san_data/RS03ASHS-PN03B-06-CAMHDA301/2022/06/06/CAMHDA301-20220606T091500.mp4,330,0,clear,train,clear_window_2021_2022
CAMHDA301-20220606T091500,2022-06-06,/home/jovyan/ooi/san_data/RS03ASHS-PN03B-06-CAMHDA301/2022/06/06/CAMHDA301-20220606T091500.mp4,480,0,clear,train,clear_window_2021_2022
CAMHDA301-20220606T121500,2022-06-06,/home/jovyan/ooi/san_data/RS03ASHS-PN03B-06-CAMHDA301/2022/06/06/CAMHDA301-20220606T121500.mp4,210,1,clear,train,clear_window_2021_2022
CAMHDA301-20220606T151500,2022-06-06,/home/jovyan/ooi/san_data/RS03ASHS-PN03B-06-CAMHDA301/2022/06/06/CAMHDA301-20220606T151500.mp4,210,1,clear,train,clear_window_2021_2022
CAMHDA301-20220606T181500,2022-06-06,/home/jovyan/ooi/san_data/RS03ASHS-PN03B-06-CAMHDA301/2022/06/06/CAMHDA301-20220606T181500.mp4,210,1,clear,train,clear_window_2021_2022
CAMHDA301-20220606T211500,2022-06-06,/home/jovyan/ooi/san_data/RS03ASHS-PN03B-06-CAMHDA301/2022/06/06/CAMHDA301-20220606T211500.mp4,210,1,clear,train,clear_window_2021_2022
CAMHDA301-20220607T001500,2022-06-07,/home/jovyan/ooi/san_data/RS03ASHS-PN03B-06-CAMHDA301/2022/06/07/CAMHDA301-20220607T001500.mp4,210,1,clear,test,tuesdays_2021_2024
CAMHDA301-20220607T091500,2022-06-07,/home/jovyan/ooi/san_data/RS03ASHS-PN03B-06-CAMHDA301/2022/06/07/CAMHDA301-20220607T091500.mp4,300,0,clear,test,tuesdays_2021_2024
CAMHDA301-20220607T091500,2022-06-07,/home/jovyan/ooi/san_data/RS03ASHS-PN03B-06-CAMHDA301/2022/06/07/CAMHDA301-20220607T091500.mp4,360,0,clear,test,tuesdays_2021_2024
CAMHDA301-20220607T091500,2022-06-07,/home/jovyan/ooi/san_data/RS03ASHS-PN03B-06-CAMHDA301/2022/06/07/CAMHDA301-20220607T091500.mp4,180,0,clear,test,tuesdays_2021_2024
CAMHDA301-20220607T091500,2022-06-07,/home/jovyan/ooi/san_data/RS03ASHS-PN03B-06-CAMHDA301/2022/06/07/CAMHDA301-20220607T091500.mp4,510,0,clear,test,tuesdays_2021_2024
CAMHDA301-20220607T121500,2022-06-07,/home/jovyan/ooi/san_data/RS03ASHS-PN03B-06-CAMHDA301/2022/06/07/CAMHDA301-20220607T121500.mp4,210,1,clear,test,tuesdays_2021_2024
CAMHDA301-20220607T151500,2022-06-07,/home/jovyan/ooi/san_data/RS03ASHS-PN03B-06-CAMHDA301/2022/06/07/CAMHDA301-20220607T151500.mp4,210,1,clear,test,tuesdays_2021_2024
CAMHDA301-20220607T181500,2022-06-07,/home/jovyan/ooi/san_data/RS03ASHS-PN03B-06-CAMHDA301/2022/06/07/CAMHDA301-20220607T181500.mp4,210,1,clear,test,tuesdays_2021_2024
CAMHDA301-20220613T001500,2022-06-13,/home/jovyan/ooi/san_data/RS03ASHS-PN03B-06-CAMHDA301/2022/06/13/CAMHDA301-20220613T001500.mp4,210,1,clear,test,clear_window_2021_2022
CAMHDA301-20220613T031500,2022-06-13,/home/jovyan/ooi/san_data/RS03ASHS-PN03B-06-CAMHDA301/2022/06/13/CAMHDA301-20220613T031500.mp4,210,1,clear,test,clear_window_2021_2022
CAMHDA301-20220613T061500,2022-06-13,/home/jovyan/ooi/san_data/RS03ASHS-PN03B-06-CAMHDA301/2022/06/13/CAMHDA301-20220613T061500.mp4,210,1,clear,test,clear_window_2021_2022
CAMHDA301-20220613T091500,2022-06-13,/home/jovyan/ooi/san_data/RS03ASHS-PN03B-06-CAMHDA301/2022/06/13/CAMHDA301-20220613T091500.mp4,210,1,clear,test,clear_window_2021_2022
CAMHDA301-20220613T121500,2022-06-13,/home/jovyan/ooi/san_data/RS03ASHS-PN03B-06-CAMHDA301/2022/06/13/CAMHDA301-20220613T121500.mp4,210,1,clear,test,clear_window_2021_2022
CAMHDA301-20220613T151500,2022-06-13,/home/jovyan/ooi/san_data/RS03ASHS-PN03B-06-CAMHDA301/2022/06/13/CAMHDA301-20220613T151500.mp4,210,1,clear,test,clear_window_2021_2022
CAMHDA301-20220613T181500,2022-06-13,/home/jovyan/ooi/san_data/RS03ASHS-PN03B-06-CAMHDA301/2022/06/13/CAMHDA301-20220613T181500.mp4,210,1,clear,test,clear_window_2021_2022
CAMHDA301-20220613T211500,2022-06-13,/home/jovyan/ooi/san_data/RS03ASHS-PN03B-06-CAMHDA301/2022/06/13/CAMHDA301-20220613T211500.mp4,210,1,clear,test,clear_window_2021_2022
CAMHDA301-20220614T001500,2022-06-14,/home/jovyan/ooi/san_data/RS03ASHS-PN03B-06-CAMHDA301/2022/06/14/CAMHDA301-20220614T001500.mp4,210,1,clear,train,tuesdays_2021_2024
CAMHDA301-20220614T031500,2022-06-14,/home/jovyan/ooi/san_data/RS03ASHS-PN03B-06-CAMHDA301/2022/06/14/CAMHDA301-20220614T031500.mp4,210,1,clear,train,tuesdays_2021_2024
CAMHDA301-20220614T061500,2022-06-14,/home/jovyan/ooi/san_data/RS03ASHS-PN03B-06-CAMHDA301/2022/06/14/CAMHDA301-20220614T061500.mp4,210,1,clear,train,tuesdays_2021_2024
CAMHDA301-20220614T091500,2022-06-14,/home/jovyan/ooi/san_data/RS03ASHS-PN03B-06-CAMHDA301/2022/06/14/CAMHDA301-20220614T091500.mp4,210,1,clear,train,tuesdays_2021_2024
CAMHDA301-20220614T121500,2022-06-14,/home/jovyan/ooi/san_data/RS03ASHS-PN03B-06-CAMHDA301/2022/06/14/CAMHDA301-20220614T121500.mp4,210,1,clear,train,tuesdays_2021_2024
CAMHDA301-20220614T151500,2022-06-14,/home/jovyan/ooi/san_data/RS03ASHS-PN03B-06-CAMHDA301/2022/06/14/CAMHDA301-20220614T151500.mp4,210,1,clear,train,tuesdays_2021_2024
CAMHDA301-20220620T001500,2022-06-20,/home/jovyan/ooi/san_data/RS03ASHS-PN03B-06-CAMHDA301/2022/06/20/CAMHDA301-20220620T001500.mp4,360,0,clear,train,clear_window_2021_2022
CAMHDA301-20220620T001500,2022-06-20,/home/jovyan/ooi/san_data/RS03ASHS-PN03B-06-CAMHDA301/2022/06/20/CAMHDA301-20220620T001500.mp4,480,0,clear,train,clear_window_2021_2022
CAMHDA301-20220620T001500,2022-06-20,/home/jovyan/ooi/san_data/RS03ASHS-PN03B-06-CAMHDA301/2022/06/20/CAMHDA301-20220620T001500.mp4,540,0,clear,train,clear_window_2021_2022
CAMHDA301-20220620T001500,2022-06-20,/home/jovyan/ooi/san_data/RS03ASHS-PN03B-06-CAMHDA301/2022/06/20/CAMHDA301-20220620T001500.mp4,840,0,clear,train,clear_window_2021_2022
CAMHDA301-20220620T031500,2022-06-20,/home/jovyan/ooi/san_data/RS03ASHS-PN03B-06-CAMHDA301/2022/06/20/CAMHDA301-20220620T031500.mp4,120,1,clear,train,clear_window_2021_2022
CAMHDA301-20220620T061500,2022-06-20,/home/jovyan/ooi/san_data/RS03ASHS-PN03B-06-CAMHDA301/2022/06/20/CAMHDA301-20220620T061500.mp4,270,0,clear,train,clear_window_2021_2022
CAMHDA301-20220620T061500,2022-06-20,/home/jovyan/ooi/san_data/RS03ASHS-PN03B-06-CAMHDA301/2022/06/20/CAMHDA301-20220620T061500.mp4,540,0,clear,train,clear_window_2021_2022
CAMHDA301-20220620T061500,2022-06-20,/home/jovyan/ooi/san_data/RS03ASHS-PN03B-06-CAMHDA301/2022/06/20/CAMHDA301-20220620T061500.mp4,780,0,clear,train,clear_window_2021_2022
CAMHDA301-20220620T061500,2022-06-20,/home/jovyan/ooi/san_data/RS03ASHS-PN03B-06-CAMHDA301/2022/06/20/CAMHDA301-20220620T061500.mp4,690,0,clear,train,clear_window_2021_2022
CAMHDA301-20220620T091500,2022-06-20,/home/jovyan/ooi/san_data/RS03ASHS-PN03B-06-CAMHDA301/2022/06/20/CAMHDA301-20220620T091500.mp4,570,0,clear,train,clear_window_2021_2022
CAMHDA301-20220620T091500,2022-06-20,/home/jovyan/ooi/san_data/RS03ASHS-PN03B-06-CAMHDA301/2022/06/20/CAMHDA301-20220620T091500.mp4,510,0,clear,train,clear_window_2021_2022
CAMHDA301-20220620T091500,2022-06-20,/home/jovyan/ooi/san_data/RS03ASHS-PN03B-06-CAMHDA301/2022/06/20/CAMHDA301-20220620T091500.mp4,600,0,clear,train,clear_window_2021_2022
CAMHDA301-20220620T091500,2022-06-20,/home/jovyan/ooi/san_data/RS03ASHS-PN03B-06-CAMHDA301/2022/06/20/CAMHDA301-20220620T091500.mp4,630,0,clear,train,clear_window_2021_2022
CAMHDA301-20220620T121500,2022-06-20,/home/jovyan/ooi/san_data/RS03ASHS-PN03B-06-CAMHDA301/2022/06/20/CAMHDA301-20220620T121500.mp4,600,0,clear,train,clear_window_2021_2022
CAMHDA301-20220620T121500,2022-06-20,/home/jovyan/ooi/san_data/RS03ASHS-PN03B-06-CAMHDA301/2022/06/20/CAMHDA301-20220620T121500.mp4,660,0,clear,train,clear_window_2021_2022
CAMHDA301-20220620T121500,2022-06-20,/home/jovyan/ooi/san_data/RS03ASHS-PN03B-06-CAMHDA301/2022/06/20/CAMHDA301-20220620T121500.mp4,360,0,clear,train,clear_window_2021_2022
CAMHDA301-20220620T121500,2022-06-20,/home/jovyan/ooi/san_data/RS03ASHS-PN03B-06-CAMHDA301/2022/06/20/CAMHDA301-20220620T121500.mp4,810,0,clear,train,clear_window_2021_2022
CAMHDA301-20220620T151500,2022-06-20,/home/jovyan/ooi/san_data/RS03ASHS-PN03B-06-CAMHDA301/2022/06/20/CAMHDA301-20220620T151500.mp4,240,0,clear,train,clear_window_2021_2022
CAMHDA301-20220620T151500,2022-06-20,/home/jovyan/ooi/san_data/RS03ASHS-PN03B-06-CAMHDA301/2022/06/20/CAMHDA301-20220620T151500.mp4,750,0,clear,train,clear_window_2021_2022
CAMHDA301-20220620T151500,2022-06-20,/home/jovyan/ooi/san_data/RS03ASHS-PN03B-06-CAMHDA301/2022/06/20/CAMHDA301-20220620T151500.mp4,630,0,clear,train,clear_window_2021_2022
CAMHDA301-20220620T151500,2022-06-20,/home/jovyan/ooi/san_data/RS03ASHS-PN03B-06-CAMHDA301/2022/06/20/CAMHDA301-20220620T151500.mp4,60,0,clear,train,clear_window_2021_2022
CAMHDA301-20220620T181500,2022-06-20,/home/jovyan/ooi/san_data/RS03ASHS-PN03B-06-CAMHDA301/2022/06/20/CAMHDA301-20220620T181500.mp4,240,0,clear,train,clear_window_2021_2022
CAMHDA301-20220620T181500,2022-06-20,/home/jovyan/ooi/san_data/RS03ASHS-PN03B-06-CAMHDA301/2022/06/20/CAMHDA301-20220620T181500.mp4,750,0,clear,train,clear_window_2021_2022
CAMHDA301-20220620T181500,2022-06-20,/home/jovyan/ooi/san_data/RS03ASHS-PN03B-06-CAMHDA301/2022/06/20/CAMHDA301-20220620T181500.mp4,480,0,clear,train,clear_window_2021_2022
CAMHDA301-20220620T181500,2022-06-20,/home/jovyan/ooi/san_data/RS03ASHS-PN03B-06-CAMHDA301/2022/06/20/CAMHDA301-20220620T181500.mp4,120,0,clear,train,clear_window_2021_2022
CAMHDA301-20220620T211500,2022-06-20,/home/jovyan/ooi/san_data/RS03ASHS-PN03B-06-CAMHDA301/2022/06/20/CAMHDA301-20220620T211500.mp4,270,0,clear,train,clear_window_2021_2022
CAMHDA301-20220620T211500,2022-06-20,/home/jovyan/ooi/san_data/RS03ASHS-PN03B-06-CAMHDA301/2022/06/20/CAMHDA301-20220620T211500.mp4,180,0,clear,train,clear_window_2021_2022
CAMHDA301-20220620T211500,2022-06-20,/home/jovyan/ooi/san_data/RS03ASHS-PN03B-06-CAMHDA301/2022/06/20/CAMHDA301-20220620T211500.mp4,300,0,clear,train,clear_window_2021_2022
CAMHDA301-20220620T211500,2022-06-20,/home/jovyan/ooi/san_data/RS03ASHS-PN03B-06-CAMHDA301/2022/06/20/CAMHDA301-20220620T211500.mp4,420,0,clear,train,clear_window_2021_2022
CAMHDA301-20220621T001500,2022-06-21,/home/jovyan/ooi/san_data/RS03ASHS-PN03B-06-CAMHDA301/2022/06/21/CAMHDA301-20220621T001500.mp4,210,1,clear,test,tuesdays_2021_2024
CAMHDA301-20220621T061500,2022-06-21,/home/jovyan/ooi/san_data/RS03ASHS-PN03B-06-CAMHDA301/2022/06/21/CAMHDA301-20220621T061500.mp4,210,1,clear,test,tuesdays_2021_2024
CAMHDA301-20220621T091500,2022-06-21,/home/jovyan/ooi/san_data/RS03ASHS-PN03B-06-CAMHDA301/2022/06/21/CAMHDA301-20220621T091500.mp4,210,1,clear,test,tuesdays_2021_2024
CAMHDA301-20220621T121500,2022-06-21,/home/jovyan/ooi/san_data/RS03ASHS-PN03B-06-CAMHDA301/2022/06/21/CAMHDA301-20220621T121500.mp4,210,1,clear,test,tuesdays_2021_2024
CAMHDA301-20220621T181500,2022-06-21,/home/jovyan/ooi/san_data/RS03ASHS-PN03B-06-CAMHDA301/2022/06/21/CAMHDA301-20220621T181500.mp4,210,1,clear,test,tuesdays_2021_2024
CAMHDA301-20220621T211500,2022-06-21,/home/jovyan/ooi/san_data/RS03ASHS-PN03B-06-CAMHDA301/2022/06/21/CAMHDA301-20220621T211500.mp4,210,1,clear,test,tuesdays_2021_2024
CAMHDA301-20220627T001500,2022-06-27,/home/jovyan/ooi/san_data/RS03ASHS-PN03B-06-CAMHDA301/2022/06/27/CAMHDA301-20220627T001500.mp4,210,1,clear,val,clear_window_2021_2022
CAMHDA301-20220627T031500,2022-06-27,/home/jovyan/ooi/san_data/RS03ASHS-PN03B-06-CAMHDA301/2022/06/27/CAMHDA301-20220627T031500.mp4,210,1,clear,val,clear_window_2021_2022
CAMHDA301-20220627T061500,2022-06-27,/home/jovyan/ooi/san_data/RS03ASHS-PN03B-06-CAMHDA301/2022/06/27/CAMHDA301-20220627T061500.mp4,210,1,clear,val,clear_window_2021_2022
CAMHDA301-20220627T091500,2022-06-27,/home/jovyan/ooi/san_data/RS03ASHS-PN03B-06-CAMHDA301/2022/06/27/CAMHDA301-20220627T091500.mp4,210,1,clear,val,clear_window_2021_2022
CAMHDA301-20220627T121500,2022-06-27,/home/jovyan/ooi/san_data/RS03ASHS-PN03B-06-CAMHDA301/2022/06/27/CAMHDA301-20220627T121500.mp4,210,1,clear,val,clear_window_2021_2022
CAMHDA301-20220627T151500,2022-06-27,/home/jovyan/ooi/san_data/RS03ASHS-PN03B-06-CAMHDA301/2022/06/27/CAMHDA301-20220627T151500.mp4,180,1,clear,val,clear_window_2021_2022
CAMHDA301-20220627T181500,2022-06-27,/home/jovyan/ooi/san_data/RS03ASHS-PN03B-06-CAMHDA301/2022/06/27/CAMHDA301-20220627T181500.mp4,210,1,clear,val,clear_window_2021_2022
CAMHDA301-20220627T211500,2022-06-27,/home/jovyan/ooi/san_data/RS03ASHS-PN03B-06-CAMHDA301/2022/06/27/CAMHDA301-20220627T211500.mp4,210,1,clear,val,clear_window_2021_2022
CAMHDA301-20220628T001500,2022-06-28,/home/jovyan/ooi/san_data/RS03ASHS-PN03B-06-CAMHDA301/2022/06/28/CAMHDA301-20220628T001500.mp4,210,1,clear,train,tuesdays_2021_2024
CAMHDA301-20220628T031500,2022-06-28,/home/jovyan/ooi/san_data/RS03ASHS-PN03B-06-CAMHDA301/2022/06/28/CAMHDA301-20220628T031500.mp4,210,1,clear,train,tuesdays_2021_2024
CAMHDA301-20220628T061500,2022-06-28,/home/jovyan/ooi/san_data/RS03ASHS-PN03B-06-CAMHDA301/2022/06/28/CAMHDA301-20220628T061500.mp4,180,0,clear,train,tuesdays_2021_2024
CAMHDA301-20220628T061500,2022-06-28,/home/jovyan/ooi/san_data/RS03ASHS-PN03B-06-CAMHDA301/2022/06/28/CAMHDA301-20220628T061500.mp4,90,0,clear,train,tuesdays_2021_2024
CAMHDA301-20220628T061500,2022-06-28,/home/jovyan/ooi/san_data/RS03ASHS-PN03B-06-CAMHDA301/2022/06/28/CAMHDA301-20220628T061500.mp4,780,0,clear,train,tuesdays_2021_2024
CAMHDA301-20220628T061500,2022-06-28,/home/jovyan/ooi/san_data/RS03ASHS-PN03B-06-CAMHDA301/2022/06/28/CAMHDA301-20220628T061500.mp4,210,0,clear,train,tuesdays_2021_2024
CAMHDA301-20220628T121500,2022-06-28,/home/jovyan/ooi/san_data/RS03ASHS-PN03B-06-CAMHDA301/2022/06/28/CAMHDA301-20220628T121500.mp4,210,1,clear,train,tuesdays_2021_2024
CAMHDA301-20220628T151500,2022-06-28,/home/jovyan/ooi/san_data/RS03ASHS-PN03B-06-CAMHDA301/2022/06/28/CAMHDA301-20220628T151500.mp4,180,1,clear,train,tuesdays_2021_2024
CAMHDA301-20220628T181500,2022-06-28,/home/jovyan/ooi/san_data/RS03ASHS-PN03B-06-CAMHDA301/2022/06/28/CAMHDA301-20220628T181500.mp4,210,1,clear,train,tuesdays_2021_2024
CAMHDA301-20220628T211500,2022-06-28,/home/jovyan/ooi/san_data/RS03ASHS-PN03B-06-CAMHDA301/2022/06/28/CAMHDA301-20220628T211500.mp4,210,1,clear,train,tuesdays_2021_2024
CAMHDA301-20220704T001500,2022-07-04,/home/jovyan/ooi/san_data/RS03ASHS-PN03B-06-CAMHDA301/2022/07/04/CAMHDA301-20220704T001500.mp4,60,0,clear,val,clear_window_2021_2022
CAMHDA301-20220704T001500,2022-07-04,/home/jovyan/ooi/san_data/RS03ASHS-PN03B-06-CAMHDA301/2022/07/04/CAMHDA301-20220704T001500.mp4,840,0,clear,val,clear_window_2021_2022
CAMHDA301-20220704T001500,2022-07-04,/home/jovyan/ooi/san_data/RS03ASHS-PN03B-06-CAMHDA301/2022/07/04/CAMHDA301-20220704T001500.mp4,510,0,clear,val,clear_window_2021_2022
CAMHDA301-20220704T001500,2022-07-04,/home/jovyan/ooi/san_data/RS03ASHS-PN03B-06-CAMHDA301/2022/07/04/CAMHDA301-20220704T001500.mp4,540,0,clear,val,clear_window_2021_2022
CAMHDA301-20220704T031500,2022-07-04,/home/jovyan/ooi/san_data/RS03ASHS-PN03B-06-CAMHDA301/2022/07/04/CAMHDA301-20220704T031500.mp4,180,1,clear,val,clear_window_2021_2022
CAMHDA301-20220704T061500,2022-07-04,/home/jovyan/ooi/san_data/RS03ASHS-PN03B-06-CAMHDA301/2022/07/04/CAMHDA301-20220704T061500.mp4,210,1,clear,val,clear_window_2021_2022
CAMHDA301-20220704T091500,2022-07-04,/home/jovyan/ooi/san_data/RS03ASHS-PN03B-06-CAMHDA301/2022/07/04/CAMHDA301-20220704T091500.mp4,210,1,clear,val,clear_window_2021_2022
CAMHDA301-20220704T121500,2022-07-04,/home/jovyan/ooi/san_data/RS03ASHS-PN03B-06-CAMHDA301/2022/07/04/CAMHDA301-20220704T121500.mp4,210,1,clear,val,clear_window_2021_2022
CAMHDA301-20220704T151500,2022-07-04,/home/jovyan/ooi/san_data/RS03ASHS-PN03B-06-CAMHDA301/2022/07/04/CAMHDA301-20220704T151500.mp4,210,1,clear,val,clear_window_2021_2022
CAMHDA301-20220704T181500,2022-07-04,/home/jovyan/ooi/san_data/RS03ASHS-PN03B-06-CAMHDA301/2022/07/04/CAMHDA301-20220704T181500.mp4,210,1,clear,val,clear_window_2021_2022
CAMHDA301-20220704T211500,2022-07-04,/home/jovyan/ooi/san_data/RS03ASHS-PN03B-06-CAMHDA301/2022/07/04/CAMHDA301-20220704T211500.mp4,630,0,clear,val,clear_window_2021_2022
CAMHDA301-20220704T211500,2022-07-04,/home/jovyan/ooi/san_data/RS03ASHS-PN03B-06-CAMHDA301/2022/07/04/CAMHDA301-20220704T211500.mp4,720,0,clear,val,clear_window_2021_2022
CAMHDA301-20220704T211500,2022-07-04,/home/jovyan/ooi/san_data/RS03ASHS-PN03B-06-CAMHDA301/2022/07/04/CAMHDA301-20220704T211500.mp4,210,0,clear,val,clear_window_2021_2022
CAMHDA301-20220704T211500,2022-07-04,/home/jovyan/ooi/san_data/RS03ASHS-PN03B-06-CAMHDA301/2022/07/04/CAMHDA301-20220704T211500.mp4,540,0,clear,val,clear_window_2021_2022
CAMHDA301-20220705T031500,2022-07-05,/home/jovyan/ooi/san_data/RS03ASHS-PN03B-06-CAMHDA301/2022/07/05/CAMHDA301-20220705T031500.mp4,210,1,clear,test,tuesdays_2021_2024
CAMHDA301-20220705T061500,2022-07-05,/home/jovyan/ooi/san_data/RS03ASHS-PN03B-06-CAMHDA301/2022/07/05/CAMHDA301-20220705T061500.mp4,210,1,clear,test,tuesdays_2021_2024
CAMHDA301-20220705T091500,2022-07-05,/home/jovyan/ooi/san_data/RS03ASHS-PN03B-06-CAMHDA301/2022/07/05/CAMHDA301-20220705T091500.mp4,210,1,clear,test,tuesdays_2021_2024
CAMHDA301-20220705T121500,2022-07-05,/home/jovyan/ooi/san_data/RS03ASHS-PN03B-06-CAMHDA301/2022/07/05/CAMHDA301-20220705T121500.mp4,210,1,clear,test,tuesdays_2021_2024
CAMHDA301-20220705T151500,2022-07-05,/home/jovyan/ooi/san_data/RS03ASHS-PN03B-06-CAMHDA301/2022/07/05/CAMHDA301-20220705T151500.mp4,210,1,clear,test,tuesdays_2021_2024
CAMHDA301-20220705T181500,2022-07-05,/home/jovyan/ooi/san_data/RS03ASHS-PN03B-06-CAMHDA301/2022/07/05/CAMHDA301-20220705T181500.mp4,210,1,clear,test,tuesdays_2021_2024
CAMHDA301-20220705T211500,2022-07-05,/home/jovyan/ooi/san_data/RS03ASHS-PN03B-06-CAMHDA301/2022/07/05/CAMHDA301-20220705T211500.mp4,210,1,clear,test,tuesdays_2021_2024
CAMHDA301-20220711T001500,2022-07-11,/home/jovyan/ooi/san_data/RS03ASHS-PN03B-06-CAMHDA301/2022/07/11/CAMHDA301-20220711T001500.mp4,210,1,clear,train,clear_window_2021_2022
CAMHDA301-20220711T031500,2022-07-11,/home/jovyan/ooi/san_data/RS03ASHS-PN03B-06-CAMHDA301/2022/07/11/CAMHDA301-20220711T031500.mp4,210,1,clear,train,clear_window_2021_2022
CAMHDA301-20220711T061500,2022-07-11,/home/jovyan/ooi/san_data/RS03ASHS-PN03B-06-CAMHDA301/2022/07/11/CAMHDA301-20220711T061500.mp4,180,1,clear,train,clear_window_2021_2022
CAMHDA301-20220711T091500,2022-07-11,/home/jovyan/ooi/san_data/RS03ASHS-PN03B-06-CAMHDA301/2022/07/11/CAMHDA301-20220711T091500.mp4,210,1,clear,train,clear_window_2021_2022
CAMHDA301-20220711T121500,2022-07-11,/home/jovyan/ooi/san_data/RS03ASHS-PN03B-06-CAMHDA301/2022/07/11/CAMHDA301-20220711T121500.mp4,210,1,clear,train,clear_window_2021_2022
CAMHDA301-20220711T151500,2022-07-11,/home/jovyan/ooi/san_data/RS03ASHS-PN03B-06-CAMHDA301/2022/07/11/CAMHDA301-20220711T151500.mp4,210,1,clear,train,clear_window_2021_2022
CAMHDA301-20220711T181500,2022-07-11,/home/jovyan/ooi/san_data/RS03ASHS-PN03B-06-CAMHDA301/2022/07/11/CAMHDA301-20220711T181500.mp4,210,1,clear,train,clear_window_2021_2022
CAMHDA301-20220711T211500,2022-07-11,/home/jovyan/ooi/san_data/RS03ASHS-PN03B-06-CAMHDA301/2022/07/11/CAMHDA301-20220711T211500.mp4,210,1,clear,train,clear_window_2021_2022
CAMHDA301-20220712T001500,2022-07-12,/home/jovyan/ooi/san_data/RS03ASHS-PN03B-06-CAMHDA301/2022/07/12/CAMHDA301-20220712T001500.mp4,210,1,clear,test,tuesdays_2021_2024
CAMHDA301-20220712T031500,2022-07-12,/home/jovyan/ooi/san_data/RS03ASHS-PN03B-06-CAMHDA301/2022/07/12/CAMHDA301-20220712T031500.mp4,210,1,clear,test,tuesdays_2021_2024
CAMHDA301-20220712T061500,2022-07-12,/home/jovyan/ooi/san_data/RS03ASHS-PN03B-06-CAMHDA301/2022/07/12/CAMHDA301-20220712T061500.mp4,180,1,clear,test,tuesdays_2021_2024
CAMHDA301-20220712T091500,2022-07-12,/home/jovyan/ooi/san_data/RS03ASHS-PN03B-06-CAMHDA301/2022/07/12/CAMHDA301-20220712T091500.mp4,210,1,clear,test,tuesdays_2021_2024
CAMHDA301-20220712T121500,2022-07-12,/home/jovyan/ooi/san_data/RS03ASHS-PN03B-06-CAMHDA301/2022/07/12/CAMHDA301-20220712T121500.mp4,210,1,clear,test,tuesdays_2021_2024
CAMHDA301-20220712T151500,2022-07-12,/home/jovyan/ooi/san_data/RS03ASHS-PN03B-06-CAMHDA301/2022/07/12/CAMHDA301-20220712T151500.mp4,210,1,clear,test,tuesdays_2021_2024
CAMHDA301-20220712T181500,2022-07-12,/home/jovyan/ooi/san_data/RS03ASHS-PN03B-06-CAMHDA301/2022/07/12/CAMHDA301-20220712T181500.mp4,210,1,clear,test,tuesdays_2021_2024
CAMHDA301-20220712T211500,2022-07-12,/home/jovyan/ooi/san_data/RS03ASHS-PN03B-06-CAMHDA301/2022/07/12/CAMHDA301-20220712T211500.mp4,210,1,clear,test,tuesdays_2021_2024
CAMHDA301-20220718T001500,2022-07-18,/home/jovyan/ooi/san_data/RS03ASHS-PN03B-06-CAMHDA301/2022/07/18/CAMHDA301-20220718T001500.mp4,210,1,clear,train,clear_window_2021_2022
CAMHDA301-20220718T031500,2022-07-18,/home/jovyan/ooi/san_data/RS03ASHS-PN03B-06-CAMHDA301/2022/07/18/CAMHDA301-20220718T031500.mp4,90,0,clear,train,clear_window_2021_2022
CAMHDA301-20220718T031500,2022-07-18,/home/jovyan/ooi/san_data/RS03ASHS-PN03B-06-CAMHDA301/2022/07/18/CAMHDA301-20220718T031500.mp4,810,0,clear,train,clear_window_2021_2022
CAMHDA301-20220718T031500,2022-07-18,/home/jovyan/ooi/san_data/RS03ASHS-PN03B-06-CAMHDA301/2022/07/18/CAMHDA301-20220718T031500.mp4,450,0,clear,train,clear_window_2021_2022
CAMHDA301-20220718T031500,2022-07-18,/home/jovyan/ooi/san_data/RS03ASHS-PN03B-06-CAMHDA301/2022/07/18/CAMHDA301-20220718T031500.mp4,780,0,clear,train,clear_window_2021_2022
CAMHDA301-20220718T061500,2022-07-18,/home/jovyan/ooi/san_data/RS03ASHS-PN03B-06-CAMHDA301/2022/07/18/CAMHDA301-20220718T061500.mp4,210,1,clear,train,clear_window_2021_2022
CAMHDA301-20220718T091500,2022-07-18,/home/jovyan/ooi/san_data/RS03ASHS-PN03B-06-CAMHDA301/2022/07/18/CAMHDA301-20220718T091500.mp4,210,1,clear,train,clear_window_2021_2022
CAMHDA301-20220718T121500,2022-07-18,/home/jovyan/ooi/san_data/RS03ASHS-PN03B-06-CAMHDA301/2022/07/18/CAMHDA301-20220718T121500.mp4,210,1,clear,train,clear_window_2021_2022
CAMHDA301-20220718T151500,2022-07-18,/home/jovyan/ooi/san_data/RS03ASHS-PN03B-06-CAMHDA301/2022/07/18/CAMHDA301-20220718T151500.mp4,210,1,clear,train,clear_window_2021_2022
CAMHDA301-20220718T181500,2022-07-18,/home/jovyan/ooi/san_data/RS03ASHS-PN03B-06-CAMHDA301/2022/07/18/CAMHDA301-20220718T181500.mp4,210,1,clear,train,clear_window_2021_2022
CAMHDA301-20220718T211500,2022-07-18,/home/jovyan/ooi/san_data/RS03ASHS-PN03B-06-CAMHDA301/2022/07/18/CAMHDA301-20220718T211500.mp4,210,1,clear,train,clear_window_2021_2022
CAMHDA301-20220719T001500,2022-07-19,/home/jovyan/ooi/san_data/RS03ASHS-PN03B-06-CAMHDA301/2022/07/19/CAMHDA301-20220719T001500.mp4,210,1,clear,test,tuesdays_2021_2024
CAMHDA301-20220719T031500,2022-07-19,/home/jovyan/ooi/san_data/RS03ASHS-PN03B-06-CAMHDA301/2022/07/19/CAMHDA301-20220719T031500.mp4,210,1,clear,test,tuesdays_2021_2024
CAMHDA301-20220719T061500,2022-07-19,/home/jovyan/ooi/san_data/RS03ASHS-PN03B-06-CAMHDA301/2022/07/19/CAMHDA301-20220719T061500.mp4,210,1,clear,test,tuesdays_2021_2024
CAMHDA301-20220719T091500,2022-07-19,/home/jovyan/ooi/san_data/RS03ASHS-PN03B-06-CAMHDA301/2022/07/19/CAMHDA301-20220719T091500.mp4,210,1,clear,test,tuesdays_2021_2024
CAMHDA301-20220719T121500,2022-07-19,/home/jovyan/ooi/san_data/RS03ASHS-PN03B-06-CAMHDA301/2022/07/19/CAMHDA301-20220719T121500.mp4,210,1,clear,test,tuesdays_2021_2024
CAMHDA301-20220719T181500,2022-07-19,/home/jovyan/ooi/san_data/RS03ASHS-PN03B-06-CAMHDA301/2022/07/19/CAMHDA301-20220719T181500.mp4,210,1,clear,test,tuesdays_2021_2024
CAMHDA301-20220719T211500,2022-07-19,/home/jovyan/ooi/san_data/RS03ASHS-PN03B-06-CAMHDA301/2022/07/19/CAMHDA301-20220719T211500.mp4,210,1,clear,test,tuesdays_2021_2024
CAMHDA301-20220725T001500,2022-07-25,/home/jovyan/ooi/san_data/RS03ASHS-PN03B-06-CAMHDA301/2022/07/25/CAMHDA301-20220725T001500.mp4,210,1,clear,train,clear_window_2021_2022
CAMHDA301-20220725T031500,2022-07-25,/home/jovyan/ooi/san_data/RS03ASHS-PN03B-06-CAMHDA301/2022/07/25/CAMHDA301-20220725T031500.mp4,210,1,clear,train,clear_window_2021_2022
CAMHDA301-20220725T061500,2022-07-25,/home/jovyan/ooi/san_data/RS03ASHS-PN03B-06-CAMHDA301/2022/07/25/CAMHDA301-20220725T061500.mp4,180,1,clear,train,clear_window_2021_2022
CAMHDA301-20220725T091500,2022-07-25,/home/jovyan/ooi/san_data/RS03ASHS-PN03B-06-CAMHDA301/2022/07/25/CAMHDA301-20220725T091500.mp4,210,1,clear,train,clear_window_2021_2022
CAMHDA301-20220725T121500,2022-07-25,/home/jovyan/ooi/san_data/RS03ASHS-PN03B-06-CAMHDA301/2022/07/25/CAMHDA301-20220725T121500.mp4,210,1,clear,train,clear_window_2021_2022
CAMHDA301-20220725T151500,2022-07-25,/home/jovyan/ooi/san_data/RS03ASHS-PN03B-06-CAMHDA301/2022/07/25/CAMHDA301-20220725T151500.mp4,210,1,clear,train,clear_window_2021_2022
CAMHDA301-20220725T181500,2022-07-25,/home/jovyan/ooi/san_data/RS03ASHS-PN03B-06-CAMHDA301/2022/07/25/CAMHDA301-20220725T181500.mp4,210,1,clear,train,clear_window_2021_2022
CAMHDA301-20220725T211500,2022-07-25,/home/jovyan/ooi/san_data/RS03ASHS-PN03B-06-CAMHDA301/2022/07/25/CAMHDA301-20220725T211500.mp4,210,1,clear,train,clear_window_2021_2022
CAMHDA301-20220726T001500,2022-07-26,/home/jovyan/ooi/san_data/RS03ASHS-PN03B-06-CAMHDA301/2022/07/26/CAMHDA301-20220726T001500.mp4,210,1,clear,val,tuesdays_2021_2024
CAMHDA301-20220726T061500,2022-07-26,/home/jovyan/ooi/san_data/RS03ASHS-PN03B-06-CAMHDA301/2022/07/26/CAMHDA301-20220726T061500.mp4,180,1,clear,val,tuesdays_2021_2024
CAMHDA301-20220726T091500,2022-07-26,/home/jovyan/ooi/san_data/RS03ASHS-PN03B-06-CAMHDA301/2022/07/26/CAMHDA301-20220726T091500.mp4,210,1,clear,val,tuesdays_2021_2024
CAMHDA301-20220726T121500,2022-07-26,/home/jovyan/ooi/san_data/RS03ASHS-PN03B-06-CAMHDA301/2022/07/26/CAMHDA301-20220726T121500.mp4,210,1,clear,val,tuesdays_2021_2024
CAMHDA301-20220726T151500,2022-07-26,/home/jovyan/ooi/san_data/RS03ASHS-PN03B-06-CAMHDA301/2022/07/26/CAMHDA301-20220726T151500.mp4,210,1,clear,val,tuesdays_2021_2024
CAMHDA301-20220726T181500,2022-07-26,/home/jovyan/ooi/san_data/RS03ASHS-PN03B-06-CAMHDA301/2022/07/26/CAMHDA301-20220726T181500.mp4,210,1,clear,val,tuesdays_2021_2024
CAMHDA301-20220726T211500,2022-07-26,/home/jovyan/ooi/san_data/RS03ASHS-PN03B-06-CAMHDA301/2022/07/26/CAMHDA301-20220726T211500.mp4,210,1,clear,val,tuesdays_2021_2024
CAMHDA301-20220801T031500,2022-08-01,/home/jovyan/ooi/san_data/RS03ASHS-PN03B-06-CAMHDA301/2022/08/01/CAMHDA301-20220801T031500.mp4,450,0,clear,train,clear_window_2021_2022
CAMHDA301-20220801T031500,2022-08-01,/home/jovyan/ooi/san_data/RS03ASHS-PN03B-06-CAMHDA301/2022/08/01/CAMHDA301-20220801T031500.mp4,330,0,clear,train,clear_window_2021_2022
CAMHDA301-20220801T031500,2022-08-01,/home/jovyan/ooi/san_data/RS03ASHS-PN03B-06-CAMHDA301/2022/08/01/CAMHDA301-20220801T031500.mp4,810,0,clear,train,clear_window_2021_2022
CAMHDA301-20220801T031500,2022-08-01,/home/jovyan/ooi/san_data/RS03ASHS-PN03B-06-CAMHDA301/2022/08/01/CAMHDA301-20220801T031500.mp4,150,0,clear,train,clear_window_2021_2022
CAMHDA301-20220801T061500,2022-08-01,/home/jovyan/ooi/san_data/RS03ASHS-PN03B-06-CAMHDA301/2022/08/01/CAMHDA301-20220801T061500.mp4,750,0,clear,train,clear_window_2021_2022
CAMHDA301-20220801T061500,2022-08-01,/home/jovyan/ooi/san_data/RS03ASHS-PN03B-06-CAMHDA301/2022/08/01/CAMHDA301-20220801T061500.mp4,480,0,clear,train,clear_window_2021_2022
CAMHDA301-20220801T061500,2022-08-01,/home/jovyan/ooi/san_data/RS03ASHS-PN03B-06-CAMHDA301/2022/08/01/CAMHDA301-20220801T061500.mp4,690,0,clear,train,clear_window_2021_2022
CAMHDA301-20220801T061500,2022-08-01,/home/jovyan/ooi/san_data/RS03ASHS-PN03B-06-CAMHDA301/2022/08/01/CAMHDA301-20220801T061500.mp4,330,0,clear,train,clear_window_2021_2022
CAMHDA301-20220801T091500,2022-08-01,/home/jovyan/ooi/san_data/RS03ASHS-PN03B-06-CAMHDA301/2022/08/01/CAMHDA301-20220801T091500.mp4,630,0,clear,train,clear_window_2021_2022
CAMHDA301-20220801T091500,2022-08-01,/home/jovyan/ooi/san_data/RS03ASHS-PN03B-06-CAMHDA301/2022/08/01/CAMHDA301-20220801T091500.mp4,330,0,clear,train,clear_window_2021_2022
CAMHDA301-20220801T091500,2022-08-01,/home/jovyan/ooi/san_data/RS03ASHS-PN03B-06-CAMHDA301/2022/08/01/CAMHDA301-20220801T091500.mp4,240,0,clear,train,clear_window_2021_2022
CAMHDA301-20220801T091500,2022-08-01,/home/jovyan/ooi/san_data/RS03ASHS-PN03B-06-CAMHDA301/2022/08/01/CAMHDA301-20220801T091500.mp4,30,0,clear,train,clear_window_2021_2022
CAMHDA301-20220801T121500,2022-08-01,/home/jovyan/ooi/san_data/RS03ASHS-PN03B-06-CAMHDA301/2022/08/01/CAMHDA301-20220801T121500.mp4,210,1,clear,train,clear_window_2021_2022
CAMHDA301-20220801T151500,2022-08-01,/home/jovyan/ooi/san_data/RS03ASHS-PN03B-06-CAMHDA301/2022/08/01/CAMHDA301-20220801T151500.mp4,210,1,clear,train,clear_window_2021_2022
CAMHDA301-20220801T181500,2022-08-01,/home/jovyan/ooi/san_data/RS03ASHS-PN03B-06-CAMHDA301/2022/08/01/CAMHDA301-20220801T181500.mp4,150,0,clear,train,clear_window_2021_2022
CAMHDA301-20220801T181500,2022-08-01,/home/jovyan/ooi/san_data/RS03ASHS-PN03B-06-CAMHDA301/2022/08/01/CAMHDA301-20220801T181500.mp4,810,0,clear,train,clear_window_2021_2022
CAMHDA301-20220801T181500,2022-08-01,/home/jovyan/ooi/san_data/RS03ASHS-PN03B-06-CAMHDA301/2022/08/01/CAMHDA301-20220801T181500.mp4,120,0,clear,train,clear_window_2021_2022
CAMHDA301-20220801T181500,2022-08-01,/home/jovyan/ooi/san_data/RS03ASHS-PN03B-06-CAMHDA301/2022/08/01/CAMHDA301-20220801T181500.mp4,420,0,clear,train,clear_window_2021_2022
CAMHDA301-20220801T211500,2022-08-01,/home/jovyan/ooi/san_data/RS03ASHS-PN03B-06-CAMHDA301/2022/08/01/CAMHDA301-20220801T211500.mp4,30,0,clear,train,clear_window_2021_2022
CAMHDA301-20220801T211500,2022-08-01,/home/jovyan/ooi/san_data/RS03ASHS-PN03B-06-CAMHDA301/2022/08/01/CAMHDA301-20220801T211500.mp4,90,0,clear,train,clear_window_2021_2022
CAMHDA301-20220801T211500,2022-08-01,/home/jovyan/ooi/san_data/RS03ASHS-PN03B-06-CAMHDA301/2022/08/01/CAMHDA301-20220801T211500.mp4,810,0,clear,train,clear_window_2021_2022
CAMHDA301-20220801T211500,2022-08-01,/home/jovyan/ooi/san_data/RS03ASHS-PN03B-06-CAMHDA301/2022/08/01/CAMHDA301-20220801T211500.mp4,330,0,clear,train,clear_window_2021_2022
CAMHDA301-20220802T001500,2022-08-02,/home/jovyan/ooi/san_data/RS03ASHS-PN03B-06-CAMHDA301/2022/08/02/CAMHDA301-20220802T001500.mp4,120,0,clear,train,tuesdays_2021_2024
CAMHDA301-20220802T001500,2022-08-02,/home/jovyan/ooi/san_data/RS03ASHS-PN03B-06-CAMHDA301/2022/08/02/CAMHDA301-20220802T001500.mp4,540,0,clear,train,tuesdays_2021_2024
CAMHDA301-20220802T001500,2022-08-02,/home/jovyan/ooi/san_data/RS03ASHS-PN03B-06-CAMHDA301/2022/08/02/CAMHDA301-20220802T001500.mp4,630,0,clear,train,tuesdays_2021_2024
CAMHDA301-20220802T001500,2022-08-02,/home/jovyan/ooi/san_data/RS03ASHS-PN03B-06-CAMHDA301/2022/08/02/CAMHDA301-20220802T001500.mp4,390,0,clear,train,tuesdays_2021_2024
CAMHDA301-20220802T031500,2022-08-02,/home/jovyan/ooi/san_data/RS03ASHS-PN03B-06-CAMHDA301/2022/08/02/CAMHDA301-20220802T031500.mp4,690,0,clear,train,tuesdays_2021_2024
CAMHDA301-20220802T031500,2022-08-02,/home/jovyan/ooi/san_data/RS03ASHS-PN03B-06-CAMHDA301/2022/08/02/CAMHDA301-20220802T031500.mp4,150,0,clear,train,tuesdays_2021_2024
CAMHDA301-20220802T031500,2022-08-02,/home/jovyan/ooi/san_data/RS03ASHS-PN03B-06-CAMHDA301/2022/08/02/CAMHDA301-20220802T031500.mp4,450,0,clear,train,tuesdays_2021_2024
CAMHDA301-20220802T031500,2022-08-02,/home/jovyan/ooi/san_data/RS03ASHS-PN03B-06-CAMHDA301/2022/08/02/CAMHDA301-20220802T031500.mp4,810,0,clear,train,tuesdays_2021_2024
CAMHDA301-20220802T061500,2022-08-02,/home/jovyan/ooi/san_data/RS03ASHS-PN03B-06-CAMHDA301/2022/08/02/CAMHDA301-20220802T061500.mp4,750,0,clear,train,tuesdays_2021_2024
CAMHDA301-20220802T061500,2022-08-02,/home/jovyan/ooi/san_data/RS03ASHS-PN03B-06-CAMHDA301/2022/08/02/CAMHDA301-20220802T061500.mp4,300,0,clear,train,tuesdays_2021_2024
CAMHDA301-20220802T061500,2022-08-02,/home/jovyan/ooi/san_data/RS03ASHS-PN03B-06-CAMHDA301/2022/08/02/CAMHDA301-20220802T061500.mp4,780,0,clear,train,tuesdays_2021_2024
CAMHDA301-20220802T061500,2022-08-02,/home/jovyan/ooi/san_data/RS03ASHS-PN03B-06-CAMHDA301/2022/08/02/CAMHDA301-20220802T061500.mp4,180,0,clear,train,tuesdays_2021_2024
CAMHDA301-20220802T091500,2022-08-02,/home/jovyan/ooi/san_data/RS03ASHS-PN03B-06-CAMHDA301/2022/08/02/CAMHDA301-20220802T091500.mp4,210,1,clear,train,tuesdays_2021_2024
CAMHDA301-20220802T121500,2022-08-02,/home/jovyan/ooi/san_data/RS03ASHS-PN03B-06-CAMHDA301/2022/08/02/CAMHDA301-20220802T121500.mp4,30,0,clear,train,tuesdays_2021_2024
CAMHDA301-20220802T121500,2022-08-02,/home/jovyan/ooi/san_data/RS03ASHS-PN03B-06-CAMHDA301/2022/08/02/CAMHDA301-20220802T121500.mp4,720,0,clear,train,tuesdays_2021_2024
CAMHDA301-20220802T121500,2022-08-02,/home/jovyan/ooi/san_data/RS03ASHS-PN03B-06-CAMHDA301/2022/08/02/CAMHDA301-20220802T121500.mp4,630,0,clear,train,tuesdays_2021_2024
CAMHDA301-20220802T121500,2022-08-02,/home/jovyan/ooi/san_data/RS03ASHS-PN03B-06-CAMHDA301/2022/08/02/CAMHDA301-20220802T121500.mp4,510,0,clear,train,tuesdays_2021_2024
CAMHDA301-20220802T151500,2022-08-02,/home/jovyan/ooi/san_data/RS03ASHS-PN03B-06-CAMHDA301/2022/08/02/CAMHDA301-20220802T151500.mp4,450,0,clear,train,tuesdays_2021_2024
CAMHDA301-20220802T151500,2022-08-02,/home/jovyan/ooi/san_data/RS03ASHS-PN03B-06-CAMHDA301/2022/08/02/CAMHDA301-20220802T151500.mp4,600,0,clear,train,tuesdays_2021_2024
CAMHDA301-20220802T151500,2022-08-02,/home/jovyan/ooi/san_data/RS03ASHS-PN03B-06-CAMHDA301/2022/08/02/CAMHDA301-20220802T151500.mp4,690,0,clear,train,tuesdays_2021_2024
CAMHDA301-20220802T151500,2022-08-02,/home/jovyan/ooi/san_data/RS03ASHS-PN03B-06-CAMHDA301/2022/08/02/CAMHDA301-20220802T151500.mp4,660,0,clear,train,tuesdays_2021_2024
CAMHDA301-20220802T181500,2022-08-02,/home/jovyan/ooi/san_data/RS03ASHS-PN03B-06-CAMHDA301/2022/08/02/CAMHDA301-20220802T181500.mp4,510,0,clear,train,tuesdays_2021_2024
CAMHDA301-20220802T181500,2022-08-02,/home/jovyan/ooi/san_data/RS03ASHS-PN03B-06-CAMHDA301/2022/08/02/CAMHDA301-20220802T181500.mp4,750,0,clear,train,tuesdays_2021_2024
CAMHDA301-20220802T181500,2022-08-02,/home/jovyan/ooi/san_data/RS03ASHS-PN03B-06-CAMHDA301/2022/08/02/CAMHDA301-20220802T181500.mp4,60,0,clear,train,tuesdays_2021_2024
CAMHDA301-20220802T181500,2022-08-02,/home/jovyan/ooi/san_data/RS03ASHS-PN03B-06-CAMHDA301/2022/08/02/CAMHDA301-20220802T181500.mp4,480,0,clear,train,tuesdays_2021_2024
CAMHDA301-20220802T211500,2022-08-02,/home/jovyan/ooi/san_data/RS03ASHS-PN03B-06-CAMHDA301/2022/08/02/CAMHDA301-20220802T211500.mp4,240,0,clear,train,tuesdays_2021_2024
CAMHDA301-20220802T211500,2022-08-02,/home/jovyan/ooi/san_data/RS03ASHS-PN03B-06-CAMHDA301/2022/08/02/CAMHDA301-20220802T211500.mp4,90,0,clear,train,tuesdays_2021_2024
CAMHDA301-20220802T211500,2022-08-02,/home/jovyan/ooi/san_data/RS03ASHS-PN03B-06-CAMHDA301/2022/08/02/CAMHDA301-20220802T211500.mp4,630,0,clear,train,tuesdays_2021_2024
CAMHDA301-20220802T211500,2022-08-02,/home/jovyan/ooi/san_data/RS03ASHS-PN03B-06-CAMHDA301/2022/08/02/CAMHDA301-20220802T211500.mp4,510,0,clear,train,tuesdays_2021_2024
CAMHDA301-20220808T001500,2022-08-08,/home/jovyan/ooi/san_data/RS03ASHS-PN03B-06-CAMHDA301/2022/08/08/CAMHDA301-20220808T001500.mp4,210,1,clear,train,clear_window_2021_2022
CAMHDA301-20220808T031500,2022-08-08,/home/jovyan/ooi/san_data/RS03ASHS-PN03B-06-CAMHDA301/2022/08/08/CAMHDA301-20220808T031500.mp4,210,1,clear,train,clear_window_2021_2022
CAMHDA301-20220808T061500,2022-08-08,/home/jovyan/ooi/san_data/RS03ASHS-PN03B-06-CAMHDA301/2022/08/08/CAMHDA301-20220808T061500.mp4,210,1,clear,train,clear_window_2021_2022
CAMHDA301-20220808T091500,2022-08-08,/home/jovyan/ooi/san_data/RS03ASHS-PN03B-06-CAMHDA301/2022/08/08/CAMHDA301-20220808T091500.mp4,210,1,clear,train,clear_window_2021_2022
CAMHDA301-20220808T121500,2022-08-08,/home/jovyan/ooi/san_data/RS03ASHS-PN03B-06-CAMHDA301/2022/08/08/CAMHDA301-20220808T121500.mp4,210,1,clear,train,clear_window_2021_2022
CAMHDA301-20220808T151500,2022-08-08,/home/jovyan/ooi/san_data/RS03ASHS-PN03B-06-CAMHDA301/2022/08/08/CAMHDA301-20220808T151500.mp4,210,1,clear,train,clear_window_2021_2022
CAMHDA301-20220808T181500,2022-08-08,/home/jovyan/ooi/san_data/RS03ASHS-PN03B-06-CAMHDA301/2022/08/08/CAMHDA301-20220808T181500.mp4,210,1,clear,train,clear_window_2021_2022
CAMHDA301-20220808T211500,2022-08-08,/home/jovyan/ooi/san_data/RS03ASHS-PN03B-06-CAMHDA301/2022/08/08/CAMHDA301-20220808T211500.mp4,210,1,clear,train,clear_window_2021_2022
CAMHDA301-20220809T001500,2022-08-09,/home/jovyan/ooi/san_data/RS03ASHS-PN03B-06-CAMHDA301/2022/08/09/CAMHDA301-20220809T001500.mp4,210,1,clear,val,tuesdays_2021_2024
CAMHDA301-20220809T031500,2022-08-09,/home/jovyan/ooi/san_data/RS03ASHS-PN03B-06-CAMHDA301/2022/08/09/CAMHDA301-20220809T031500.mp4,210,1,clear,val,tuesdays_2021_2024
CAMHDA301-20220809T061500,2022-08-09,/home/jovyan/ooi/san_data/RS03ASHS-PN03B-06-CAMHDA301/2022/08/09/CAMHDA301-20220809T061500.mp4,210,1,clear,val,tuesdays_2021_2024
CAMHDA301-20220809T121500,2022-08-09,/home/jovyan/ooi/san_data/RS03ASHS-PN03B-06-CAMHDA301/2022/08/09/CAMHDA301-20220809T121500.mp4,210,1,clear,val,tuesdays_2021_2024
CAMHDA301-20220809T151500,2022-08-09,/home/jovyan/ooi/san_data/RS03ASHS-PN03B-06-CAMHDA301/2022/08/09/CAMHDA301-20220809T151500.mp4,210,1,clear,val,tuesdays_2021_2024
CAMHDA301-20220809T181500,2022-08-09,/home/jovyan/ooi/san_data/RS03ASHS-PN03B-06-CAMHDA301/2022/08/09/CAMHDA301-20220809T181500.mp4,210,1,clear,val,tuesdays_2021_2024
CAMHDA301-20220809T211500,2022-08-09,/home/jovyan/ooi/san_data/RS03ASHS-PN03B-06-CAMHDA301/2022/08/09/CAMHDA301-20220809T211500.mp4,210,1,clear,val,tuesdays_2021_2024
CAMHDA301-20220815T001500,2022-08-15,/home/jovyan/ooi/san_data/RS03ASHS-PN03B-06-CAMHDA301/2022/08/15/CAMHDA301-20220815T001500.mp4,210,1,clear,train,clear_window_2021_2022
CAMHDA301-20220815T031500,2022-08-15,/home/jovyan/ooi/san_data/RS03ASHS-PN03B-06-CAMHDA301/2022/08/15/CAMHDA301-20220815T031500.mp4,210,1,clear,train,clear_window_2021_2022
CAMHDA301-20220815T061500,2022-08-15,/home/jovyan/ooi/san_data/RS03ASHS-PN03B-06-CAMHDA301/2022/08/15/CAMHDA301-20220815T061500.mp4,210,1,clear,train,clear_window_2021_2022
CAMHDA301-20220815T091500,2022-08-15,/home/jovyan/ooi/san_data/RS03ASHS-PN03B-06-CAMHDA301/2022/08/15/CAMHDA301-20220815T091500.mp4,210,1,clear,train,clear_window_2021_2022
CAMHDA301-20220815T121500,2022-08-15,/home/jovyan/ooi/san_data/RS03ASHS-PN03B-06-CAMHDA301/2022/08/15/CAMHDA301-20220815T121500.mp4,210,1,clear,train,clear_window_2021_2022
CAMHDA301-20220815T151500,2022-08-15,/home/jovyan/ooi/san_data/RS03ASHS-PN03B-06-CAMHDA301/2022/08/15/CAMHDA301-20220815T151500.mp4,210,1,clear,train,clear_window_2021_2022
CAMHDA301-20220815T181500,2022-08-15,/home/jovyan/ooi/san_data/RS03ASHS-PN03B-06-CAMHDA301/2022/08/15/CAMHDA301-20220815T181500.mp4,210,1,clear,train,clear_window_2021_2022
CAMHDA301-20220815T211500,2022-08-15,/home/jovyan/ooi/san_data/RS03ASHS-PN03B-06-CAMHDA301/2022/08/15/CAMHDA301-20220815T211500.mp4,210,1,clear,train,clear_window_2021_2022
CAMHDA301-20220816T001500,2022-08-16,/home/jovyan/ooi/san_data/RS03ASHS-PN03B-06-CAMHDA301/2022/08/16/CAMHDA301-20220816T001500.mp4,210,1,clear,train,tuesdays_2021_2024
CAMHDA301-20220816T031500,2022-08-16,/home/jovyan/ooi/san_data/RS03ASHS-PN03B-06-CAMHDA301/2022/08/16/CAMHDA301-20220816T031500.mp4,210,1,clear,train,tuesdays_2021_2024
CAMHDA301-20220816T061500,2022-08-16,/home/jovyan/ooi/san_data/RS03ASHS-PN03B-06-CAMHDA301/2022/08/16/CAMHDA301-20220816T061500.mp4,210,1,clear,train,tuesdays_2021_2024
CAMHDA301-20220816T091500,2022-08-16,/home/jovyan/ooi/san_data/RS03ASHS-PN03B-06-CAMHDA301/2022/08/16/CAMHDA301-20220816T091500.mp4,210,1,clear,train,tuesdays_2021_2024
CAMHDA301-20220816T121500,2022-08-16,/home/jovyan/ooi/san_data/RS03ASHS-PN03B-06-CAMHDA301/2022/08/16/CAMHDA301-20220816T121500.mp4,210,1,clear,train,tuesdays_2021_2024
CAMHDA301-20220816T151500,2022-08-16,/home/jovyan/ooi/san_data/RS03ASHS-PN03B-06-CAMHDA301/2022/08/16/CAMHDA301-20220816T151500.mp4,210,1,clear,train,tuesdays_2021_2024
CAMHDA301-20220816T181500,2022-08-16,/home/jovyan/ooi/san_data/RS03ASHS-PN03B-06-CAMHDA301/2022/08/16/CAMHDA301-20220816T181500.mp4,210,1,clear,train,tuesdays_2021_2024
CAMHDA301-20220816T211500,2022-08-16,/home/jovyan/ooi/san_data/RS03ASHS-PN03B-06-CAMHDA301/2022/08/16/CAMHDA301-20220816T211500.mp4,210,1,clear,train,tuesdays_2021_2024
CAMHDA301-20220822T001500,2022-08-22,/home/jovyan/ooi/san_data/RS03ASHS-PN03B-06-CAMHDA301/2022/08/22/CAMHDA301-20220822T001500.mp4,210,1,clear,train,clear_window_2021_2022
CAMHDA301-20220822T031500,2022-08-22,/home/jovyan/ooi/san_data/RS03ASHS-PN03B-06-CAMHDA301/2022/08/22/CAMHDA301-20220822T031500.mp4,210,1,clear,train,clear_window_2021_2022
CAMHDA301-20220822T061500,2022-08-22,/home/jovyan/ooi/san_data/RS03ASHS-PN03B-06-CAMHDA301/2022/08/22/CAMHDA301-20220822T061500.mp4,210,1,clear,train,clear_window_2021_2022
CAMHDA301-20220822T091500,2022-08-22,/home/jovyan/ooi/san_data/RS03ASHS-PN03B-06-CAMHDA301/2022/08/22/CAMHDA301-20220822T091500.mp4,570,0,clear,train,clear_window_2021_2022
CAMHDA301-20220822T091500,2022-08-22,/home/jovyan/ooi/san_data/RS03ASHS-PN03B-06-CAMHDA301/2022/08/22/CAMHDA301-20220822T091500.mp4,120,0,clear,train,clear_window_2021_2022
CAMHDA301-20220822T091500,2022-08-22,/home/jovyan/ooi/san_data/RS03ASHS-PN03B-06-CAMHDA301/2022/08/22/CAMHDA301-20220822T091500.mp4,750,0,clear,train,clear_window_2021_2022
CAMHDA301-20220822T091500,2022-08-22,/home/jovyan/ooi/san_data/RS03ASHS-PN03B-06-CAMHDA301/2022/08/22/CAMHDA301-20220822T091500.mp4,720,0,clear,train,clear_window_2021_2022
CAMHDA301-20220822T121500,2022-08-22,/home/jovyan/ooi/san_data/RS03ASHS-PN03B-06-CAMHDA301/2022/08/22/CAMHDA301-20220822T121500.mp4,210,1,clear,train,clear_window_2021_2022
CAMHDA301-20220822T151500,2022-08-22,/home/jovyan/ooi/san_data/RS03ASHS-PN03B-06-CAMHDA301/2022/08/22/CAMHDA301-20220822T151500.mp4,210,0,clear,train,clear_window_2021_2022
CAMHDA301-20220822T151500,2022-08-22,/home/jovyan/ooi/san_data/RS03ASHS-PN03B-06-CAMHDA301/2022/08/22/CAMHDA301-20220822T151500.mp4,660,0,clear,train,clear_window_2021_2022
CAMHDA301-20220822T151500,2022-08-22,/home/jovyan/ooi/san_data/RS03ASHS-PN03B-06-CAMHDA301/2022/08/22/CAMHDA301-20220822T151500.mp4,570,0,clear,train,clear_window_2021_2022
CAMHDA301-20220822T151500,2022-08-22,/home/jovyan/ooi/san_data/RS03ASHS-PN03B-06-CAMHDA301/2022/08/22/CAMHDA301-20220822T151500.mp4,60,0,clear,train,clear_window_2021_2022
CAMHDA301-20220822T181500,2022-08-22,/home/jovyan/ooi/san_data/RS03ASHS-PN03B-06-CAMHDA301/2022/08/22/CAMHDA301-20220822T181500.mp4,210,1,clear,train,clear_window_2021_2022
CAMHDA301-20220822T211500,2022-08-22,/home/jovyan/ooi/san_data/RS03ASHS-PN03B-06-CAMHDA301/2022/08/22/CAMHDA301-20220822T211500.mp4,210,1,clear,train,clear_window_2021_2022
CAMHDA301-20220823T001500,2022-08-23,/home/jovyan/ooi/san_data/RS03ASHS-PN03B-06-CAMHDA301/2022/08/23/CAMHDA301-20220823T001500.mp4,210,1,clear,train,tuesdays_2021_2024
CAMHDA301-20220823T061500,2022-08-23,/home/jovyan/ooi/san_data/RS03ASHS-PN03B-06-CAMHDA301/2022/08/23/CAMHDA301-20220823T061500.mp4,210,1,clear,train,tuesdays_2021_2024
CAMHDA301-20220823T091500,2022-08-23,/home/jovyan/ooi/san_data/RS03ASHS-PN03B-06-CAMHDA301/2022/08/23/CAMHDA301-20220823T091500.mp4,210,1,clear,train,tuesdays_2021_2024
CAMHDA301-20220823T121500,2022-08-23,/home/jovyan/ooi/san_data/RS03ASHS-PN03B-06-CAMHDA301/2022/08/23/CAMHDA301-20220823T121500.mp4,210,1,clear,train,tuesdays_2021_2024
CAMHDA301-20220823T151500,2022-08-23,/home/jovyan/ooi/san_data/RS03ASHS-PN03B-06-CAMHDA301/2022/08/23/CAMHDA301-20220823T151500.mp4,210,1,clear,train,tuesdays_2021_2024
CAMHDA301-20220823T211500,2022-08-23,/home/jovyan/ooi/san_data/RS03ASHS-PN03B-06-CAMHDA301/2022/08/23/CAMHDA301-20220823T211500.mp4,210,1,clear,train,tuesdays_2021_2024
CAMHDA301-20220829T001500,2022-08-29,/home/jovyan/ooi/san_data/RS03ASHS-PN03B-06-CAMHDA301/2022/08/29/CAMHDA301-20220829T001500.mp4,210,1,clear,train,clear_window_2021_2022
CAMHDA301-20220829T031500,2022-08-29,/home/jovyan/ooi/san_data/RS03ASHS-PN03B-06-CAMHDA301/2022/08/29/CAMHDA301-20220829T031500.mp4,210,1,clear,train,clear_window_2021_2022
CAMHDA301-20220829T061500,2022-08-29,/home/jovyan/ooi/san_data/RS03ASHS-PN03B-06-CAMHDA301/2022/08/29/CAMHDA301-20220829T061500.mp4,30,0,clear,train,clear_window_2021_2022
CAMHDA301-20220829T061500,2022-08-29,/home/jovyan/ooi/san_data/RS03ASHS-PN03B-06-CAMHDA301/2022/08/29/CAMHDA301-20220829T061500.mp4,270,0,clear,train,clear_window_2021_2022
CAMHDA301-20220829T061500,2022-08-29,/home/jovyan/ooi/san_data/RS03ASHS-PN03B-06-CAMHDA301/2022/08/29/CAMHDA301-20220829T061500.mp4,120,0,clear,train,clear_window_2021_2022
CAMHDA301-20220829T061500,2022-08-29,/home/jovyan/ooi/san_data/RS03ASHS-PN03B-06-CAMHDA301/2022/08/29/CAMHDA301-20220829T061500.mp4,480,0,clear,train,clear_window_2021_2022
CAMHDA301-20220829T091500,2022-08-29,/home/jovyan/ooi/san_data/RS03ASHS-PN03B-06-CAMHDA301/2022/08/29/CAMHDA301-20220829T091500.mp4,210,1,clear,train,clear_window_2021_2022
CAMHDA301-20220829T121500,2022-08-29,/home/jovyan/ooi/san_data/RS03ASHS-PN03B-06-CAMHDA301/2022/08/29/CAMHDA301-20220829T121500.mp4,210,1,clear,train,clear_window_2021_2022
CAMHDA301-20220829T151500,2022-08-29,/home/jovyan/ooi/san_data/RS03ASHS-PN03B-06-CAMHDA301/2022/08/29/CAMHDA301-20220829T151500.mp4,210,1,clear,train,clear_window_2021_2022
CAMHDA301-20220829T181500,2022-08-29,/home/jovyan/ooi/san_data/RS03ASHS-PN03B-06-CAMHDA301/2022/08/29/CAMHDA301-20220829T181500.mp4,210,1,clear,train,clear_window_2021_2022
CAMHDA301-20220829T211500,2022-08-29,/home/jovyan/ooi/san_data/RS03ASHS-PN03B-06-CAMHDA301/2022/08/29/CAMHDA301-20220829T211500.mp4,210,1,clear,train,clear_window_2021_2022
CAMHDA301-20220830T001500,2022-08-30,/home/jovyan/ooi/san_data/RS03ASHS-PN03B-06-CAMHDA301/2022/08/30/CAMHDA301-20220830T001500.mp4,210,1,clear,train,tuesdays_2021_2024
CAMHDA301-20220830T031500,2022-08-30,/home/jovyan/ooi/san_data/RS03ASHS-PN03B-06-CAMHDA301/2022/08/30/CAMHDA301-20220830T031500.mp4,210,0,clear,train,tuesdays_2021_2024
CAMHDA301-20220830T031500,2022-08-30,/home/jovyan/ooi/san_data/RS03ASHS-PN03B-06-CAMHDA301/2022/08/30/CAMHDA301-20220830T031500.mp4,150,0,clear,train,tuesdays_2021_2024
CAMHDA301-20220830T031500,2022-08-30,/home/jovyan/ooi/san_data/RS03ASHS-PN03B-06-CAMHDA301/2022/08/30/CAMHDA301-20220830T031500.mp4,630,0,clear,train,tuesdays_2021_2024
CAMHDA301-20220830T031500,2022-08-30,/home/jovyan/ooi/san_data/RS03ASHS-PN03B-06-CAMHDA301/2022/08/30/CAMHDA301-20220830T031500.mp4,600,0,clear,train,tuesdays_2021_2024
CAMHDA301-20220830T061500,2022-08-30,/home/jovyan/ooi/san_data/RS03ASHS-PN03B-06-CAMHDA301/2022/08/30/CAMHDA301-20220830T061500.mp4,540,0,clear,train,tuesdays_2021_2024
CAMHDA301-20220830T061500,2022-08-30,/home/jovyan/ooi/san_data/RS03ASHS-PN03B-06-CAMHDA301/2022/08/30/CAMHDA301-20220830T061500.mp4,210,0,clear,train,tuesdays_2021_2024
CAMHDA301-20220830T061500,2022-08-30,/home/jovyan/ooi/san_data/RS03ASHS-PN03B-06-CAMHDA301/2022/08/30/CAMHDA301-20220830T061500.mp4,690,0,clear,train,tuesdays_2021_2024
CAMHDA301-20220830T061500,2022-08-30,/home/jovyan/ooi/san_data/RS03ASHS-PN03B-06-CAMHDA301/2022/08/30/CAMHDA301-20220830T061500.mp4,450,0,clear,train,tuesdays_2021_2024
CAMHDA301-20220830T091500,2022-08-30,/home/jovyan/ooi/san_data/RS03ASHS-PN03B-06-CAMHDA301/2022/08/30/CAMHDA301-20220830T091500.mp4,570,0,clear,train,tuesdays_2021_2024
CAMHDA301-20220830T091500,2022-08-30,/home/jovyan/ooi/san_data/RS03ASHS-PN03B-06-CAMHDA301/2022/08/30/CAMHDA301-20220830T091500.mp4,840,0,clear,train,tuesdays_2021_2024
CAMHDA301-20220830T091500,2022-08-30,/home/jovyan/ooi/san_data/RS03ASHS-PN03B-06-CAMHDA301/2022/08/30/CAMHDA301-20220830T091500.mp4,180,0,clear,train,tuesdays_2021_2024
CAMHDA301-20220830T091500,2022-08-30,/home/jovyan/ooi/san_data/RS03ASHS-PN03B-06-CAMHDA301/2022/08/30/CAMHDA301-20220830T091500.mp4,30,0,clear,train,tuesdays_2021_2024
CAMHDA301-20220830T121500,2022-08-30,/home/jovyan/ooi/san_data/RS03ASHS-PN03B-06-CAMHDA301/2022/08/30/CAMHDA301-20220830T121500.mp4,210,0,clear,train,tuesdays_2021_2024
CAMHDA301-20220830T121500,2022-08-30,/home/jovyan/ooi/san_data/RS03ASHS-PN03B-06-CAMHDA301/2022/08/30/CAMHDA301-20220830T121500.mp4,60,0,clear,train,tuesdays_2021_2024
CAMHDA301-20220830T121500,2022-08-30,/home/jovyan/ooi/san_data/RS03ASHS-PN03B-06-CAMHDA301/2022/08/30/CAMHDA301-20220830T121500.mp4,810,0,clear,train,tuesdays_2021_2024
CAMHDA301-20220830T121500,2022-08-30,/home/jovyan/ooi/san_data/RS03ASHS-PN03B-06-CAMHDA301/2022/08/30/CAMHDA301-20220830T121500.mp4,540,0,clear,train,tuesdays_2021_2024
CAMHDA301-20220830T151500,2022-08-30,/home/jovyan/ooi/san_data/RS03ASHS-PN03B-06-CAMHDA301/2022/08/30/CAMHDA301-20220830T151500.mp4,600,0,clear,train,tuesdays_2021_2024
CAMHDA301-20220830T151500,2022-08-30,/home/jovyan/ooi/san_data/RS03ASHS-PN03B-06-CAMHDA301/2022/08/30/CAMHDA301-20220830T151500.mp4,150,0,clear,train,tuesdays_2021_2024
CAMHDA301-20220830T151500,2022-08-30,/home/jovyan/ooi/san_data/RS03ASHS-PN03B-06-CAMHDA301/2022/08/30/CAMHDA301-20220830T151500.mp4,30,0,clear,train,tuesdays_2021_2024
CAMHDA301-20220830T151500,2022-08-30,/home/jovyan/ooi/san_data/RS03ASHS-PN03B-06-CAMHDA301/2022/08/30/CAMHDA301-20220830T151500.mp4,450,0,clear,train,tuesdays_2021_2024
CAMHDA301-20220830T181500,2022-08-30,/home/jovyan/ooi/san_data/RS03ASHS-PN03B-06-CAMHDA301/2022/08/30/CAMHDA301-20220830T181500.mp4,570,0,clear,train,tuesdays_2021_2024
CAMHDA301-20220830T181500,2022-08-30,/home/jovyan/ooi/san_data/RS03ASHS-PN03B-06-CAMHDA301/2022/08/30/CAMHDA301-20220830T181500.mp4,690,0,clear,train,tuesdays_2021_2024
CAMHDA301-20220830T181500,2022-08-30,/home/jovyan/ooi/san_data/RS03ASHS-PN03B-06-CAMHDA301/2022/08/30/CAMHDA301-20220830T181500.mp4,510,0,clear,train,tuesdays_2021_2024
CAMHDA301-20220830T181500,2022-08-30,/home/jovyan/ooi/san_data/RS03ASHS-PN03B-06-CAMHDA301/2022/08/30/CAMHDA301-20220830T181500.mp4,270,0,clear,train,tuesdays_2021_2024
CAMHDA301-20220830T211500,2022-08-30,/home/jovyan/ooi/san_data/RS03ASHS-PN03B-06-CAMHDA301/2022/08/30/CAMHDA301-20220830T211500.mp4,90,0,clear,train,tuesdays_2021_2024
CAMHDA301-20220830T211500,2022-08-30,/home/jovyan/ooi/san_data/RS03ASHS-PN03B-06-CAMHDA301/2022/08/30/CAMHDA301-20220830T211500.mp4,60,0,clear,train,tuesdays_2021_2024
CAMHDA301-20220830T211500,2022-08-30,/home/jovyan/ooi/san_data/RS03ASHS-PN03B-06-CAMHDA301/2022/08/30/CAMHDA301-20220830T211500.mp4,450,0,clear,train,tuesdays_2021_2024
CAMHDA301-20220830T211500,2022-08-30,/home/jovyan/ooi/san_data/RS03ASHS-PN03B-06-CAMHDA301/2022/08/30/CAMHDA301-20220830T211500.mp4,120,0,clear,train,tuesdays_2021_2024
CAMHDA301-20220905T001500,2022-09-05,/home/jovyan/ooi/san_data/RS03ASHS-PN03B-06-CAMHDA301/2022/09/05/CAMHDA301-20220905T001500.mp4,210,1,clear,train,clear_window_2021_2022
CAMHDA301-20220905T031500,2022-09-05,/home/jovyan/ooi/san_data/RS03ASHS-PN03B-06-CAMHDA301/2022/09/05/CAMHDA301-20220905T031500.mp4,210,1,clear,train,clear_window_2021_2022
CAMHDA301-20220905T061500,2022-09-05,/home/jovyan/ooi/san_data/RS03ASHS-PN03B-06-CAMHDA301/2022/09/05/CAMHDA301-20220905T061500.mp4,180,1,clear,train,clear_window_2021_2022
CAMHDA301-20220905T091500,2022-09-05,/home/jovyan/ooi/san_data/RS03ASHS-PN03B-06-CAMHDA301/2022/09/05/CAMHDA301-20220905T091500.mp4,210,1,clear,train,clear_window_2021_2022
CAMHDA301-20220905T121500,2022-09-05,/home/jovyan/ooi/san_data/RS03ASHS-PN03B-06-CAMHDA301/2022/09/05/CAMHDA301-20220905T121500.mp4,210,1,clear,train,clear_window_2021_2022
CAMHDA301-20220905T151500,2022-09-05,/home/jovyan/ooi/san_data/RS03ASHS-PN03B-06-CAMHDA301/2022/09/05/CAMHDA301-20220905T151500.mp4,210,1,clear,train,clear_window_2021_2022
CAMHDA301-20220905T181500,2022-09-05,/home/jovyan/ooi/san_data/RS03ASHS-PN03B-06-CAMHDA301/2022/09/05/CAMHDA301-20220905T181500.mp4,210,1,clear,train,clear_window_2021_2022
CAMHDA301-20220905T211500,2022-09-05,/home/jovyan/ooi/san_data/RS03ASHS-PN03B-06-CAMHDA301/2022/09/05/CAMHDA301-20220905T211500.mp4,210,1,clear,train,clear_window_2021_2022
CAMHDA301-20220906T001500,2022-09-06,/home/jovyan/ooi/san_data/RS03ASHS-PN03B-06-CAMHDA301/2022/09/06/CAMHDA301-20220906T001500.mp4,210,1,clear,train,tuesdays_2021_2024
CAMHDA301-20220906T031500,2022-09-06,/home/jovyan/ooi/san_data/RS03ASHS-PN03B-06-CAMHDA301/2022/09/06/CAMHDA301-20220906T031500.mp4,210,1,clear,train,tuesdays_2021_2024
CAMHDA301-20220906T061500,2022-09-06,/home/jovyan/ooi/san_data/RS03ASHS-PN03B-06-CAMHDA301/2022/09/06/CAMHDA301-20220906T061500.mp4,210,1,clear,train,tuesdays_2021_2024
CAMHDA301-20220906T091500,2022-09-06,/home/jovyan/ooi/san_data/RS03ASHS-PN03B-06-CAMHDA301/2022/09/06/CAMHDA301-20220906T091500.mp4,210,1,clear,train,tuesdays_2021_2024
CAMHDA301-20220906T121500,2022-09-06,/home/jovyan/ooi/san_data/RS03ASHS-PN03B-06-CAMHDA301/2022/09/06/CAMHDA301-20220906T121500.mp4,210,1,clear,train,tuesdays_2021_2024
CAMHDA301-20220906T151500,2022-09-06,/home/jovyan/ooi/san_data/RS03ASHS-PN03B-06-CAMHDA301/2022/09/06/CAMHDA301-20220906T151500.mp4,210,1,clear,train,tuesdays_2021_2024
CAMHDA301-20220906T181500,2022-09-06,/home/jovyan/ooi/san_data/RS03ASHS-PN03B-06-CAMHDA301/2022/09/06/CAMHDA301-20220906T181500.mp4,210,1,clear,train,tuesdays_2021_2024
CAMHDA301-20220906T211500,2022-09-06,/home/jovyan/ooi/san_data/RS03ASHS-PN03B-06-CAMHDA301/2022/09/06/CAMHDA301-20220906T211500.mp4,210,1,clear,train,tuesdays_2021_2024
CAMHDA301-20220912T001500,2022-09-12,/home/jovyan/ooi/san_data/RS03ASHS-PN03B-06-CAMHDA301/2022/09/12/CAMHDA301-20220912T001500.mp4,210,1,clear,train,clear_window_2021_2022
CAMHDA301-20220912T031500,2022-09-12,/home/jovyan/ooi/san_data/RS03ASHS-PN03B-06-CAMHDA301/2022/09/12/CAMHDA301-20220912T031500.mp4,210,1,clear,train,clear_window_2021_2022
CAMHDA301-20220912T061500,2022-09-12,/home/jovyan/ooi/san_data/RS03ASHS-PN03B-06-CAMHDA301/2022/09/12/CAMHDA301-20220912T061500.mp4,210,1,clear,train,clear_window_2021_2022
CAMHDA301-20220912T091500,2022-09-12,/home/jovyan/ooi/san_data/RS03ASHS-PN03B-06-CAMHDA301/2022/09/12/CAMHDA301-20220912T091500.mp4,210,1,clear,train,clear_window_2021_2022
CAMHDA301-20220912T121500,2022-09-12,/home/jovyan/ooi/san_data/RS03ASHS-PN03B-06-CAMHDA301/2022/09/12/CAMHDA301-20220912T121500.mp4,210,1,clear,train,clear_window_2021_2022
CAMHDA301-20220912T151500,2022-09-12,/home/jovyan/ooi/san_data/RS03ASHS-PN03B-06-CAMHDA301/2022/09/12/CAMHDA301-20220912T151500.mp4,210,1,clear,train,clear_window_2021_2022
CAMHDA301-20220912T181500,2022-09-12,/home/jovyan/ooi/san_data/RS03ASHS-PN03B-06-CAMHDA301/2022/09/12/CAMHDA301-20220912T181500.mp4,660,0,clear,train,clear_window_2021_2022
CAMHDA301-20220912T181500,2022-09-12,/home/jovyan/ooi/san_data/RS03ASHS-PN03B-06-CAMHDA301/2022/09/12/CAMHDA301-20220912T181500.mp4,390,0,clear,train,clear_window_2021_2022
CAMHDA301-20220912T181500,2022-09-12,/home/jovyan/ooi/san_data/RS03ASHS-PN03B-06-CAMHDA301/2022/09/12/CAMHDA301-20220912T181500.mp4,720,0,clear,train,clear_window_2021_2022
CAMHDA301-20220912T181500,2022-09-12,/home/jovyan/ooi/san_data/RS03ASHS-PN03B-06-CAMHDA301/2022/09/12/CAMHDA301-20220912T181500.mp4,180,0,clear,train,clear_window_2021_2022
CAMHDA301-20220912T211500,2022-09-12,/home/jovyan/ooi/san_data/RS03ASHS-PN03B-06-CAMHDA301/2022/09/12/CAMHDA301-20220912T211500.mp4,210,1,clear,train,clear_window_2021_2022
CAMHDA301-20220913T031500,2022-09-13,/home/jovyan/ooi/san_data/RS03ASHS-PN03B-06-CAMHDA301/2022/09/13/CAMHDA301-20220913T031500.mp4,210,1,clear,train,tuesdays_2021_2024
CAMHDA301-20220913T091500,2022-09-13,/home/jovyan/ooi/san_data/RS03ASHS-PN03B-06-CAMHDA301/2022/09/13/CAMHDA301-20220913T091500.mp4,210,1,clear,train,tuesdays_2021_2024
CAMHDA301-20220913T121500,2022-09-13,/home/jovyan/ooi/san_data/RS03ASHS-PN03B-06-CAMHDA301/2022/09/13/CAMHDA301-20220913T121500.mp4,210,1,clear,train,tuesdays_2021_2024
CAMHDA301-20220913T181500,2022-09-13,/home/jovyan/ooi/san_data/RS03ASHS-PN03B-06-CAMHDA301/2022/09/13/CAMHDA301-20220913T181500.mp4,210,1,clear,train,tuesdays_2021_2024
CAMHDA301-20220913T211500,2022-09-13,/home/jovyan/ooi/san_data/RS03ASHS-PN03B-06-CAMHDA301/2022/09/13/CAMHDA301-20220913T211500.mp4,210,1,clear,train,tuesdays_2021_2024
CAMHDA301-20220919T001500,2022-09-19,/home/jovyan/ooi/san_data/RS03ASHS-PN03B-06-CAMHDA301/2022/09/19/CAMHDA301-20220919T001500.mp4,810,0,clear,train,clear_window_2021_2022
CAMHDA301-20220919T001500,2022-09-19,/home/jovyan/ooi/san_data/RS03ASHS-PN03B-06-CAMHDA301/2022/09/19/CAMHDA301-20220919T001500.mp4,540,0,clear,train,clear_window_2021_2022
CAMHDA301-20220919T001500,2022-09-19,/home/jovyan/ooi/san_data/RS03ASHS-PN03B-06-CAMHDA301/2022/09/19/CAMHDA301-20220919T001500.mp4,390,0,clear,train,clear_window_2021_2022
CAMHDA301-20220919T001500,2022-09-19,/home/jovyan/ooi/san_data/RS03ASHS-PN03B-06-CAMHDA301/2022/09/19/CAMHDA301-20220919T001500.mp4,210,0,clear,train,clear_window_2021_2022
CAMHDA301-20220919T031500,2022-09-19,/home/jovyan/ooi/san_data/RS03ASHS-PN03B-06-CAMHDA301/2022/09/19/CAMHDA301-20220919T031500.mp4,210,1,clear,train,clear_window_2021_2022
CAMHDA301-20220919T061500,2022-09-19,/home/jovyan/ooi/san_data/RS03ASHS-PN03B-06-CAMHDA301/2022/09/19/CAMHDA301-20220919T061500.mp4,420,0,clear,train,clear_window_2021_2022
CAMHDA301-20220919T061500,2022-09-19,/home/jovyan/ooi/san_data/RS03ASHS-PN03B-06-CAMHDA301/2022/09/19/CAMHDA301-20220919T061500.mp4,450,0,clear,train,clear_window_2021_2022
CAMHDA301-20220919T061500,2022-09-19,/home/jovyan/ooi/san_data/RS03ASHS-PN03B-06-CAMHDA301/2022/09/19/CAMHDA301-20220919T061500.mp4,30,0,clear,train,clear_window_2021_2022
CAMHDA301-20220919T061500,2022-09-19,/home/jovyan/ooi/san_data/RS03ASHS-PN03B-06-CAMHDA301/2022/09/19/CAMHDA301-20220919T061500.mp4,90,0,clear,train,clear_window_2021_2022
CAMHDA301-20220919T091500,2022-09-19,/home/jovyan/ooi/san_data/RS03ASHS-PN03B-06-CAMHDA301/2022/09/19/CAMHDA301-20220919T091500.mp4,210,1,clear,train,clear_window_2021_2022
CAMHDA301-20220919T121500,2022-09-19,/home/jovyan/ooi/san_data/RS03ASHS-PN03B-06-CAMHDA301/2022/09/19/CAMHDA301-20220919T121500.mp4,210,1,clear,train,clear_window_2021_2022
CAMHDA301-20220919T151500,2022-09-19,/home/jovyan/ooi/san_data/RS03ASHS-PN03B-06-CAMHDA301/2022/09/19/CAMHDA301-20220919T151500.mp4,210,1,clear,train,clear_window_2021_2022
CAMHDA301-20220919T181500,2022-09-19,/home/jovyan/ooi/san_data/RS03ASHS-PN03B-06-CAMHDA301/2022/09/19/CAMHDA301-20220919T181500.mp4,450,0,clear,train,clear_window_2021_2022
CAMHDA301-20220919T181500,2022-09-19,/home/jovyan/ooi/san_data/RS03ASHS-PN03B-06-CAMHDA301/2022/09/19/CAMHDA301-20220919T181500.mp4,150,0,clear,train,clear_window_2021_2022
CAMHDA301-20220919T181500,2022-09-19,/home/jovyan/ooi/san_data/RS03ASHS-PN03B-06-CAMHDA301/2022/09/19/CAMHDA301-20220919T181500.mp4,90,0,clear,train,clear_window_2021_2022
CAMHDA301-20220919T181500,2022-09-19,/home/jovyan/ooi/san_data/RS03ASHS-PN03B-06-CAMHDA301/2022/09/19/CAMHDA301-20220919T181500.mp4,180,0,clear,train,clear_window_2021_2022
CAMHDA301-20220919T211500,2022-09-19,/home/jovyan/ooi/san_data/RS03ASHS-PN03B-06-CAMHDA301/2022/09/19/CAMHDA301-20220919T211500.mp4,210,1,clear,train,clear_window_2021_2022
CAMHDA301-20220920T001500,2022-09-20,/home/jovyan/ooi/san_data/RS03ASHS-PN03B-06-CAMHDA301/2022/09/20/CAMHDA301-20220920T001500.mp4,690,0,clear,val,tuesdays_2021_2024
CAMHDA301-20220920T001500,2022-09-20,/home/jovyan/ooi/san_data/RS03ASHS-PN03B-06-CAMHDA301/2022/09/20/CAMHDA301-20220920T001500.mp4,630,0,clear,val,tuesdays_2021_2024
CAMHDA301-20220920T001500,2022-09-20,/home/jovyan/ooi/san_data/RS03ASHS-PN03B-06-CAMHDA301/2022/09/20/CAMHDA301-20220920T001500.mp4,150,0,clear,val,tuesdays_2021_2024
CAMHDA301-20220920T001500,2022-09-20,/home/jovyan/ooi/san_data/RS03ASHS-PN03B-06-CAMHDA301/2022/09/20/CAMHDA301-20220920T001500.mp4,570,0,clear,val,tuesdays_2021_2024
CAMHDA301-20220920T031500,2022-09-20,/home/jovyan/ooi/san_data/RS03ASHS-PN03B-06-CAMHDA301/2022/09/20/CAMHDA301-20220920T031500.mp4,210,1,clear,val,tuesdays_2021_2024
CAMHDA301-20220920T061500,2022-09-20,/home/jovyan/ooi/san_data/RS03ASHS-PN03B-06-CAMHDA301/2022/09/20/CAMHDA301-20220920T061500.mp4,750,0,clear,val,tuesdays_2021_2024
CAMHDA301-20220920T061500,2022-09-20,/home/jovyan/ooi/san_data/RS03ASHS-PN03B-06-CAMHDA301/2022/09/20/CAMHDA301-20220920T061500.mp4,390,0,clear,val,tuesdays_2021_2024
CAMHDA301-20220920T061500,2022-09-20,/home/jovyan/ooi/san_data/RS03ASHS-PN03B-06-CAMHDA301/2022/09/20/CAMHDA301-20220920T061500.mp4,720,0,clear,val,tuesdays_2021_2024
CAMHDA301-20220920T061500,2022-09-20,/home/jovyan/ooi/san_data/RS03ASHS-PN03B-06-CAMHDA301/2022/09/20/CAMHDA301-20220920T061500.mp4,90,0,clear,val,tuesdays_2021_2024
CAMHDA301-20220920T091500,2022-09-20,/home/jovyan/ooi/san_data/RS03ASHS-PN03B-06-CAMHDA301/2022/09/20/CAMHDA301-20220920T091500.mp4,540,0,clear,val,tuesdays_2021_2024
CAMHDA301-20220920T091500,2022-09-20,/home/jovyan/ooi/san_data/RS03ASHS-PN03B-06-CAMHDA301/2022/09/20/CAMHDA301-20220920T091500.mp4,180,0,clear,val,tuesdays_2021_2024
CAMHDA301-20220920T091500,2022-09-20,/home/jovyan/ooi/san_data/RS03ASHS-PN03B-06-CAMHDA301/2022/09/20/CAMHDA301-20220920T091500.mp4,600,0,clear,val,tuesdays_2021_2024
CAMHDA301-20220920T091500,2022-09-20,/home/jovyan/ooi/san_data/RS03ASHS-PN03B-06-CAMHDA301/2022/09/20/CAMHDA301-20220920T091500.mp4,60,0,clear,val,tuesdays_2021_2024
CAMHDA301-20220920T121500,2022-09-20,/home/jovyan/ooi/san_data/RS03ASHS-PN03B-06-CAMHDA301/2022/09/20/CAMHDA301-20220920T121500.mp4,780,0,clear,val,tuesdays_2021_2024
CAMHDA301-20220920T121500,2022-09-20,/home/jovyan/ooi/san_data/RS03ASHS-PN03B-06-CAMHDA301/2022/09/20/CAMHDA301-20220920T121500.mp4,750,0,clear,val,tuesdays_2021_2024
CAMHDA301-20220920T121500,2022-09-20,/home/jovyan/ooi/san_data/RS03ASHS-PN03B-06-CAMHDA301/2022/09/20/CAMHDA301-20220920T121500.mp4,90,0,clear,val,tuesdays_2021_2024
CAMHDA301-20220920T121500,2022-09-20,/home/jovyan/ooi/san_data/RS03ASHS-PN03B-06-CAMHDA301/2022/09/20/CAMHDA301-20220920T121500.mp4,690,0,clear,val,tuesdays_2021_2024
CAMHDA301-20220920T151500,2022-09-20,/home/jovyan/ooi/san_data/RS03ASHS-PN03B-06-CAMHDA301/2022/09/20/CAMHDA301-20220920T151500.mp4,300,0,clear,val,tuesdays_2021_2024
CAMHDA301-20220920T151500,2022-09-20,/home/jovyan/ooi/san_data/RS03ASHS-PN03B-06-CAMHDA301/2022/09/20/CAMHDA301-20220920T151500.mp4,180,0,clear,val,tuesdays_2021_2024
CAMHDA301-20220920T151500,2022-09-20,/home/jovyan/ooi/san_data/RS03ASHS-PN03B-06-CAMHDA301/2022/09/20/CAMHDA301-20220920T151500.mp4,420,0,clear,val,tuesdays_2021_2024
CAMHDA301-20220920T151500,2022-09-20,/home/jovyan/ooi/san_data/RS03ASHS-PN03B-06-CAMHDA301/2022/09/20/CAMHDA301-20220920T151500.mp4,30,0,clear,val,tuesdays_2021_2024
CAMHDA301-20220920T181500,2022-09-20,/home/jovyan/ooi/san_data/RS03ASHS-PN03B-06-CAMHDA301/2022/09/20/CAMHDA301-20220920T181500.mp4,330,0,clear,val,tuesdays_2021_2024
CAMHDA301-20220920T181500,2022-09-20,/home/jovyan/ooi/san_data/RS03ASHS-PN03B-06-CAMHDA301/2022/09/20/CAMHDA301-20220920T181500.mp4,120,0,clear,val,tuesdays_2021_2024
CAMHDA301-20220920T181500,2022-09-20,/home/jovyan/ooi/san_data/RS03ASHS-PN03B-06-CAMHDA301/2022/09/20/CAMHDA301-20220920T181500.mp4,270,0,clear,val,tuesdays_2021_2024
CAMHDA301-20220920T181500,2022-09-20,/home/jovyan/ooi/san_data/RS03ASHS-PN03B-06-CAMHDA301/2022/09/20/CAMHDA301-20220920T181500.mp4,630,0,clear,val,tuesdays_2021_2024
CAMHDA301-20220920T211500,2022-09-20,/home/jovyan/ooi/san_data/RS03ASHS-PN03B-06-CAMHDA301/2022/09/20/CAMHDA301-20220920T211500.mp4,330,0,clear,val,tuesdays_2021_2024
CAMHDA301-20220920T211500,2022-09-20,/home/jovyan/ooi/san_data/RS03ASHS-PN03B-06-CAMHDA301/2022/09/20/CAMHDA301-20220920T211500.mp4,570,0,clear,val,tuesdays_2021_2024
CAMHDA301-20220920T211500,2022-09-20,/home/jovyan/ooi/san_data/RS03ASHS-PN03B-06-CAMHDA301/2022/09/20/CAMHDA301-20220920T211500.mp4,420,0,clear,val,tuesdays_2021_2024
CAMHDA301-20220920T211500,2022-09-20,/home/jovyan/ooi/san_data/RS03ASHS-PN03B-06-CAMHDA301/2022/09/20/CAMHDA301-20220920T211500.mp4,150,0,clear,val,tuesdays_2021_2024
CAMHDA301-20220926T001500,2022-09-26,/home/jovyan/ooi/san_data/RS03ASHS-PN03B-06-CAMHDA301/2022/09/26/CAMHDA301-20220926T001500.mp4,210,1,clear,test,clear_window_2021_2022
CAMHDA301-20220926T031500,2022-09-26,/home/jovyan/ooi/san_data/RS03ASHS-PN03B-06-CAMHDA301/2022/09/26/CAMHDA301-20220926T031500.mp4,210,1,clear,test,clear_window_2021_2022
CAMHDA301-20220926T061500,2022-09-26,/home/jovyan/ooi/san_data/RS03ASHS-PN03B-06-CAMHDA301/2022/09/26/CAMHDA301-20220926T061500.mp4,210,1,clear,test,clear_window_2021_2022
CAMHDA301-20220926T091500,2022-09-26,/home/jovyan/ooi/san_data/RS03ASHS-PN03B-06-CAMHDA301/2022/09/26/CAMHDA301-20220926T091500.mp4,300,0,clear,test,clear_window_2021_2022
CAMHDA301-20220926T091500,2022-09-26,/home/jovyan/ooi/san_data/RS03ASHS-PN03B-06-CAMHDA301/2022/09/26/CAMHDA301-20220926T091500.mp4,600,0,clear,test,clear_window_2021_2022
CAMHDA301-20220926T091500,2022-09-26,/home/jovyan/ooi/san_data/RS03ASHS-PN03B-06-CAMHDA301/2022/09/26/CAMHDA301-20220926T091500.mp4,570,0,clear,test,clear_window_2021_2022
CAMHDA301-20220926T091500,2022-09-26,/home/jovyan/ooi/san_data/RS03ASHS-PN03B-06-CAMHDA301/2022/09/26/CAMHDA301-20220926T091500.mp4,660,0,clear,test,clear_window_2021_2022
CAMHDA301-20220926T121500,2022-09-26,/home/jovyan/ooi/san_data/RS03ASHS-PN03B-06-CAMHDA301/2022/09/26/CAMHDA301-20220926T121500.mp4,180,1,clear,test,clear_window_2021_2022
CAMHDA301-20220926T151500,2022-09-26,/home/jovyan/ooi/san_data/RS03ASHS-PN03B-06-CAMHDA301/2022/09/26/CAMHDA301-20220926T151500.mp4,210,1,clear,test,clear_window_2021_2022
CAMHDA301-20220926T181500,2022-09-26,/home/jovyan/ooi/san_data/RS03ASHS-PN03B-06-CAMHDA301/2022/09/26/CAMHDA301-20220926T181500.mp4,180,1,clear,test,clear_window_2021_2022
CAMHDA301-20220926T211500,2022-09-26,/home/jovyan/ooi/san_data/RS03ASHS-PN03B-06-CAMHDA301/2022/09/26/CAMHDA301-20220926T211500.mp4,210,1,clear,test,clear_window_2021_2022
CAMHDA301-20220927T001500,2022-09-27,/home/jovyan/ooi/san_data/RS03ASHS-PN03B-06-CAMHDA301/2022/09/27/CAMHDA301-20220927T001500.mp4,210,1,clear,val,tuesdays_2021_2024
CAMHDA301-20220927T031500,2022-09-27,/home/jovyan/ooi/san_data/RS03ASHS-PN03B-06-CAMHDA301/2022/09/27/CAMHDA301-20220927T031500.mp4,210,1,clear,val,tuesdays_2021_2024
CAMHDA301-20220927T061500,2022-09-27,/home/jovyan/ooi/san_data/RS03ASHS-PN03B-06-CAMHDA301/2022/09/27/CAMHDA301-20220927T061500.mp4,210,1,clear,val,tuesdays_2021_2024
CAMHDA301-20220927T091500,2022-09-27,/home/jovyan/ooi/san_data/RS03ASHS-PN03B-06-CAMHDA301/2022/09/27/CAMHDA301-20220927T091500.mp4,210,1,clear,val,tuesdays_2021_2024
CAMHDA301-20220927T121500,2022-09-27,/home/jovyan/ooi/san_data/RS03ASHS-PN03B-06-CAMHDA301/2022/09/27/CAMHDA301-20220927T121500.mp4,180,1,clear,val,tuesdays_2021_2024
CAMHDA301-20220927T151500,2022-09-27,/home/jovyan/ooi/san_data/RS03ASHS-PN03B-06-CAMHDA301/2022/09/27/CAMHDA301-20220927T151500.mp4,210,1,clear,val,tuesdays_2021_2024
CAMHDA301-20220927T181500,2022-09-27,/home/jovyan/ooi/san_data/RS03ASHS-PN03B-06-CAMHDA301/2022/09/27/CAMHDA301-20220927T181500.mp4,180,1,clear,val,tuesdays_2021_2024
CAMHDA301-20220927T211500,2022-09-27,/home/jovyan/ooi/san_data/RS03ASHS-PN03B-06-CAMHDA301/2022/09/27/CAMHDA301-20220927T211500.mp4,210,1,clear,val,tuesdays_2021_2024
CAMHDA301-20221003T001500,2022-10-03,/home/jovyan/ooi/san_data/RS03ASHS-PN03B-06-CAMHDA301/2022/10/03/CAMHDA301-20221003T001500.mp4,480,0,clear,train,clear_window_2021_2022
CAMHDA301-20221003T001500,2022-10-03,/home/jovyan/ooi/san_data/RS03ASHS-PN03B-06-CAMHDA301/2022/10/03/CAMHDA301-20221003T001500.mp4,660,0,clear,train,clear_window_2021_2022
CAMHDA301-20221003T001500,2022-10-03,/home/jovyan/ooi/san_data/RS03ASHS-PN03B-06-CAMHDA301/2022/10/03/CAMHDA301-20221003T001500.mp4,570,0,clear,train,clear_window_2021_2022
CAMHDA301-20221003T001500,2022-10-03,/home/jovyan/ooi/san_data/RS03ASHS-PN03B-06-CAMHDA301/2022/10/03/CAMHDA301-20221003T001500.mp4,840,0,clear,train,clear_window_2021_2022
CAMHDA301-20221003T031500,2022-10-03,/home/jovyan/ooi/san_data/RS03ASHS-PN03B-06-CAMHDA301/2022/10/03/CAMHDA301-20221003T031500.mp4,450,0,clear,train,clear_window_2021_2022
CAMHDA301-20221003T031500,2022-10-03,/home/jovyan/ooi/san_data/RS03ASHS-PN03B-06-CAMHDA301/2022/10/03/CAMHDA301-20221003T031500.mp4,120,0,clear,train,clear_window_2021_2022
CAMHDA301-20221003T031500,2022-10-03,/home/jovyan/ooi/san_data/RS03ASHS-PN03B-06-CAMHDA301/2022/10/03/CAMHDA301-20221003T031500.mp4,510,0,clear,train,clear_window_2021_2022
CAMHDA301-20221003T031500,2022-10-03,/home/jovyan/ooi/san_data/RS03ASHS-PN03B-06-CAMHDA301/2022/10/03/CAMHDA301-20221003T031500.mp4,180,0,clear,train,clear_window_2021_2022
CAMHDA301-20221003T061500,2022-10-03,/home/jovyan/ooi/san_data/RS03ASHS-PN03B-06-CAMHDA301/2022/10/03/CAMHDA301-20221003T061500.mp4,30,0,clear,train,clear_window_2021_2022
CAMHDA301-20221003T061500,2022-10-03,/home/jovyan/ooi/san_data/RS03ASHS-PN03B-06-CAMHDA301/2022/10/03/CAMHDA301-20221003T061500.mp4,390,0,clear,train,clear_window_2021_2022
CAMHDA301-20221003T061500,2022-10-03,/home/jovyan/ooi/san_data/RS03ASHS-PN03B-06-CAMHDA301/2022/10/03/CAMHDA301-20221003T061500.mp4,630,0,clear,train,clear_window_2021_2022
CAMHDA301-20221003T061500,2022-10-03,/home/jovyan/ooi/san_data/RS03ASHS-PN03B-06-CAMHDA301/2022/10/03/CAMHDA301-20221003T061500.mp4,570,0,clear,train,clear_window_2021_2022
CAMHDA301-20221003T091500,2022-10-03,/home/jovyan/ooi/san_data/RS03ASHS-PN03B-06-CAMHDA301/2022/10/03/CAMHDA301-20221003T091500.mp4,360,0,clear,train,clear_window_2021_2022
CAMHDA301-20221003T091500,2022-10-03,/home/jovyan/ooi/san_data/RS03ASHS-PN03B-06-CAMHDA301/2022/10/03/CAMHDA301-20221003T091500.mp4,300,0,clear,train,clear_window_2021_2022
CAMHDA301-20221003T091500,2022-10-03,/home/jovyan/ooi/san_data/RS03ASHS-PN03B-06-CAMHDA301/2022/10/03/CAMHDA301-20221003T091500.mp4,810,0,clear,train,clear_window_2021_2022
CAMHDA301-20221003T091500,2022-10-03,/home/jovyan/ooi/san_data/RS03ASHS-PN03B-06-CAMHDA301/2022/10/03/CAMHDA301-20221003T091500.mp4,240,0,clear,train,clear_window_2021_2022
CAMHDA301-20221003T121500,2022-10-03,/home/jovyan/ooi/san_data/RS03ASHS-PN03B-06-CAMHDA301/2022/10/03/CAMHDA301-20221003T121500.mp4,780,0,clear,train,clear_window_2021_2022
CAMHDA301-20221003T121500,2022-10-03,/home/jovyan/ooi/san_data/RS03ASHS-PN03B-06-CAMHDA301/2022/10/03/CAMHDA301-20221003T121500.mp4,120,0,clear,train,clear_window_2021_2022
CAMHDA301-20221003T121500,2022-10-03,/home/jovyan/ooi/san_data/RS03ASHS-PN03B-06-CAMHDA301/2022/10/03/CAMHDA301-20221003T121500.mp4,180,0,clear,train,clear_window_2021_2022
CAMHDA301-20221003T121500,2022-10-03,/home/jovyan/ooi/san_data/RS03ASHS-PN03B-06-CAMHDA301/2022/10/03/CAMHDA301-20221003T121500.mp4,270,0,clear,train,clear_window_2021_2022
CAMHDA301-20221003T151500,2022-10-03,/home/jovyan/ooi/san_data/RS03ASHS-PN03B-06-CAMHDA301/2022/10/03/CAMHDA301-20221003T151500.mp4,360,0,clear,train,clear_window_2021_2022
CAMHDA301-20221003T151500,2022-10-03,/home/jovyan/ooi/san_data/RS03ASHS-PN03B-06-CAMHDA301/2022/10/03/CAMHDA301-20221003T151500.mp4,120,0,clear,train,clear_window_2021_2022
CAMHDA301-20221003T151500,2022-10-03,/home/jovyan/ooi/san_data/RS03ASHS-PN03B-06-CAMHDA301/2022/10/03/CAMHDA301-20221003T151500.mp4,720,0,clear,train,clear_window_2021_2022
CAMHDA301-20221003T151500,2022-10-03,/home/jovyan/ooi/san_data/RS03ASHS-PN03B-06-CAMHDA301/2022/10/03/CAMHDA301-20221003T151500.mp4,480,0,clear,train,clear_window_2021_2022
CAMHDA301-20221003T181500,2022-10-03,/home/jovyan/ooi/san_data/RS03ASHS-PN03B-06-CAMHDA301/2022/10/03/CAMHDA301-20221003T181500.mp4,90,0,clear,train,clear_window_2021_2022
CAMHDA301-20221003T181500,2022-10-03,/home/jovyan/ooi/san_data/RS03ASHS-PN03B-06-CAMHDA301/2022/10/03/CAMHDA301-20221003T181500.mp4,600,0,clear,train,clear_window_2021_2022
CAMHDA301-20221003T181500,2022-10-03,/home/jovyan/ooi/san_data/RS03ASHS-PN03B-06-CAMHDA301/2022/10/03/CAMHDA301-20221003T181500.mp4,570,0,clear,train,clear_window_2021_2022
CAMHDA301-20221003T181500,2022-10-03,/home/jovyan/ooi/san_data/RS03ASHS-PN03B-06-CAMHDA301/2022/10/03/CAMHDA301-20221003T181500.mp4,690,0,clear,train,clear_window_2021_2022
CAMHDA301-20221003T211500,2022-10-03,/home/jovyan/ooi/san_data/RS03ASHS-PN03B-06-CAMHDA301/2022/10/03/CAMHDA301-20221003T211500.mp4,90,0,clear,train,clear_window_2021_2022
CAMHDA301-20221003T211500,2022-10-03,/home/jovyan/ooi/san_data/RS03ASHS-PN03B-06-CAMHDA301/2022/10/03/CAMHDA301-20221003T211500.mp4,510,0,clear,train,clear_window_2021_2022
CAMHDA301-20221003T211500,2022-10-03,/home/jovyan/ooi/san_data/RS03ASHS-PN03B-06-CAMHDA301/2022/10/03/CAMHDA301-20221003T211500.mp4,600,0,clear,train,clear_window_2021_2022
CAMHDA301-20221003T211500,2022-10-03,/home/jovyan/ooi/san_data/RS03ASHS-PN03B-06-CAMHDA301/2022/10/03/CAMHDA301-20221003T211500.mp4,750,0,clear,train,clear_window_2021_2022
CAMHDA301-20221004T001500,2022-10-04,/home/jovyan/ooi/san_data/RS03ASHS-PN03B-06-CAMHDA301/2022/10/04/CAMHDA301-20221004T001500.mp4,210,1,clear,val,tuesdays_2021_2024
CAMHDA301-20221004T061500,2022-10-04,/home/jovyan/ooi/san_data/RS03ASHS-PN03B-06-CAMHDA301/2022/10/04/CAMHDA301-20221004T061500.mp4,210,1,clear,val,tuesdays_2021_2024
CAMHDA301-20221004T091500,2022-10-04,/home/jovyan/ooi/san_data/RS03ASHS-PN03B-06-CAMHDA301/2022/10/04/CAMHDA301-20221004T091500.mp4,210,1,clear,val,tuesdays_2021_2024
CAMHDA301-20221004T121500,2022-10-04,/home/jovyan/ooi/san_data/RS03ASHS-PN03B-06-CAMHDA301/2022/10/04/CAMHDA301-20221004T121500.mp4,210,1,clear,val,tuesdays_2021_2024
CAMHDA301-20221004T151500,2022-10-04,/home/jovyan/ooi/san_data/RS03ASHS-PN03B-06-CAMHDA301/2022/10/04/CAMHDA301-20221004T151500.mp4,210,1,clear,val,tuesdays_2021_2024
CAMHDA301-20221004T181500,2022-10-04,/home/jovyan/ooi/san_data/RS03ASHS-PN03B-06-CAMHDA301/2022/10/04/CAMHDA301-20221004T181500.mp4,210,1,clear,val,tuesdays_2021_2024
CAMHDA301-20221004T211500,2022-10-04,/home/jovyan/ooi/san_data/RS03ASHS-PN03B-06-CAMHDA301/2022/10/04/CAMHDA301-20221004T211500.mp4,210,1,clear,val,tuesdays_2021_2024
CAMHDA301-20221010T001500,2022-10-10,/home/jovyan/ooi/san_data/RS03ASHS-PN03B-06-CAMHDA301/2022/10/10/CAMHDA301-20221010T001500.mp4,570,0,clear,train,clear_window_2021_2022
CAMHDA301-20221010T001500,2022-10-10,/home/jovyan/ooi/san_data/RS03ASHS-PN03B-06-CAMHDA301/2022/10/10/CAMHDA301-20221010T001500.mp4,270,0,clear,train,clear_window_2021_2022
CAMHDA301-20221010T001500,2022-10-10,/home/jovyan/ooi/san_data/RS03ASHS-PN03B-06-CAMHDA301/2022/10/10/CAMHDA301-20221010T001500.mp4,780,0,clear,train,clear_window_2021_2022
CAMHDA301-20221010T001500,2022-10-10,/home/jovyan/ooi/san_data/RS03ASHS-PN03B-06-CAMHDA301/2022/10/10/CAMHDA301-20221010T001500.mp4,720,0,clear,train,clear_window_2021_2022
CAMHDA301-20221010T031500,2022-10-10,/home/jovyan/ooi/san_data/RS03ASHS-PN03B-06-CAMHDA301/2022/10/10/CAMHDA301-20221010T031500.mp4,240,1,clear,train,clear_window_2021_2022
CAMHDA301-20221010T061500,2022-10-10,/home/jovyan/ooi/san_data/RS03ASHS-PN03B-06-CAMHDA301/2022/10/10/CAMHDA301-20221010T061500.mp4,840,0,clear,train,clear_window_2021_2022
CAMHDA301-20221010T061500,2022-10-10,/home/jovyan/ooi/san_data/RS03ASHS-PN03B-06-CAMHDA301/2022/10/10/CAMHDA301-20221010T061500.mp4,570,0,clear,train,clear_window_2021_2022
CAMHDA301-20221010T061500,2022-10-10,/home/jovyan/ooi/san_data/RS03ASHS-PN03B-06-CAMHDA301/2022/10/10/CAMHDA301-20221010T061500.mp4,390,0,clear,train,clear_window_2021_2022
CAMHDA301-20221010T061500,2022-10-10,/home/jovyan/ooi/san_data/RS03ASHS-PN03B-06-CAMHDA301/2022/10/10/CAMHDA301-20221010T061500.mp4,780,0,clear,train,clear_window_2021_2022
CAMHDA301-20221010T091500,2022-10-10,/home/jovyan/ooi/san_data/RS03ASHS-PN03B-06-CAMHDA301/2022/10/10/CAMHDA301-20221010T091500.mp4,150,0,clear,train,clear_window_2021_2022
CAMHDA301-20221010T091500,2022-10-10,/home/jovyan/ooi/san_data/RS03ASHS-PN03B-06-CAMHDA301/2022/10/10/CAMHDA301-20221010T091500.mp4,600,0,clear,train,clear_window_2021_2022
CAMHDA301-20221010T091500,2022-10-10,/home/jovyan/ooi/san_data/RS03ASHS-PN03B-06-CAMHDA301/2022/10/10/CAMHDA301-20221010T091500.mp4,210,0,clear,train,clear_window_2021_2022
CAMHDA301-20221010T091500,2022-10-10,/home/jovyan/ooi/san_data/RS03ASHS-PN03B-06-CAMHDA301/2022/10/10/CAMHDA301-20221010T091500.mp4,780,0,clear,train,clear_window_2021_2022
CAMHDA301-20221010T121500,2022-10-10,/home/jovyan/ooi/san_data/RS03ASHS-PN03B-06-CAMHDA301/2022/10/10/CAMHDA301-20221010T121500.mp4,660,0,clear,train,clear_window_2021_2022
CAMHDA301-20221010T121500,2022-10-10,/home/jovyan/ooi/san_data/RS03ASHS-PN03B-06-CAMHDA301/2022/10/10/CAMHDA301-20221010T121500.mp4,480,0,clear,train,clear_window_2021_2022
CAMHDA301-20221010T121500,2022-10-10,/home/jovyan/ooi/san_data/RS03ASHS-PN03B-06-CAMHDA301/2022/10/10/CAMHDA301-20221010T121500.mp4,510,0,clear,train,clear_window_2021_2022
CAMHDA301-20221010T121500,2022-10-10,/home/jovyan/ooi/san_data/RS03ASHS-PN03B-06-CAMHDA301/2022/10/10/CAMHDA301-20221010T121500.mp4,150,0,clear,train,clear_window_2021_2022
CAMHDA301-20221010T151500,2022-10-10,/home/jovyan/ooi/san_data/RS03ASHS-PN03B-06-CAMHDA301/2022/10/10/CAMHDA301-20221010T151500.mp4,570,0,clear,train,clear_window_2021_2022
CAMHDA301-20221010T151500,2022-10-10,/home/jovyan/ooi/san_data/RS03ASHS-PN03B-06-CAMHDA301/2022/10/10/CAMHDA301-20221010T151500.mp4,660,0,clear,train,clear_window_2021_2022
CAMHDA301-20221010T151500,2022-10-10,/home/jovyan/ooi/san_data/RS03ASHS-PN03B-06-CAMHDA301/2022/10/10/CAMHDA301-20221010T151500.mp4,360,0,clear,train,clear_window_2021_2022
CAMHDA301-20221010T151500,2022-10-10,/home/jovyan/ooi/san_data/RS03ASHS-PN03B-06-CAMHDA301/2022/10/10/CAMHDA301-20221010T151500.mp4,150,0,clear,train,clear_window_2021_2022
CAMHDA301-20221010T181500,2022-10-10,/home/jovyan/ooi/san_data/RS03ASHS-PN03B-06-CAMHDA301/2022/10/10/CAMHDA301-20221010T181500.mp4,360,0,clear,train,clear_window_2021_2022
CAMHDA301-20221010T181500,2022-10-10,/home/jovyan/ooi/san_data/RS03ASHS-PN03B-06-CAMHDA301/2022/10/10/CAMHDA301-20221010T181500.mp4,150,0,clear,train,clear_window_2021_2022
CAMHDA301-20221010T181500,2022-10-10,/home/jovyan/ooi/san_data/RS03ASHS-PN03B-06-CAMHDA301/2022/10/10/CAMHDA301-20221010T181500.mp4,630,0,clear,train,clear_window_2021_2022
CAMHDA301-20221010T181500,2022-10-10,/home/jovyan/ooi/san_data/RS03ASHS-PN03B-06-CAMHDA301/2022/10/10/CAMHDA301-20221010T181500.mp4,750,0,clear,train,clear_window_2021_2022
CAMHDA301-20221010T211500,2022-10-10,/home/jovyan/ooi/san_data/RS03ASHS-PN03B-06-CAMHDA301/2022/10/10/CAMHDA301-20221010T211500.mp4,660,0,clear,train,clear_window_2021_2022
CAMHDA301-20221010T211500,2022-10-10,/home/jovyan/ooi/san_data/RS03ASHS-PN03B-06-CAMHDA301/2022/10/10/CAMHDA301-20221010T211500.mp4,30,0,clear,train,clear_window_2021_2022
CAMHDA301-20221010T211500,2022-10-10,/home/jovyan/ooi/san_data/RS03ASHS-PN03B-06-CAMHDA301/2022/10/10/CAMHDA301-20221010T211500.mp4,630,0,clear,train,clear_window_2021_2022
CAMHDA301-20221010T211500,2022-10-10,/home/jovyan/ooi/san_data/RS03ASHS-PN03B-06-CAMHDA301/2022/10/10/CAMHDA301-20221010T211500.mp4,150,0,clear,train,clear_window_2021_2022
CAMHDA301-20221011T001500,2022-10-11,/home/jovyan/ooi/san_data/RS03ASHS-PN03B-06-CAMHDA301/2022/10/11/CAMHDA301-20221011T001500.mp4,210,1,clear,train,tuesdays_2021_2024
CAMHDA301-20221011T031500,2022-10-11,/home/jovyan/ooi/san_data/RS03ASHS-PN03B-06-CAMHDA301/2022/10/11/CAMHDA301-20221011T031500.mp4,240,1,clear,train,tuesdays_2021_2024
CAMHDA301-20221011T061500,2022-10-11,/home/jovyan/ooi/san_data/RS03ASHS-PN03B-06-CAMHDA301/2022/10/11/CAMHDA301-20221011T061500.mp4,240,1,clear,train,tuesdays_2021_2024
CAMHDA301-20221011T091500,2022-10-11,/home/jovyan/ooi/san_data/RS03ASHS-PN03B-06-CAMHDA301/2022/10/11/CAMHDA301-20221011T091500.mp4,240,1,clear,train,tuesdays_2021_2024
CAMHDA301-20221011T121500,2022-10-11,/home/jovyan/ooi/san_data/RS03ASHS-PN03B-06-CAMHDA301/2022/10/11/CAMHDA301-20221011T121500.mp4,240,1,clear,train,tuesdays_2021_2024
CAMHDA301-20221011T181500,2022-10-11,/home/jovyan/ooi/san_data/RS03ASHS-PN03B-06-CAMHDA301/2022/10/11/CAMHDA301-20221011T181500.mp4,240,1,clear,train,tuesdays_2021_2024
CAMHDA301-20221011T211500,2022-10-11,/home/jovyan/ooi/san_data/RS03ASHS-PN03B-06-CAMHDA301/2022/10/11/CAMHDA301-20221011T211500.mp4,240,1,clear,train,tuesdays_2021_2024
CAMHDA301-20221017T001500,2022-10-17,/home/jovyan/ooi/san_data/RS03ASHS-PN03B-06-CAMHDA301/2022/10/17/CAMHDA301-20221017T001500.mp4,210,1,clear,test,clear_window_2021_2022
CAMHDA301-20221017T031500,2022-10-17,/home/jovyan/ooi/san_data/RS03ASHS-PN03B-06-CAMHDA301/2022/10/17/CAMHDA301-20221017T031500.mp4,540,0,clear,test,clear_window_2021_2022
CAMHDA301-20221017T031500,2022-10-17,/home/jovyan/ooi/san_data/RS03ASHS-PN03B-06-CAMHDA301/2022/10/17/CAMHDA301-20221017T031500.mp4,720,0,clear,test,clear_window_2021_2022
CAMHDA301-20221017T031500,2022-10-17,/home/jovyan/ooi/san_data/RS03ASHS-PN03B-06-CAMHDA301/2022/10/17/CAMHDA301-20221017T031500.mp4,840,0,clear,test,clear_window_2021_2022
CAMHDA301-20221017T031500,2022-10-17,/home/jovyan/ooi/san_data/RS03ASHS-PN03B-06-CAMHDA301/2022/10/17/CAMHDA301-20221017T031500.mp4,660,0,clear,test,clear_window_2021_2022
CAMHDA301-20221017T061500,2022-10-17,/home/jovyan/ooi/san_data/RS03ASHS-PN03B-06-CAMHDA301/2022/10/17/CAMHDA301-20221017T061500.mp4,210,1,clear,test,clear_window_2021_2022
CAMHDA301-20221017T091500,2022-10-17,/home/jovyan/ooi/san_data/RS03ASHS-PN03B-06-CAMHDA301/2022/10/17/CAMHDA301-20221017T091500.mp4,210,1,clear,test,clear_window_2021_2022
CAMHDA301-20221017T121500,2022-10-17,/home/jovyan/ooi/san_data/RS03ASHS-PN03B-06-CAMHDA301/2022/10/17/CAMHDA301-20221017T121500.mp4,210,1,clear,test,clear_window_2021_2022
CAMHDA301-20221017T151500,2022-10-17,/home/jovyan/ooi/san_data/RS03ASHS-PN03B-06-CAMHDA301/2022/10/17/CAMHDA301-20221017T151500.mp4,210,1,clear,test,clear_window_2021_2022
CAMHDA301-20221017T181500,2022-10-17,/home/jovyan/ooi/san_data/RS03ASHS-PN03B-06-CAMHDA301/2022/10/17/CAMHDA301-20221017T181500.mp4,210,1,clear,test,clear_window_2021_2022
CAMHDA301-20221017T211500,2022-10-17,/home/jovyan/ooi/san_data/RS03ASHS-PN03B-06-CAMHDA301/2022/10/17/CAMHDA301-20221017T211500.mp4,210,1,clear,test,clear_window_2021_2022
CAMHDA301-20221018T001500,2022-10-18,/home/jovyan/ooi/san_data/RS03ASHS-PN03B-06-CAMHDA301/2022/10/18/CAMHDA301-20221018T001500.mp4,210,1,clear,train,tuesdays_2021_2024
CAMHDA301-20221018T031500,2022-10-18,/home/jovyan/ooi/san_data/RS03ASHS-PN03B-06-CAMHDA301/2022/10/18/CAMHDA301-20221018T031500.mp4,210,1,clear,train,tuesdays_2021_2024
CAMHDA301-20221018T061500,2022-10-18,/home/jovyan/ooi/san_data/RS03ASHS-PN03B-06-CAMHDA301/2022/10/18/CAMHDA301-20221018T061500.mp4,210,1,clear,train,tuesdays_2021_2024
CAMHDA301-20221018T091500,2022-10-18,/home/jovyan/ooi/san_data/RS03ASHS-PN03B-06-CAMHDA301/2022/10/18/CAMHDA301-20221018T091500.mp4,210,1,clear,train,tuesdays_2021_2024
CAMHDA301-20221018T121500,2022-10-18,/home/jovyan/ooi/san_data/RS03ASHS-PN03B-06-CAMHDA301/2022/10/18/CAMHDA301-20221018T121500.mp4,210,1,clear,train,tuesdays_2021_2024
CAMHDA301-20221018T151500,2022-10-18,/home/jovyan/ooi/san_data/RS03ASHS-PN03B-06-CAMHDA301/2022/10/18/CAMHDA301-20221018T151500.mp4,210,1,clear,train,tuesdays_2021_2024
CAMHDA301-20221018T211500,2022-10-18,/home/jovyan/ooi/san_data/RS03ASHS-PN03B-06-CAMHDA301/2022/10/18/CAMHDA301-20221018T211500.mp4,210,1,clear,train,tuesdays_2021_2024
CAMHDA301-20221024T001500,2022-10-24,/home/jovyan/ooi/san_data/RS03ASHS-PN03B-06-CAMHDA301/2022/10/24/CAMHDA301-20221024T001500.mp4,210,1,clear,test,clear_window_2021_2022
CAMHDA301-20221024T031500,2022-10-24,/home/jovyan/ooi/san_data/RS03ASHS-PN03B-06-CAMHDA301/2022/10/24/CAMHDA301-20221024T031500.mp4,210,1,clear,test,clear_window_2021_2022
CAMHDA301-20221024T061500,2022-10-24,/home/jovyan/ooi/san_data/RS03ASHS-PN03B-06-CAMHDA301/2022/10/24/CAMHDA301-20221024T061500.mp4,780,0,clear,test,clear_window_2021_2022
CAMHDA301-20221024T061500,2022-10-24,/home/jovyan/ooi/san_data/RS03ASHS-PN03B-06-CAMHDA301/2022/10/24/CAMHDA301-20221024T061500.mp4,690,0,clear,test,clear_window_2021_2022
CAMHDA301-20221024T061500,2022-10-24,/home/jovyan/ooi/san_data/RS03ASHS-PN03B-06-CAMHDA301/2022/10/24/CAMHDA301-20221024T061500.mp4,390,0,clear,test,clear_window_2021_2022
CAMHDA301-20221024T061500,2022-10-24,/home/jovyan/ooi/san_data/RS03ASHS-PN03B-06-CAMHDA301/2022/10/24/CAMHDA301-20221024T061500.mp4,600,0,clear,test,clear_window_2021_2022
CAMHDA301-20221024T091500,2022-10-24,/home/jovyan/ooi/san_data/RS03ASHS-PN03B-06-CAMHDA301/2022/10/24/CAMHDA301-20221024T091500.mp4,210,1,clear,test,clear_window_2021_2022
CAMHDA301-20221024T121500,2022-10-24,/home/jovyan/ooi/san_data/RS03ASHS-PN03B-06-CAMHDA301/2022/10/24/CAMHDA301-20221024T121500.mp4,210,1,clear,test,clear_window_2021_2022
CAMHDA301-20221024T151500,2022-10-24,/home/jovyan/ooi/san_data/RS03ASHS-PN03B-06-CAMHDA301/2022/10/24/CAMHDA301-20221024T151500.mp4,210,1,clear,test,clear_window_2021_2022
CAMHDA301-20221024T181500,2022-10-24,/home/jovyan/ooi/san_data/RS03ASHS-PN03B-06-CAMHDA301/2022/10/24/CAMHDA301-20221024T181500.mp4,210,1,clear,test,clear_window_2021_2022
CAMHDA301-20221024T211500,2022-10-24,/home/jovyan/ooi/san_data/RS03ASHS-PN03B-06-CAMHDA301/2022/10/24/CAMHDA301-20221024T211500.mp4,210,1,clear,test,clear_window_2021_2022
CAMHDA301-20221025T001500,2022-10-25,/home/jovyan/ooi/san_data/RS03ASHS-PN03B-06-CAMHDA301/2022/10/25/CAMHDA301-20221025T001500.mp4,210,1,clear,train,tuesdays_2021_2024
CAMHDA301-20221025T031500,2022-10-25,/home/jovyan/ooi/san_data/RS03ASHS-PN03B-06-CAMHDA301/2022/10/25/CAMHDA301-20221025T031500.mp4,210,1,clear,train,tuesdays_2021_2024
CAMHDA301-20221025T091500,2022-10-25,/home/jovyan/ooi/san_data/RS03ASHS-PN03B-06-CAMHDA301/2022/10/25/CAMHDA301-20221025T091500.mp4,210,1,clear,train,tuesdays_2021_2024
CAMHDA301-20221025T121500,2022-10-25,/home/jovyan/ooi/san_data/RS03ASHS-PN03B-06-CAMHDA301/2022/10/25/CAMHDA301-20221025T121500.mp4,210,1,clear,train,tuesdays_2021_2024
CAMHDA301-20221025T151500,2022-10-25,/home/jovyan/ooi/san_data/RS03ASHS-PN03B-06-CAMHDA301/2022/10/25/CAMHDA301-20221025T151500.mp4,210,1,clear,train,tuesdays_2021_2024
CAMHDA301-20221025T181500,2022-10-25,/home/jovyan/ooi/san_data/RS03ASHS-PN03B-06-CAMHDA301/2022/10/25/CAMHDA301-20221025T181500.mp4,210,1,clear,train,tuesdays_2021_2024
CAMHDA301-20221025T211500,2022-10-25,/home/jovyan/ooi/san_data/RS03ASHS-PN03B-06-CAMHDA301/2022/10/25/CAMHDA301-20221025T211500.mp4,210,1,clear,train,tuesdays_2021_2024
CAMHDA301-20221031T001500,2022-10-31,/home/jovyan/ooi/san_data/RS03ASHS-PN03B-06-CAMHDA301/2022/10/31/CAMHDA301-20221031T001500.mp4,480,0,clear,test,clear_window_2021_2022
CAMHDA301-20221031T001500,2022-10-31,/home/jovyan/ooi/san_data/RS03ASHS-PN03B-06-CAMHDA301/2022/10/31/CAMHDA301-20221031T001500.mp4,750,0,clear,test,clear_window_2021_2022
CAMHDA301-20221031T001500,2022-10-31,/home/jovyan/ooi/san_data/RS03ASHS-PN03B-06-CAMHDA301/2022/10/31/CAMHDA301-20221031T001500.mp4,300,0,clear,test,clear_window_2021_2022
CAMHDA301-20221031T001500,2022-10-31,/home/jovyan/ooi/san_data/RS03ASHS-PN03B-06-CAMHDA301/2022/10/31/CAMHDA301-20221031T001500.mp4,600,0,clear,test,clear_window_2021_2022
CAMHDA301-20221031T031500,2022-10-31,/home/jovyan/ooi/san_data/RS03ASHS-PN03B-06-CAMHDA301/2022/10/31/CAMHDA301-20221031T031500.mp4,660,0,clear,test,clear_window_2021_2022
CAMHDA301-20221031T031500,2022-10-31,/home/jovyan/ooi/san_data/RS03ASHS-PN03B-06-CAMHDA301/2022/10/31/CAMHDA301-20221031T031500.mp4,690,0,clear,test,clear_window_2021_2022
CAMHDA301-20221031T031500,2022-10-31,/home/jovyan/ooi/san_data/RS03ASHS-PN03B-06-CAMHDA301/2022/10/31/CAMHDA301-20221031T031500.mp4,540,0,clear,test,clear_window_2021_2022
CAMHDA301-20221031T031500,2022-10-31,/home/jovyan/ooi/san_data/RS03ASHS-PN03B-06-CAMHDA301/2022/10/31/CAMHDA301-20221031T031500.mp4,720,0,clear,test,clear_window_2021_2022
CAMHDA301-20221031T061500,2022-10-31,/home/jovyan/ooi/san_data/RS03ASHS-PN03B-06-CAMHDA301/2022/10/31/CAMHDA301-20221031T061500.mp4,450,0,clear,test,clear_window_2021_2022
CAMHDA301-20221031T061500,2022-10-31,/home/jovyan/ooi/san_data/RS03ASHS-PN03B-06-CAMHDA301/2022/10/31/CAMHDA301-20221031T061500.mp4,360,0,clear,test,clear_window_2021_2022
CAMHDA301-20221031T061500,2022-10-31,/home/jovyan/ooi/san_data/RS03ASHS-PN03B-06-CAMHDA301/2022/10/31/CAMHDA301-20221031T061500.mp4,720,0,clear,test,clear_window_2021_2022
CAMHDA301-20221031T061500,2022-10-31,/home/jovyan/ooi/san_data/RS03ASHS-PN03B-06-CAMHDA301/2022/10/31/CAMHDA301-20221031T061500.mp4,600,0,clear,test,clear_window_2021_2022
CAMHDA301-20221031T091500,2022-10-31,/home/jovyan/ooi/san_data/RS03ASHS-PN03B-06-CAMHDA301/2022/10/31/CAMHDA301-20221031T091500.mp4,240,0,clear,test,clear_window_2021_2022
CAMHDA301-20221031T091500,2022-10-31,/home/jovyan/ooi/san_data/RS03ASHS-PN03B-06-CAMHDA301/2022/10/31/CAMHDA301-20221031T091500.mp4,150,0,clear,test,clear_window_2021_2022
CAMHDA301-20221031T091500,2022-10-31,/home/jovyan/ooi/san_data/RS03ASHS-PN03B-06-CAMHDA301/2022/10/31/CAMHDA301-20221031T091500.mp4,210,0,clear,test,clear_window_2021_2022
CAMHDA301-20221031T091500,2022-10-31,/home/jovyan/ooi/san_data/RS03ASHS-PN03B-06-CAMHDA301/2022/10/31/CAMHDA301-20221031T091500.mp4,630,0,clear,test,clear_window_2021_2022
CAMHDA301-20221031T121500,2022-10-31,/home/jovyan/ooi/san_data/RS03ASHS-PN03B-06-CAMHDA301/2022/10/31/CAMHDA301-20221031T121500.mp4,120,0,clear,test,clear_window_2021_2022
CAMHDA301-20221031T121500,2022-10-31,/home/jovyan/ooi/san_data/RS03ASHS-PN03B-06-CAMHDA301/2022/10/31/CAMHDA301-20221031T121500.mp4,180,0,clear,test,clear_window_2021_2022
CAMHDA301-20221031T121500,2022-10-31,/home/jovyan/ooi/san_data/RS03ASHS-PN03B-06-CAMHDA301/2022/10/31/CAMHDA301-20221031T121500.mp4,750,0,clear,test,clear_window_2021_2022
CAMHDA301-20221031T121500,2022-10-31,/home/jovyan/ooi/san_data/RS03ASHS-PN03B-06-CAMHDA301/2022/10/31/CAMHDA301-20221031T121500.mp4,150,0,clear,test,clear_window_2021_2022
CAMHDA301-20221031T151500,2022-10-31,/home/jovyan/ooi/san_data/RS03ASHS-PN03B-06-CAMHDA301/2022/10/31/CAMHDA301-20221031T151500.mp4,60,0,clear,test,clear_window_2021_2022
CAMHDA301-20221031T151500,2022-10-31,/home/jovyan/ooi/san_data/RS03ASHS-PN03B-06-CAMHDA301/2022/10/31/CAMHDA301-20221031T151500.mp4,630,0,clear,test,clear_window_2021_2022
CAMHDA301-20221031T151500,2022-10-31,/home/jovyan/ooi/san_data/RS03ASHS-PN03B-06-CAMHDA301/2022/10/31/CAMHDA301-20221031T151500.mp4,840,0,clear,test,clear_window_2021_2022
CAMHDA301-20221031T151500,2022-10-31,/home/jovyan/ooi/san_data/RS03ASHS-PN03B-06-CAMHDA301/2022/10/31/CAMHDA301-20221031T151500.mp4,390,0,clear,test,clear_window_2021_2022
CAMHDA301-20221031T181500,2022-10-31,/home/jovyan/ooi/san_data/RS03ASHS-PN03B-06-CAMHDA301/2022/10/31/CAMHDA301-20221031T181500.mp4,90,0,clear,test,clear_window_2021_2022
CAMHDA301-20221031T181500,2022-10-31,/home/jovyan/ooi/san_data/RS03ASHS-PN03B-06-CAMHDA301/2022/10/31/CAMHDA301-20221031T181500.mp4,690,0,clear,test,clear_window_2021_2022
CAMHDA301-20221031T181500,2022-10-31,/home/jovyan/ooi/san_data/RS03ASHS-PN03B-06-CAMHDA301/2022/10/31/CAMHDA301-20221031T181500.mp4,390,0,clear,test,clear_window_2021_2022
CAMHDA301-20221031T181500,2022-10-31,/home/jovyan/ooi/san_data/RS03ASHS-PN03B-06-CAMHDA301/2022/10/31/CAMHDA301-20221031T181500.mp4,30,0,clear,test,clear_window_2021_2022
CAMHDA301-20221031T211500,2022-10-31,/home/jovyan/ooi/san_data/RS03ASHS-PN03B-06-CAMHDA301/2022/10/31/CAMHDA301-20221031T211500.mp4,210,1,clear,test,clear_window_2021_2022
CAMHDA301-20221101T031500,2022-11-01,/home/jovyan/ooi/san_data/RS03ASHS-PN03B-06-CAMHDA301/2022/11/01/CAMHDA301-20221101T031500.mp4,90,0,clear,val,tuesdays_2021_2024
CAMHDA301-20221101T031500,2022-11-01,/home/jovyan/ooi/san_data/RS03ASHS-PN03B-06-CAMHDA301/2022/11/01/CAMHDA301-20221101T031500.mp4,240,0,clear,val,tuesdays_2021_2024
CAMHDA301-20221101T031500,2022-11-01,/home/jovyan/ooi/san_data/RS03ASHS-PN03B-06-CAMHDA301/2022/11/01/CAMHDA301-20221101T031500.mp4,180,0,clear,val,tuesdays_2021_2024
CAMHDA301-20221101T031500,2022-11-01,/home/jovyan/ooi/san_data/RS03ASHS-PN03B-06-CAMHDA301/2022/11/01/CAMHDA301-20221101T031500.mp4,150,0,clear,val,tuesdays_2021_2024
CAMHDA301-20221101T061500,2022-11-01,/home/jovyan/ooi/san_data/RS03ASHS-PN03B-06-CAMHDA301/2022/11/01/CAMHDA301-20221101T061500.mp4,480,0,clear,val,tuesdays_2021_2024
CAMHDA301-20221101T061500,2022-11-01,/home/jovyan/ooi/san_data/RS03ASHS-PN03B-06-CAMHDA301/2022/11/01/CAMHDA301-20221101T061500.mp4,570,0,clear,val,tuesdays_2021_2024
CAMHDA301-20221101T061500,2022-11-01,/home/jovyan/ooi/san_data/RS03ASHS-PN03B-06-CAMHDA301/2022/11/01/CAMHDA301-20221101T061500.mp4,690,0,clear,val,tuesdays_2021_2024
CAMHDA301-20221101T061500,2022-11-01,/home/jovyan/ooi/san_data/RS03ASHS-PN03B-06-CAMHDA301/2022/11/01/CAMHDA301-20221101T061500.mp4,30,0,clear,val,tuesdays_2021_2024
CAMHDA301-20221101T091500,2022-11-01,/home/jovyan/ooi/san_data/RS03ASHS-PN03B-06-CAMHDA301/2022/11/01/CAMHDA301-20221101T091500.mp4,210,1,clear,val,tuesdays_2021_2024
CAMHDA301-20221101T121500,2022-11-01,/home/jovyan/ooi/san_data/RS03ASHS-PN03B-06-CAMHDA301/2022/11/01/CAMHDA301-20221101T121500.mp4,840,0,clear,val,tuesdays_2021_2024
CAMHDA301-20221101T121500,2022-11-01,/home/jovyan/ooi/san_data/RS03ASHS-PN03B-06-CAMHDA301/2022/11/01/CAMHDA301-20221101T121500.mp4,570,0,clear,val,tuesdays_2021_2024
CAMHDA301-20221101T121500,2022-11-01,/home/jovyan/ooi/san_data/RS03ASHS-PN03B-06-CAMHDA301/2022/11/01/CAMHDA301-20221101T121500.mp4,210,0,clear,val,tuesdays_2021_2024
CAMHDA301-20221101T121500,2022-11-01,/home/jovyan/ooi/san_data/RS03ASHS-PN03B-06-CAMHDA301/2022/11/01/CAMHDA301-20221101T121500.mp4,780,0,clear,val,tuesdays_2021_2024
CAMHDA301-20221101T151500,2022-11-01,/home/jovyan/ooi/san_data/RS03ASHS-PN03B-06-CAMHDA301/2022/11/01/CAMHDA301-20221101T151500.mp4,210,1,clear,val,tuesdays_2021_2024
CAMHDA301-20221101T181500,2022-11-01,/home/jovyan/ooi/san_data/RS03ASHS-PN03B-06-CAMHDA301/2022/11/01/CAMHDA301-20221101T181500.mp4,420,0,clear,val,tuesdays_2021_2024
CAMHDA301-20221101T181500,2022-11-01,/home/jovyan/ooi/san_data/RS03ASHS-PN03B-06-CAMHDA301/2022/11/01/CAMHDA301-20221101T181500.mp4,390,0,clear,val,tuesdays_2021_2024
CAMHDA301-20221101T181500,2022-11-01,/home/jovyan/ooi/san_data/RS03ASHS-PN03B-06-CAMHDA301/2022/11/01/CAMHDA301-20221101T181500.mp4,840,0,clear,val,tuesdays_2021_2024
CAMHDA301-20221101T181500,2022-11-01,/home/jovyan/ooi/san_data/RS03ASHS-PN03B-06-CAMHDA301/2022/11/01/CAMHDA301-20221101T181500.mp4,750,0,clear,val,tuesdays_2021_2024
CAMHDA301-20221107T001500,2022-11-07,/home/jovyan/ooi/san_data/RS03ASHS-PN03B-06-CAMHDA301/2022/11/07/CAMHDA301-20221107T001500.mp4,210,1,clear,test,clear_window_2021_2022
CAMHDA301-20221107T031500,2022-11-07,/home/jovyan/ooi/san_data/RS03ASHS-PN03B-06-CAMHDA301/2022/11/07/CAMHDA301-20221107T031500.mp4,210,1,clear,test,clear_window_2021_2022
CAMHDA301-20221107T061500,2022-11-07,/home/jovyan/ooi/san_data/RS03ASHS-PN03B-06-CAMHDA301/2022/11/07/CAMHDA301-20221107T061500.mp4,210,1,clear,test,clear_window_2021_2022
CAMHDA301-20221107T091500,2022-11-07,/home/jovyan/ooi/san_data/RS03ASHS-PN03B-06-CAMHDA301/2022/11/07/CAMHDA301-20221107T091500.mp4,210,1,clear,test,clear_window_2021_2022
CAMHDA301-20221107T121500,2022-11-07,/home/jovyan/ooi/san_data/RS03ASHS-PN03B-06-CAMHDA301/2022/11/07/CAMHDA301-20221107T121500.mp4,210,1,clear,test,clear_window_2021_2022
CAMHDA301-20221107T151500,2022-11-07,/home/jovyan/ooi/san_data/RS03ASHS-PN03B-06-CAMHDA301/2022/11/07/CAMHDA301-20221107T151500.mp4,210,1,clear,test,clear_window_2021_2022
CAMHDA301-20221107T181500,2022-11-07,/home/jovyan/ooi/san_data/RS03ASHS-PN03B-06-CAMHDA301/2022/11/07/CAMHDA301-20221107T181500.mp4,210,1,clear,test,clear_window_2021_2022
CAMHDA301-20221107T211500,2022-11-07,/home/jovyan/ooi/san_data/RS03ASHS-PN03B-06-CAMHDA301/2022/11/07/CAMHDA301-20221107T211500.mp4,210,1,clear,test,clear_window_2021_2022
CAMHDA301-20221108T001500,2022-11-08,/home/jovyan/ooi/san_data/RS03ASHS-PN03B-06-CAMHDA301/2022/11/08/CAMHDA301-20221108T001500.mp4,210,1,clear,train,tuesdays_2021_2024
CAMHDA301-20221108T031500,2022-11-08,/home/jovyan/ooi/san_data/RS03ASHS-PN03B-06-CAMHDA301/2022/11/08/CAMHDA301-20221108T031500.mp4,210,1,clear,train,tuesdays_2021_2024
CAMHDA301-20221108T091500,2022-11-08,/home/jovyan/ooi/san_data/RS03ASHS-PN03B-06-CAMHDA301/2022/11/08/CAMHDA301-20221108T091500.mp4,210,1,clear,train,tuesdays_2021_2024
CAMHDA301-20221108T121500,2022-11-08,/home/jovyan/ooi/san_data/RS03ASHS-PN03B-06-CAMHDA301/2022/11/08/CAMHDA301-20221108T121500.mp4,210,1,clear,train,tuesdays_2021_2024
CAMHDA301-20221108T181500,2022-11-08,/home/jovyan/ooi/san_data/RS03ASHS-PN03B-06-CAMHDA301/2022/11/08/CAMHDA301-20221108T181500.mp4,210,1,clear,train,tuesdays_2021_2024
CAMHDA301-20221108T211500,2022-11-08,/home/jovyan/ooi/san_data/RS03ASHS-PN03B-06-CAMHDA301/2022/11/08/CAMHDA301-20221108T211500.mp4,210,1,clear,train,tuesdays_2021_2024
CAMHDA301-20221114T001500,2022-11-14,/home/jovyan/ooi/san_data/RS03ASHS-PN03B-06-CAMHDA301/2022/11/14/CAMHDA301-20221114T001500.mp4,780,0,clear,train,clear_window_2021_2022
CAMHDA301-20221114T001500,2022-11-14,/home/jovyan/ooi/san_data/RS03ASHS-PN03B-06-CAMHDA301/2022/11/14/CAMHDA301-20221114T001500.mp4,570,0,clear,train,clear_window_2021_2022
CAMHDA301-20221114T001500,2022-11-14,/home/jovyan/ooi/san_data/RS03ASHS-PN03B-06-CAMHDA301/2022/11/14/CAMHDA301-20221114T001500.mp4,660,0,clear,train,clear_window_2021_2022
CAMHDA301-20221114T001500,2022-11-14,/home/jovyan/ooi/san_data/RS03ASHS-PN03B-06-CAMHDA301/2022/11/14/CAMHDA301-20221114T001500.mp4,360,0,clear,train,clear_window_2021_2022
CAMHDA301-20221114T031500,2022-11-14,/home/jovyan/ooi/san_data/RS03ASHS-PN03B-06-CAMHDA301/2022/11/14/CAMHDA301-20221114T031500.mp4,210,1,clear,train,clear_window_2021_2022
CAMHDA301-20221114T061500,2022-11-14,/home/jovyan/ooi/san_data/RS03ASHS-PN03B-06-CAMHDA301/2022/11/14/CAMHDA301-20221114T061500.mp4,180,1,clear,train,clear_window_2021_2022
CAMHDA301-20221114T091500,2022-11-14,/home/jovyan/ooi/san_data/RS03ASHS-PN03B-06-CAMHDA301/2022/11/14/CAMHDA301-20221114T091500.mp4,180,1,clear,train,clear_window_2021_2022
CAMHDA301-20221114T121500,2022-11-14,/home/jovyan/ooi/san_data/RS03ASHS-PN03B-06-CAMHDA301/2022/11/14/CAMHDA301-20221114T121500.mp4,240,1,clear,train,clear_window_2021_2022
CAMHDA301-20221114T151500,2022-11-14,/home/jovyan/ooi/san_data/RS03ASHS-PN03B-06-CAMHDA301/2022/11/14/CAMHDA301-20221114T151500.mp4,240,1,clear,train,clear_window_2021_2022
CAMHDA301-20221114T181500,2022-11-14,/home/jovyan/ooi/san_data/RS03ASHS-PN03B-06-CAMHDA301/2022/11/14/CAMHDA301-20221114T181500.mp4,210,1,clear,train,clear_window_2021_2022
CAMHDA301-20221114T211500,2022-11-14,/home/jovyan/ooi/san_data/RS03ASHS-PN03B-06-CAMHDA301/2022/11/14/CAMHDA301-20221114T211500.mp4,210,1,clear,train,clear_window_2021_2022
CAMHDA301-20221115T001500,2022-11-15,/home/jovyan/ooi/san_data/RS03ASHS-PN03B-06-CAMHDA301/2022/11/15/CAMHDA301-20221115T001500.mp4,210,1,clear,train,tuesdays_2021_2024
CAMHDA301-20221115T031500,2022-11-15,/home/jovyan/ooi/san_data/RS03ASHS-PN03B-06-CAMHDA301/2022/11/15/CAMHDA301-20221115T031500.mp4,210,1,clear,train,tuesdays_2021_2024
CAMHDA301-20221115T061500,2022-11-15,/home/jovyan/ooi/san_data/RS03ASHS-PN03B-06-CAMHDA301/2022/11/15/CAMHDA301-20221115T061500.mp4,180,1,clear,train,tuesdays_2021_2024
CAMHDA301-20221115T091500,2022-11-15,/home/jovyan/ooi/san_data/RS03ASHS-PN03B-06-CAMHDA301/2022/11/15/CAMHDA301-20221115T091500.mp4,180,1,clear,train,tuesdays_2021_2024
CAMHDA301-20221115T121500,2022-11-15,/home/jovyan/ooi/san_data/RS03ASHS-PN03B-06-CAMHDA301/2022/11/15/CAMHDA301-20221115T121500.mp4,240,1,clear,train,tuesdays_2021_2024
CAMHDA301-20221115T181500,2022-11-15,/home/jovyan/ooi/san_data/RS03ASHS-PN03B-06-CAMHDA301/2022/11/15/CAMHDA301-20221115T181500.mp4,210,1,clear,train,tuesdays_2021_2024
CAMHDA301-20221115T211500,2022-11-15,/home/jovyan/ooi/san_data/RS03ASHS-PN03B-06-CAMHDA301/2022/11/15/CAMHDA301-20221115T211500.mp4,210,1,clear,train,tuesdays_2021_2024
CAMHDA301-20221121T001500,2022-11-21,/home/jovyan/ooi/san_data/RS03ASHS-PN03B-06-CAMHDA301/2022/11/21/CAMHDA301-20221121T001500.mp4,210,1,clear,test,clear_window_2021_2022
CAMHDA301-20221121T031500,2022-11-21,/home/jovyan/ooi/san_data/RS03ASHS-PN03B-06-CAMHDA301/2022/11/21/CAMHDA301-20221121T031500.mp4,210,1,clear,test,clear_window_2021_2022
CAMHDA301-20221121T061500,2022-11-21,/home/jovyan/ooi/san_data/RS03ASHS-PN03B-06-CAMHDA301/2022/11/21/CAMHDA301-20221121T061500.mp4,180,1,clear,test,clear_window_2021_2022
CAMHDA301-20221121T091500,2022-11-21,/home/jovyan/ooi/san_data/RS03ASHS-PN03B-06-CAMHDA301/2022/11/21/CAMHDA301-20221121T091500.mp4,180,1,clear,test,clear_window_2021_2022
CAMHDA301-20221121T121500,2022-11-21,/home/jovyan/ooi/san_data/RS03ASHS-PN03B-06-CAMHDA301/2022/11/21/CAMHDA301-20221121T121500.mp4,240,1,clear,test,clear_window_2021_2022
CAMHDA301-20221121T151500,2022-11-21,/home/jovyan/ooi/san_data/RS03ASHS-PN03B-06-CAMHDA301/2022/11/21/CAMHDA301-20221121T151500.mp4,210,1,clear,test,clear_window_2021_2022
CAMHDA301-20221121T181500,2022-11-21,/home/jovyan/ooi/san_data/RS03ASHS-PN03B-06-CAMHDA301/2022/11/21/CAMHDA301-20221121T181500.mp4,210,1,clear,test,clear_window_2021_2022
CAMHDA301-20221121T211500,2022-11-21,/home/jovyan/ooi/san_data/RS03ASHS-PN03B-06-CAMHDA301/2022/11/21/CAMHDA301-20221121T211500.mp4,330,0,clear,test,clear_window_2021_2022
CAMHDA301-20221121T211500,2022-11-21,/home/jovyan/ooi/san_data/RS03ASHS-PN03B-06-CAMHDA301/2022/11/21/CAMHDA301-20221121T211500.mp4,270,0,clear,test,clear_window_2021_2022
CAMHDA301-20221121T211500,2022-11-21,/home/jovyan/ooi/san_data/RS03ASHS-PN03B-06-CAMHDA301/2022/11/21/CAMHDA301-20221121T211500.mp4,630,0,clear,test,clear_window_2021_2022
CAMHDA301-20221121T211500,2022-11-21,/home/jovyan/ooi/san_data/RS03ASHS-PN03B-06-CAMHDA301/2022/11/21/CAMHDA301-20221121T211500.mp4,840,0,clear,test,clear_window_2021_2022
CAMHDA301-20221122T001500,2022-11-22,/home/jovyan/ooi/san_data/RS03ASHS-PN03B-06-CAMHDA301/2022/11/22/CAMHDA301-20221122T001500.mp4,210,1,clear,train,tuesdays_2021_2024
CAMHDA301-20221122T031500,2022-11-22,/home/jovyan/ooi/san_data/RS03ASHS-PN03B-06-CAMHDA301/2022/11/22/CAMHDA301-20221122T031500.mp4,210,1,clear,train,tuesdays_2021_2024
CAMHDA301-20221122T061500,2022-11-22,/home/jovyan/ooi/san_data/RS03ASHS-PN03B-06-CAMHDA301/2022/11/22/CAMHDA301-20221122T061500.mp4,180,1,clear,train,tuesdays_2021_2024
CAMHDA301-20221122T091500,2022-11-22,/home/jovyan/ooi/san_data/RS03ASHS-PN03B-06-CAMHDA301/2022/11/22/CAMHDA301-20221122T091500.mp4,180,1,clear,train,tuesdays_2021_2024
CAMHDA301-20221122T151500,2022-11-22,/home/jovyan/ooi/san_data/RS03ASHS-PN03B-06-CAMHDA301/2022/11/22/CAMHDA301-20221122T151500.mp4,210,1,clear,train,tuesdays_2021_2024
CAMHDA301-20221122T181500,2022-11-22,/home/jovyan/ooi/san_data/RS03ASHS-PN03B-06-CAMHDA301/2022/11/22/CAMHDA301-20221122T181500.mp4,210,1,clear,train,tuesdays_2021_2024
CAMHDA301-20221128T001500,2022-11-28,/home/jovyan/ooi/san_data/RS03ASHS-PN03B-06-CAMHDA301/2022/11/28/CAMHDA301-20221128T001500.mp4,180,1,clear,test,clear_window_2021_2022
CAMHDA301-20221128T031500,2022-11-28,/home/jovyan/ooi/san_data/RS03ASHS-PN03B-06-CAMHDA301/2022/11/28/CAMHDA301-20221128T031500.mp4,210,1,clear,test,clear_window_2021_2022
CAMHDA301-20221128T061500,2022-11-28,/home/jovyan/ooi/san_data/RS03ASHS-PN03B-06-CAMHDA301/2022/11/28/CAMHDA301-20221128T061500.mp4,210,1,clear,test,clear_window_2021_2022
CAMHDA301-20221128T091500,2022-11-28,/home/jovyan/ooi/san_data/RS03ASHS-PN03B-06-CAMHDA301/2022/11/28/CAMHDA301-20221128T091500.mp4,210,1,clear,test,clear_window_2021_2022
CAMHDA301-20221128T121500,2022-11-28,/home/jovyan/ooi/san_data/RS03ASHS-PN03B-06-CAMHDA301/2022/11/28/CAMHDA301-20221128T121500.mp4,240,0,clear,test,clear_window_2021_2022
CAMHDA301-20221128T121500,2022-11-28,/home/jovyan/ooi/san_data/RS03ASHS-PN03B-06-CAMHDA301/2022/11/28/CAMHDA301-20221128T121500.mp4,450,0,clear,test,clear_window_2021_2022
CAMHDA301-20221128T121500,2022-11-28,/home/jovyan/ooi/san_data/RS03ASHS-PN03B-06-CAMHDA301/2022/11/28/CAMHDA301-20221128T121500.mp4,390,0,clear,test,clear_window_2021_2022
CAMHDA301-20221128T121500,2022-11-28,/home/jovyan/ooi/san_data/RS03ASHS-PN03B-06-CAMHDA301/2022/11/28/CAMHDA301-20221128T121500.mp4,150,0,clear,test,clear_window_2021_2022
CAMHDA301-20221128T151500,2022-11-28,/home/jovyan/ooi/san_data/RS03ASHS-PN03B-06-CAMHDA301/2022/11/28/CAMHDA301-20221128T151500.mp4,210,1,clear,test,clear_window_2021_2022
CAMHDA301-20221128T181500,2022-11-28,/home/jovyan/ooi/san_data/RS03ASHS-PN03B-06-CAMHDA301/2022/11/28/CAMHDA301-20221128T181500.mp4,210,1,clear,test,clear_window_2021_2022
CAMHDA301-20221128T211500,2022-11-28,/home/jovyan/ooi/san_data/RS03ASHS-PN03B-06-CAMHDA301/2022/11/28/CAMHDA301-20221128T211500.mp4,180,1,clear,test,clear_window_2021_2022
CAMHDA301-20221129T001500,2022-11-29,/home/jovyan/ooi/san_data/RS03ASHS-PN03B-06-CAMHDA301/2022/11/29/CAMHDA301-20221129T001500.mp4,180,1,clear,train,tuesdays_2021_2024
CAMHDA301-20221129T031500,2022-11-29,/home/jovyan/ooi/san_data/RS03ASHS-PN03B-06-CAMHDA301/2022/11/29/CAMHDA301-20221129T031500.mp4,210,1,clear,train,tuesdays_2021_2024
CAMHDA301-20221129T061500,2022-11-29,/home/jovyan/ooi/san_data/RS03ASHS-PN03B-06-CAMHDA301/2022/11/29/CAMHDA301-20221129T061500.mp4,210,1,clear,train,tuesdays_2021_2024
CAMHDA301-20221129T091500,2022-11-29,/home/jovyan/ooi/san_data/RS03ASHS-PN03B-06-CAMHDA301/2022/11/29/CAMHDA301-20221129T091500.mp4,210,1,clear,train,tuesdays_2021_2024
CAMHDA301-20221129T121500,2022-11-29,/home/jovyan/ooi/san_data/RS03ASHS-PN03B-06-CAMHDA301/2022/11/29/CAMHDA301-20221129T121500.mp4,210,1,clear,train,tuesdays_2021_2024
CAMHDA301-20221129T151500,2022-11-29,/home/jovyan/ooi/san_data/RS03ASHS-PN03B-06-CAMHDA301/2022/11/29/CAMHDA301-20221129T151500.mp4,210,1,clear,train,tuesdays_2021_2024
CAMHDA301-20221129T211500,2022-11-29,/home/jovyan/ooi/san_data/RS03ASHS-PN03B-06-CAMHDA301/2022/11/29/CAMHDA301-20221129T211500.mp4,840,0,clear,train,tuesdays_2021_2024
CAMHDA301-20221129T211500,2022-11-29,/home/jovyan/ooi/san_data/RS03ASHS-PN03B-06-CAMHDA301/2022/11/29/CAMHDA301-20221129T211500.mp4,60,0,clear,train,tuesdays_2021_2024
CAMHDA301-20221129T211500,2022-11-29,/home/jovyan/ooi/san_data/RS03ASHS-PN03B-06-CAMHDA301/2022/11/29/CAMHDA301-20221129T211500.mp4,810,0,clear,train,tuesdays_2021_2024
CAMHDA301-20221129T211500,2022-11-29,/home/jovyan/ooi/san_data/RS03ASHS-PN03B-06-CAMHDA301/2022/11/29/CAMHDA301-20221129T211500.mp4,330,0,clear,train,tuesdays_2021_2024
CAMHDA301-20221205T001500,2022-12-05,/home/jovyan/ooi/san_data/RS03ASHS-PN03B-06-CAMHDA301/2022/12/05/CAMHDA301-20221205T001500.mp4,210,1,clear,train,clear_window_2021_2022
CAMHDA301-20221205T031500,2022-12-05,/home/jovyan/ooi/san_data/RS03ASHS-PN03B-06-CAMHDA301/2022/12/05/CAMHDA301-20221205T031500.mp4,210,1,clear,train,clear_window_2021_2022
CAMHDA301-20221205T061500,2022-12-05,/home/jovyan/ooi/san_data/RS03ASHS-PN03B-06-CAMHDA301/2022/12/05/CAMHDA301-20221205T061500.mp4,300,0,clear,train,clear_window_2021_2022
CAMHDA301-20221205T061500,2022-12-05,/home/jovyan/ooi/san_data/RS03ASHS-PN03B-06-CAMHDA301/2022/12/05/CAMHDA301-20221205T061500.mp4,840,0,clear,train,clear_window_2021_2022
CAMHDA301-20221205T061500,2022-12-05,/home/jovyan/ooi/san_data/RS03ASHS-PN03B-06-CAMHDA301/2022/12/05/CAMHDA301-20221205T061500.mp4,570,0,clear,train,clear_window_2021_2022
CAMHDA301-20221205T061500,2022-12-05,/home/jovyan/ooi/san_data/RS03ASHS-PN03B-06-CAMHDA301/2022/12/05/CAMHDA301-20221205T061500.mp4,30,0,clear,train,clear_window_2021_2022
CAMHDA301-20221205T091500,2022-12-05,/home/jovyan/ooi/san_data/RS03ASHS-PN03B-06-CAMHDA301/2022/12/05/CAMHDA301-20221205T091500.mp4,210,1,clear,train,clear_window_2021_2022
CAMHDA301-20221205T121500,2022-12-05,/home/jovyan/ooi/san_data/RS03ASHS-PN03B-06-CAMHDA301/2022/12/05/CAMHDA301-20221205T121500.mp4,210,1,clear,train,clear_window_2021_2022
CAMHDA301-20221205T151500,2022-12-05,/home/jovyan/ooi/san_data/RS03ASHS-PN03B-06-CAMHDA301/2022/12/05/CAMHDA301-20221205T151500.mp4,210,1,clear,train,clear_window_2021_2022
CAMHDA301-20221205T181500,2022-12-05,/home/jovyan/ooi/san_data/RS03ASHS-PN03B-06-CAMHDA301/2022/12/05/CAMHDA301-20221205T181500.mp4,210,1,clear,train,clear_window_2021_2022
CAMHDA301-20221205T211500,2022-12-05,/home/jovyan/ooi/san_data/RS03ASHS-PN03B-06-CAMHDA301/2022/12/05/CAMHDA301-20221205T211500.mp4,210,1,clear,train,clear_window_2021_2022
CAMHDA301-20221206T001500,2022-12-06,/home/jovyan/ooi/san_data/RS03ASHS-PN03B-06-CAMHDA301/2022/12/06/CAMHDA301-20221206T001500.mp4,210,1,clear,train,tuesdays_2021_2024
CAMHDA301-20221206T031500,2022-12-06,/home/jovyan/ooi/san_data/RS03ASHS-PN03B-06-CAMHDA301/2022/12/06/CAMHDA301-20221206T031500.mp4,210,1,clear,train,tuesdays_2021_2024
CAMHDA301-20221206T091500,2022-12-06,/home/jovyan/ooi/san_data/RS03ASHS-PN03B-06-CAMHDA301/2022/12/06/CAMHDA301-20221206T091500.mp4,210,1,clear,train,tuesdays_2021_2024
CAMHDA301-20221206T121500,2022-12-06,/home/jovyan/ooi/san_data/RS03ASHS-PN03B-06-CAMHDA301/2022/12/06/CAMHDA301-20221206T121500.mp4,210,1,clear,train,tuesdays_2021_2024
CAMHDA301-20221206T151500,2022-12-06,/home/jovyan/ooi/san_data/RS03ASHS-PN03B-06-CAMHDA301/2022/12/06/CAMHDA301-20221206T151500.mp4,210,1,clear,train,tuesdays_2021_2024
CAMHDA301-20221206T181500,2022-12-06,/home/jovyan/ooi/san_data/RS03ASHS-PN03B-06-CAMHDA301/2022/12/06/CAMHDA301-20221206T181500.mp4,210,1,clear,train,tuesdays_2021_2024
CAMHDA301-20221206T211500,2022-12-06,/home/jovyan/ooi/san_data/RS03ASHS-PN03B-06-CAMHDA301/2022/12/06/CAMHDA301-20221206T211500.mp4,210,1,clear,train,tuesdays_2021_2024
CAMHDA301-20221212T001500,2022-12-12,/home/jovyan/ooi/san_data/RS03ASHS-PN03B-06-CAMHDA301/2022/12/12/CAMHDA301-20221212T001500.mp4,210,1,clear,train,clear_window_2021_2022
CAMHDA301-20221212T031500,2022-12-12,/home/jovyan/ooi/san_data/RS03ASHS-PN03B-06-CAMHDA301/2022/12/12/CAMHDA301-20221212T031500.mp4,210,1,clear,train,clear_window_2021_2022
CAMHDA301-20221212T061500,2022-12-12,/home/jovyan/ooi/san_data/RS03ASHS-PN03B-06-CAMHDA301/2022/12/12/CAMHDA301-20221212T061500.mp4,420,0,clear,train,clear_window_2021_2022
CAMHDA301-20221212T061500,2022-12-12,/home/jovyan/ooi/san_data/RS03ASHS-PN03B-06-CAMHDA301/2022/12/12/CAMHDA301-20221212T061500.mp4,240,0,clear,train,clear_window_2021_2022
CAMHDA301-20221212T061500,2022-12-12,/home/jovyan/ooi/san_data/RS03ASHS-PN03B-06-CAMHDA301/2022/12/12/CAMHDA301-20221212T061500.mp4,540,0,clear,train,clear_window_2021_2022
CAMHDA301-20221212T061500,2022-12-12,/home/jovyan/ooi/san_data/RS03ASHS-PN03B-06-CAMHDA301/2022/12/12/CAMHDA301-20221212T061500.mp4,150,0,clear,train,clear_window_2021_2022
CAMHDA301-20221212T091500,2022-12-12,/home/jovyan/ooi/san_data/RS03ASHS-PN03B-06-CAMHDA301/2022/12/12/CAMHDA301-20221212T091500.mp4,210,1,clear,train,clear_window_2021_2022
CAMHDA301-20221212T121500,2022-12-12,/home/jovyan/ooi/san_data/RS03ASHS-PN03B-06-CAMHDA301/2022/12/12/CAMHDA301-20221212T121500.mp4,210,1,clear,train,clear_window_2021_2022
CAMHDA301-20221212T151500,2022-12-12,/home/jovyan/ooi/san_data/RS03ASHS-PN03B-06-CAMHDA301/2022/12/12/CAMHDA301-20221212T151500.mp4,210,1,clear,train,clear_window_2021_2022
CAMHDA301-20221212T181500,2022-12-12,/home/jovyan/ooi/san_data/RS03ASHS-PN03B-06-CAMHDA301/2022/12/12/CAMHDA301-20221212T181500.mp4,210,1,clear,train,clear_window_2021_2022
CAMHDA301-20221212T211500,2022-12-12,/home/jovyan/ooi/san_data/RS03ASHS-PN03B-06-CAMHDA301/2022/12/12/CAMHDA301-20221212T211500.mp4,240,1,clear,train,clear_window_2021_2022
CAMHDA301-20221213T001500,2022-12-13,/home/jovyan/ooi/san_data/RS03ASHS-PN03B-06-CAMHDA301/2022/12/13/CAMHDA301-20221213T001500.mp4,210,1,clear,train,tuesdays_2021_2024
CAMHDA301-20221213T031500,2022-12-13,/home/jovyan/ooi/san_data/RS03ASHS-PN03B-06-CAMHDA301/2022/12/13/CAMHDA301-20221213T031500.mp4,210,1,clear,train,tuesdays_2021_2024
CAMHDA301-20221213T061500,2022-12-13,/home/jovyan/ooi/san_data/RS03ASHS-PN03B-06-CAMHDA301/2022/12/13/CAMHDA301-20221213T061500.mp4,210,1,clear,train,tuesdays_2021_2024
CAMHDA301-20221213T091500,2022-12-13,/home/jovyan/ooi/san_data/RS03ASHS-PN03B-06-CAMHDA301/2022/12/13/CAMHDA301-20221213T091500.mp4,210,1,clear,train,tuesdays_2021_2024
CAMHDA301-20221213T121500,2022-12-13,/home/jovyan/ooi/san_data/RS03ASHS-PN03B-06-CAMHDA301/2022/12/13/CAMHDA301-20221213T121500.mp4,210,1,clear,train,tuesdays_2021_2024
CAMHDA301-20221213T151500,2022-12-13,/home/jovyan/ooi/san_data/RS03ASHS-PN03B-06-CAMHDA301/2022/12/13/CAMHDA301-20221213T151500.mp4,210,1,clear,train,tuesdays_2021_2024
CAMHDA301-20221213T181500,2022-12-13,/home/jovyan/ooi/san_data/RS03ASHS-PN03B-06-CAMHDA301/2022/12/13/CAMHDA301-20221213T181500.mp4,210,1,clear,train,tuesdays_2021_2024
CAMHDA301-20221213T211500,2022-12-13,/home/jovyan/ooi/san_data/RS03ASHS-PN03B-06-CAMHDA301/2022/12/13/CAMHDA301-20221213T211500.mp4,240,1,clear,train,tuesdays_2021_2024
CAMHDA301-20221219T001500,2022-12-19,/home/jovyan/ooi/san_data/RS03ASHS-PN03B-06-CAMHDA301/2022/12/19/CAMHDA301-20221219T001500.mp4,210,1,clear,val,clear_window_2021_2022
CAMHDA301-20221219T031500,2022-12-19,/home/jovyan/ooi/san_data/RS03ASHS-PN03B-06-CAMHDA301/2022/12/19/CAMHDA301-20221219T031500.mp4,270,0,clear,val,clear_window_2021_2022
CAMHDA301-20221219T031500,2022-12-19,/home/jovyan/ooi/san_data/RS03ASHS-PN03B-06-CAMHDA301/2022/12/19/CAMHDA301-20221219T031500.mp4,210,0,clear,val,clear_window_2021_2022
CAMHDA301-20221219T031500,2022-12-19,/home/jovyan/ooi/san_data/RS03ASHS-PN03B-06-CAMHDA301/2022/12/19/CAMHDA301-20221219T031500.mp4,300,0,clear,val,clear_window_2021_2022
CAMHDA301-20221219T031500,2022-12-19,/home/jovyan/ooi/san_data/RS03ASHS-PN03B-06-CAMHDA301/2022/12/19/CAMHDA301-20221219T031500.mp4,570,0,clear,val,clear_window_2021_2022
CAMHDA301-20221219T061500,2022-12-19,/home/jovyan/ooi/san_data/RS03ASHS-PN03B-06-CAMHDA301/2022/12/19/CAMHDA301-20221219T061500.mp4,810,0,clear,val,clear_window_2021_2022
CAMHDA301-20221219T061500,2022-12-19,/home/jovyan/ooi/san_data/RS03ASHS-PN03B-06-CAMHDA301/2022/12/19/CAMHDA301-20221219T061500.mp4,690,0,clear,val,clear_window_2021_2022
CAMHDA301-20221219T061500,2022-12-19,/home/jovyan/ooi/san_data/RS03ASHS-PN03B-06-CAMHDA301/2022/12/19/CAMHDA301-20221219T061500.mp4,480,0,clear,val,clear_window_2021_2022
CAMHDA301-20221219T061500,2022-12-19,/home/jovyan/ooi/san_data/RS03ASHS-PN03B-06-CAMHDA301/2022/12/19/CAMHDA301-20221219T061500.mp4,330,0,clear,val,clear_window_2021_2022
CAMHDA301-20221219T091500,2022-12-19,/home/jovyan/ooi/san_data/RS03ASHS-PN03B-06-CAMHDA301/2022/12/19/CAMHDA301-20221219T091500.mp4,780,0,clear,val,clear_window_2021_2022
CAMHDA301-20221219T091500,2022-12-19,/home/jovyan/ooi/san_data/RS03ASHS-PN03B-06-CAMHDA301/2022/12/19/CAMHDA301-20221219T091500.mp4,180,0,clear,val,clear_window_2021_2022
CAMHDA301-20221219T091500,2022-12-19,/home/jovyan/ooi/san_data/RS03ASHS-PN03B-06-CAMHDA301/2022/12/19/CAMHDA301-20221219T091500.mp4,330,0,clear,val,clear_window_2021_2022
CAMHDA301-20221219T091500,2022-12-19,/home/jovyan/ooi/san_data/RS03ASHS-PN03B-06-CAMHDA301/2022/12/19/CAMHDA301-20221219T091500.mp4,480,0,clear,val,clear_window_2021_2022
CAMHDA301-20221219T121500,2022-12-19,/home/jovyan/ooi/san_data/RS03ASHS-PN03B-06-CAMHDA301/2022/12/19/CAMHDA301-20221219T121500.mp4,660,0,clear,val,clear_window_2021_2022
CAMHDA301-20221219T121500,2022-12-19,/home/jovyan/ooi/san_data/RS03ASHS-PN03B-06-CAMHDA301/2022/12/19/CAMHDA301-20221219T121500.mp4,360,0,clear,val,clear_window_2021_2022
CAMHDA301-20221219T121500,2022-12-19,/home/jovyan/ooi/san_data/RS03ASHS-PN03B-06-CAMHDA301/2022/12/19/CAMHDA301-20221219T121500.mp4,300,0,clear,val,clear_window_2021_2022
CAMHDA301-20221219T121500,2022-12-19,/home/jovyan/ooi/san_data/RS03ASHS-PN03B-06-CAMHDA301/2022/12/19/CAMHDA301-20221219T121500.mp4,780,0,clear,val,clear_window_2021_2022
CAMHDA301-20221219T151500,2022-12-19,/home/jovyan/ooi/san_data/RS03ASHS-PN03B-06-CAMHDA301/2022/12/19/CAMHDA301-20221219T151500.mp4,210,1,clear,val,clear_window_2021_2022
CAMHDA301-20221219T181500,2022-12-19,/home/jovyan/ooi/san_data/RS03ASHS-PN03B-06-CAMHDA301/2022/12/19/CAMHDA301-20221219T181500.mp4,210,1,clear,val,clear_window_2021_2022
CAMHDA301-20221219T211500,2022-12-19,/home/jovyan/ooi/san_data/RS03ASHS-PN03B-06-CAMHDA301/2022/12/19/CAMHDA301-20221219T211500.mp4,630,0,clear,val,clear_window_2021_2022
CAMHDA301-20221219T211500,2022-12-19,/home/jovyan/ooi/san_data/RS03ASHS-PN03B-06-CAMHDA301/2022/12/19/CAMHDA301-20221219T211500.mp4,750,0,clear,val,clear_window_2021_2022
CAMHDA301-20221219T211500,2022-12-19,/home/jovyan/ooi/san_data/RS03ASHS-PN03B-06-CAMHDA301/2022/12/19/CAMHDA301-20221219T211500.mp4,720,0,clear,val,clear_window_2021_2022
CAMHDA301-20221219T211500,2022-12-19,/home/jovyan/ooi/san_data/RS03ASHS-PN03B-06-CAMHDA301/2022/12/19/CAMHDA301-20221219T211500.mp4,450,0,clear,val,clear_window_2021_2022
CAMHDA301-20221220T001500,2022-12-20,/home/jovyan/ooi/san_data/RS03ASHS-PN03B-06-CAMHDA301/2022/12/20/CAMHDA301-20221220T001500.mp4,810,0,clear,train,tuesdays_2021_2024
CAMHDA301-20221220T001500,2022-12-20,/home/jovyan/ooi/san_data/RS03ASHS-PN03B-06-CAMHDA301/2022/12/20/CAMHDA301-20221220T001500.mp4,30,0,clear,train,tuesdays_2021_2024
CAMHDA301-20221220T001500,2022-12-20,/home/jovyan/ooi/san_data/RS03ASHS-PN03B-06-CAMHDA301/2022/12/20/CAMHDA301-20221220T001500.mp4,180,0,clear,train,tuesdays_2021_2024
CAMHDA301-20221220T001500,2022-12-20,/home/jovyan/ooi/san_data/RS03ASHS-PN03B-06-CAMHDA301/2022/12/20/CAMHDA301-20221220T001500.mp4,240,0,clear,train,tuesdays_2021_2024
CAMHDA301-20221220T031500,2022-12-20,/home/jovyan/ooi/san_data/RS03ASHS-PN03B-06-CAMHDA301/2022/12/20/CAMHDA301-20221220T031500.mp4,240,1,clear,train,tuesdays_2021_2024
CAMHDA301-20221220T061500,2022-12-20,/home/jovyan/ooi/san_data/RS03ASHS-PN03B-06-CAMHDA301/2022/12/20/CAMHDA301-20221220T061500.mp4,330,0,clear,train,tuesdays_2021_2024
CAMHDA301-20221220T061500,2022-12-20,/home/jovyan/ooi/san_data/RS03ASHS-PN03B-06-CAMHDA301/2022/12/20/CAMHDA301-20221220T061500.mp4,810,0,clear,train,tuesdays_2021_2024
CAMHDA301-20221220T061500,2022-12-20,/home/jovyan/ooi/san_data/RS03ASHS-PN03B-06-CAMHDA301/2022/12/20/CAMHDA301-20221220T061500.mp4,690,0,clear,train,tuesdays_2021_2024
CAMHDA301-20221220T061500,2022-12-20,/home/jovyan/ooi/san_data/RS03ASHS-PN03B-06-CAMHDA301/2022/12/20/CAMHDA301-20221220T061500.mp4,750,0,clear,train,tuesdays_2021_2024
CAMHDA301-20221220T091500,2022-12-20,/home/jovyan/ooi/san_data/RS03ASHS-PN03B-06-CAMHDA301/2022/12/20/CAMHDA301-20221220T091500.mp4,750,0,clear,train,tuesdays_2021_2024
CAMHDA301-20221220T091500,2022-12-20,/home/jovyan/ooi/san_data/RS03ASHS-PN03B-06-CAMHDA301/2022/12/20/CAMHDA301-20221220T091500.mp4,780,0,clear,train,tuesdays_2021_2024
CAMHDA301-20221220T091500,2022-12-20,/home/jovyan/ooi/san_data/RS03ASHS-PN03B-06-CAMHDA301/2022/12/20/CAMHDA301-20221220T091500.mp4,510,0,clear,train,tuesdays_2021_2024
CAMHDA301-20221220T091500,2022-12-20,/home/jovyan/ooi/san_data/RS03ASHS-PN03B-06-CAMHDA301/2022/12/20/CAMHDA301-20221220T091500.mp4,570,0,clear,train,tuesdays_2021_2024
CAMHDA301-20221220T121500,2022-12-20,/home/jovyan/ooi/san_data/RS03ASHS-PN03B-06-CAMHDA301/2022/12/20/CAMHDA301-20221220T121500.mp4,240,0,clear,train,tuesdays_2021_2024
CAMHDA301-20221220T121500,2022-12-20,/home/jovyan/ooi/san_data/RS03ASHS-PN03B-06-CAMHDA301/2022/12/20/CAMHDA301-20221220T121500.mp4,360,0,clear,train,tuesdays_2021_2024
CAMHDA301-20221220T121500,2022-12-20,/home/jovyan/ooi/san_data/RS03ASHS-PN03B-06-CAMHDA301/2022/12/20/CAMHDA301-20221220T121500.mp4,120,0,clear,train,tuesdays_2021_2024
CAMHDA301-20221220T121500,2022-12-20,/home/jovyan/ooi/san_data/RS03ASHS-PN03B-06-CAMHDA301/2022/12/20/CAMHDA301-20221220T121500.mp4,270,0,clear,train,tuesdays_2021_2024
CAMHDA301-20221220T151500,2022-12-20,/home/jovyan/ooi/san_data/RS03ASHS-PN03B-06-CAMHDA301/2022/12/20/CAMHDA301-20221220T151500.mp4,60,0,clear,train,tuesdays_2021_2024
CAMHDA301-20221220T151500,2022-12-20,/home/jovyan/ooi/san_data/RS03ASHS-PN03B-06-CAMHDA301/2022/12/20/CAMHDA301-20221220T151500.mp4,660,0,clear,train,tuesdays_2021_2024
CAMHDA301-20221220T151500,2022-12-20,/home/jovyan/ooi/san_data/RS03ASHS-PN03B-06-CAMHDA301/2022/12/20/CAMHDA301-20221220T151500.mp4,570,0,clear,train,tuesdays_2021_2024
CAMHDA301-20221220T151500,2022-12-20,/home/jovyan/ooi/san_data/RS03ASHS-PN03B-06-CAMHDA301/2022/12/20/CAMHDA301-20221220T151500.mp4,510,0,clear,train,tuesdays_2021_2024
CAMHDA301-20221220T181500,2022-12-20,/home/jovyan/ooi/san_data/RS03ASHS-PN03B-06-CAMHDA301/2022/12/20/CAMHDA301-20221220T181500.mp4,660,0,clear,train,tuesdays_2021_2024
CAMHDA301-20221220T181500,2022-12-20,/home/jovyan/ooi/san_data/RS03ASHS-PN03B-06-CAMHDA301/2022/12/20/CAMHDA301-20221220T181500.mp4,210,0,clear,train,tuesdays_2021_2024
CAMHDA301-20221220T181500,2022-12-20,/home/jovyan/ooi/san_data/RS03ASHS-PN03B-06-CAMHDA301/2022/12/20/CAMHDA301-20221220T181500.mp4,600,0,clear,train,tuesdays_2021_2024
CAMHDA301-20221220T181500,2022-12-20,/home/jovyan/ooi/san_data/RS03ASHS-PN03B-06-CAMHDA301/2022/12/20/CAMHDA301-20221220T181500.mp4,540,0,clear,train,tuesdays_2021_2024
CAMHDA301-20221220T211500,2022-12-20,/home/jovyan/ooi/san_data/RS03ASHS-PN03B-06-CAMHDA301/2022/12/20/CAMHDA301-20221220T211500.mp4,600,0,clear,train,tuesdays_2021_2024
CAMHDA301-20221220T211500,2022-12-20,/home/jovyan/ooi/san_data/RS03ASHS-PN03B-06-CAMHDA301/2022/12/20/CAMHDA301-20221220T211500.mp4,570,0,clear,train,tuesdays_2021_2024
CAMHDA301-20221220T211500,2022-12-20,/home/jovyan/ooi/san_data/RS03ASHS-PN03B-06-CAMHDA301/2022/12/20/CAMHDA301-20221220T211500.mp4,360,0,clear,train,tuesdays_2021_2024
CAMHDA301-20221220T211500,2022-12-20,/home/jovyan/ooi/san_data/RS03ASHS-PN03B-06-CAMHDA301/2022/12/20/CAMHDA301-20221220T211500.mp4,690,0,clear,train,tuesdays_2021_2024
CAMHDA301-20221226T001500,2022-12-26,/home/jovyan/ooi/san_data/RS03ASHS-PN03B-06-CAMHDA301/2022/12/26/CAMHDA301-20221226T001500.mp4,210,1,clear,train,clear_window_2021_2022
CAMHDA301-20221226T031500,2022-12-26,/home/jovyan/ooi/san_data/RS03ASHS-PN03B-06-CAMHDA301/2022/12/26/CAMHDA301-20221226T031500.mp4,180,1,clear,train,clear_window_2021_2022
CAMHDA301-20221226T061500,2022-12-26,/home/jovyan/ooi/san_data/RS03ASHS-PN03B-06-CAMHDA301/2022/12/26/CAMHDA301-20221226T061500.mp4,210,1,clear,train,clear_window_2021_2022
CAMHDA301-20221226T091500,2022-12-26,/home/jovyan/ooi/san_data/RS03ASHS-PN03B-06-CAMHDA301/2022/12/26/CAMHDA301-20221226T091500.mp4,210,1,clear,train,clear_window_2021_2022
CAMHDA301-20221226T121500,2022-12-26,/home/jovyan/ooi/san_data/RS03ASHS-PN03B-06-CAMHDA301/2022/12/26/CAMHDA301-20221226T121500.mp4,210,1,clear,train,clear_window_2021_2022
CAMHDA301-20221226T151500,2022-12-26,/home/jovyan/ooi/san_data/RS03ASHS-PN03B-06-CAMHDA301/2022/12/26/CAMHDA301-20221226T151500.mp4,180,1,clear,train,clear_window_2021_2022
CAMHDA301-20221226T181500,2022-12-26,/home/jovyan/ooi/san_data/RS03ASHS-PN03B-06-CAMHDA301/2022/12/26/CAMHDA301-20221226T181500.mp4,210,1,clear,train,clear_window_2021_2022
CAMHDA301-20221226T211500,2022-12-26,/home/jovyan/ooi/san_data/RS03ASHS-PN03B-06-CAMHDA301/2022/12/26/CAMHDA301-20221226T211500.mp4,210,1,clear,train,clear_window_2021_2022
CAMHDA301-20221227T031500,2022-12-27,/home/jovyan/ooi/san_data/RS03ASHS-PN03B-06-CAMHDA301/2022/12/27/CAMHDA301-20221227T031500.mp4,180,1,clear,train,tuesdays_2021_2024
CAMHDA301-20221227T061500,2022-12-27,/home/jovyan/ooi/san_data/RS03ASHS-PN03B-06-CAMHDA301/2022/12/27/CAMHDA301-20221227T061500.mp4,210,1,clear,train,tuesdays_2021_2024
CAMHDA301-20221227T091500,2022-12-27,/home/jovyan/ooi/san_data/RS03ASHS-PN03B-06-CAMHDA301/2022/12/27/CAMHDA301-20221227T091500.mp4,210,1,clear,train,tuesdays_2021_2024
CAMHDA301-20221227T121500,2022-12-27,/home/jovyan/ooi/san_data/RS03ASHS-PN03B-06-CAMHDA301/2022/12/27/CAMHDA301-20221227T121500.mp4,210,1,clear,train,tuesdays_2021_2024
CAMHDA301-20221227T151500,2022-12-27,/home/jovyan/ooi/san_data/RS03ASHS-PN03B-06-CAMHDA301/2022/12/27/CAMHDA301-20221227T151500.mp4,390,0,clear,train,tuesdays_2021_2024
CAMHDA301-20221227T151500,2022-12-27,/home/jovyan/ooi/san_data/RS03ASHS-PN03B-06-CAMHDA301/2022/12/27/CAMHDA301-20221227T151500.mp4,840,0,clear,train,tuesdays_2021_2024
CAMHDA301-20221227T151500,2022-12-27,/home/jovyan/ooi/san_data/RS03ASHS-PN03B-06-CAMHDA301/2022/12/27/CAMHDA301-20221227T151500.mp4,630,0,clear,train,tuesdays_2021_2024
CAMHDA301-20221227T151500,2022-12-27,/home/jovyan/ooi/san_data/RS03ASHS-PN03B-06-CAMHDA301/2022/12/27/CAMHDA301-20221227T151500.mp4,60,0,clear,train,tuesdays_2021_2024
CAMHDA301-20221227T181500,2022-12-27,/home/jovyan/ooi/san_data/RS03ASHS-PN03B-06-CAMHDA301/2022/12/27/CAMHDA301-20221227T181500.mp4,210,1,clear,train,tuesdays_2021_2024
CAMHDA301-20221227T211500,2022-12-27,/home/jovyan/ooi/san_data/RS03ASHS-PN03B-06-CAMHDA301/2022/12/27/CAMHDA301-20221227T211500.mp4,270,0,clear,train,tuesdays_2021_2024
CAMHDA301-20221227T211500,2022-12-27,/home/jovyan/ooi/san_data/RS03ASHS-PN03B-06-CAMHDA301/2022/12/27/CAMHDA301-20221227T211500.mp4,630,0,clear,train,tuesdays_2021_2024
CAMHDA301-20221227T211500,2022-12-27,/home/jovyan/ooi/san_data/RS03ASHS-PN03B-06-CAMHDA301/2022/12/27/CAMHDA301-20221227T211500.mp4,600,0,clear,train,tuesdays_2021_2024
CAMHDA301-20221227T211500,2022-12-27,/home/jovyan/ooi/san_data/RS03ASHS-PN03B-06-CAMHDA301/2022/12/27/CAMHDA301-20221227T211500.mp4,810,0,clear,train,tuesdays_2021_2024
CAMHDA301-20230102T001500,2023-01-02,/home/jovyan/ooi/san_data/RS03ASHS-PN03B-06-CAMHDA301/2023/01/02/CAMHDA301-20230102T001500.mp4,210,1,clear,train,full_2023_2024
CAMHDA301-20230102T031500,2023-01-02,/home/jovyan/ooi/san_data/RS03ASHS-PN03B-06-CAMHDA301/2023/01/02/CAMHDA301-20230102T031500.mp4,720,0,clear,train,full_2023_2024
CAMHDA301-20230102T031500,2023-01-02,/home/jovyan/ooi/san_data/RS03ASHS-PN03B-06-CAMHDA301/2023/01/02/CAMHDA301-20230102T031500.mp4,540,0,clear,train,full_2023_2024
CAMHDA301-20230102T031500,2023-01-02,/home/jovyan/ooi/san_data/RS03ASHS-PN03B-06-CAMHDA301/2023/01/02/CAMHDA301-20230102T031500.mp4,30,0,clear,train,full_2023_2024
CAMHDA301-20230102T031500,2023-01-02,/home/jovyan/ooi/san_data/RS03ASHS-PN03B-06-CAMHDA301/2023/01/02/CAMHDA301-20230102T031500.mp4,570,0,clear,train,full_2023_2024
CAMHDA301-20230102T061500,2023-01-02,/home/jovyan/ooi/san_data/RS03ASHS-PN03B-06-CAMHDA301/2023/01/02/CAMHDA301-20230102T061500.mp4,120,0,clear,train,full_2023_2024
CAMHDA301-20230102T061500,2023-01-02,/home/jovyan/ooi/san_data/RS03ASHS-PN03B-06-CAMHDA301/2023/01/02/CAMHDA301-20230102T061500.mp4,780,0,clear,train,full_2023_2024
CAMHDA301-20230102T061500,2023-01-02,/home/jovyan/ooi/san_data/RS03ASHS-PN03B-06-CAMHDA301/2023/01/02/CAMHDA301-20230102T061500.mp4,600,0,clear,train,full_2023_2024
CAMHDA301-20230102T061500,2023-01-02,/home/jovyan/ooi/san_data/RS03ASHS-PN03B-06-CAMHDA301/2023/01/02/CAMHDA301-20230102T061500.mp4,180,0,clear,train,full_2023_2024
CAMHDA301-20230102T091500,2023-01-02,/home/jovyan/ooi/san_data/RS03ASHS-PN03B-06-CAMHDA301/2023/01/02/CAMHDA301-20230102T091500.mp4,660,0,clear,train,full_2023_2024
CAMHDA301-20230102T091500,2023-01-02,/home/jovyan/ooi/san_data/RS03ASHS-PN03B-06-CAMHDA301/2023/01/02/CAMHDA301-20230102T091500.mp4,360,0,clear,train,full_2023_2024
CAMHDA301-20230102T091500,2023-01-02,/home/jovyan/ooi/san_data/RS03ASHS-PN03B-06-CAMHDA301/2023/01/02/CAMHDA301-20230102T091500.mp4,30,0,clear,train,full_2023_2024
CAMHDA301-20230102T091500,2023-01-02,/home/jovyan/ooi/san_data/RS03ASHS-PN03B-06-CAMHDA301/2023/01/02/CAMHDA301-20230102T091500.mp4,810,0,clear,train,full_2023_2024
CAMHDA301-20230102T121500,2023-01-02,/home/jovyan/ooi/san_data/RS03ASHS-PN03B-06-CAMHDA301/2023/01/02/CAMHDA301-20230102T121500.mp4,510,0,clear,train,full_2023_2024
CAMHDA301-20230102T121500,2023-01-02,/home/jovyan/ooi/san_data/RS03ASHS-PN03B-06-CAMHDA301/2023/01/02/CAMHDA301-20230102T121500.mp4,330,0,clear,train,full_2023_2024
CAMHDA301-20230102T121500,2023-01-02,/home/jovyan/ooi/san_data/RS03ASHS-PN03B-06-CAMHDA301/2023/01/02/CAMHDA301-20230102T121500.mp4,570,0,clear,train,full_2023_2024
CAMHDA301-20230102T121500,2023-01-02,/home/jovyan/ooi/san_data/RS03ASHS-PN03B-06-CAMHDA301/2023/01/02/CAMHDA301-20230102T121500.mp4,750,0,clear,train,full_2023_2024
CAMHDA301-20230102T151500,2023-01-02,/home/jovyan/ooi/san_data/RS03ASHS-PN03B-06-CAMHDA301/2023/01/02/CAMHDA301-20230102T151500.mp4,690,0,clear,train,full_2023_2024
CAMHDA301-20230102T151500,2023-01-02,/home/jovyan/ooi/san_data/RS03ASHS-PN03B-06-CAMHDA301/2023/01/02/CAMHDA301-20230102T151500.mp4,630,0,clear,train,full_2023_2024
CAMHDA301-20230102T151500,2023-01-02,/home/jovyan/ooi/san_data/RS03ASHS-PN03B-06-CAMHDA301/2023/01/02/CAMHDA301-20230102T151500.mp4,30,0,clear,train,full_2023_2024
CAMHDA301-20230102T151500,2023-01-02,/home/jovyan/ooi/san_data/RS03ASHS-PN03B-06-CAMHDA301/2023/01/02/CAMHDA301-20230102T151500.mp4,180,0,clear,train,full_2023_2024
CAMHDA301-20230102T181500,2023-01-02,/home/jovyan/ooi/san_data/RS03ASHS-PN03B-06-CAMHDA301/2023/01/02/CAMHDA301-20230102T181500.mp4,270,0,clear,train,full_2023_2024
CAMHDA301-20230102T181500,2023-01-02,/home/jovyan/ooi/san_data/RS03ASHS-PN03B-06-CAMHDA301/2023/01/02/CAMHDA301-20230102T181500.mp4,330,0,clear,train,full_2023_2024
CAMHDA301-20230102T181500,2023-01-02,/home/jovyan/ooi/san_data/RS03ASHS-PN03B-06-CAMHDA301/2023/01/02/CAMHDA301-20230102T181500.mp4,750,0,clear,train,full_2023_2024
CAMHDA301-20230102T181500,2023-01-02,/home/jovyan/ooi/san_data/RS03ASHS-PN03B-06-CAMHDA301/2023/01/02/CAMHDA301-20230102T181500.mp4,30,0,clear,train,full_2023_2024
CAMHDA301-20230102T211500,2023-01-02,/home/jovyan/ooi/san_data/RS03ASHS-PN03B-06-CAMHDA301/2023/01/02/CAMHDA301-20230102T211500.mp4,30,0,clear,train,full_2023_2024
CAMHDA301-20230102T211500,2023-01-02,/home/jovyan/ooi/san_data/RS03ASHS-PN03B-06-CAMHDA301/2023/01/02/CAMHDA301-20230102T211500.mp4,780,0,clear,train,full_2023_2024
CAMHDA301-20230102T211500,2023-01-02,/home/jovyan/ooi/san_data/RS03ASHS-PN03B-06-CAMHDA301/2023/01/02/CAMHDA301-20230102T211500.mp4,570,0,clear,train,full_2023_2024
CAMHDA301-20230102T211500,2023-01-02,/home/jovyan/ooi/san_data/RS03ASHS-PN03B-06-CAMHDA301/2023/01/02/CAMHDA301-20230102T211500.mp4,150,0,clear,train,full_2023_2024
CAMHDA301-20230103T001500,2023-01-03,/home/jovyan/ooi/san_data/RS03ASHS-PN03B-06-CAMHDA301/2023/01/03/CAMHDA301-20230103T001500.mp4,360,0,clear,val,tuesdays_2021_2024
CAMHDA301-20230103T001500,2023-01-03,/home/jovyan/ooi/san_data/RS03ASHS-PN03B-06-CAMHDA301/2023/01/03/CAMHDA301-20230103T001500.mp4,840,0,clear,val,tuesdays_2021_2024
CAMHDA301-20230103T001500,2023-01-03,/home/jovyan/ooi/san_data/RS03ASHS-PN03B-06-CAMHDA301/2023/01/03/CAMHDA301-20230103T001500.mp4,390,0,clear,val,tuesdays_2021_2024
CAMHDA301-20230103T001500,2023-01-03,/home/jovyan/ooi/san_data/RS03ASHS-PN03B-06-CAMHDA301/2023/01/03/CAMHDA301-20230103T001500.mp4,690,0,clear,val,tuesdays_2021_2024
CAMHDA301-20230103T031500,2023-01-03,/home/jovyan/ooi/san_data/RS03ASHS-PN03B-06-CAMHDA301/2023/01/03/CAMHDA301-20230103T031500.mp4,210,0,clear,val,tuesdays_2021_2024
CAMHDA301-20230103T031500,2023-01-03,/home/jovyan/ooi/san_data/RS03ASHS-PN03B-06-CAMHDA301/2023/01/03/CAMHDA301-20230103T031500.mp4,270,0,clear,val,tuesdays_2021_2024
CAMHDA301-20230103T031500,2023-01-03,/home/jovyan/ooi/san_data/RS03ASHS-PN03B-06-CAMHDA301/2023/01/03/CAMHDA301-20230103T031500.mp4,480,0,clear,val,tuesdays_2021_2024
CAMHDA301-20230103T031500,2023-01-03,/home/jovyan/ooi/san_data/RS03ASHS-PN03B-06-CAMHDA301/2023/01/03/CAMHDA301-20230103T031500.mp4,720,0,clear,val,tuesdays_2021_2024
CAMHDA301-20230103T061500,2023-01-03,/home/jovyan/ooi/san_data/RS03ASHS-PN03B-06-CAMHDA301/2023/01/03/CAMHDA301-20230103T061500.mp4,240,0,clear,val,tuesdays_2021_2024
CAMHDA301-20230103T061500,2023-01-03,/home/jovyan/ooi/san_data/RS03ASHS-PN03B-06-CAMHDA301/2023/01/03/CAMHDA301-20230103T061500.mp4,540,0,clear,val,tuesdays_2021_2024
CAMHDA301-20230103T061500,2023-01-03,/home/jovyan/ooi/san_data/RS03ASHS-PN03B-06-CAMHDA301/2023/01/03/CAMHDA301-20230103T061500.mp4,660,0,clear,val,tuesdays_2021_2024
CAMHDA301-20230103T061500,2023-01-03,/home/jovyan/ooi/san_data/RS03ASHS-PN03B-06-CAMHDA301/2023/01/03/CAMHDA301-20230103T061500.mp4,180,0,clear,val,tuesdays_2021_2024
CAMHDA301-20230103T091500,2023-01-03,/home/jovyan/ooi/san_data/RS03ASHS-PN03B-06-CAMHDA301/2023/01/03/CAMHDA301-20230103T091500.mp4,540,0,clear,val,tuesdays_2021_2024
CAMHDA301-20230103T091500,2023-01-03,/home/jovyan/ooi/san_data/RS03ASHS-PN03B-06-CAMHDA301/2023/01/03/CAMHDA301-20230103T091500.mp4,90,0,clear,val,tuesdays_2021_2024
CAMHDA301-20230103T091500,2023-01-03,/home/jovyan/ooi/san_data/RS03ASHS-PN03B-06-CAMHDA301/2023/01/03/CAMHDA301-20230103T091500.mp4,750,0,clear,val,tuesdays_2021_2024
CAMHDA301-20230103T091500,2023-01-03,/home/jovyan/ooi/san_data/RS03ASHS-PN03B-06-CAMHDA301/2023/01/03/CAMHDA301-20230103T091500.mp4,210,0,clear,val,tuesdays_2021_2024
CAMHDA301-20230103T121500,2023-01-03,/home/jovyan/ooi/san_data/RS03ASHS-PN03B-06-CAMHDA301/2023/01/03/CAMHDA301-20230103T121500.mp4,570,0,clear,val,tuesdays_2021_2024
CAMHDA301-20230103T121500,2023-01-03,/home/jovyan/ooi/san_data/RS03ASHS-PN03B-06-CAMHDA301/2023/01/03/CAMHDA301-20230103T121500.mp4,630,0,clear,val,tuesdays_2021_2024
CAMHDA301-20230103T121500,2023-01-03,/home/jovyan/ooi/san_data/RS03ASHS-PN03B-06-CAMHDA301/2023/01/03/CAMHDA301-20230103T121500.mp4,540,0,clear,val,tuesdays_2021_2024
CAMHDA301-20230103T121500,2023-01-03,/home/jovyan/ooi/san_data/RS03ASHS-PN03B-06-CAMHDA301/2023/01/03/CAMHDA301-20230103T121500.mp4,150,0,clear,val,tuesdays_2021_2024
CAMHDA301-20230103T151500,2023-01-03,/home/jovyan/ooi/san_data/RS03ASHS-PN03B-06-CAMHDA301/2023/01/03/CAMHDA301-20230103T151500.mp4,750,0,clear,val,tuesdays_2021_2024
CAMHDA301-20230103T151500,2023-01-03,/home/jovyan/ooi/san_data/RS03ASHS-PN03B-06-CAMHDA301/2023/01/03/CAMHDA301-20230103T151500.mp4,390,0,clear,val,tuesdays_2021_2024
CAMHDA301-20230103T151500,2023-01-03,/home/jovyan/ooi/san_data/RS03ASHS-PN03B-06-CAMHDA301/2023/01/03/CAMHDA301-20230103T151500.mp4,120,0,clear,val,tuesdays_2021_2024
CAMHDA301-20230103T151500,2023-01-03,/home/jovyan/ooi/san_data/RS03ASHS-PN03B-06-CAMHDA301/2023/01/03/CAMHDA301-20230103T151500.mp4,450,0,clear,val,tuesdays_2021_2024
CAMHDA301-20230103T181500,2023-01-03,/home/jovyan/ooi/san_data/RS03ASHS-PN03B-06-CAMHDA301/2023/01/03/CAMHDA301-20230103T181500.mp4,180,0,clear,val,tuesdays_2021_2024
CAMHDA301-20230103T181500,2023-01-03,/home/jovyan/ooi/san_data/RS03ASHS-PN03B-06-CAMHDA301/2023/01/03/CAMHDA301-20230103T181500.mp4,720,0,clear,val,tuesdays_2021_2024
CAMHDA301-20230103T181500,2023-01-03,/home/jovyan/ooi/san_data/RS03ASHS-PN03B-06-CAMHDA301/2023/01/03/CAMHDA301-20230103T181500.mp4,240,0,clear,val,tuesdays_2021_2024
CAMHDA301-20230103T181500,2023-01-03,/home/jovyan/ooi/san_data/RS03ASHS-PN03B-06-CAMHDA301/2023/01/03/CAMHDA301-20230103T181500.mp4,120,0,clear,val,tuesdays_2021_2024
CAMHDA301-20230103T211500,2023-01-03,/home/jovyan/ooi/san_data/RS03ASHS-PN03B-06-CAMHDA301/2023/01/03/CAMHDA301-20230103T211500.mp4,780,0,clear,val,tuesdays_2021_2024
CAMHDA301-20230103T211500,2023-01-03,/home/jovyan/ooi/san_data/RS03ASHS-PN03B-06-CAMHDA301/2023/01/03/CAMHDA301-20230103T211500.mp4,420,0,clear,val,tuesdays_2021_2024
CAMHDA301-20230103T211500,2023-01-03,/home/jovyan/ooi/san_data/RS03ASHS-PN03B-06-CAMHDA301/2023/01/03/CAMHDA301-20230103T211500.mp4,150,0,clear,val,tuesdays_2021_2024
CAMHDA301-20230103T211500,2023-01-03,/home/jovyan/ooi/san_data/RS03ASHS-PN03B-06-CAMHDA301/2023/01/03/CAMHDA301-20230103T211500.mp4,810,0,clear,val,tuesdays_2021_2024
CAMHDA301-20230109T001500,2023-01-09,/home/jovyan/ooi/san_data/RS03ASHS-PN03B-06-CAMHDA301/2023/01/09/CAMHDA301-20230109T001500.mp4,300,1,clear,train,full_2023_2024
CAMHDA301-20230109T031500,2023-01-09,/home/jovyan/ooi/san_data/RS03ASHS-PN03B-06-CAMHDA301/2023/01/09/CAMHDA301-20230109T031500.mp4,210,1,clear,train,full_2023_2024
CAMHDA301-20230109T061500,2023-01-09,/home/jovyan/ooi/san_data/RS03ASHS-PN03B-06-CAMHDA301/2023/01/09/CAMHDA301-20230109T061500.mp4,300,1,clear,train,full_2023_2024
CAMHDA301-20230109T091500,2023-01-09,/home/jovyan/ooi/san_data/RS03ASHS-PN03B-06-CAMHDA301/2023/01/09/CAMHDA301-20230109T091500.mp4,210,1,clear,train,full_2023_2024
CAMHDA301-20230109T121500,2023-01-09,/home/jovyan/ooi/san_data/RS03ASHS-PN03B-06-CAMHDA301/2023/01/09/CAMHDA301-20230109T121500.mp4,180,1,clear,train,full_2023_2024
CAMHDA301-20230109T151500,2023-01-09,/home/jovyan/ooi/san_data/RS03ASHS-PN03B-06-CAMHDA301/2023/01/09/CAMHDA301-20230109T151500.mp4,210,1,clear,train,full_2023_2024
CAMHDA301-20230109T181500,2023-01-09,/home/jovyan/ooi/san_data/RS03ASHS-PN03B-06-CAMHDA301/2023/01/09/CAMHDA301-20230109T181500.mp4,210,1,clear,train,full_2023_2024
CAMHDA301-20230109T211500,2023-01-09,/home/jovyan/ooi/san_data/RS03ASHS-PN03B-06-CAMHDA301/2023/01/09/CAMHDA301-20230109T211500.mp4,210,1,clear,train,full_2023_2024
CAMHDA301-20230110T001500,2023-01-10,/home/jovyan/ooi/san_data/RS03ASHS-PN03B-06-CAMHDA301/2023/01/10/CAMHDA301-20230110T001500.mp4,210,0,clear,val,tuesdays_2021_2024
CAMHDA301-20230110T001500,2023-01-10,/home/jovyan/ooi/san_data/RS03ASHS-PN03B-06-CAMHDA301/2023/01/10/CAMHDA301-20230110T001500.mp4,750,0,clear,val,tuesdays_2021_2024
CAMHDA301-20230110T001500,2023-01-10,/home/jovyan/ooi/san_data/RS03ASHS-PN03B-06-CAMHDA301/2023/01/10/CAMHDA301-20230110T001500.mp4,270,0,clear,val,tuesdays_2021_2024
CAMHDA301-20230110T001500,2023-01-10,/home/jovyan/ooi/san_data/RS03ASHS-PN03B-06-CAMHDA301/2023/01/10/CAMHDA301-20230110T001500.mp4,180,0,clear,val,tuesdays_2021_2024
CAMHDA301-20230110T031500,2023-01-10,/home/jovyan/ooi/san_data/RS03ASHS-PN03B-06-CAMHDA301/2023/01/10/CAMHDA301-20230110T031500.mp4,210,1,clear,val,tuesdays_2021_2024
CAMHDA301-20230110T061500,2023-01-10,/home/jovyan/ooi/san_data/RS03ASHS-PN03B-06-CAMHDA301/2023/01/10/CAMHDA301-20230110T061500.mp4,510,0,clear,val,tuesdays_2021_2024
CAMHDA301-20230110T061500,2023-01-10,/home/jovyan/ooi/san_data/RS03ASHS-PN03B-06-CAMHDA301/2023/01/10/CAMHDA301-20230110T061500.mp4,750,0,clear,val,tuesdays_2021_2024
CAMHDA301-20230110T061500,2023-01-10,/home/jovyan/ooi/san_data/RS03ASHS-PN03B-06-CAMHDA301/2023/01/10/CAMHDA301-20230110T061500.mp4,90,0,clear,val,tuesdays_2021_2024
CAMHDA301-20230110T061500,2023-01-10,/home/jovyan/ooi/san_data/RS03ASHS-PN03B-06-CAMHDA301/2023/01/10/CAMHDA301-20230110T061500.mp4,630,0,clear,val,tuesdays_2021_2024
CAMHDA301-20230110T091500,2023-01-10,/home/jovyan/ooi/san_data/RS03ASHS-PN03B-06-CAMHDA301/2023/01/10/CAMHDA301-20230110T091500.mp4,120,0,clear,val,tuesdays_2021_2024
CAMHDA301-20230110T091500,2023-01-10,/home/jovyan/ooi/san_data/RS03ASHS-PN03B-06-CAMHDA301/2023/01/10/CAMHDA301-20230110T091500.mp4,300,0,clear,val,tuesdays_2021_2024
CAMHDA301-20230110T091500,2023-01-10,/home/jovyan/ooi/san_data/RS03ASHS-PN03B-06-CAMHDA301/2023/01/10/CAMHDA301-20230110T091500.mp4,630,0,clear,val,tuesdays_2021_2024
CAMHDA301-20230110T091500,2023-01-10,/home/jovyan/ooi/san_data/RS03ASHS-PN03B-06-CAMHDA301/2023/01/10/CAMHDA301-20230110T091500.mp4,480,0,clear,val,tuesdays_2021_2024
CAMHDA301-20230110T121500,2023-01-10,/home/jovyan/ooi/san_data/RS03ASHS-PN03B-06-CAMHDA301/2023/01/10/CAMHDA301-20230110T121500.mp4,540,0,clear,val,tuesdays_2021_2024
CAMHDA301-20230110T121500,2023-01-10,/home/jovyan/ooi/san_data/RS03ASHS-PN03B-06-CAMHDA301/2023/01/10/CAMHDA301-20230110T121500.mp4,300,0,clear,val,tuesdays_2021_2024
CAMHDA301-20230110T121500,2023-01-10,/home/jovyan/ooi/san_data/RS03ASHS-PN03B-06-CAMHDA301/2023/01/10/CAMHDA301-20230110T121500.mp4,420,0,clear,val,tuesdays_2021_2024
CAMHDA301-20230110T121500,2023-01-10,/home/jovyan/ooi/san_data/RS03ASHS-PN03B-06-CAMHDA301/2023/01/10/CAMHDA301-20230110T121500.mp4,330,0,clear,val,tuesdays_2021_2024
CAMHDA301-20230110T151500,2023-01-10,/home/jovyan/ooi/san_data/RS03ASHS-PN03B-06-CAMHDA301/2023/01/10/CAMHDA301-20230110T151500.mp4,840,0,clear,val,tuesdays_2021_2024
CAMHDA301-20230110T151500,2023-01-10,/home/jovyan/ooi/san_data/RS03ASHS-PN03B-06-CAMHDA301/2023/01/10/CAMHDA301-20230110T151500.mp4,690,0,clear,val,tuesdays_2021_2024
CAMHDA301-20230110T151500,2023-01-10,/home/jovyan/ooi/san_data/RS03ASHS-PN03B-06-CAMHDA301/2023/01/10/CAMHDA301-20230110T151500.mp4,660,0,clear,val,tuesdays_2021_2024
CAMHDA301-20230110T151500,2023-01-10,/home/jovyan/ooi/san_data/RS03ASHS-PN03B-06-CAMHDA301/2023/01/10/CAMHDA301-20230110T151500.mp4,360,0,clear,val,tuesdays_2021_2024
CAMHDA301-20230110T181500,2023-01-10,/home/jovyan/ooi/san_data/RS03ASHS-PN03B-06-CAMHDA301/2023/01/10/CAMHDA301-20230110T181500.mp4,540,0,clear,val,tuesdays_2021_2024
CAMHDA301-20230110T181500,2023-01-10,/home/jovyan/ooi/san_data/RS03ASHS-PN03B-06-CAMHDA301/2023/01/10/CAMHDA301-20230110T181500.mp4,480,0,clear,val,tuesdays_2021_2024
CAMHDA301-20230110T181500,2023-01-10,/home/jovyan/ooi/san_data/RS03ASHS-PN03B-06-CAMHDA301/2023/01/10/CAMHDA301-20230110T181500.mp4,120,0,clear,val,tuesdays_2021_2024
CAMHDA301-20230110T181500,2023-01-10,/home/jovyan/ooi/san_data/RS03ASHS-PN03B-06-CAMHDA301/2023/01/10/CAMHDA301-20230110T181500.mp4,60,0,clear,val,tuesdays_2021_2024
CAMHDA301-20230110T211500,2023-01-10,/home/jovyan/ooi/san_data/RS03ASHS-PN03B-06-CAMHDA301/2023/01/10/CAMHDA301-20230110T211500.mp4,360,0,clear,val,tuesdays_2021_2024
CAMHDA301-20230110T211500,2023-01-10,/home/jovyan/ooi/san_data/RS03ASHS-PN03B-06-CAMHDA301/2023/01/10/CAMHDA301-20230110T211500.mp4,570,0,clear,val,tuesdays_2021_2024
CAMHDA301-20230110T211500,2023-01-10,/home/jovyan/ooi/san_data/RS03ASHS-PN03B-06-CAMHDA301/2023/01/10/CAMHDA301-20230110T211500.mp4,150,0,clear,val,tuesdays_2021_2024
CAMHDA301-20230110T211500,2023-01-10,/home/jovyan/ooi/san_data/RS03ASHS-PN03B-06-CAMHDA301/2023/01/10/CAMHDA301-20230110T211500.mp4,270,0,clear,val,tuesdays_2021_2024
CAMHDA301-20230116T001500,2023-01-16,/home/jovyan/ooi/san_data/RS03ASHS-PN03B-06-CAMHDA301/2023/01/16/CAMHDA301-20230116T001500.mp4,420,1,clear,train,full_2023_2024
CAMHDA301-20230116T031500,2023-01-16,/home/jovyan/ooi/san_data/RS03ASHS-PN03B-06-CAMHDA301/2023/01/16/CAMHDA301-20230116T031500.mp4,300,1,clear,train,full_2023_2024
CAMHDA301-20230116T061500,2023-01-16,/home/jovyan/ooi/san_data/RS03ASHS-PN03B-06-CAMHDA301/2023/01/16/CAMHDA301-20230116T061500.mp4,810,0,clear,train,full_2023_2024
CAMHDA301-20230116T061500,2023-01-16,/home/jovyan/ooi/san_data/RS03ASHS-PN03B-06-CAMHDA301/2023/01/16/CAMHDA301-20230116T061500.mp4,750,0,clear,train,full_2023_2024
CAMHDA301-20230116T061500,2023-01-16,/home/jovyan/ooi/san_data/RS03ASHS-PN03B-06-CAMHDA301/2023/01/16/CAMHDA301-20230116T061500.mp4,330,0,clear,train,full_2023_2024
CAMHDA301-20230116T061500,2023-01-16,/home/jovyan/ooi/san_data/RS03ASHS-PN03B-06-CAMHDA301/2023/01/16/CAMHDA301-20230116T061500.mp4,300,0,clear,train,full_2023_2024
CAMHDA301-20230116T091500,2023-01-16,/home/jovyan/ooi/san_data/RS03ASHS-PN03B-06-CAMHDA301/2023/01/16/CAMHDA301-20230116T091500.mp4,210,1,clear,train,full_2023_2024
CAMHDA301-20230116T121500,2023-01-16,/home/jovyan/ooi/san_data/RS03ASHS-PN03B-06-CAMHDA301/2023/01/16/CAMHDA301-20230116T121500.mp4,420,1,clear,train,full_2023_2024
CAMHDA301-20230116T151500,2023-01-16,/home/jovyan/ooi/san_data/RS03ASHS-PN03B-06-CAMHDA301/2023/01/16/CAMHDA301-20230116T151500.mp4,420,1,clear,train,full_2023_2024
CAMHDA301-20230116T181500,2023-01-16,/home/jovyan/ooi/san_data/RS03ASHS-PN03B-06-CAMHDA301/2023/01/16/CAMHDA301-20230116T181500.mp4,240,1,clear,train,full_2023_2024
CAMHDA301-20230116T211500,2023-01-16,/home/jovyan/ooi/san_data/RS03ASHS-PN03B-06-CAMHDA301/2023/01/16/CAMHDA301-20230116T211500.mp4,210,1,clear,train,full_2023_2024
CAMHDA301-20230117T001500,2023-01-17,/home/jovyan/ooi/san_data/RS03ASHS-PN03B-06-CAMHDA301/2023/01/17/CAMHDA301-20230117T001500.mp4,420,1,clear,train,tuesdays_2021_2024
CAMHDA301-20230117T091500,2023-01-17,/home/jovyan/ooi/san_data/RS03ASHS-PN03B-06-CAMHDA301/2023/01/17/CAMHDA301-20230117T091500.mp4,210,1,clear,train,tuesdays_2021_2024
CAMHDA301-20230117T121500,2023-01-17,/home/jovyan/ooi/san_data/RS03ASHS-PN03B-06-CAMHDA301/2023/01/17/CAMHDA301-20230117T121500.mp4,210,1,clear,train,tuesdays_2021_2024
CAMHDA301-20230117T151500,2023-01-17,/home/jovyan/ooi/san_data/RS03ASHS-PN03B-06-CAMHDA301/2023/01/17/CAMHDA301-20230117T151500.mp4,210,1,clear,train,tuesdays_2021_2024
CAMHDA301-20230117T181500,2023-01-17,/home/jovyan/ooi/san_data/RS03ASHS-PN03B-06-CAMHDA301/2023/01/17/CAMHDA301-20230117T181500.mp4,210,1,clear,train,tuesdays_2021_2024
CAMHDA301-20230123T001500,2023-01-23,/home/jovyan/ooi/san_data/RS03ASHS-PN03B-06-CAMHDA301/2023/01/23/CAMHDA301-20230123T001500.mp4,420,1,clear,train,full_2023_2024
CAMHDA301-20230123T031500,2023-01-23,/home/jovyan/ooi/san_data/RS03ASHS-PN03B-06-CAMHDA301/2023/01/23/CAMHDA301-20230123T031500.mp4,210,1,clear,train,full_2023_2024
CAMHDA301-20230123T061500,2023-01-23,/home/jovyan/ooi/san_data/RS03ASHS-PN03B-06-CAMHDA301/2023/01/23/CAMHDA301-20230123T061500.mp4,210,1,clear,train,full_2023_2024
CAMHDA301-20230123T091500,2023-01-23,/home/jovyan/ooi/san_data/RS03ASHS-PN03B-06-CAMHDA301/2023/01/23/CAMHDA301-20230123T091500.mp4,420,1,clear,train,full_2023_2024
CAMHDA301-20230123T121500,2023-01-23,/home/jovyan/ooi/san_data/RS03ASHS-PN03B-06-CAMHDA301/2023/01/23/CAMHDA301-20230123T121500.mp4,210,1,clear,train,full_2023_2024
CAMHDA301-20230123T151500,2023-01-23,/home/jovyan/ooi/san_data/RS03ASHS-PN03B-06-CAMHDA301/2023/01/23/CAMHDA301-20230123T151500.mp4,210,1,clear,train,full_2023_2024
CAMHDA301-20230123T181500,2023-01-23,/home/jovyan/ooi/san_data/RS03ASHS-PN03B-06-CAMHDA301/2023/01/23/CAMHDA301-20230123T181500.mp4,420,1,clear,train,full_2023_2024
CAMHDA301-20230123T211500,2023-01-23,/home/jovyan/ooi/san_data/RS03ASHS-PN03B-06-CAMHDA301/2023/01/23/CAMHDA301-20230123T211500.mp4,420,1,clear,train,full_2023_2024
CAMHDA301-20230124T031500,2023-01-24,/home/jovyan/ooi/san_data/RS03ASHS-PN03B-06-CAMHDA301/2023/01/24/CAMHDA301-20230124T031500.mp4,210,1,clear,val,tuesdays_2021_2024
CAMHDA301-20230124T061500,2023-01-24,/home/jovyan/ooi/san_data/RS03ASHS-PN03B-06-CAMHDA301/2023/01/24/CAMHDA301-20230124T061500.mp4,210,1,clear,val,tuesdays_2021_2024
CAMHDA301-20230124T151500,2023-01-24,/home/jovyan/ooi/san_data/RS03ASHS-PN03B-06-CAMHDA301/2023/01/24/CAMHDA301-20230124T151500.mp4,210,1,clear,val,tuesdays_2021_2024
CAMHDA301-20230124T181500,2023-01-24,/home/jovyan/ooi/san_data/RS03ASHS-PN03B-06-CAMHDA301/2023/01/24/CAMHDA301-20230124T181500.mp4,210,1,clear,val,tuesdays_2021_2024
CAMHDA301-20230124T211500,2023-01-24,/home/jovyan/ooi/san_data/RS03ASHS-PN03B-06-CAMHDA301/2023/01/24/CAMHDA301-20230124T211500.mp4,210,1,clear,val,tuesdays_2021_2024
CAMHDA301-20230130T001500,2023-01-30,/home/jovyan/ooi/san_data/RS03ASHS-PN03B-06-CAMHDA301/2023/01/30/CAMHDA301-20230130T001500.mp4,420,1,clear,val,full_2023_2024
CAMHDA301-20230130T031500,2023-01-30,/home/jovyan/ooi/san_data/RS03ASHS-PN03B-06-CAMHDA301/2023/01/30/CAMHDA301-20230130T031500.mp4,420,1,clear,val,full_2023_2024
CAMHDA301-20230130T061500,2023-01-30,/home/jovyan/ooi/san_data/RS03ASHS-PN03B-06-CAMHDA301/2023/01/30/CAMHDA301-20230130T061500.mp4,180,1,clear,val,full_2023_2024
CAMHDA301-20230130T091500,2023-01-30,/home/jovyan/ooi/san_data/RS03ASHS-PN03B-06-CAMHDA301/2023/01/30/CAMHDA301-20230130T091500.mp4,480,0,clear,val,full_2023_2024
CAMHDA301-20230130T091500,2023-01-30,/home/jovyan/ooi/san_data/RS03ASHS-PN03B-06-CAMHDA301/2023/01/30/CAMHDA301-20230130T091500.mp4,390,0,clear,val,full_2023_2024
CAMHDA301-20230130T091500,2023-01-30,/home/jovyan/ooi/san_data/RS03ASHS-PN03B-06-CAMHDA301/2023/01/30/CAMHDA301-20230130T091500.mp4,210,0,clear,val,full_2023_2024
CAMHDA301-20230130T091500,2023-01-30,/home/jovyan/ooi/san_data/RS03ASHS-PN03B-06-CAMHDA301/2023/01/30/CAMHDA301-20230130T091500.mp4,120,0,clear,val,full_2023_2024
CAMHDA301-20230130T121500,2023-01-30,/home/jovyan/ooi/san_data/RS03ASHS-PN03B-06-CAMHDA301/2023/01/30/CAMHDA301-20230130T121500.mp4,420,1,clear,val,full_2023_2024
CAMHDA301-20230130T151500,2023-01-30,/home/jovyan/ooi/san_data/RS03ASHS-PN03B-06-CAMHDA301/2023/01/30/CAMHDA301-20230130T151500.mp4,210,1,clear,val,full_2023_2024
CAMHDA301-20230130T181500,2023-01-30,/home/jovyan/ooi/san_data/RS03ASHS-PN03B-06-CAMHDA301/2023/01/30/CAMHDA301-20230130T181500.mp4,180,1,clear,val,full_2023_2024
CAMHDA301-20230130T211500,2023-01-30,/home/jovyan/ooi/san_data/RS03ASHS-PN03B-06-CAMHDA301/2023/01/30/CAMHDA301-20230130T211500.mp4,180,1,clear,val,full_2023_2024
CAMHDA301-20230131T001500,2023-01-31,/home/jovyan/ooi/san_data/RS03ASHS-PN03B-06-CAMHDA301/2023/01/31/CAMHDA301-20230131T001500.mp4,210,1,clear,train,tuesdays_2021_2024
CAMHDA301-20230131T031500,2023-01-31,/home/jovyan/ooi/san_data/RS03ASHS-PN03B-06-CAMHDA301/2023/01/31/CAMHDA301-20230131T031500.mp4,210,1,clear,train,tuesdays_2021_2024
CAMHDA301-20230131T061500,2023-01-31,/home/jovyan/ooi/san_data/RS03ASHS-PN03B-06-CAMHDA301/2023/01/31/CAMHDA301-20230131T061500.mp4,210,1,clear,train,tuesdays_2021_2024
CAMHDA301-20230131T091500,2023-01-31,/home/jovyan/ooi/san_data/RS03ASHS-PN03B-06-CAMHDA301/2023/01/31/CAMHDA301-20230131T091500.mp4,210,1,clear,train,tuesdays_2021_2024
CAMHDA301-20230131T121500,2023-01-31,/home/jovyan/ooi/san_data/RS03ASHS-PN03B-06-CAMHDA301/2023/01/31/CAMHDA301-20230131T121500.mp4,210,1,clear,train,tuesdays_2021_2024
CAMHDA301-20230131T151500,2023-01-31,/home/jovyan/ooi/san_data/RS03ASHS-PN03B-06-CAMHDA301/2023/01/31/CAMHDA301-20230131T151500.mp4,210,1,clear,train,tuesdays_2021_2024
CAMHDA301-20230131T181500,2023-01-31,/home/jovyan/ooi/san_data/RS03ASHS-PN03B-06-CAMHDA301/2023/01/31/CAMHDA301-20230131T181500.mp4,210,1,clear,train,tuesdays_2021_2024
CAMHDA301-20230131T211500,2023-01-31,/home/jovyan/ooi/san_data/RS03ASHS-PN03B-06-CAMHDA301/2023/01/31/CAMHDA301-20230131T211500.mp4,180,1,clear,train,tuesdays_2021_2024
CAMHDA301-20230206T001500,2023-02-06,/home/jovyan/ooi/san_data/RS03ASHS-PN03B-06-CAMHDA301/2023/02/06/CAMHDA301-20230206T001500.mp4,210,1,clear,train,full_2023_2024
CAMHDA301-20230206T031500,2023-02-06,/home/jovyan/ooi/san_data/RS03ASHS-PN03B-06-CAMHDA301/2023/02/06/CAMHDA301-20230206T031500.mp4,210,1,clear,train,full_2023_2024
CAMHDA301-20230206T061500,2023-02-06,/home/jovyan/ooi/san_data/RS03ASHS-PN03B-06-CAMHDA301/2023/02/06/CAMHDA301-20230206T061500.mp4,210,1,clear,train,full_2023_2024
CAMHDA301-20230206T091500,2023-02-06,/home/jovyan/ooi/san_data/RS03ASHS-PN03B-06-CAMHDA301/2023/02/06/CAMHDA301-20230206T091500.mp4,420,1,clear,train,full_2023_2024
CAMHDA301-20230206T121500,2023-02-06,/home/jovyan/ooi/san_data/RS03ASHS-PN03B-06-CAMHDA301/2023/02/06/CAMHDA301-20230206T121500.mp4,210,1,clear,train,full_2023_2024
CAMHDA301-20230206T151500,2023-02-06,/home/jovyan/ooi/san_data/RS03ASHS-PN03B-06-CAMHDA301/2023/02/06/CAMHDA301-20230206T151500.mp4,210,1,clear,train,full_2023_2024
CAMHDA301-20230206T181500,2023-02-06,/home/jovyan/ooi/san_data/RS03ASHS-PN03B-06-CAMHDA301/2023/02/06/CAMHDA301-20230206T181500.mp4,420,1,clear,train,full_2023_2024
CAMHDA301-20230206T211500,2023-02-06,/home/jovyan/ooi/san_data/RS03ASHS-PN03B-06-CAMHDA301/2023/02/06/CAMHDA301-20230206T211500.mp4,420,1,clear,train,full_2023_2024
CAMHDA301-20230207T001500,2023-02-07,/home/jovyan/ooi/san_data/RS03ASHS-PN03B-06-CAMHDA301/2023/02/07/CAMHDA301-20230207T001500.mp4,210,1,clear,train,tuesdays_2021_2024
CAMHDA301-20230207T031500,2023-02-07,/home/jovyan/ooi/san_data/RS03ASHS-PN03B-06-CAMHDA301/2023/02/07/CAMHDA301-20230207T031500.mp4,210,1,clear,train,tuesdays_2021_2024
CAMHDA301-20230207T061500,2023-02-07,/home/jovyan/ooi/san_data/RS03ASHS-PN03B-06-CAMHDA301/2023/02/07/CAMHDA301-20230207T061500.mp4,210,1,clear,train,tuesdays_2021_2024
CAMHDA301-20230207T091500,2023-02-07,/home/jovyan/ooi/san_data/RS03ASHS-PN03B-06-CAMHDA301/2023/02/07/CAMHDA301-20230207T091500.mp4,210,1,clear,train,tuesdays_2021_2024
CAMHDA301-20230207T121500,2023-02-07,/home/jovyan/ooi/san_data/RS03ASHS-PN03B-06-CAMHDA301/2023/02/07/CAMHDA301-20230207T121500.mp4,210,1,clear,train,tuesdays_2021_2024
CAMHDA301-20230207T151500,2023-02-07,/home/jovyan/ooi/san_data/RS03ASHS-PN03B-06-CAMHDA301/2023/02/07/CAMHDA301-20230207T151500.mp4,210,1,clear,train,tuesdays_2021_2024
CAMHDA301-20230207T211500,2023-02-07,/home/jovyan/ooi/san_data/RS03ASHS-PN03B-06-CAMHDA301/2023/02/07/CAMHDA301-20230207T211500.mp4,210,1,clear,train,tuesdays_2021_2024
CAMHDA301-20230213T001500,2023-02-13,/home/jovyan/ooi/san_data/RS03ASHS-PN03B-06-CAMHDA301/2023/02/13/CAMHDA301-20230213T001500.mp4,210,1,clear,train,full_2023_2024
CAMHDA301-20230213T031500,2023-02-13,/home/jovyan/ooi/san_data/RS03ASHS-PN03B-06-CAMHDA301/2023/02/13/CAMHDA301-20230213T031500.mp4,180,1,clear,train,full_2023_2024
CAMHDA301-20230213T061500,2023-02-13,/home/jovyan/ooi/san_data/RS03ASHS-PN03B-06-CAMHDA301/2023/02/13/CAMHDA301-20230213T061500.mp4,420,1,clear,train,full_2023_2024
CAMHDA301-20230213T091500,2023-02-13,/home/jovyan/ooi/san_data/RS03ASHS-PN03B-06-CAMHDA301/2023/02/13/CAMHDA301-20230213T091500.mp4,210,1,clear,train,full_2023_2024
CAMHDA301-20230213T121500,2023-02-13,/home/jovyan/ooi/san_data/RS03ASHS-PN03B-06-CAMHDA301/2023/02/13/CAMHDA301-20230213T121500.mp4,420,1,clear,train,full_2023_2024
CAMHDA301-20230213T151500,2023-02-13,/home/jovyan/ooi/san_data/RS03ASHS-PN03B-06-CAMHDA301/2023/02/13/CAMHDA301-20230213T151500.mp4,210,1,clear,train,full_2023_2024
CAMHDA301-20230213T181500,2023-02-13,/home/jovyan/ooi/san_data/RS03ASHS-PN03B-06-CAMHDA301/2023/02/13/CAMHDA301-20230213T181500.mp4,210,1,clear,train,full_2023_2024
CAMHDA301-20230213T211500,2023-02-13,/home/jovyan/ooi/san_data/RS03ASHS-PN03B-06-CAMHDA301/2023/02/13/CAMHDA301-20230213T211500.mp4,420,1,clear,train,full_2023_2024
CAMHDA301-20230214T001500,2023-02-14,/home/jovyan/ooi/san_data/RS03ASHS-PN03B-06-CAMHDA301/2023/02/14/CAMHDA301-20230214T001500.mp4,210,1,clear,test,tuesdays_2021_2024
CAMHDA301-20230214T031500,2023-02-14,/home/jovyan/ooi/san_data/RS03ASHS-PN03B-06-CAMHDA301/2023/02/14/CAMHDA301-20230214T031500.mp4,210,1,clear,test,tuesdays_2021_2024
CAMHDA301-20230214T061500,2023-02-14,/home/jovyan/ooi/san_data/RS03ASHS-PN03B-06-CAMHDA301/2023/02/14/CAMHDA301-20230214T061500.mp4,210,1,clear,test,tuesdays_2021_2024
CAMHDA301-20230214T091500,2023-02-14,/home/jovyan/ooi/san_data/RS03ASHS-PN03B-06-CAMHDA301/2023/02/14/CAMHDA301-20230214T091500.mp4,210,1,clear,test,tuesdays_2021_2024
CAMHDA301-20230214T121500,2023-02-14,/home/jovyan/ooi/san_data/RS03ASHS-PN03B-06-CAMHDA301/2023/02/14/CAMHDA301-20230214T121500.mp4,210,1,clear,test,tuesdays_2021_2024
CAMHDA301-20230214T151500,2023-02-14,/home/jovyan/ooi/san_data/RS03ASHS-PN03B-06-CAMHDA301/2023/02/14/CAMHDA301-20230214T151500.mp4,210,1,clear,test,tuesdays_2021_2024
CAMHDA301-20230214T181500,2023-02-14,/home/jovyan/ooi/san_data/RS03ASHS-PN03B-06-CAMHDA301/2023/02/14/CAMHDA301-20230214T181500.mp4,210,1,clear,test,tuesdays_2021_2024
CAMHDA301-20230214T211500,2023-02-14,/home/jovyan/ooi/san_data/RS03ASHS-PN03B-06-CAMHDA301/2023/02/14/CAMHDA301-20230214T211500.mp4,210,1,clear,test,tuesdays_2021_2024
CAMHDA301-20230220T001500,2023-02-20,/home/jovyan/ooi/san_data/RS03ASHS-PN03B-06-CAMHDA301/2023/02/20/CAMHDA301-20230220T001500.mp4,120,0,clear,val,full_2023_2024
CAMHDA301-20230220T001500,2023-02-20,/home/jovyan/ooi/san_data/RS03ASHS-PN03B-06-CAMHDA301/2023/02/20/CAMHDA301-20230220T001500.mp4,600,0,clear,val,full_2023_2024
CAMHDA301-20230220T001500,2023-02-20,/home/jovyan/ooi/san_data/RS03ASHS-PN03B-06-CAMHDA301/2023/02/20/CAMHDA301-20230220T001500.mp4,300,0,clear,val,full_2023_2024
CAMHDA301-20230220T001500,2023-02-20,/home/jovyan/ooi/san_data/RS03ASHS-PN03B-06-CAMHDA301/2023/02/20/CAMHDA301-20230220T001500.mp4,720,0,clear,val,full_2023_2024
CAMHDA301-20230220T031500,2023-02-20,/home/jovyan/ooi/san_data/RS03ASHS-PN03B-06-CAMHDA301/2023/02/20/CAMHDA301-20230220T031500.mp4,240,1,clear,val,full_2023_2024
CAMHDA301-20230220T061500,2023-02-20,/home/jovyan/ooi/san_data/RS03ASHS-PN03B-06-CAMHDA301/2023/02/20/CAMHDA301-20230220T061500.mp4,750,0,clear,val,full_2023_2024
CAMHDA301-20230220T061500,2023-02-20,/home/jovyan/ooi/san_data/RS03ASHS-PN03B-06-CAMHDA301/2023/02/20/CAMHDA301-20230220T061500.mp4,390,0,clear,val,full_2023_2024
CAMHDA301-20230220T061500,2023-02-20,/home/jovyan/ooi/san_data/RS03ASHS-PN03B-06-CAMHDA301/2023/02/20/CAMHDA301-20230220T061500.mp4,510,0,clear,val,full_2023_2024
CAMHDA301-20230220T061500,2023-02-20,/home/jovyan/ooi/san_data/RS03ASHS-PN03B-06-CAMHDA301/2023/02/20/CAMHDA301-20230220T061500.mp4,570,0,clear,val,full_2023_2024
CAMHDA301-20230220T091500,2023-02-20,/home/jovyan/ooi/san_data/RS03ASHS-PN03B-06-CAMHDA301/2023/02/20/CAMHDA301-20230220T091500.mp4,810,0,clear,val,full_2023_2024
CAMHDA301-20230220T091500,2023-02-20,/home/jovyan/ooi/san_data/RS03ASHS-PN03B-06-CAMHDA301/2023/02/20/CAMHDA301-20230220T091500.mp4,600,0,clear,val,full_2023_2024
CAMHDA301-20230220T091500,2023-02-20,/home/jovyan/ooi/san_data/RS03ASHS-PN03B-06-CAMHDA301/2023/02/20/CAMHDA301-20230220T091500.mp4,60,0,clear,val,full_2023_2024
CAMHDA301-20230220T091500,2023-02-20,/home/jovyan/ooi/san_data/RS03ASHS-PN03B-06-CAMHDA301/2023/02/20/CAMHDA301-20230220T091500.mp4,750,0,clear,val,full_2023_2024
CAMHDA301-20230220T121500,2023-02-20,/home/jovyan/ooi/san_data/RS03ASHS-PN03B-06-CAMHDA301/2023/02/20/CAMHDA301-20230220T121500.mp4,210,0,clear,val,full_2023_2024
CAMHDA301-20230220T121500,2023-02-20,/home/jovyan/ooi/san_data/RS03ASHS-PN03B-06-CAMHDA301/2023/02/20/CAMHDA301-20230220T121500.mp4,420,0,clear,val,full_2023_2024
CAMHDA301-20230220T121500,2023-02-20,/home/jovyan/ooi/san_data/RS03ASHS-PN03B-06-CAMHDA301/2023/02/20/CAMHDA301-20230220T121500.mp4,630,0,clear,val,full_2023_2024
CAMHDA301-20230220T121500,2023-02-20,/home/jovyan/ooi/san_data/RS03ASHS-PN03B-06-CAMHDA301/2023/02/20/CAMHDA301-20230220T121500.mp4,750,0,clear,val,full_2023_2024
CAMHDA301-20230220T151500,2023-02-20,/home/jovyan/ooi/san_data/RS03ASHS-PN03B-06-CAMHDA301/2023/02/20/CAMHDA301-20230220T151500.mp4,600,0,clear,val,full_2023_2024
CAMHDA301-20230220T151500,2023-02-20,/home/jovyan/ooi/san_data/RS03ASHS-PN03B-06-CAMHDA301/2023/02/20/CAMHDA301-20230220T151500.mp4,630,0,clear,val,full_2023_2024
CAMHDA301-20230220T151500,2023-02-20,/home/jovyan/ooi/san_data/RS03ASHS-PN03B-06-CAMHDA301/2023/02/20/CAMHDA301-20230220T151500.mp4,510,0,clear,val,full_2023_2024
CAMHDA301-20230220T151500,2023-02-20,/home/jovyan/ooi/san_data/RS03ASHS-PN03B-06-CAMHDA301/2023/02/20/CAMHDA301-20230220T151500.mp4,750,0,clear,val,full_2023_2024
CAMHDA301-20230220T181500,2023-02-20,/home/jovyan/ooi/san_data/RS03ASHS-PN03B-06-CAMHDA301/2023/02/20/CAMHDA301-20230220T181500.mp4,660,0,clear,val,full_2023_2024
CAMHDA301-20230220T181500,2023-02-20,/home/jovyan/ooi/san_data/RS03ASHS-PN03B-06-CAMHDA301/2023/02/20/CAMHDA301-20230220T181500.mp4,690,0,clear,val,full_2023_2024
CAMHDA301-20230220T181500,2023-02-20,/home/jovyan/ooi/san_data/RS03ASHS-PN03B-06-CAMHDA301/2023/02/20/CAMHDA301-20230220T181500.mp4,300,0,clear,val,full_2023_2024
CAMHDA301-20230220T181500,2023-02-20,/home/jovyan/ooi/san_data/RS03ASHS-PN03B-06-CAMHDA301/2023/02/20/CAMHDA301-20230220T181500.mp4,120,0,clear,val,full_2023_2024
CAMHDA301-20230220T211500,2023-02-20,/home/jovyan/ooi/san_data/RS03ASHS-PN03B-06-CAMHDA301/2023/02/20/CAMHDA301-20230220T211500.mp4,540,0,clear,val,full_2023_2024
CAMHDA301-20230220T211500,2023-02-20,/home/jovyan/ooi/san_data/RS03ASHS-PN03B-06-CAMHDA301/2023/02/20/CAMHDA301-20230220T211500.mp4,360,0,clear,val,full_2023_2024
CAMHDA301-20230220T211500,2023-02-20,/home/jovyan/ooi/san_data/RS03ASHS-PN03B-06-CAMHDA301/2023/02/20/CAMHDA301-20230220T211500.mp4,300,0,clear,val,full_2023_2024
CAMHDA301-20230220T211500,2023-02-20,/home/jovyan/ooi/san_data/RS03ASHS-PN03B-06-CAMHDA301/2023/02/20/CAMHDA301-20230220T211500.mp4,180,0,clear,val,full_2023_2024
CAMHDA301-20230221T001500,2023-02-21,/home/jovyan/ooi/san_data/RS03ASHS-PN03B-06-CAMHDA301/2023/02/21/CAMHDA301-20230221T001500.mp4,210,1,clear,train,tuesdays_2021_2024
CAMHDA301-20230221T031500,2023-02-21,/home/jovyan/ooi/san_data/RS03ASHS-PN03B-06-CAMHDA301/2023/02/21/CAMHDA301-20230221T031500.mp4,210,1,clear,train,tuesdays_2021_2024
CAMHDA301-20230221T061500,2023-02-21,/home/jovyan/ooi/san_data/RS03ASHS-PN03B-06-CAMHDA301/2023/02/21/CAMHDA301-20230221T061500.mp4,210,1,clear,train,tuesdays_2021_2024
CAMHDA301-20230221T091500,2023-02-21,/home/jovyan/ooi/san_data/RS03ASHS-PN03B-06-CAMHDA301/2023/02/21/CAMHDA301-20230221T091500.mp4,210,1,clear,train,tuesdays_2021_2024
CAMHDA301-20230221T121500,2023-02-21,/home/jovyan/ooi/san_data/RS03ASHS-PN03B-06-CAMHDA301/2023/02/21/CAMHDA301-20230221T121500.mp4,210,1,clear,train,tuesdays_2021_2024
CAMHDA301-20230221T151500,2023-02-21,/home/jovyan/ooi/san_data/RS03ASHS-PN03B-06-CAMHDA301/2023/02/21/CAMHDA301-20230221T151500.mp4,210,1,clear,train,tuesdays_2021_2024
CAMHDA301-20230221T181500,2023-02-21,/home/jovyan/ooi/san_data/RS03ASHS-PN03B-06-CAMHDA301/2023/02/21/CAMHDA301-20230221T181500.mp4,210,1,clear,train,tuesdays_2021_2024
CAMHDA301-20230221T211500,2023-02-21,/home/jovyan/ooi/san_data/RS03ASHS-PN03B-06-CAMHDA301/2023/02/21/CAMHDA301-20230221T211500.mp4,210,1,clear,train,tuesdays_2021_2024
CAMHDA301-20230227T001500,2023-02-27,/home/jovyan/ooi/san_data/RS03ASHS-PN03B-06-CAMHDA301/2023/02/27/CAMHDA301-20230227T001500.mp4,210,0,clear,train,full_2023_2024
CAMHDA301-20230227T001500,2023-02-27,/home/jovyan/ooi/san_data/RS03ASHS-PN03B-06-CAMHDA301/2023/02/27/CAMHDA301-20230227T001500.mp4,240,0,clear,train,full_2023_2024
CAMHDA301-20230227T001500,2023-02-27,/home/jovyan/ooi/san_data/RS03ASHS-PN03B-06-CAMHDA301/2023/02/27/CAMHDA301-20230227T001500.mp4,510,0,clear,train,full_2023_2024
CAMHDA301-20230227T001500,2023-02-27,/home/jovyan/ooi/san_data/RS03ASHS-PN03B-06-CAMHDA301/2023/02/27/CAMHDA301-20230227T001500.mp4,450,0,clear,train,full_2023_2024
CAMHDA301-20230227T031500,2023-02-27,/home/jovyan/ooi/san_data/RS03ASHS-PN03B-06-CAMHDA301/2023/02/27/CAMHDA301-20230227T031500.mp4,420,1,clear,train,full_2023_2024
CAMHDA301-20230227T061500,2023-02-27,/home/jovyan/ooi/san_data/RS03ASHS-PN03B-06-CAMHDA301/2023/02/27/CAMHDA301-20230227T061500.mp4,210,1,clear,train,full_2023_2024
CAMHDA301-20230227T091500,2023-02-27,/home/jovyan/ooi/san_data/RS03ASHS-PN03B-06-CAMHDA301/2023/02/27/CAMHDA301-20230227T091500.mp4,180,1,clear,train,full_2023_2024
CAMHDA301-20230227T121500,2023-02-27,/home/jovyan/ooi/san_data/RS03ASHS-PN03B-06-CAMHDA301/2023/02/27/CAMHDA301-20230227T121500.mp4,420,1,clear,train,full_2023_2024
CAMHDA301-20230227T151500,2023-02-27,/home/jovyan/ooi/san_data/RS03ASHS-PN03B-06-CAMHDA301/2023/02/27/CAMHDA301-20230227T151500.mp4,420,1,clear,train,full_2023_2024
CAMHDA301-20230227T181500,2023-02-27,/home/jovyan/ooi/san_data/RS03ASHS-PN03B-06-CAMHDA301/2023/02/27/CAMHDA301-20230227T181500.mp4,210,1,clear,train,full_2023_2024
CAMHDA301-20230227T211500,2023-02-27,/home/jovyan/ooi/san_data/RS03ASHS-PN03B-06-CAMHDA301/2023/02/27/CAMHDA301-20230227T211500.mp4,210,1,clear,train,full_2023_2024
CAMHDA301-20230228T001500,2023-02-28,/home/jovyan/ooi/san_data/RS03ASHS-PN03B-06-CAMHDA301/2023/02/28/CAMHDA301-20230228T001500.mp4,210,1,clear,train,tuesdays_2021_2024
CAMHDA301-20230228T031500,2023-02-28,/home/jovyan/ooi/san_data/RS03ASHS-PN03B-06-CAMHDA301/2023/02/28/CAMHDA301-20230228T031500.mp4,420,1,clear,train,tuesdays_2021_2024
CAMHDA301-20230228T061500,2023-02-28,/home/jovyan/ooi/san_data/RS03ASHS-PN03B-06-CAMHDA301/2023/02/28/CAMHDA301-20230228T061500.mp4,210,1,clear,train,tuesdays_2021_2024
CAMHDA301-20230228T091500,2023-02-28,/home/jovyan/ooi/san_data/RS03ASHS-PN03B-06-CAMHDA301/2023/02/28/CAMHDA301-20230228T091500.mp4,210,1,clear,train,tuesdays_2021_2024
CAMHDA301-20230228T121500,2023-02-28,/home/jovyan/ooi/san_data/RS03ASHS-PN03B-06-CAMHDA301/2023/02/28/CAMHDA301-20230228T121500.mp4,210,1,clear,train,tuesdays_2021_2024
CAMHDA301-20230228T151500,2023-02-28,/home/jovyan/ooi/san_data/RS03ASHS-PN03B-06-CAMHDA301/2023/02/28/CAMHDA301-20230228T151500.mp4,210,1,clear,train,tuesdays_2021_2024
CAMHDA301-20230228T181500,2023-02-28,/home/jovyan/ooi/san_data/RS03ASHS-PN03B-06-CAMHDA301/2023/02/28/CAMHDA301-20230228T181500.mp4,210,1,clear,train,tuesdays_2021_2024
CAMHDA301-20230228T211500,2023-02-28,/home/jovyan/ooi/san_data/RS03ASHS-PN03B-06-CAMHDA301/2023/02/28/CAMHDA301-20230228T211500.mp4,210,1,clear,train,tuesdays_2021_2024
CAMHDA301-20230306T031500,2023-03-06,/home/jovyan/ooi/san_data/RS03ASHS-PN03B-06-CAMHDA301/2023/03/06/CAMHDA301-20230306T031500.mp4,210,1,clear,val,full_2023_2024
CAMHDA301-20230306T061500,2023-03-06,/home/jovyan/ooi/san_data/RS03ASHS-PN03B-06-CAMHDA301/2023/03/06/CAMHDA301-20230306T061500.mp4,180,1,clear,val,full_2023_2024
CAMHDA301-20230306T091500,2023-03-06,/home/jovyan/ooi/san_data/RS03ASHS-PN03B-06-CAMHDA301/2023/03/06/CAMHDA301-20230306T091500.mp4,210,1,clear,val,full_2023_2024
CAMHDA301-20230306T121500,2023-03-06,/home/jovyan/ooi/san_data/RS03ASHS-PN03B-06-CAMHDA301/2023/03/06/CAMHDA301-20230306T121500.mp4,210,1,clear,val,full_2023_2024
CAMHDA301-20230306T181500,2023-03-06,/home/jovyan/ooi/san_data/RS03ASHS-PN03B-06-CAMHDA301/2023/03/06/CAMHDA301-20230306T181500.mp4,420,1,clear,val,full_2023_2024
CAMHDA301-20230306T211500,2023-03-06,/home/jovyan/ooi/san_data/RS03ASHS-PN03B-06-CAMHDA301/2023/03/06/CAMHDA301-20230306T211500.mp4,420,1,clear,val,full_2023_2024
CAMHDA301-20230307T031500,2023-03-07,/home/jovyan/ooi/san_data/RS03ASHS-PN03B-06-CAMHDA301/2023/03/07/CAMHDA301-20230307T031500.mp4,210,1,clear,val,tuesdays_2021_2024
CAMHDA301-20230307T061500,2023-03-07,/home/jovyan/ooi/san_data/RS03ASHS-PN03B-06-CAMHDA301/2023/03/07/CAMHDA301-20230307T061500.mp4,180,1,clear,val,tuesdays_2021_2024
CAMHDA301-20230307T091500,2023-03-07,/home/jovyan/ooi/san_data/RS03ASHS-PN03B-06-CAMHDA301/2023/03/07/CAMHDA301-20230307T091500.mp4,210,1,clear,val,tuesdays_2021_2024
CAMHDA301-20230307T121500,2023-03-07,/home/jovyan/ooi/san_data/RS03ASHS-PN03B-06-CAMHDA301/2023/03/07/CAMHDA301-20230307T121500.mp4,210,1,clear,val,tuesdays_2021_2024
CAMHDA301-20230307T151500,2023-03-07,/home/jovyan/ooi/san_data/RS03ASHS-PN03B-06-CAMHDA301/2023/03/07/CAMHDA301-20230307T151500.mp4,210,1,clear,val,tuesdays_2021_2024
CAMHDA301-20230307T211500,2023-03-07,/home/jovyan/ooi/san_data/RS03ASHS-PN03B-06-CAMHDA301/2023/03/07/CAMHDA301-20230307T211500.mp4,210,1,clear,val,tuesdays_2021_2024
CAMHDA301-20230313T001500,2023-03-13,/home/jovyan/ooi/san_data/RS03ASHS-PN03B-06-CAMHDA301/2023/03/13/CAMHDA301-20230313T001500.mp4,210,1,clear,train,full_2023_2024
CAMHDA301-20230313T031500,2023-03-13,/home/jovyan/ooi/san_data/RS03ASHS-PN03B-06-CAMHDA301/2023/03/13/CAMHDA301-20230313T031500.mp4,210,1,clear,train,full_2023_2024
CAMHDA301-20230313T061500,2023-03-13,/home/jovyan/ooi/san_data/RS03ASHS-PN03B-06-CAMHDA301/2023/03/13/CAMHDA301-20230313T061500.mp4,210,1,clear,train,full_2023_2024
CAMHDA301-20230313T091500,2023-03-13,/home/jovyan/ooi/san_data/RS03ASHS-PN03B-06-CAMHDA301/2023/03/13/CAMHDA301-20230313T091500.mp4,210,1,clear,train,full_2023_2024
CAMHDA301-20230313T121500,2023-03-13,/home/jovyan/ooi/san_data/RS03ASHS-PN03B-06-CAMHDA301/2023/03/13/CAMHDA301-20230313T121500.mp4,420,1,clear,train,full_2023_2024
CAMHDA301-20230313T151500,2023-03-13,/home/jovyan/ooi/san_data/RS03ASHS-PN03B-06-CAMHDA301/2023/03/13/CAMHDA301-20230313T151500.mp4,420,1,clear,train,full_2023_2024
CAMHDA301-20230313T181500,2023-03-13,/home/jovyan/ooi/san_data/RS03ASHS-PN03B-06-CAMHDA301/2023/03/13/CAMHDA301-20230313T181500.mp4,180,1,clear,train,full_2023_2024
CAMHDA301-20230314T031500,2023-03-14,/home/jovyan/ooi/san_data/RS03ASHS-PN03B-06-CAMHDA301/2023/03/14/CAMHDA301-20230314T031500.mp4,210,1,clear,train,tuesdays_2021_2024
CAMHDA301-20230314T061500,2023-03-14,/home/jovyan/ooi/san_data/RS03ASHS-PN03B-06-CAMHDA301/2023/03/14/CAMHDA301-20230314T061500.mp4,210,1,clear,train,tuesdays_2021_2024
CAMHDA301-20230314T121500,2023-03-14,/home/jovyan/ooi/san_data/RS03ASHS-PN03B-06-CAMHDA301/2023/03/14/CAMHDA301-20230314T121500.mp4,210,1,clear,train,tuesdays_2021_2024
CAMHDA301-20230314T151500,2023-03-14,/home/jovyan/ooi/san_data/RS03ASHS-PN03B-06-CAMHDA301/2023/03/14/CAMHDA301-20230314T151500.mp4,180,1,clear,train,tuesdays_2021_2024
CAMHDA301-20230314T211500,2023-03-14,/home/jovyan/ooi/san_data/RS03ASHS-PN03B-06-CAMHDA301/2023/03/14/CAMHDA301-20230314T211500.mp4,210,1,clear,train,tuesdays_2021_2024
CAMHDA301-20230320T001500,2023-03-20,/home/jovyan/ooi/san_data/RS03ASHS-PN03B-06-CAMHDA301/2023/03/20/CAMHDA301-20230320T001500.mp4,300,0,clear,val,full_2023_2024
CAMHDA301-20230320T001500,2023-03-20,/home/jovyan/ooi/san_data/RS03ASHS-PN03B-06-CAMHDA301/2023/03/20/CAMHDA301-20230320T001500.mp4,330,0,clear,val,full_2023_2024
CAMHDA301-20230320T001500,2023-03-20,/home/jovyan/ooi/san_data/RS03ASHS-PN03B-06-CAMHDA301/2023/03/20/CAMHDA301-20230320T001500.mp4,450,0,clear,val,full_2023_2024
CAMHDA301-20230320T001500,2023-03-20,/home/jovyan/ooi/san_data/RS03ASHS-PN03B-06-CAMHDA301/2023/03/20/CAMHDA301-20230320T001500.mp4,360,0,clear,val,full_2023_2024
CAMHDA301-20230320T031500,2023-03-20,/home/jovyan/ooi/san_data/RS03ASHS-PN03B-06-CAMHDA301/2023/03/20/CAMHDA301-20230320T031500.mp4,420,1,clear,val,full_2023_2024
CAMHDA301-20230320T061500,2023-03-20,/home/jovyan/ooi/san_data/RS03ASHS-PN03B-06-CAMHDA301/2023/03/20/CAMHDA301-20230320T061500.mp4,210,0,clear,val,full_2023_2024
CAMHDA301-20230320T061500,2023-03-20,/home/jovyan/ooi/san_data/RS03ASHS-PN03B-06-CAMHDA301/2023/03/20/CAMHDA301-20230320T061500.mp4,630,0,clear,val,full_2023_2024
CAMHDA301-20230320T061500,2023-03-20,/home/jovyan/ooi/san_data/RS03ASHS-PN03B-06-CAMHDA301/2023/03/20/CAMHDA301-20230320T061500.mp4,750,0,clear,val,full_2023_2024
CAMHDA301-20230320T061500,2023-03-20,/home/jovyan/ooi/san_data/RS03ASHS-PN03B-06-CAMHDA301/2023/03/20/CAMHDA301-20230320T061500.mp4,120,0,clear,val,full_2023_2024
CAMHDA301-20230320T091500,2023-03-20,/home/jovyan/ooi/san_data/RS03ASHS-PN03B-06-CAMHDA301/2023/03/20/CAMHDA301-20230320T091500.mp4,690,0,clear,val,full_2023_2024
CAMHDA301-20230320T091500,2023-03-20,/home/jovyan/ooi/san_data/RS03ASHS-PN03B-06-CAMHDA301/2023/03/20/CAMHDA301-20230320T091500.mp4,480,0,clear,val,full_2023_2024
CAMHDA301-20230320T091500,2023-03-20,/home/jovyan/ooi/san_data/RS03ASHS-PN03B-06-CAMHDA301/2023/03/20/CAMHDA301-20230320T091500.mp4,240,0,clear,val,full_2023_2024
CAMHDA301-20230320T091500,2023-03-20,/home/jovyan/ooi/san_data/RS03ASHS-PN03B-06-CAMHDA301/2023/03/20/CAMHDA301-20230320T091500.mp4,150,0,clear,val,full_2023_2024
CAMHDA301-20230320T121500,2023-03-20,/home/jovyan/ooi/san_data/RS03ASHS-PN03B-06-CAMHDA301/2023/03/20/CAMHDA301-20230320T121500.mp4,180,0,clear,val,full_2023_2024
CAMHDA301-20230320T121500,2023-03-20,/home/jovyan/ooi/san_data/RS03ASHS-PN03B-06-CAMHDA301/2023/03/20/CAMHDA301-20230320T121500.mp4,270,0,clear,val,full_2023_2024
CAMHDA301-20230320T121500,2023-03-20,/home/jovyan/ooi/san_data/RS03ASHS-PN03B-06-CAMHDA301/2023/03/20/CAMHDA301-20230320T121500.mp4,840,0,clear,val,full_2023_2024
CAMHDA301-20230320T121500,2023-03-20,/home/jovyan/ooi/san_data/RS03ASHS-PN03B-06-CAMHDA301/2023/03/20/CAMHDA301-20230320T121500.mp4,150,0,clear,val,full_2023_2024
CAMHDA301-20230320T151500,2023-03-20,/home/jovyan/ooi/san_data/RS03ASHS-PN03B-06-CAMHDA301/2023/03/20/CAMHDA301-20230320T151500.mp4,540,0,clear,val,full_2023_2024
CAMHDA301-20230320T151500,2023-03-20,/home/jovyan/ooi/san_data/RS03ASHS-PN03B-06-CAMHDA301/2023/03/20/CAMHDA301-20230320T151500.mp4,90,0,clear,val,full_2023_2024
CAMHDA301-20230320T151500,2023-03-20,/home/jovyan/ooi/san_data/RS03ASHS-PN03B-06-CAMHDA301/2023/03/20/CAMHDA301-20230320T151500.mp4,480,0,clear,val,full_2023_2024
CAMHDA301-20230320T151500,2023-03-20,/home/jovyan/ooi/san_data/RS03ASHS-PN03B-06-CAMHDA301/2023/03/20/CAMHDA301-20230320T151500.mp4,840,0,clear,val,full_2023_2024
CAMHDA301-20230320T181500,2023-03-20,/home/jovyan/ooi/san_data/RS03ASHS-PN03B-06-CAMHDA301/2023/03/20/CAMHDA301-20230320T181500.mp4,120,0,clear,val,full_2023_2024
CAMHDA301-20230320T181500,2023-03-20,/home/jovyan/ooi/san_data/RS03ASHS-PN03B-06-CAMHDA301/2023/03/20/CAMHDA301-20230320T181500.mp4,840,0,clear,val,full_2023_2024
CAMHDA301-20230320T181500,2023-03-20,/home/jovyan/ooi/san_data/RS03ASHS-PN03B-06-CAMHDA301/2023/03/20/CAMHDA301-20230320T181500.mp4,300,0,clear,val,full_2023_2024
CAMHDA301-20230320T181500,2023-03-20,/home/jovyan/ooi/san_data/RS03ASHS-PN03B-06-CAMHDA301/2023/03/20/CAMHDA301-20230320T181500.mp4,390,0,clear,val,full_2023_2024
CAMHDA301-20230320T211500,2023-03-20,/home/jovyan/ooi/san_data/RS03ASHS-PN03B-06-CAMHDA301/2023/03/20/CAMHDA301-20230320T211500.mp4,180,0,clear,val,full_2023_2024
CAMHDA301-20230320T211500,2023-03-20,/home/jovyan/ooi/san_data/RS03ASHS-PN03B-06-CAMHDA301/2023/03/20/CAMHDA301-20230320T211500.mp4,750,0,clear,val,full_2023_2024
CAMHDA301-20230320T211500,2023-03-20,/home/jovyan/ooi/san_data/RS03ASHS-PN03B-06-CAMHDA301/2023/03/20/CAMHDA301-20230320T211500.mp4,840,0,clear,val,full_2023_2024
CAMHDA301-20230320T211500,2023-03-20,/home/jovyan/ooi/san_data/RS03ASHS-PN03B-06-CAMHDA301/2023/03/20/CAMHDA301-20230320T211500.mp4,600,0,clear,val,full_2023_2024
CAMHDA301-20230321T001500,2023-03-21,/home/jovyan/ooi/san_data/RS03ASHS-PN03B-06-CAMHDA301/2023/03/21/CAMHDA301-20230321T001500.mp4,210,1,clear,train,tuesdays_2021_2024
CAMHDA301-20230321T031500,2023-03-21,/home/jovyan/ooi/san_data/RS03ASHS-PN03B-06-CAMHDA301/2023/03/21/CAMHDA301-20230321T031500.mp4,210,1,clear,train,tuesdays_2021_2024
CAMHDA301-20230321T061500,2023-03-21,/home/jovyan/ooi/san_data/RS03ASHS-PN03B-06-CAMHDA301/2023/03/21/CAMHDA301-20230321T061500.mp4,210,1,clear,train,tuesdays_2021_2024
CAMHDA301-20230321T091500,2023-03-21,/home/jovyan/ooi/san_data/RS03ASHS-PN03B-06-CAMHDA301/2023/03/21/CAMHDA301-20230321T091500.mp4,210,1,clear,train,tuesdays_2021_2024
CAMHDA301-20230321T121500,2023-03-21,/home/jovyan/ooi/san_data/RS03ASHS-PN03B-06-CAMHDA301/2023/03/21/CAMHDA301-20230321T121500.mp4,210,1,clear,train,tuesdays_2021_2024
CAMHDA301-20230321T181500,2023-03-21,/home/jovyan/ooi/san_data/RS03ASHS-PN03B-06-CAMHDA301/2023/03/21/CAMHDA301-20230321T181500.mp4,210,1,clear,train,tuesdays_2021_2024
CAMHDA301-20230327T001500,2023-03-27,/home/jovyan/ooi/san_data/RS03ASHS-PN03B-06-CAMHDA301/2023/03/27/CAMHDA301-20230327T001500.mp4,120,0,clear,train,full_2023_2024
CAMHDA301-20230327T001500,2023-03-27,/home/jovyan/ooi/san_data/RS03ASHS-PN03B-06-CAMHDA301/2023/03/27/CAMHDA301-20230327T001500.mp4,480,0,clear,train,full_2023_2024
CAMHDA301-20230327T001500,2023-03-27,/home/jovyan/ooi/san_data/RS03ASHS-PN03B-06-CAMHDA301/2023/03/27/CAMHDA301-20230327T001500.mp4,570,0,clear,train,full_2023_2024
CAMHDA301-20230327T001500,2023-03-27,/home/jovyan/ooi/san_data/RS03ASHS-PN03B-06-CAMHDA301/2023/03/27/CAMHDA301-20230327T001500.mp4,840,0,clear,train,full_2023_2024
CAMHDA301-20230327T091500,2023-03-27,/home/jovyan/ooi/san_data/RS03ASHS-PN03B-06-CAMHDA301/2023/03/27/CAMHDA301-20230327T091500.mp4,210,1,clear,train,full_2023_2024
CAMHDA301-20230327T121500,2023-03-27,/home/jovyan/ooi/san_data/RS03ASHS-PN03B-06-CAMHDA301/2023/03/27/CAMHDA301-20230327T121500.mp4,420,1,clear,train,full_2023_2024
CAMHDA301-20230327T151500,2023-03-27,/home/jovyan/ooi/san_data/RS03ASHS-PN03B-06-CAMHDA301/2023/03/27/CAMHDA301-20230327T151500.mp4,210,1,clear,train,full_2023_2024
CAMHDA301-20230327T181500,2023-03-27,/home/jovyan/ooi/san_data/RS03ASHS-PN03B-06-CAMHDA301/2023/03/27/CAMHDA301-20230327T181500.mp4,210,1,clear,train,full_2023_2024
CAMHDA301-20230327T211500,2023-03-27,/home/jovyan/ooi/san_data/RS03ASHS-PN03B-06-CAMHDA301/2023/03/27/CAMHDA301-20230327T211500.mp4,210,1,clear,train,full_2023_2024
CAMHDA301-20230328T001500,2023-03-28,/home/jovyan/ooi/san_data/RS03ASHS-PN03B-06-CAMHDA301/2023/03/28/CAMHDA301-20230328T001500.mp4,210,1,clear,train,tuesdays_2021_2024
CAMHDA301-20230328T031500,2023-03-28,/home/jovyan/ooi/san_data/RS03ASHS-PN03B-06-CAMHDA301/2023/03/28/CAMHDA301-20230328T031500.mp4,210,1,clear,train,tuesdays_2021_2024
CAMHDA301-20230328T091500,2023-03-28,/home/jovyan/ooi/san_data/RS03ASHS-PN03B-06-CAMHDA301/2023/03/28/CAMHDA301-20230328T091500.mp4,210,1,clear,train,tuesdays_2021_2024
CAMHDA301-20230328T121500,2023-03-28,/home/jovyan/ooi/san_data/RS03ASHS-PN03B-06-CAMHDA301/2023/03/28/CAMHDA301-20230328T121500.mp4,210,1,clear,train,tuesdays_2021_2024
CAMHDA301-20230328T181500,2023-03-28,/home/jovyan/ooi/san_data/RS03ASHS-PN03B-06-CAMHDA301/2023/03/28/CAMHDA301-20230328T181500.mp4,210,1,clear,train,tuesdays_2021_2024
CAMHDA301-20230328T211500,2023-03-28,/home/jovyan/ooi/san_data/RS03ASHS-PN03B-06-CAMHDA301/2023/03/28/CAMHDA301-20230328T211500.mp4,210,1,clear,train,tuesdays_2021_2024
CAMHDA301-20230403T001500,2023-04-03,/home/jovyan/ooi/san_data/RS03ASHS-PN03B-06-CAMHDA301/2023/04/03/CAMHDA301-20230403T001500.mp4,30,0,clear,val,full_2023_2024
CAMHDA301-20230403T001500,2023-04-03,/home/jovyan/ooi/san_data/RS03ASHS-PN03B-06-CAMHDA301/2023/04/03/CAMHDA301-20230403T001500.mp4,330,0,clear,val,full_2023_2024
CAMHDA301-20230403T001500,2023-04-03,/home/jovyan/ooi/san_data/RS03ASHS-PN03B-06-CAMHDA301/2023/04/03/CAMHDA301-20230403T001500.mp4,270,0,clear,val,full_2023_2024
CAMHDA301-20230403T001500,2023-04-03,/home/jovyan/ooi/san_data/RS03ASHS-PN03B-06-CAMHDA301/2023/04/03/CAMHDA301-20230403T001500.mp4,120,0,clear,val,full_2023_2024
CAMHDA301-20230403T031500,2023-04-03,/home/jovyan/ooi/san_data/RS03ASHS-PN03B-06-CAMHDA301/2023/04/03/CAMHDA301-20230403T031500.mp4,540,0,clear,val,full_2023_2024
CAMHDA301-20230403T031500,2023-04-03,/home/jovyan/ooi/san_data/RS03ASHS-PN03B-06-CAMHDA301/2023/04/03/CAMHDA301-20230403T031500.mp4,810,0,clear,val,full_2023_2024
CAMHDA301-20230403T031500,2023-04-03,/home/jovyan/ooi/san_data/RS03ASHS-PN03B-06-CAMHDA301/2023/04/03/CAMHDA301-20230403T031500.mp4,630,0,clear,val,full_2023_2024
CAMHDA301-20230403T031500,2023-04-03,/home/jovyan/ooi/san_data/RS03ASHS-PN03B-06-CAMHDA301/2023/04/03/CAMHDA301-20230403T031500.mp4,210,0,clear,val,full_2023_2024
CAMHDA301-20230403T061500,2023-04-03,/home/jovyan/ooi/san_data/RS03ASHS-PN03B-06-CAMHDA301/2023/04/03/CAMHDA301-20230403T061500.mp4,390,0,clear,val,full_2023_2024
CAMHDA301-20230403T061500,2023-04-03,/home/jovyan/ooi/san_data/RS03ASHS-PN03B-06-CAMHDA301/2023/04/03/CAMHDA301-20230403T061500.mp4,540,0,clear,val,full_2023_2024
CAMHDA301-20230403T061500,2023-04-03,/home/jovyan/ooi/san_data/RS03ASHS-PN03B-06-CAMHDA301/2023/04/03/CAMHDA301-20230403T061500.mp4,810,0,clear,val,full_2023_2024
CAMHDA301-20230403T061500,2023-04-03,/home/jovyan/ooi/san_data/RS03ASHS-PN03B-06-CAMHDA301/2023/04/03/CAMHDA301-20230403T061500.mp4,90,0,clear,val,full_2023_2024
CAMHDA301-20230403T091500,2023-04-03,/home/jovyan/ooi/san_data/RS03ASHS-PN03B-06-CAMHDA301/2023/04/03/CAMHDA301-20230403T091500.mp4,540,0,clear,val,full_2023_2024
CAMHDA301-20230403T091500,2023-04-03,/home/jovyan/ooi/san_data/RS03ASHS-PN03B-06-CAMHDA301/2023/04/03/CAMHDA301-20230403T091500.mp4,480,0,clear,val,full_2023_2024
CAMHDA301-20230403T091500,2023-04-03,/home/jovyan/ooi/san_data/RS03ASHS-PN03B-06-CAMHDA301/2023/04/03/CAMHDA301-20230403T091500.mp4,450,0,clear,val,full_2023_2024
CAMHDA301-20230403T091500,2023-04-03,/home/jovyan/ooi/san_data/RS03ASHS-PN03B-06-CAMHDA301/2023/04/03/CAMHDA301-20230403T091500.mp4,120,0,clear,val,full_2023_2024
CAMHDA301-20230403T121500,2023-04-03,/home/jovyan/ooi/san_data/RS03ASHS-PN03B-06-CAMHDA301/2023/04/03/CAMHDA301-20230403T121500.mp4,270,0,clear,val,full_2023_2024
CAMHDA301-20230403T121500,2023-04-03,/home/jovyan/ooi/san_data/RS03ASHS-PN03B-06-CAMHDA301/2023/04/03/CAMHDA301-20230403T121500.mp4,840,0,clear,val,full_2023_2024
CAMHDA301-20230403T121500,2023-04-03,/home/jovyan/ooi/san_data/RS03ASHS-PN03B-06-CAMHDA301/2023/04/03/CAMHDA301-20230403T121500.mp4,540,0,clear,val,full_2023_2024
CAMHDA301-20230403T121500,2023-04-03,/home/jovyan/ooi/san_data/RS03ASHS-PN03B-06-CAMHDA301/2023/04/03/CAMHDA301-20230403T121500.mp4,600,0,clear,val,full_2023_2024
CAMHDA301-20230403T151500,2023-04-03,/home/jovyan/ooi/san_data/RS03ASHS-PN03B-06-CAMHDA301/2023/04/03/CAMHDA301-20230403T151500.mp4,360,0,clear,val,full_2023_2024
CAMHDA301-20230403T151500,2023-04-03,/home/jovyan/ooi/san_data/RS03ASHS-PN03B-06-CAMHDA301/2023/04/03/CAMHDA301-20230403T151500.mp4,750,0,clear,val,full_2023_2024
CAMHDA301-20230403T151500,2023-04-03,/home/jovyan/ooi/san_data/RS03ASHS-PN03B-06-CAMHDA301/2023/04/03/CAMHDA301-20230403T151500.mp4,150,0,clear,val,full_2023_2024
CAMHDA301-20230403T151500,2023-04-03,/home/jovyan/ooi/san_data/RS03ASHS-PN03B-06-CAMHDA301/2023/04/03/CAMHDA301-20230403T151500.mp4,570,0,clear,val,full_2023_2024
CAMHDA301-20230403T181500,2023-04-03,/home/jovyan/ooi/san_data/RS03ASHS-PN03B-06-CAMHDA301/2023/04/03/CAMHDA301-20230403T181500.mp4,480,0,clear,val,full_2023_2024
CAMHDA301-20230403T181500,2023-04-03,/home/jovyan/ooi/san_data/RS03ASHS-PN03B-06-CAMHDA301/2023/04/03/CAMHDA301-20230403T181500.mp4,750,0,clear,val,full_2023_2024
CAMHDA301-20230403T181500,2023-04-03,/home/jovyan/ooi/san_data/RS03ASHS-PN03B-06-CAMHDA301/2023/04/03/CAMHDA301-20230403T181500.mp4,450,0,clear,val,full_2023_2024
CAMHDA301-20230403T181500,2023-04-03,/home/jovyan/ooi/san_data/RS03ASHS-PN03B-06-CAMHDA301/2023/04/03/CAMHDA301-20230403T181500.mp4,60,0,clear,val,full_2023_2024
CAMHDA301-20230403T211500,2023-04-03,/home/jovyan/ooi/san_data/RS03ASHS-PN03B-06-CAMHDA301/2023/04/03/CAMHDA301-20230403T211500.mp4,750,0,clear,val,full_2023_2024
CAMHDA301-20230403T211500,2023-04-03,/home/jovyan/ooi/san_data/RS03ASHS-PN03B-06-CAMHDA301/2023/04/03/CAMHDA301-20230403T211500.mp4,780,0,clear,val,full_2023_2024
CAMHDA301-20230403T211500,2023-04-03,/home/jovyan/ooi/san_data/RS03ASHS-PN03B-06-CAMHDA301/2023/04/03/CAMHDA301-20230403T211500.mp4,330,0,clear,val,full_2023_2024
CAMHDA301-20230403T211500,2023-04-03,/home/jovyan/ooi/san_data/RS03ASHS-PN03B-06-CAMHDA301/2023/04/03/CAMHDA301-20230403T211500.mp4,300,0,clear,val,full_2023_2024
CAMHDA301-20230404T001500,2023-04-04,/home/jovyan/ooi/san_data/RS03ASHS-PN03B-06-CAMHDA301/2023/04/04/CAMHDA301-20230404T001500.mp4,210,1,clear,train,tuesdays_2021_2024
CAMHDA301-20230404T031500,2023-04-04,/home/jovyan/ooi/san_data/RS03ASHS-PN03B-06-CAMHDA301/2023/04/04/CAMHDA301-20230404T031500.mp4,210,1,clear,train,tuesdays_2021_2024
CAMHDA301-20230404T061500,2023-04-04,/home/jovyan/ooi/san_data/RS03ASHS-PN03B-06-CAMHDA301/2023/04/04/CAMHDA301-20230404T061500.mp4,210,1,clear,train,tuesdays_2021_2024
CAMHDA301-20230404T091500,2023-04-04,/home/jovyan/ooi/san_data/RS03ASHS-PN03B-06-CAMHDA301/2023/04/04/CAMHDA301-20230404T091500.mp4,210,1,clear,train,tuesdays_2021_2024
CAMHDA301-20230404T121500,2023-04-04,/home/jovyan/ooi/san_data/RS03ASHS-PN03B-06-CAMHDA301/2023/04/04/CAMHDA301-20230404T121500.mp4,210,1,clear,train,tuesdays_2021_2024
CAMHDA301-20230404T181500,2023-04-04,/home/jovyan/ooi/san_data/RS03ASHS-PN03B-06-CAMHDA301/2023/04/04/CAMHDA301-20230404T181500.mp4,210,1,clear,train,tuesdays_2021_2024
CAMHDA301-20230404T211500,2023-04-04,/home/jovyan/ooi/san_data/RS03ASHS-PN03B-06-CAMHDA301/2023/04/04/CAMHDA301-20230404T211500.mp4,210,1,clear,train,tuesdays_2021_2024
CAMHDA301-20230410T001500,2023-04-10,/home/jovyan/ooi/san_data/RS03ASHS-PN03B-06-CAMHDA301/2023/04/10/CAMHDA301-20230410T001500.mp4,660,0,clear,train,full_2023_2024
CAMHDA301-20230410T001500,2023-04-10,/home/jovyan/ooi/san_data/RS03ASHS-PN03B-06-CAMHDA301/2023/04/10/CAMHDA301-20230410T001500.mp4,180,0,clear,train,full_2023_2024
CAMHDA301-20230410T001500,2023-04-10,/home/jovyan/ooi/san_data/RS03ASHS-PN03B-06-CAMHDA301/2023/04/10/CAMHDA301-20230410T001500.mp4,420,0,clear,train,full_2023_2024
CAMHDA301-20230410T001500,2023-04-10,/home/jovyan/ooi/san_data/RS03ASHS-PN03B-06-CAMHDA301/2023/04/10/CAMHDA301-20230410T001500.mp4,480,0,clear,train,full_2023_2024
CAMHDA301-20230410T031500,2023-04-10,/home/jovyan/ooi/san_data/RS03ASHS-PN03B-06-CAMHDA301/2023/04/10/CAMHDA301-20230410T031500.mp4,420,1,clear,train,full_2023_2024
CAMHDA301-20230410T061500,2023-04-10,/home/jovyan/ooi/san_data/RS03ASHS-PN03B-06-CAMHDA301/2023/04/10/CAMHDA301-20230410T061500.mp4,630,0,clear,train,full_2023_2024
CAMHDA301-20230410T061500,2023-04-10,/home/jovyan/ooi/san_data/RS03ASHS-PN03B-06-CAMHDA301/2023/04/10/CAMHDA301-20230410T061500.mp4,480,0,clear,train,full_2023_2024
CAMHDA301-20230410T061500,2023-04-10,/home/jovyan/ooi/san_data/RS03ASHS-PN03B-06-CAMHDA301/2023/04/10/CAMHDA301-20230410T061500.mp4,450,0,clear,train,full_2023_2024
CAMHDA301-20230410T061500,2023-04-10,/home/jovyan/ooi/san_data/RS03ASHS-PN03B-06-CAMHDA301/2023/04/10/CAMHDA301-20230410T061500.mp4,600,0,clear,train,full_2023_2024
CAMHDA301-20230410T091500,2023-04-10,/home/jovyan/ooi/san_data/RS03ASHS-PN03B-06-CAMHDA301/2023/04/10/CAMHDA301-20230410T091500.mp4,630,0,clear,train,full_2023_2024
CAMHDA301-20230410T091500,2023-04-10,/home/jovyan/ooi/san_data/RS03ASHS-PN03B-06-CAMHDA301/2023/04/10/CAMHDA301-20230410T091500.mp4,60,0,clear,train,full_2023_2024
CAMHDA301-20230410T091500,2023-04-10,/home/jovyan/ooi/san_data/RS03ASHS-PN03B-06-CAMHDA301/2023/04/10/CAMHDA301-20230410T091500.mp4,30,0,clear,train,full_2023_2024
CAMHDA301-20230410T091500,2023-04-10,/home/jovyan/ooi/san_data/RS03ASHS-PN03B-06-CAMHDA301/2023/04/10/CAMHDA301-20230410T091500.mp4,690,0,clear,train,full_2023_2024
CAMHDA301-20230410T121500,2023-04-10,/home/jovyan/ooi/san_data/RS03ASHS-PN03B-06-CAMHDA301/2023/04/10/CAMHDA301-20230410T121500.mp4,540,0,clear,train,full_2023_2024
CAMHDA301-20230410T121500,2023-04-10,/home/jovyan/ooi/san_data/RS03ASHS-PN03B-06-CAMHDA301/2023/04/10/CAMHDA301-20230410T121500.mp4,750,0,clear,train,full_2023_2024
CAMHDA301-20230410T121500,2023-04-10,/home/jovyan/ooi/san_data/RS03ASHS-PN03B-06-CAMHDA301/2023/04/10/CAMHDA301-20230410T121500.mp4,330,0,clear,train,full_2023_2024
CAMHDA301-20230410T121500,2023-04-10,/home/jovyan/ooi/san_data/RS03ASHS-PN03B-06-CAMHDA301/2023/04/10/CAMHDA301-20230410T121500.mp4,390,0,clear,train,full_2023_2024
CAMHDA301-20230410T151500,2023-04-10,/home/jovyan/ooi/san_data/RS03ASHS-PN03B-06-CAMHDA301/2023/04/10/CAMHDA301-20230410T151500.mp4,90,0,clear,train,full_2023_2024
CAMHDA301-20230410T151500,2023-04-10,/home/jovyan/ooi/san_data/RS03ASHS-PN03B-06-CAMHDA301/2023/04/10/CAMHDA301-20230410T151500.mp4,630,0,clear,train,full_2023_2024
CAMHDA301-20230410T151500,2023-04-10,/home/jovyan/ooi/san_data/RS03ASHS-PN03B-06-CAMHDA301/2023/04/10/CAMHDA301-20230410T151500.mp4,330,0,clear,train,full_2023_2024
CAMHDA301-20230410T151500,2023-04-10,/home/jovyan/ooi/san_data/RS03ASHS-PN03B-06-CAMHDA301/2023/04/10/CAMHDA301-20230410T151500.mp4,210,0,clear,train,full_2023_2024
CAMHDA301-20230410T181500,2023-04-10,/home/jovyan/ooi/san_data/RS03ASHS-PN03B-06-CAMHDA301/2023/04/10/CAMHDA301-20230410T181500.mp4,810,0,clear,train,full_2023_2024
CAMHDA301-20230410T181500,2023-04-10,/home/jovyan/ooi/san_data/RS03ASHS-PN03B-06-CAMHDA301/2023/04/10/CAMHDA301-20230410T181500.mp4,390,0,clear,train,full_2023_2024
CAMHDA301-20230410T181500,2023-04-10,/home/jovyan/ooi/san_data/RS03ASHS-PN03B-06-CAMHDA301/2023/04/10/CAMHDA301-20230410T181500.mp4,120,0,clear,train,full_2023_2024
CAMHDA301-20230410T181500,2023-04-10,/home/jovyan/ooi/san_data/RS03ASHS-PN03B-06-CAMHDA301/2023/04/10/CAMHDA301-20230410T181500.mp4,90,0,clear,train,full_2023_2024
CAMHDA301-20230410T211500,2023-04-10,/home/jovyan/ooi/san_data/RS03ASHS-PN03B-06-CAMHDA301/2023/04/10/CAMHDA301-20230410T211500.mp4,480,0,clear,train,full_2023_2024
CAMHDA301-20230410T211500,2023-04-10,/home/jovyan/ooi/san_data/RS03ASHS-PN03B-06-CAMHDA301/2023/04/10/CAMHDA301-20230410T211500.mp4,330,0,clear,train,full_2023_2024
CAMHDA301-20230410T211500,2023-04-10,/home/jovyan/ooi/san_data/RS03ASHS-PN03B-06-CAMHDA301/2023/04/10/CAMHDA301-20230410T211500.mp4,240,0,clear,train,full_2023_2024
CAMHDA301-20230410T211500,2023-04-10,/home/jovyan/ooi/san_data/RS03ASHS-PN03B-06-CAMHDA301/2023/04/10/CAMHDA301-20230410T211500.mp4,270,0,clear,train,full_2023_2024
CAMHDA301-20230411T001500,2023-04-11,/home/jovyan/ooi/san_data/RS03ASHS-PN03B-06-CAMHDA301/2023/04/11/CAMHDA301-20230411T001500.mp4,210,1,clear,test,tuesdays_2021_2024
CAMHDA301-20230411T031500,2023-04-11,/home/jovyan/ooi/san_data/RS03ASHS-PN03B-06-CAMHDA301/2023/04/11/CAMHDA301-20230411T031500.mp4,210,1,clear,test,tuesdays_2021_2024
CAMHDA301-20230411T091500,2023-04-11,/home/jovyan/ooi/san_data/RS03ASHS-PN03B-06-CAMHDA301/2023/04/11/CAMHDA301-20230411T091500.mp4,210,1,clear,test,tuesdays_2021_2024
CAMHDA301-20230411T121500,2023-04-11,/home/jovyan/ooi/san_data/RS03ASHS-PN03B-06-CAMHDA301/2023/04/11/CAMHDA301-20230411T121500.mp4,210,1,clear,test,tuesdays_2021_2024
CAMHDA301-20230411T151500,2023-04-11,/home/jovyan/ooi/san_data/RS03ASHS-PN03B-06-CAMHDA301/2023/04/11/CAMHDA301-20230411T151500.mp4,210,1,clear,test,tuesdays_2021_2024
CAMHDA301-20230411T181500,2023-04-11,/home/jovyan/ooi/san_data/RS03ASHS-PN03B-06-CAMHDA301/2023/04/11/CAMHDA301-20230411T181500.mp4,210,1,clear,test,tuesdays_2021_2024
CAMHDA301-20230411T211500,2023-04-11,/home/jovyan/ooi/san_data/RS03ASHS-PN03B-06-CAMHDA301/2023/04/11/CAMHDA301-20230411T211500.mp4,210,1,clear,test,tuesdays_2021_2024
CAMHDA301-20230417T001500,2023-04-17,/home/jovyan/ooi/san_data/RS03ASHS-PN03B-06-CAMHDA301/2023/04/17/CAMHDA301-20230417T001500.mp4,210,1,clear,train,full_2023_2024
CAMHDA301-20230417T031500,2023-04-17,/home/jovyan/ooi/san_data/RS03ASHS-PN03B-06-CAMHDA301/2023/04/17/CAMHDA301-20230417T031500.mp4,210,1,clear,train,full_2023_2024
CAMHDA301-20230417T061500,2023-04-17,/home/jovyan/ooi/san_data/RS03ASHS-PN03B-06-CAMHDA301/2023/04/17/CAMHDA301-20230417T061500.mp4,180,1,clear,train,full_2023_2024
CAMHDA301-20230417T091500,2023-04-17,/home/jovyan/ooi/san_data/RS03ASHS-PN03B-06-CAMHDA301/2023/04/17/CAMHDA301-20230417T091500.mp4,210,1,clear,train,full_2023_2024
CAMHDA301-20230417T121500,2023-04-17,/home/jovyan/ooi/san_data/RS03ASHS-PN03B-06-CAMHDA301/2023/04/17/CAMHDA301-20230417T121500.mp4,210,1,clear,train,full_2023_2024
CAMHDA301-20230417T151500,2023-04-17,/home/jovyan/ooi/san_data/RS03ASHS-PN03B-06-CAMHDA301/2023/04/17/CAMHDA301-20230417T151500.mp4,30,0,clear,train,full_2023_2024
CAMHDA301-20230417T151500,2023-04-17,/home/jovyan/ooi/san_data/RS03ASHS-PN03B-06-CAMHDA301/2023/04/17/CAMHDA301-20230417T151500.mp4,330,0,clear,train,full_2023_2024
CAMHDA301-20230417T151500,2023-04-17,/home/jovyan/ooi/san_data/RS03ASHS-PN03B-06-CAMHDA301/2023/04/17/CAMHDA301-20230417T151500.mp4,510,0,clear,train,full_2023_2024
CAMHDA301-20230417T151500,2023-04-17,/home/jovyan/ooi/san_data/RS03ASHS-PN03B-06-CAMHDA301/2023/04/17/CAMHDA301-20230417T151500.mp4,180,0,clear,train,full_2023_2024
CAMHDA301-20230417T181500,2023-04-17,/home/jovyan/ooi/san_data/RS03ASHS-PN03B-06-CAMHDA301/2023/04/17/CAMHDA301-20230417T181500.mp4,420,1,clear,train,full_2023_2024
CAMHDA301-20230417T211500,2023-04-17,/home/jovyan/ooi/san_data/RS03ASHS-PN03B-06-CAMHDA301/2023/04/17/CAMHDA301-20230417T211500.mp4,210,1,clear,train,full_2023_2024
CAMHDA301-20230418T001500,2023-04-18,/home/jovyan/ooi/san_data/RS03ASHS-PN03B-06-CAMHDA301/2023/04/18/CAMHDA301-20230418T001500.mp4,210,1,clear,val,tuesdays_2021_2024
CAMHDA301-20230418T031500,2023-04-18,/home/jovyan/ooi/san_data/RS03ASHS-PN03B-06-CAMHDA301/2023/04/18/CAMHDA301-20230418T031500.mp4,210,1,clear,val,tuesdays_2021_2024
CAMHDA301-20230418T061500,2023-04-18,/home/jovyan/ooi/san_data/RS03ASHS-PN03B-06-CAMHDA301/2023/04/18/CAMHDA301-20230418T061500.mp4,180,1,clear,val,tuesdays_2021_2024
CAMHDA301-20230418T091500,2023-04-18,/home/jovyan/ooi/san_data/RS03ASHS-PN03B-06-CAMHDA301/2023/04/18/CAMHDA301-20230418T091500.mp4,210,1,clear,val,tuesdays_2021_2024
CAMHDA301-20230418T121500,2023-04-18,/home/jovyan/ooi/san_data/RS03ASHS-PN03B-06-CAMHDA301/2023/04/18/CAMHDA301-20230418T121500.mp4,210,1,clear,val,tuesdays_2021_2024
CAMHDA301-20230418T151500,2023-04-18,/home/jovyan/ooi/san_data/RS03ASHS-PN03B-06-CAMHDA301/2023/04/18/CAMHDA301-20230418T151500.mp4,180,1,clear,val,tuesdays_2021_2024
CAMHDA301-20230418T181500,2023-04-18,/home/jovyan/ooi/san_data/RS03ASHS-PN03B-06-CAMHDA301/2023/04/18/CAMHDA301-20230418T181500.mp4,210,1,clear,val,tuesdays_2021_2024
CAMHDA301-20230418T211500,2023-04-18,/home/jovyan/ooi/san_data/RS03ASHS-PN03B-06-CAMHDA301/2023/04/18/CAMHDA301-20230418T211500.mp4,210,1,clear,val,tuesdays_2021_2024
CAMHDA301-20230424T001500,2023-04-24,/home/jovyan/ooi/san_data/RS03ASHS-PN03B-06-CAMHDA301/2023/04/24/CAMHDA301-20230424T001500.mp4,210,1,clear,train,full_2023_2024
CAMHDA301-20230424T031500,2023-04-24,/home/jovyan/ooi/san_data/RS03ASHS-PN03B-06-CAMHDA301/2023/04/24/CAMHDA301-20230424T031500.mp4,210,1,clear,train,full_2023_2024
CAMHDA301-20230424T061500,2023-04-24,/home/jovyan/ooi/san_data/RS03ASHS-PN03B-06-CAMHDA301/2023/04/24/CAMHDA301-20230424T061500.mp4,210,1,clear,train,full_2023_2024
CAMHDA301-20230424T091500,2023-04-24,/home/jovyan/ooi/san_data/RS03ASHS-PN03B-06-CAMHDA301/2023/04/24/CAMHDA301-20230424T091500.mp4,210,1,clear,train,full_2023_2024
CAMHDA301-20230424T121500,2023-04-24,/home/jovyan/ooi/san_data/RS03ASHS-PN03B-06-CAMHDA301/2023/04/24/CAMHDA301-20230424T121500.mp4,180,1,clear,train,full_2023_2024
CAMHDA301-20230424T151500,2023-04-24,/home/jovyan/ooi/san_data/RS03ASHS-PN03B-06-CAMHDA301/2023/04/24/CAMHDA301-20230424T151500.mp4,210,1,clear,train,full_2023_2024
CAMHDA301-20230424T181500,2023-04-24,/home/jovyan/ooi/san_data/RS03ASHS-PN03B-06-CAMHDA301/2023/04/24/CAMHDA301-20230424T181500.mp4,210,1,clear,train,full_2023_2024
CAMHDA301-20230424T211500,2023-04-24,/home/jovyan/ooi/san_data/RS03ASHS-PN03B-06-CAMHDA301/2023/04/24/CAMHDA301-20230424T211500.mp4,360,0,clear,train,full_2023_2024
CAMHDA301-20230424T211500,2023-04-24,/home/jovyan/ooi/san_data/RS03ASHS-PN03B-06-CAMHDA301/2023/04/24/CAMHDA301-20230424T211500.mp4,270,0,clear,train,full_2023_2024
CAMHDA301-20230424T211500,2023-04-24,/home/jovyan/ooi/san_data/RS03ASHS-PN03B-06-CAMHDA301/2023/04/24/CAMHDA301-20230424T211500.mp4,30,0,clear,train,full_2023_2024
CAMHDA301-20230424T211500,2023-04-24,/home/jovyan/ooi/san_data/RS03ASHS-PN03B-06-CAMHDA301/2023/04/24/CAMHDA301-20230424T211500.mp4,630,0,clear,train,full_2023_2024
CAMHDA301-20230425T001500,2023-04-25,/home/jovyan/ooi/san_data/RS03ASHS-PN03B-06-CAMHDA301/2023/04/25/CAMHDA301-20230425T001500.mp4,210,1,clear,val,tuesdays_2021_2024
CAMHDA301-20230425T031500,2023-04-25,/home/jovyan/ooi/san_data/RS03ASHS-PN03B-06-CAMHDA301/2023/04/25/CAMHDA301-20230425T031500.mp4,210,1,clear,val,tuesdays_2021_2024
CAMHDA301-20230425T091500,2023-04-25,/home/jovyan/ooi/san_data/RS03ASHS-PN03B-06-CAMHDA301/2023/04/25/CAMHDA301-20230425T091500.mp4,210,1,clear,val,tuesdays_2021_2024
CAMHDA301-20230425T121500,2023-04-25,/home/jovyan/ooi/san_data/RS03ASHS-PN03B-06-CAMHDA301/2023/04/25/CAMHDA301-20230425T121500.mp4,210,1,clear,val,tuesdays_2021_2024
CAMHDA301-20230425T181500,2023-04-25,/home/jovyan/ooi/san_data/RS03ASHS-PN03B-06-CAMHDA301/2023/04/25/CAMHDA301-20230425T181500.mp4,210,1,clear,val,tuesdays_2021_2024
CAMHDA301-20230425T211500,2023-04-25,/home/jovyan/ooi/san_data/RS03ASHS-PN03B-06-CAMHDA301/2023/04/25/CAMHDA301-20230425T211500.mp4,210,1,clear,val,tuesdays_2021_2024
CAMHDA301-20230501T031500,2023-05-01,/home/jovyan/ooi/san_data/RS03ASHS-PN03B-06-CAMHDA301/2023/05/01/CAMHDA301-20230501T031500.mp4,270,0,clear,val,full_2023_2024
CAMHDA301-20230501T031500,2023-05-01,/home/jovyan/ooi/san_data/RS03ASHS-PN03B-06-CAMHDA301/2023/05/01/CAMHDA301-20230501T031500.mp4,90,0,clear,val,full_2023_2024
CAMHDA301-20230501T031500,2023-05-01,/home/jovyan/ooi/san_data/RS03ASHS-PN03B-06-CAMHDA301/2023/05/01/CAMHDA301-20230501T031500.mp4,600,0,clear,val,full_2023_2024
CAMHDA301-20230501T031500,2023-05-01,/home/jovyan/ooi/san_data/RS03ASHS-PN03B-06-CAMHDA301/2023/05/01/CAMHDA301-20230501T031500.mp4,300,0,clear,val,full_2023_2024
CAMHDA301-20230501T061500,2023-05-01,/home/jovyan/ooi/san_data/RS03ASHS-PN03B-06-CAMHDA301/2023/05/01/CAMHDA301-20230501T061500.mp4,570,0,clear,val,full_2023_2024
CAMHDA301-20230501T061500,2023-05-01,/home/jovyan/ooi/san_data/RS03ASHS-PN03B-06-CAMHDA301/2023/05/01/CAMHDA301-20230501T061500.mp4,630,0,clear,val,full_2023_2024
CAMHDA301-20230501T061500,2023-05-01,/home/jovyan/ooi/san_data/RS03ASHS-PN03B-06-CAMHDA301/2023/05/01/CAMHDA301-20230501T061500.mp4,60,0,clear,val,full_2023_2024
CAMHDA301-20230501T061500,2023-05-01,/home/jovyan/ooi/san_data/RS03ASHS-PN03B-06-CAMHDA301/2023/05/01/CAMHDA301-20230501T061500.mp4,750,0,clear,val,full_2023_2024
CAMHDA301-20230501T091500,2023-05-01,/home/jovyan/ooi/san_data/RS03ASHS-PN03B-06-CAMHDA301/2023/05/01/CAMHDA301-20230501T091500.mp4,210,1,clear,val,full_2023_2024
CAMHDA301-20230501T121500,2023-05-01,/home/jovyan/ooi/san_data/RS03ASHS-PN03B-06-CAMHDA301/2023/05/01/CAMHDA301-20230501T121500.mp4,210,1,clear,val,full_2023_2024
CAMHDA301-20230501T151500,2023-05-01,/home/jovyan/ooi/san_data/RS03ASHS-PN03B-06-CAMHDA301/2023/05/01/CAMHDA301-20230501T151500.mp4,420,1,clear,val,full_2023_2024
CAMHDA301-20230501T181500,2023-05-01,/home/jovyan/ooi/san_data/RS03ASHS-PN03B-06-CAMHDA301/2023/05/01/CAMHDA301-20230501T181500.mp4,180,0,clear,val,full_2023_2024
CAMHDA301-20230501T181500,2023-05-01,/home/jovyan/ooi/san_data/RS03ASHS-PN03B-06-CAMHDA301/2023/05/01/CAMHDA301-20230501T181500.mp4,660,0,clear,val,full_2023_2024
CAMHDA301-20230501T181500,2023-05-01,/home/jovyan/ooi/san_data/RS03ASHS-PN03B-06-CAMHDA301/2023/05/01/CAMHDA301-20230501T181500.mp4,30,0,clear,val,full_2023_2024
CAMHDA301-20230501T181500,2023-05-01,/home/jovyan/ooi/san_data/RS03ASHS-PN03B-06-CAMHDA301/2023/05/01/CAMHDA301-20230501T181500.mp4,690,0,clear,val,full_2023_2024
CAMHDA301-20230501T211500,2023-05-01,/home/jovyan/ooi/san_data/RS03ASHS-PN03B-06-CAMHDA301/2023/05/01/CAMHDA301-20230501T211500.mp4,540,0,clear,val,full_2023_2024
CAMHDA301-20230501T211500,2023-05-01,/home/jovyan/ooi/san_data/RS03ASHS-PN03B-06-CAMHDA301/2023/05/01/CAMHDA301-20230501T211500.mp4,630,0,clear,val,full_2023_2024
CAMHDA301-20230501T211500,2023-05-01,/home/jovyan/ooi/san_data/RS03ASHS-PN03B-06-CAMHDA301/2023/05/01/CAMHDA301-20230501T211500.mp4,780,0,clear,val,full_2023_2024
CAMHDA301-20230501T211500,2023-05-01,/home/jovyan/ooi/san_data/RS03ASHS-PN03B-06-CAMHDA301/2023/05/01/CAMHDA301-20230501T211500.mp4,570,0,clear,val,full_2023_2024
CAMHDA301-20230502T001500,2023-05-02,/home/jovyan/ooi/san_data/RS03ASHS-PN03B-06-CAMHDA301/2023/05/02/CAMHDA301-20230502T001500.mp4,540,0,clear,train,tuesdays_2021_2024
CAMHDA301-20230502T001500,2023-05-02,/home/jovyan/ooi/san_data/RS03ASHS-PN03B-06-CAMHDA301/2023/05/02/CAMHDA301-20230502T001500.mp4,840,0,clear,train,tuesdays_2021_2024
CAMHDA301-20230502T001500,2023-05-02,/home/jovyan/ooi/san_data/RS03ASHS-PN03B-06-CAMHDA301/2023/05/02/CAMHDA301-20230502T001500.mp4,90,0,clear,train,tuesdays_2021_2024
CAMHDA301-20230502T001500,2023-05-02,/home/jovyan/ooi/san_data/RS03ASHS-PN03B-06-CAMHDA301/2023/05/02/CAMHDA301-20230502T001500.mp4,30,0,clear,train,tuesdays_2021_2024
CAMHDA301-20230502T031500,2023-05-02,/home/jovyan/ooi/san_data/RS03ASHS-PN03B-06-CAMHDA301/2023/05/02/CAMHDA301-20230502T031500.mp4,60,0,clear,train,tuesdays_2021_2024
CAMHDA301-20230502T031500,2023-05-02,/home/jovyan/ooi/san_data/RS03ASHS-PN03B-06-CAMHDA301/2023/05/02/CAMHDA301-20230502T031500.mp4,120,0,clear,train,tuesdays_2021_2024
CAMHDA301-20230502T031500,2023-05-02,/home/jovyan/ooi/san_data/RS03ASHS-PN03B-06-CAMHDA301/2023/05/02/CAMHDA301-20230502T031500.mp4,240,0,clear,train,tuesdays_2021_2024
CAMHDA301-20230502T031500,2023-05-02,/home/jovyan/ooi/san_data/RS03ASHS-PN03B-06-CAMHDA301/2023/05/02/CAMHDA301-20230502T031500.mp4,660,0,clear,train,tuesdays_2021_2024
CAMHDA301-20230502T061500,2023-05-02,/home/jovyan/ooi/san_data/RS03ASHS-PN03B-06-CAMHDA301/2023/05/02/CAMHDA301-20230502T061500.mp4,210,1,clear,train,tuesdays_2021_2024
CAMHDA301-20230502T091500,2023-05-02,/home/jovyan/ooi/san_data/RS03ASHS-PN03B-06-CAMHDA301/2023/05/02/CAMHDA301-20230502T091500.mp4,660,0,clear,train,tuesdays_2021_2024
CAMHDA301-20230502T091500,2023-05-02,/home/jovyan/ooi/san_data/RS03ASHS-PN03B-06-CAMHDA301/2023/05/02/CAMHDA301-20230502T091500.mp4,60,0,clear,train,tuesdays_2021_2024
CAMHDA301-20230502T091500,2023-05-02,/home/jovyan/ooi/san_data/RS03ASHS-PN03B-06-CAMHDA301/2023/05/02/CAMHDA301-20230502T091500.mp4,750,0,clear,train,tuesdays_2021_2024
CAMHDA301-20230502T091500,2023-05-02,/home/jovyan/ooi/san_data/RS03ASHS-PN03B-06-CAMHDA301/2023/05/02/CAMHDA301-20230502T091500.mp4,210,0,clear,train,tuesdays_2021_2024
CAMHDA301-20230502T121500,2023-05-02,/home/jovyan/ooi/san_data/RS03ASHS-PN03B-06-CAMHDA301/2023/05/02/CAMHDA301-20230502T121500.mp4,810,0,clear,train,tuesdays_2021_2024
CAMHDA301-20230502T121500,2023-05-02,/home/jovyan/ooi/san_data/RS03ASHS-PN03B-06-CAMHDA301/2023/05/02/CAMHDA301-20230502T121500.mp4,660,0,clear,train,tuesdays_2021_2024
CAMHDA301-20230502T121500,2023-05-02,/home/jovyan/ooi/san_data/RS03ASHS-PN03B-06-CAMHDA301/2023/05/02/CAMHDA301-20230502T121500.mp4,510,0,clear,train,tuesdays_2021_2024
CAMHDA301-20230502T121500,2023-05-02,/home/jovyan/ooi/san_data/RS03ASHS-PN03B-06-CAMHDA301/2023/05/02/CAMHDA301-20230502T121500.mp4,390,0,clear,train,tuesdays_2021_2024
CAMHDA301-20230502T151500,2023-05-02,/home/jovyan/ooi/san_data/RS03ASHS-PN03B-06-CAMHDA301/2023/05/02/CAMHDA301-20230502T151500.mp4,150,0,clear,train,tuesdays_2021_2024
CAMHDA301-20230502T151500,2023-05-02,/home/jovyan/ooi/san_data/RS03ASHS-PN03B-06-CAMHDA301/2023/05/02/CAMHDA301-20230502T151500.mp4,750,0,clear,train,tuesdays_2021_2024
CAMHDA301-20230502T151500,2023-05-02,/home/jovyan/ooi/san_data/RS03ASHS-PN03B-06-CAMHDA301/2023/05/02/CAMHDA301-20230502T151500.mp4,210,0,clear,train,tuesdays_2021_2024
CAMHDA301-20230502T151500,2023-05-02,/home/jovyan/ooi/san_data/RS03ASHS-PN03B-06-CAMHDA301/2023/05/02/CAMHDA301-20230502T151500.mp4,300,0,clear,train,tuesdays_2021_2024
CAMHDA301-20230502T181500,2023-05-02,/home/jovyan/ooi/san_data/RS03ASHS-PN03B-06-CAMHDA301/2023/05/02/CAMHDA301-20230502T181500.mp4,720,0,clear,train,tuesdays_2021_2024
CAMHDA301-20230502T181500,2023-05-02,/home/jovyan/ooi/san_data/RS03ASHS-PN03B-06-CAMHDA301/2023/05/02/CAMHDA301-20230502T181500.mp4,30,0,clear,train,tuesdays_2021_2024
CAMHDA301-20230502T181500,2023-05-02,/home/jovyan/ooi/san_data/RS03ASHS-PN03B-06-CAMHDA301/2023/05/02/CAMHDA301-20230502T181500.mp4,480,0,clear,train,tuesdays_2021_2024
CAMHDA301-20230502T181500,2023-05-02,/home/jovyan/ooi/san_data/RS03ASHS-PN03B-06-CAMHDA301/2023/05/02/CAMHDA301-20230502T181500.mp4,630,0,clear,train,tuesdays_2021_2024
CAMHDA301-20230502T211500,2023-05-02,/home/jovyan/ooi/san_data/RS03ASHS-PN03B-06-CAMHDA301/2023/05/02/CAMHDA301-20230502T211500.mp4,210,0,clear,train,tuesdays_2021_2024
CAMHDA301-20230502T211500,2023-05-02,/home/jovyan/ooi/san_data/RS03ASHS-PN03B-06-CAMHDA301/2023/05/02/CAMHDA301-20230502T211500.mp4,180,0,clear,train,tuesdays_2021_2024
CAMHDA301-20230502T211500,2023-05-02,/home/jovyan/ooi/san_data/RS03ASHS-PN03B-06-CAMHDA301/2023/05/02/CAMHDA301-20230502T211500.mp4,690,0,clear,train,tuesdays_2021_2024
CAMHDA301-20230502T211500,2023-05-02,/home/jovyan/ooi/san_data/RS03ASHS-PN03B-06-CAMHDA301/2023/05/02/CAMHDA301-20230502T211500.mp4,300,0,clear,train,tuesdays_2021_2024
CAMHDA301-20230508T001500,2023-05-08,/home/jovyan/ooi/san_data/RS03ASHS-PN03B-06-CAMHDA301/2023/05/08/CAMHDA301-20230508T001500.mp4,210,1,clear,train,full_2023_2024
CAMHDA301-20230508T031500,2023-05-08,/home/jovyan/ooi/san_data/RS03ASHS-PN03B-06-CAMHDA301/2023/05/08/CAMHDA301-20230508T031500.mp4,210,1,clear,train,full_2023_2024
CAMHDA301-20230508T061500,2023-05-08,/home/jovyan/ooi/san_data/RS03ASHS-PN03B-06-CAMHDA301/2023/05/08/CAMHDA301-20230508T061500.mp4,210,1,clear,train,full_2023_2024
CAMHDA301-20230508T091500,2023-05-08,/home/jovyan/ooi/san_data/RS03ASHS-PN03B-06-CAMHDA301/2023/05/08/CAMHDA301-20230508T091500.mp4,420,1,clear,train,full_2023_2024
CAMHDA301-20230508T121500,2023-05-08,/home/jovyan/ooi/san_data/RS03ASHS-PN03B-06-CAMHDA301/2023/05/08/CAMHDA301-20230508T121500.mp4,210,1,clear,train,full_2023_2024
CAMHDA301-20230508T151500,2023-05-08,/home/jovyan/ooi/san_data/RS03ASHS-PN03B-06-CAMHDA301/2023/05/08/CAMHDA301-20230508T151500.mp4,210,1,clear,train,full_2023_2024
CAMHDA301-20230508T181500,2023-05-08,/home/jovyan/ooi/san_data/RS03ASHS-PN03B-06-CAMHDA301/2023/05/08/CAMHDA301-20230508T181500.mp4,210,1,clear,train,full_2023_2024
CAMHDA301-20230508T211500,2023-05-08,/home/jovyan/ooi/san_data/RS03ASHS-PN03B-06-CAMHDA301/2023/05/08/CAMHDA301-20230508T211500.mp4,210,1,clear,train,full_2023_2024
CAMHDA301-20230509T001500,2023-05-09,/home/jovyan/ooi/san_data/RS03ASHS-PN03B-06-CAMHDA301/2023/05/09/CAMHDA301-20230509T001500.mp4,180,1,clear,train,tuesdays_2021_2024
CAMHDA301-20230509T031500,2023-05-09,/home/jovyan/ooi/san_data/RS03ASHS-PN03B-06-CAMHDA301/2023/05/09/CAMHDA301-20230509T031500.mp4,210,1,clear,train,tuesdays_2021_2024
CAMHDA301-20230509T061500,2023-05-09,/home/jovyan/ooi/san_data/RS03ASHS-PN03B-06-CAMHDA301/2023/05/09/CAMHDA301-20230509T061500.mp4,210,1,clear,train,tuesdays_2021_2024
CAMHDA301-20230509T121500,2023-05-09,/home/jovyan/ooi/san_data/RS03ASHS-PN03B-06-CAMHDA301/2023/05/09/CAMHDA301-20230509T121500.mp4,210,1,clear,train,tuesdays_2021_2024
CAMHDA301-20230509T151500,2023-05-09,/home/jovyan/ooi/san_data/RS03ASHS-PN03B-06-CAMHDA301/2023/05/09/CAMHDA301-20230509T151500.mp4,210,1,clear,train,tuesdays_2021_2024
CAMHDA301-20230509T181500,2023-05-09,/home/jovyan/ooi/san_data/RS03ASHS-PN03B-06-CAMHDA301/2023/05/09/CAMHDA301-20230509T181500.mp4,210,1,clear,train,tuesdays_2021_2024
CAMHDA301-20230515T001500,2023-05-15,/home/jovyan/ooi/san_data/RS03ASHS-PN03B-06-CAMHDA301/2023/05/15/CAMHDA301-20230515T001500.mp4,210,1,clear,train,full_2023_2024
CAMHDA301-20230515T031500,2023-05-15,/home/jovyan/ooi/san_data/RS03ASHS-PN03B-06-CAMHDA301/2023/05/15/CAMHDA301-20230515T031500.mp4,210,1,clear,train,full_2023_2024
CAMHDA301-20230515T061500,2023-05-15,/home/jovyan/ooi/san_data/RS03ASHS-PN03B-06-CAMHDA301/2023/05/15/CAMHDA301-20230515T061500.mp4,210,1,clear,train,full_2023_2024
CAMHDA301-20230515T091500,2023-05-15,/home/jovyan/ooi/san_data/RS03ASHS-PN03B-06-CAMHDA301/2023/05/15/CAMHDA301-20230515T091500.mp4,210,1,clear,train,full_2023_2024
CAMHDA301-20230515T121500,2023-05-15,/home/jovyan/ooi/san_data/RS03ASHS-PN03B-06-CAMHDA301/2023/05/15/CAMHDA301-20230515T121500.mp4,210,1,clear,train,full_2023_2024
CAMHDA301-20230515T151500,2023-05-15,/home/jovyan/ooi/san_data/RS03ASHS-PN03B-06-CAMHDA301/2023/05/15/CAMHDA301-20230515T151500.mp4,210,1,clear,train,full_2023_2024
CAMHDA301-20230515T181500,2023-05-15,/home/jovyan/ooi/san_data/RS03ASHS-PN03B-06-CAMHDA301/2023/05/15/CAMHDA301-20230515T181500.mp4,210,1,clear,train,full_2023_2024
CAMHDA301-20230515T211500,2023-05-15,/home/jovyan/ooi/san_data/RS03ASHS-PN03B-06-CAMHDA301/2023/05/15/CAMHDA301-20230515T211500.mp4,210,1,clear,train,full_2023_2024
CAMHDA301-20230516T001500,2023-05-16,/home/jovyan/ooi/san_data/RS03ASHS-PN03B-06-CAMHDA301/2023/05/16/CAMHDA301-20230516T001500.mp4,210,1,clear,test,tuesdays_2021_2024
CAMHDA301-20230516T061500,2023-05-16,/home/jovyan/ooi/san_data/RS03ASHS-PN03B-06-CAMHDA301/2023/05/16/CAMHDA301-20230516T061500.mp4,210,1,clear,test,tuesdays_2021_2024
CAMHDA301-20230516T091500,2023-05-16,/home/jovyan/ooi/san_data/RS03ASHS-PN03B-06-CAMHDA301/2023/05/16/CAMHDA301-20230516T091500.mp4,210,1,clear,test,tuesdays_2021_2024
CAMHDA301-20230516T121500,2023-05-16,/home/jovyan/ooi/san_data/RS03ASHS-PN03B-06-CAMHDA301/2023/05/16/CAMHDA301-20230516T121500.mp4,210,1,clear,test,tuesdays_2021_2024
CAMHDA301-20230516T181500,2023-05-16,/home/jovyan/ooi/san_data/RS03ASHS-PN03B-06-CAMHDA301/2023/05/16/CAMHDA301-20230516T181500.mp4,210,1,clear,test,tuesdays_2021_2024
CAMHDA301-20230516T211500,2023-05-16,/home/jovyan/ooi/san_data/RS03ASHS-PN03B-06-CAMHDA301/2023/05/16/CAMHDA301-20230516T211500.mp4,210,1,clear,test,tuesdays_2021_2024
CAMHDA301-20230522T001500,2023-05-22,/home/jovyan/ooi/san_data/RS03ASHS-PN03B-06-CAMHDA301/2023/05/22/CAMHDA301-20230522T001500.mp4,210,1,clear,test,full_2023_2024
CAMHDA301-20230522T031500,2023-05-22,/home/jovyan/ooi/san_data/RS03ASHS-PN03B-06-CAMHDA301/2023/05/22/CAMHDA301-20230522T031500.mp4,210,1,clear,test,full_2023_2024
CAMHDA301-20230522T061500,2023-05-22,/home/jovyan/ooi/san_data/RS03ASHS-PN03B-06-CAMHDA301/2023/05/22/CAMHDA301-20230522T061500.mp4,180,1,clear,test,full_2023_2024
CAMHDA301-20230522T091500,2023-05-22,/home/jovyan/ooi/san_data/RS03ASHS-PN03B-06-CAMHDA301/2023/05/22/CAMHDA301-20230522T091500.mp4,210,1,clear,test,full_2023_2024
CAMHDA301-20230522T121500,2023-05-22,/home/jovyan/ooi/san_data/RS03ASHS-PN03B-06-CAMHDA301/2023/05/22/CAMHDA301-20230522T121500.mp4,210,1,clear,test,full_2023_2024
CAMHDA301-20230522T151500,2023-05-22,/home/jovyan/ooi/san_data/RS03ASHS-PN03B-06-CAMHDA301/2023/05/22/CAMHDA301-20230522T151500.mp4,210,1,clear,test,full_2023_2024
CAMHDA301-20230522T181500,2023-05-22,/home/jovyan/ooi/san_data/RS03ASHS-PN03B-06-CAMHDA301/2023/05/22/CAMHDA301-20230522T181500.mp4,210,1,clear,test,full_2023_2024
CAMHDA301-20230522T211500,2023-05-22,/home/jovyan/ooi/san_data/RS03ASHS-PN03B-06-CAMHDA301/2023/05/22/CAMHDA301-20230522T211500.mp4,420,1,clear,test,full_2023_2024
CAMHDA301-20230523T001500,2023-05-23,/home/jovyan/ooi/san_data/RS03ASHS-PN03B-06-CAMHDA301/2023/05/23/CAMHDA301-20230523T001500.mp4,210,1,clear,train,tuesdays_2021_2024
CAMHDA301-20230523T031500,2023-05-23,/home/jovyan/ooi/san_data/RS03ASHS-PN03B-06-CAMHDA301/2023/05/23/CAMHDA301-20230523T031500.mp4,210,1,clear,train,tuesdays_2021_2024
CAMHDA301-20230523T091500,2023-05-23,/home/jovyan/ooi/san_data/RS03ASHS-PN03B-06-CAMHDA301/2023/05/23/CAMHDA301-20230523T091500.mp4,210,1,clear,train,tuesdays_2021_2024
CAMHDA301-20230523T121500,2023-05-23,/home/jovyan/ooi/san_data/RS03ASHS-PN03B-06-CAMHDA301/2023/05/23/CAMHDA301-20230523T121500.mp4,210,1,clear,train,tuesdays_2021_2024
CAMHDA301-20230523T151500,2023-05-23,/home/jovyan/ooi/san_data/RS03ASHS-PN03B-06-CAMHDA301/2023/05/23/CAMHDA301-20230523T151500.mp4,210,1,clear,train,tuesdays_2021_2024
CAMHDA301-20230523T181500,2023-05-23,/home/jovyan/ooi/san_data/RS03ASHS-PN03B-06-CAMHDA301/2023/05/23/CAMHDA301-20230523T181500.mp4,210,1,clear,train,tuesdays_2021_2024
CAMHDA301-20230523T211500,2023-05-23,/home/jovyan/ooi/san_data/RS03ASHS-PN03B-06-CAMHDA301/2023/05/23/CAMHDA301-20230523T211500.mp4,210,1,clear,train,tuesdays_2021_2024
CAMHDA301-20230529T001500,2023-05-29,/home/jovyan/ooi/san_data/RS03ASHS-PN03B-06-CAMHDA301/2023/05/29/CAMHDA301-20230529T001500.mp4,210,1,clear,train,full_2023_2024
CAMHDA301-20230529T031500,2023-05-29,/home/jovyan/ooi/san_data/RS03ASHS-PN03B-06-CAMHDA301/2023/05/29/CAMHDA301-20230529T031500.mp4,210,1,clear,train,full_2023_2024
CAMHDA301-20230529T061500,2023-05-29,/home/jovyan/ooi/san_data/RS03ASHS-PN03B-06-CAMHDA301/2023/05/29/CAMHDA301-20230529T061500.mp4,180,1,clear,train,full_2023_2024
CAMHDA301-20230529T091500,2023-05-29,/home/jovyan/ooi/san_data/RS03ASHS-PN03B-06-CAMHDA301/2023/05/29/CAMHDA301-20230529T091500.mp4,210,1,clear,train,full_2023_2024
CAMHDA301-20230529T121500,2023-05-29,/home/jovyan/ooi/san_data/RS03ASHS-PN03B-06-CAMHDA301/2023/05/29/CAMHDA301-20230529T121500.mp4,180,1,clear,train,full_2023_2024
CAMHDA301-20230529T151500,2023-05-29,/home/jovyan/ooi/san_data/RS03ASHS-PN03B-06-CAMHDA301/2023/05/29/CAMHDA301-20230529T151500.mp4,210,1,clear,train,full_2023_2024
CAMHDA301-20230529T181500,2023-05-29,/home/jovyan/ooi/san_data/RS03ASHS-PN03B-06-CAMHDA301/2023/05/29/CAMHDA301-20230529T181500.mp4,210,1,clear,train,full_2023_2024
CAMHDA301-20230529T211500,2023-05-29,/home/jovyan/ooi/san_data/RS03ASHS-PN03B-06-CAMHDA301/2023/05/29/CAMHDA301-20230529T211500.mp4,210,1,clear,train,full_2023_2024
CAMHDA301-20230530T001500,2023-05-30,/home/jovyan/ooi/san_data/RS03ASHS-PN03B-06-CAMHDA301/2023/05/30/CAMHDA301-20230530T001500.mp4,210,1,clear,train,tuesdays_2021_2024
CAMHDA301-20230530T031500,2023-05-30,/home/jovyan/ooi/san_data/RS03ASHS-PN03B-06-CAMHDA301/2023/05/30/CAMHDA301-20230530T031500.mp4,210,1,clear,train,tuesdays_2021_2024
CAMHDA301-20230530T091500,2023-05-30,/home/jovyan/ooi/san_data/RS03ASHS-PN03B-06-CAMHDA301/2023/05/30/CAMHDA301-20230530T091500.mp4,210,1,clear,train,tuesdays_2021_2024
CAMHDA301-20230530T121500,2023-05-30,/home/jovyan/ooi/san_data/RS03ASHS-PN03B-06-CAMHDA301/2023/05/30/CAMHDA301-20230530T121500.mp4,180,1,clear,train,tuesdays_2021_2024
CAMHDA301-20230530T151500,2023-05-30,/home/jovyan/ooi/san_data/RS03ASHS-PN03B-06-CAMHDA301/2023/05/30/CAMHDA301-20230530T151500.mp4,210,1,clear,train,tuesdays_2021_2024
CAMHDA301-20230530T181500,2023-05-30,/home/jovyan/ooi/san_data/RS03ASHS-PN03B-06-CAMHDA301/2023/05/30/CAMHDA301-20230530T181500.mp4,210,1,clear,train,tuesdays_2021_2024
CAMHDA301-20230605T001500,2023-06-05,/home/jovyan/ooi/san_data/RS03ASHS-PN03B-06-CAMHDA301/2023/06/05/CAMHDA301-20230605T001500.mp4,210,1,clear,train,full_2023_2024
CAMHDA301-20230605T031500,2023-06-05,/home/jovyan/ooi/san_data/RS03ASHS-PN03B-06-CAMHDA301/2023/06/05/CAMHDA301-20230605T031500.mp4,180,1,clear,train,full_2023_2024
CAMHDA301-20230605T061500,2023-06-05,/home/jovyan/ooi/san_data/RS03ASHS-PN03B-06-CAMHDA301/2023/06/05/CAMHDA301-20230605T061500.mp4,210,1,clear,train,full_2023_2024
CAMHDA301-20230605T091500,2023-06-05,/home/jovyan/ooi/san_data/RS03ASHS-PN03B-06-CAMHDA301/2023/06/05/CAMHDA301-20230605T091500.mp4,210,1,clear,train,full_2023_2024
CAMHDA301-20230605T121500,2023-06-05,/home/jovyan/ooi/san_data/RS03ASHS-PN03B-06-CAMHDA301/2023/06/05/CAMHDA301-20230605T121500.mp4,180,1,clear,train,full_2023_2024
CAMHDA301-20230605T151500,2023-06-05,/home/jovyan/ooi/san_data/RS03ASHS-PN03B-06-CAMHDA301/2023/06/05/CAMHDA301-20230605T151500.mp4,210,1,clear,train,full_2023_2024
CAMHDA301-20230605T181500,2023-06-05,/home/jovyan/ooi/san_data/RS03ASHS-PN03B-06-CAMHDA301/2023/06/05/CAMHDA301-20230605T181500.mp4,210,1,clear,train,full_2023_2024
CAMHDA301-20230605T211500,2023-06-05,/home/jovyan/ooi/san_data/RS03ASHS-PN03B-06-CAMHDA301/2023/06/05/CAMHDA301-20230605T211500.mp4,210,1,clear,train,full_2023_2024
CAMHDA301-20230606T061500,2023-06-06,/home/jovyan/ooi/san_data/RS03ASHS-PN03B-06-CAMHDA301/2023/06/06/CAMHDA301-20230606T061500.mp4,210,1,clear,train,tuesdays_2021_2024
CAMHDA301-20230606T091500,2023-06-06,/home/jovyan/ooi/san_data/RS03ASHS-PN03B-06-CAMHDA301/2023/06/06/CAMHDA301-20230606T091500.mp4,210,1,clear,train,tuesdays_2021_2024
CAMHDA301-20230606T121500,2023-06-06,/home/jovyan/ooi/san_data/RS03ASHS-PN03B-06-CAMHDA301/2023/06/06/CAMHDA301-20230606T121500.mp4,210,1,clear,train,tuesdays_2021_2024
CAMHDA301-20230606T181500,2023-06-06,/home/jovyan/ooi/san_data/RS03ASHS-PN03B-06-CAMHDA301/2023/06/06/CAMHDA301-20230606T181500.mp4,210,1,clear,train,tuesdays_2021_2024
CAMHDA301-20230612T001500,2023-06-12,/home/jovyan/ooi/san_data/RS03ASHS-PN03B-06-CAMHDA301/2023/06/12/CAMHDA301-20230612T001500.mp4,420,1,clear,test,full_2023_2024
CAMHDA301-20230612T031500,2023-06-12,/home/jovyan/ooi/san_data/RS03ASHS-PN03B-06-CAMHDA301/2023/06/12/CAMHDA301-20230612T031500.mp4,420,1,clear,test,full_2023_2024
CAMHDA301-20230612T061500,2023-06-12,/home/jovyan/ooi/san_data/RS03ASHS-PN03B-06-CAMHDA301/2023/06/12/CAMHDA301-20230612T061500.mp4,210,1,clear,test,full_2023_2024
CAMHDA301-20230612T091500,2023-06-12,/home/jovyan/ooi/san_data/RS03ASHS-PN03B-06-CAMHDA301/2023/06/12/CAMHDA301-20230612T091500.mp4,210,1,clear,test,full_2023_2024
CAMHDA301-20230612T121500,2023-06-12,/home/jovyan/ooi/san_data/RS03ASHS-PN03B-06-CAMHDA301/2023/06/12/CAMHDA301-20230612T121500.mp4,210,1,clear,test,full_2023_2024
CAMHDA301-20230612T151500,2023-06-12,/home/jovyan/ooi/san_data/RS03ASHS-PN03B-06-CAMHDA301/2023/06/12/CAMHDA301-20230612T151500.mp4,210,1,clear,test,full_2023_2024
CAMHDA301-20230612T181500,2023-06-12,/home/jovyan/ooi/san_data/RS03ASHS-PN03B-06-CAMHDA301/2023/06/12/CAMHDA301-20230612T181500.mp4,210,1,clear,test,full_2023_2024
CAMHDA301-20230612T211500,2023-06-12,/home/jovyan/ooi/san_data/RS03ASHS-PN03B-06-CAMHDA301/2023/06/12/CAMHDA301-20230612T211500.mp4,180,1,clear,test,full_2023_2024
CAMHDA301-20230613T031500,2023-06-13,/home/jovyan/ooi/san_data/RS03ASHS-PN03B-06-CAMHDA301/2023/06/13/CAMHDA301-20230613T031500.mp4,210,1,clear,train,tuesdays_2021_2024
CAMHDA301-20230613T061500,2023-06-13,/home/jovyan/ooi/san_data/RS03ASHS-PN03B-06-CAMHDA301/2023/06/13/CAMHDA301-20230613T061500.mp4,180,1,clear,train,tuesdays_2021_2024
CAMHDA301-20230613T091500,2023-06-13,/home/jovyan/ooi/san_data/RS03ASHS-PN03B-06-CAMHDA301/2023/06/13/CAMHDA301-20230613T091500.mp4,210,1,clear,train,tuesdays_2021_2024
CAMHDA301-20230613T121500,2023-06-13,/home/jovyan/ooi/san_data/RS03ASHS-PN03B-06-CAMHDA301/2023/06/13/CAMHDA301-20230613T121500.mp4,210,1,clear,train,tuesdays_2021_2024
CAMHDA301-20230613T181500,2023-06-13,/home/jovyan/ooi/san_data/RS03ASHS-PN03B-06-CAMHDA301/2023/06/13/CAMHDA301-20230613T181500.mp4,210,1,clear,train,tuesdays_2021_2024
CAMHDA301-20230613T211500,2023-06-13,/home/jovyan/ooi/san_data/RS03ASHS-PN03B-06-CAMHDA301/2023/06/13/CAMHDA301-20230613T211500.mp4,180,1,clear,train,tuesdays_2021_2024
CAMHDA301-20230619T001500,2023-06-19,/home/jovyan/ooi/san_data/RS03ASHS-PN03B-06-CAMHDA301/2023/06/19/CAMHDA301-20230619T001500.mp4,300,0,clear,train,full_2023_2024
CAMHDA301-20230619T001500,2023-06-19,/home/jovyan/ooi/san_data/RS03ASHS-PN03B-06-CAMHDA301/2023/06/19/CAMHDA301-20230619T001500.mp4,120,0,clear,train,full_2023_2024
CAMHDA301-20230619T001500,2023-06-19,/home/jovyan/ooi/san_data/RS03ASHS-PN03B-06-CAMHDA301/2023/06/19/CAMHDA301-20230619T001500.mp4,660,0,clear,train,full_2023_2024
CAMHDA301-20230619T001500,2023-06-19,/home/jovyan/ooi/san_data/RS03ASHS-PN03B-06-CAMHDA301/2023/06/19/CAMHDA301-20230619T001500.mp4,180,0,clear,train,full_2023_2024
CAMHDA301-20230619T031500,2023-06-19,/home/jovyan/ooi/san_data/RS03ASHS-PN03B-06-CAMHDA301/2023/06/19/CAMHDA301-20230619T031500.mp4,120,0,clear,train,full_2023_2024
CAMHDA301-20230619T031500,2023-06-19,/home/jovyan/ooi/san_data/RS03ASHS-PN03B-06-CAMHDA301/2023/06/19/CAMHDA301-20230619T031500.mp4,150,0,clear,train,full_2023_2024
CAMHDA301-20230619T031500,2023-06-19,/home/jovyan/ooi/san_data/RS03ASHS-PN03B-06-CAMHDA301/2023/06/19/CAMHDA301-20230619T031500.mp4,30,0,clear,train,full_2023_2024
CAMHDA301-20230619T031500,2023-06-19,/home/jovyan/ooi/san_data/RS03ASHS-PN03B-06-CAMHDA301/2023/06/19/CAMHDA301-20230619T031500.mp4,240,0,clear,train,full_2023_2024
CAMHDA301-20230619T061500,2023-06-19,/home/jovyan/ooi/san_data/RS03ASHS-PN03B-06-CAMHDA301/2023/06/19/CAMHDA301-20230619T061500.mp4,540,0,clear,train,full_2023_2024
CAMHDA301-20230619T061500,2023-06-19,/home/jovyan/ooi/san_data/RS03ASHS-PN03B-06-CAMHDA301/2023/06/19/CAMHDA301-20230619T061500.mp4,300,0,clear,train,full_2023_2024
CAMHDA301-20230619T061500,2023-06-19,/home/jovyan/ooi/san_data/RS03ASHS-PN03B-06-CAMHDA301/2023/06/19/CAMHDA301-20230619T061500.mp4,840,0,clear,train,full_2023_2024
CAMHDA301-20230619T061500,2023-06-19,/home/jovyan/ooi/san_data/RS03ASHS-PN03B-06-CAMHDA301/2023/06/19/CAMHDA301-20230619T061500.mp4,510,0,clear,train,full_2023_2024
CAMHDA301-20230619T091500,2023-06-19,/home/jovyan/ooi/san_data/RS03ASHS-PN03B-06-CAMHDA301/2023/06/19/CAMHDA301-20230619T091500.mp4,420,0,clear,train,full_2023_2024
CAMHDA301-20230619T091500,2023-06-19,/home/jovyan/ooi/san_data/RS03ASHS-PN03B-06-CAMHDA301/2023/06/19/CAMHDA301-20230619T091500.mp4,450,0,clear,train,full_2023_2024
CAMHDA301-20230619T091500,2023-06-19,/home/jovyan/ooi/san_data/RS03ASHS-PN03B-06-CAMHDA301/2023/06/19/CAMHDA301-20230619T091500.mp4,630,0,clear,train,full_2023_2024
CAMHDA301-20230619T091500,2023-06-19,/home/jovyan/ooi/san_data/RS03ASHS-PN03B-06-CAMHDA301/2023/06/19/CAMHDA301-20230619T091500.mp4,480,0,clear,train,full_2023_2024
CAMHDA301-20230619T121500,2023-06-19,/home/jovyan/ooi/san_data/RS03ASHS-PN03B-06-CAMHDA301/2023/06/19/CAMHDA301-20230619T121500.mp4,60,0,clear,train,full_2023_2024
CAMHDA301-20230619T121500,2023-06-19,/home/jovyan/ooi/san_data/RS03ASHS-PN03B-06-CAMHDA301/2023/06/19/CAMHDA301-20230619T121500.mp4,420,0,clear,train,full_2023_2024
CAMHDA301-20230619T121500,2023-06-19,/home/jovyan/ooi/san_data/RS03ASHS-PN03B-06-CAMHDA301/2023/06/19/CAMHDA301-20230619T121500.mp4,780,0,clear,train,full_2023_2024
CAMHDA301-20230619T121500,2023-06-19,/home/jovyan/ooi/san_data/RS03ASHS-PN03B-06-CAMHDA301/2023/06/19/CAMHDA301-20230619T121500.mp4,120,0,clear,train,full_2023_2024
CAMHDA301-20230619T151500,2023-06-19,/home/jovyan/ooi/san_data/RS03ASHS-PN03B-06-CAMHDA301/2023/06/19/CAMHDA301-20230619T151500.mp4,360,0,clear,train,full_2023_2024
CAMHDA301-20230619T151500,2023-06-19,/home/jovyan/ooi/san_data/RS03ASHS-PN03B-06-CAMHDA301/2023/06/19/CAMHDA301-20230619T151500.mp4,630,0,clear,train,full_2023_2024
CAMHDA301-20230619T151500,2023-06-19,/home/jovyan/ooi/san_data/RS03ASHS-PN03B-06-CAMHDA301/2023/06/19/CAMHDA301-20230619T151500.mp4,150,0,clear,train,full_2023_2024
CAMHDA301-20230619T151500,2023-06-19,/home/jovyan/ooi/san_data/RS03ASHS-PN03B-06-CAMHDA301/2023/06/19/CAMHDA301-20230619T151500.mp4,390,0,clear,train,full_2023_2024
CAMHDA301-20230619T181500,2023-06-19,/home/jovyan/ooi/san_data/RS03ASHS-PN03B-06-CAMHDA301/2023/06/19/CAMHDA301-20230619T181500.mp4,450,0,clear,train,full_2023_2024
CAMHDA301-20230619T181500,2023-06-19,/home/jovyan/ooi/san_data/RS03ASHS-PN03B-06-CAMHDA301/2023/06/19/CAMHDA301-20230619T181500.mp4,120,0,clear,train,full_2023_2024
CAMHDA301-20230619T181500,2023-06-19,/home/jovyan/ooi/san_data/RS03ASHS-PN03B-06-CAMHDA301/2023/06/19/CAMHDA301-20230619T181500.mp4,780,0,clear,train,full_2023_2024
CAMHDA301-20230619T181500,2023-06-19,/home/jovyan/ooi/san_data/RS03ASHS-PN03B-06-CAMHDA301/2023/06/19/CAMHDA301-20230619T181500.mp4,30,0,clear,train,full_2023_2024
CAMHDA301-20230619T211500,2023-06-19,/home/jovyan/ooi/san_data/RS03ASHS-PN03B-06-CAMHDA301/2023/06/19/CAMHDA301-20230619T211500.mp4,90,0,clear,train,full_2023_2024
CAMHDA301-20230619T211500,2023-06-19,/home/jovyan/ooi/san_data/RS03ASHS-PN03B-06-CAMHDA301/2023/06/19/CAMHDA301-20230619T211500.mp4,420,0,clear,train,full_2023_2024
CAMHDA301-20230619T211500,2023-06-19,/home/jovyan/ooi/san_data/RS03ASHS-PN03B-06-CAMHDA301/2023/06/19/CAMHDA301-20230619T211500.mp4,180,0,clear,train,full_2023_2024
CAMHDA301-20230619T211500,2023-06-19,/home/jovyan/ooi/san_data/RS03ASHS-PN03B-06-CAMHDA301/2023/06/19/CAMHDA301-20230619T211500.mp4,750,0,clear,train,full_2023_2024
CAMHDA301-20230620T001500,2023-06-20,/home/jovyan/ooi/san_data/RS03ASHS-PN03B-06-CAMHDA301/2023/06/20/CAMHDA301-20230620T001500.mp4,270,0,clear,train,tuesdays_2021_2024
CAMHDA301-20230620T001500,2023-06-20,/home/jovyan/ooi/san_data/RS03ASHS-PN03B-06-CAMHDA301/2023/06/20/CAMHDA301-20230620T001500.mp4,510,0,clear,train,tuesdays_2021_2024
CAMHDA301-20230620T001500,2023-06-20,/home/jovyan/ooi/san_data/RS03ASHS-PN03B-06-CAMHDA301/2023/06/20/CAMHDA301-20230620T001500.mp4,210,0,clear,train,tuesdays_2021_2024
CAMHDA301-20230620T001500,2023-06-20,/home/jovyan/ooi/san_data/RS03ASHS-PN03B-06-CAMHDA301/2023/06/20/CAMHDA301-20230620T001500.mp4,360,0,clear,train,tuesdays_2021_2024
CAMHDA301-20230620T031500,2023-06-20,/home/jovyan/ooi/san_data/RS03ASHS-PN03B-06-CAMHDA301/2023/06/20/CAMHDA301-20230620T031500.mp4,330,0,clear,train,tuesdays_2021_2024
CAMHDA301-20230620T031500,2023-06-20,/home/jovyan/ooi/san_data/RS03ASHS-PN03B-06-CAMHDA301/2023/06/20/CAMHDA301-20230620T031500.mp4,690,0,clear,train,tuesdays_2021_2024
CAMHDA301-20230620T031500,2023-06-20,/home/jovyan/ooi/san_data/RS03ASHS-PN03B-06-CAMHDA301/2023/06/20/CAMHDA301-20230620T031500.mp4,750,0,clear,train,tuesdays_2021_2024
CAMHDA301-20230620T031500,2023-06-20,/home/jovyan/ooi/san_data/RS03ASHS-PN03B-06-CAMHDA301/2023/06/20/CAMHDA301-20230620T031500.mp4,210,0,clear,train,tuesdays_2021_2024
CAMHDA301-20230620T061500,2023-06-20,/home/jovyan/ooi/san_data/RS03ASHS-PN03B-06-CAMHDA301/2023/06/20/CAMHDA301-20230620T061500.mp4,180,0,clear,train,tuesdays_2021_2024
CAMHDA301-20230620T061500,2023-06-20,/home/jovyan/ooi/san_data/RS03ASHS-PN03B-06-CAMHDA301/2023/06/20/CAMHDA301-20230620T061500.mp4,600,0,clear,train,tuesdays_2021_2024
CAMHDA301-20230620T061500,2023-06-20,/home/jovyan/ooi/san_data/RS03ASHS-PN03B-06-CAMHDA301/2023/06/20/CAMHDA301-20230620T061500.mp4,750,0,clear,train,tuesdays_2021_2024
CAMHDA301-20230620T061500,2023-06-20,/home/jovyan/ooi/san_data/RS03ASHS-PN03B-06-CAMHDA301/2023/06/20/CAMHDA301-20230620T061500.mp4,30,0,clear,train,tuesdays_2021_2024
CAMHDA301-20230620T091500,2023-06-20,/home/jovyan/ooi/san_data/RS03ASHS-PN03B-06-CAMHDA301/2023/06/20/CAMHDA301-20230620T091500.mp4,390,0,clear,train,tuesdays_2021_2024
CAMHDA301-20230620T091500,2023-06-20,/home/jovyan/ooi/san_data/RS03ASHS-PN03B-06-CAMHDA301/2023/06/20/CAMHDA301-20230620T091500.mp4,270,0,clear,train,tuesdays_2021_2024
CAMHDA301-20230620T091500,2023-06-20,/home/jovyan/ooi/san_data/RS03ASHS-PN03B-06-CAMHDA301/2023/06/20/CAMHDA301-20230620T091500.mp4,90,0,clear,train,tuesdays_2021_2024
CAMHDA301-20230620T091500,2023-06-20,/home/jovyan/ooi/san_data/RS03ASHS-PN03B-06-CAMHDA301/2023/06/20/CAMHDA301-20230620T091500.mp4,30,0,clear,train,tuesdays_2021_2024
CAMHDA301-20230620T121500,2023-06-20,/home/jovyan/ooi/san_data/RS03ASHS-PN03B-06-CAMHDA301/2023/06/20/CAMHDA301-20230620T121500.mp4,330,0,clear,train,tuesdays_2021_2024
CAMHDA301-20230620T121500,2023-06-20,/home/jovyan/ooi/san_data/RS03ASHS-PN03B-06-CAMHDA301/2023/06/20/CAMHDA301-20230620T121500.mp4,30,0,clear,train,tuesdays_2021_2024
CAMHDA301-20230620T121500,2023-06-20,/home/jovyan/ooi/san_data/RS03ASHS-PN03B-06-CAMHDA301/2023/06/20/CAMHDA301-20230620T121500.mp4,630,0,clear,train,tuesdays_2021_2024
CAMHDA301-20230620T121500,2023-06-20,/home/jovyan/ooi/san_data/RS03ASHS-PN03B-06-CAMHDA301/2023/06/20/CAMHDA301-20230620T121500.mp4,540,0,clear,train,tuesdays_2021_2024
CAMHDA301-20230620T151500,2023-06-20,/home/jovyan/ooi/san_data/RS03ASHS-PN03B-06-CAMHDA301/2023/06/20/CAMHDA301-20230620T151500.mp4,660,0,clear,train,tuesdays_2021_2024
CAMHDA301-20230620T151500,2023-06-20,/home/jovyan/ooi/san_data/RS03ASHS-PN03B-06-CAMHDA301/2023/06/20/CAMHDA301-20230620T151500.mp4,150,0,clear,train,tuesdays_2021_2024
CAMHDA301-20230620T151500,2023-06-20,/home/jovyan/ooi/san_data/RS03ASHS-PN03B-06-CAMHDA301/2023/06/20/CAMHDA301-20230620T151500.mp4,420,0,clear,train,tuesdays_2021_2024
CAMHDA301-20230620T151500,2023-06-20,/home/jovyan/ooi/san_data/RS03ASHS-PN03B-06-CAMHDA301/2023/06/20/CAMHDA301-20230620T151500.mp4,360,0,clear,train,tuesdays_2021_2024
CAMHDA301-20230620T181500,2023-06-20,/home/jovyan/ooi/san_data/RS03ASHS-PN03B-06-CAMHDA301/2023/06/20/CAMHDA301-20230620T181500.mp4,480,0,clear,train,tuesdays_2021_2024
CAMHDA301-20230620T181500,2023-06-20,/home/jovyan/ooi/san_data/RS03ASHS-PN03B-06-CAMHDA301/2023/06/20/CAMHDA301-20230620T181500.mp4,120,0,clear,train,tuesdays_2021_2024
CAMHDA301-20230620T181500,2023-06-20,/home/jovyan/ooi/san_data/RS03ASHS-PN03B-06-CAMHDA301/2023/06/20/CAMHDA301-20230620T181500.mp4,450,0,clear,train,tuesdays_2021_2024
CAMHDA301-20230620T181500,2023-06-20,/home/jovyan/ooi/san_data/RS03ASHS-PN03B-06-CAMHDA301/2023/06/20/CAMHDA301-20230620T181500.mp4,810,0,clear,train,tuesdays_2021_2024
CAMHDA301-20230620T211500,2023-06-20,/home/jovyan/ooi/san_data/RS03ASHS-PN03B-06-CAMHDA301/2023/06/20/CAMHDA301-20230620T211500.mp4,420,0,clear,train,tuesdays_2021_2024
CAMHDA301-20230620T211500,2023-06-20,/home/jovyan/ooi/san_data/RS03ASHS-PN03B-06-CAMHDA301/2023/06/20/CAMHDA301-20230620T211500.mp4,780,0,clear,train,tuesdays_2021_2024
CAMHDA301-20230620T211500,2023-06-20,/home/jovyan/ooi/san_data/RS03ASHS-PN03B-06-CAMHDA301/2023/06/20/CAMHDA301-20230620T211500.mp4,60,0,clear,train,tuesdays_2021_2024
CAMHDA301-20230620T211500,2023-06-20,/home/jovyan/ooi/san_data/RS03ASHS-PN03B-06-CAMHDA301/2023/06/20/CAMHDA301-20230620T211500.mp4,540,0,clear,train,tuesdays_2021_2024
CAMHDA301-20230626T001500,2023-06-26,/home/jovyan/ooi/san_data/RS03ASHS-PN03B-06-CAMHDA301/2023/06/26/CAMHDA301-20230626T001500.mp4,180,1,clear,train,full_2023_2024
CAMHDA301-20230626T031500,2023-06-26,/home/jovyan/ooi/san_data/RS03ASHS-PN03B-06-CAMHDA301/2023/06/26/CAMHDA301-20230626T031500.mp4,210,1,clear,train,full_2023_2024
CAMHDA301-20230626T061500,2023-06-26,/home/jovyan/ooi/san_data/RS03ASHS-PN03B-06-CAMHDA301/2023/06/26/CAMHDA301-20230626T061500.mp4,210,1,clear,train,full_2023_2024
CAMHDA301-20230626T091500,2023-06-26,/home/jovyan/ooi/san_data/RS03ASHS-PN03B-06-CAMHDA301/2023/06/26/CAMHDA301-20230626T091500.mp4,210,1,clear,train,full_2023_2024
CAMHDA301-20230626T121500,2023-06-26,/home/jovyan/ooi/san_data/RS03ASHS-PN03B-06-CAMHDA301/2023/06/26/CAMHDA301-20230626T121500.mp4,60,0,clear,train,full_2023_2024
CAMHDA301-20230626T121500,2023-06-26,/home/jovyan/ooi/san_data/RS03ASHS-PN03B-06-CAMHDA301/2023/06/26/CAMHDA301-20230626T121500.mp4,720,0,clear,train,full_2023_2024
CAMHDA301-20230626T121500,2023-06-26,/home/jovyan/ooi/san_data/RS03ASHS-PN03B-06-CAMHDA301/2023/06/26/CAMHDA301-20230626T121500.mp4,810,0,clear,train,full_2023_2024
CAMHDA301-20230626T121500,2023-06-26,/home/jovyan/ooi/san_data/RS03ASHS-PN03B-06-CAMHDA301/2023/06/26/CAMHDA301-20230626T121500.mp4,840,0,clear,train,full_2023_2024
CAMHDA301-20230626T151500,2023-06-26,/home/jovyan/ooi/san_data/RS03ASHS-PN03B-06-CAMHDA301/2023/06/26/CAMHDA301-20230626T151500.mp4,780,1,clear,train,full_2023_2024
CAMHDA301-20230626T181500,2023-06-26,/home/jovyan/ooi/san_data/RS03ASHS-PN03B-06-CAMHDA301/2023/06/26/CAMHDA301-20230626T181500.mp4,570,1,clear,train,full_2023_2024
CAMHDA301-20230626T211500,2023-06-26,/home/jovyan/ooi/san_data/RS03ASHS-PN03B-06-CAMHDA301/2023/06/26/CAMHDA301-20230626T211500.mp4,360,1,clear,train,full_2023_2024
CAMHDA301-20230627T061500,2023-06-27,/home/jovyan/ooi/san_data/RS03ASHS-PN03B-06-CAMHDA301/2023/06/27/CAMHDA301-20230627T061500.mp4,210,1,clear,train,tuesdays_2021_2024
CAMHDA301-20230627T091500,2023-06-27,/home/jovyan/ooi/san_data/RS03ASHS-PN03B-06-CAMHDA301/2023/06/27/CAMHDA301-20230627T091500.mp4,210,1,clear,train,tuesdays_2021_2024
CAMHDA301-20230627T121500,2023-06-27,/home/jovyan/ooi/san_data/RS03ASHS-PN03B-06-CAMHDA301/2023/06/27/CAMHDA301-20230627T121500.mp4,210,1,clear,train,tuesdays_2021_2024
CAMHDA301-20230627T151500,2023-06-27,/home/jovyan/ooi/san_data/RS03ASHS-PN03B-06-CAMHDA301/2023/06/27/CAMHDA301-20230627T151500.mp4,780,1,clear,train,tuesdays_2021_2024
CAMHDA301-20230627T181500,2023-06-27,/home/jovyan/ooi/san_data/RS03ASHS-PN03B-06-CAMHDA301/2023/06/27/CAMHDA301-20230627T181500.mp4,210,1,clear,train,tuesdays_2021_2024
CAMHDA301-20230627T211500,2023-06-27,/home/jovyan/ooi/san_data/RS03ASHS-PN03B-06-CAMHDA301/2023/06/27/CAMHDA301-20230627T211500.mp4,210,1,clear,train,tuesdays_2021_2024
CAMHDA301-20230703T001500,2023-07-03,/home/jovyan/ooi/san_data/RS03ASHS-PN03B-06-CAMHDA301/2023/07/03/CAMHDA301-20230703T001500.mp4,360,0,clear,train,full_2023_2024
CAMHDA301-20230703T001500,2023-07-03,/home/jovyan/ooi/san_data/RS03ASHS-PN03B-06-CAMHDA301/2023/07/03/CAMHDA301-20230703T001500.mp4,150,0,clear,train,full_2023_2024
CAMHDA301-20230703T001500,2023-07-03,/home/jovyan/ooi/san_data/RS03ASHS-PN03B-06-CAMHDA301/2023/07/03/CAMHDA301-20230703T001500.mp4,450,0,clear,train,full_2023_2024
CAMHDA301-20230703T001500,2023-07-03,/home/jovyan/ooi/san_data/RS03ASHS-PN03B-06-CAMHDA301/2023/07/03/CAMHDA301-20230703T001500.mp4,30,0,clear,train,full_2023_2024
CAMHDA301-20230703T031500,2023-07-03,/home/jovyan/ooi/san_data/RS03ASHS-PN03B-06-CAMHDA301/2023/07/03/CAMHDA301-20230703T031500.mp4,90,0,clear,train,full_2023_2024
CAMHDA301-20230703T031500,2023-07-03,/home/jovyan/ooi/san_data/RS03ASHS-PN03B-06-CAMHDA301/2023/07/03/CAMHDA301-20230703T031500.mp4,120,0,clear,train,full_2023_2024
CAMHDA301-20230703T031500,2023-07-03,/home/jovyan/ooi/san_data/RS03ASHS-PN03B-06-CAMHDA301/2023/07/03/CAMHDA301-20230703T031500.mp4,360,0,clear,train,full_2023_2024
CAMHDA301-20230703T031500,2023-07-03,/home/jovyan/ooi/san_data/RS03ASHS-PN03B-06-CAMHDA301/2023/07/03/CAMHDA301-20230703T031500.mp4,480,0,clear,train,full_2023_2024
CAMHDA301-20230703T061500,2023-07-03,/home/jovyan/ooi/san_data/RS03ASHS-PN03B-06-CAMHDA301/2023/07/03/CAMHDA301-20230703T061500.mp4,810,0,clear,train,full_2023_2024
CAMHDA301-20230703T061500,2023-07-03,/home/jovyan/ooi/san_data/RS03ASHS-PN03B-06-CAMHDA301/2023/07/03/CAMHDA301-20230703T061500.mp4,240,0,clear,train,full_2023_2024
CAMHDA301-20230703T061500,2023-07-03,/home/jovyan/ooi/san_data/RS03ASHS-PN03B-06-CAMHDA301/2023/07/03/CAMHDA301-20230703T061500.mp4,690,0,clear,train,full_2023_2024
CAMHDA301-20230703T061500,2023-07-03,/home/jovyan/ooi/san_data/RS03ASHS-PN03B-06-CAMHDA301/2023/07/03/CAMHDA301-20230703T061500.mp4,360,0,clear,train,full_2023_2024
CAMHDA301-20230703T091500,2023-07-03,/home/jovyan/ooi/san_data/RS03ASHS-PN03B-06-CAMHDA301/2023/07/03/CAMHDA301-20230703T091500.mp4,390,0,clear,train,full_2023_2024
CAMHDA301-20230703T091500,2023-07-03,/home/jovyan/ooi/san_data/RS03ASHS-PN03B-06-CAMHDA301/2023/07/03/CAMHDA301-20230703T091500.mp4,690,0,clear,train,full_2023_2024
CAMHDA301-20230703T091500,2023-07-03,/home/jovyan/ooi/san_data/RS03ASHS-PN03B-06-CAMHDA301/2023/07/03/CAMHDA301-20230703T091500.mp4,330,0,clear,train,full_2023_2024
CAMHDA301-20230703T091500,2023-07-03,/home/jovyan/ooi/san_data/RS03ASHS-PN03B-06-CAMHDA301/2023/07/03/CAMHDA301-20230703T091500.mp4,270,0,clear,train,full_2023_2024
CAMHDA301-20230703T121500,2023-07-03,/home/jovyan/ooi/san_data/RS03ASHS-PN03B-06-CAMHDA301/2023/07/03/CAMHDA301-20230703T121500.mp4,840,0,clear,train,full_2023_2024
CAMHDA301-20230703T121500,2023-07-03,/home/jovyan/ooi/san_data/RS03ASHS-PN03B-06-CAMHDA301/2023/07/03/CAMHDA301-20230703T121500.mp4,120,0,clear,train,full_2023_2024
CAMHDA301-20230703T121500,2023-07-03,/home/jovyan/ooi/san_data/RS03ASHS-PN03B-06-CAMHDA301/2023/07/03/CAMHDA301-20230703T121500.mp4,750,0,clear,train,full_2023_2024
CAMHDA301-20230703T121500,2023-07-03,/home/jovyan/ooi/san_data/RS03ASHS-PN03B-06-CAMHDA301/2023/07/03/CAMHDA301-20230703T121500.mp4,360,0,clear,train,full_2023_2024
CAMHDA301-20230703T151500,2023-07-03,/home/jovyan/ooi/san_data/RS03ASHS-PN03B-06-CAMHDA301/2023/07/03/CAMHDA301-20230703T151500.mp4,120,0,clear,train,full_2023_2024
CAMHDA301-20230703T151500,2023-07-03,/home/jovyan/ooi/san_data/RS03ASHS-PN03B-06-CAMHDA301/2023/07/03/CAMHDA301-20230703T151500.mp4,360,0,clear,train,full_2023_2024
CAMHDA301-20230703T151500,2023-07-03,/home/jovyan/ooi/san_data/RS03ASHS-PN03B-06-CAMHDA301/2023/07/03/CAMHDA301-20230703T151500.mp4,630,0,clear,train,full_2023_2024
CAMHDA301-20230703T151500,2023-07-03,/home/jovyan/ooi/san_data/RS03ASHS-PN03B-06-CAMHDA301/2023/07/03/CAMHDA301-20230703T151500.mp4,510,0,clear,train,full_2023_2024
CAMHDA301-20230703T181500,2023-07-03,/home/jovyan/ooi/san_data/RS03ASHS-PN03B-06-CAMHDA301/2023/07/03/CAMHDA301-20230703T181500.mp4,810,0,clear,train,full_2023_2024
CAMHDA301-20230703T181500,2023-07-03,/home/jovyan/ooi/san_data/RS03ASHS-PN03B-06-CAMHDA301/2023/07/03/CAMHDA301-20230703T181500.mp4,300,0,clear,train,full_2023_2024
CAMHDA301-20230703T181500,2023-07-03,/home/jovyan/ooi/san_data/RS03ASHS-PN03B-06-CAMHDA301/2023/07/03/CAMHDA301-20230703T181500.mp4,690,0,clear,train,full_2023_2024
CAMHDA301-20230703T181500,2023-07-03,/home/jovyan/ooi/san_data/RS03ASHS-PN03B-06-CAMHDA301/2023/07/03/CAMHDA301-20230703T181500.mp4,210,0,clear,train,full_2023_2024
CAMHDA301-20230703T211500,2023-07-03,/home/jovyan/ooi/san_data/RS03ASHS-PN03B-06-CAMHDA301/2023/07/03/CAMHDA301-20230703T211500.mp4,30,0,clear,train,full_2023_2024
CAMHDA301-20230703T211500,2023-07-03,/home/jovyan/ooi/san_data/RS03ASHS-PN03B-06-CAMHDA301/2023/07/03/CAMHDA301-20230703T211500.mp4,630,0,clear,train,full_2023_2024
CAMHDA301-20230703T211500,2023-07-03,/home/jovyan/ooi/san_data/RS03ASHS-PN03B-06-CAMHDA301/2023/07/03/CAMHDA301-20230703T211500.mp4,660,0,clear,train,full_2023_2024
CAMHDA301-20230703T211500,2023-07-03,/home/jovyan/ooi/san_data/RS03ASHS-PN03B-06-CAMHDA301/2023/07/03/CAMHDA301-20230703T211500.mp4,720,0,clear,train,full_2023_2024
CAMHDA301-20230704T001500,2023-07-04,/home/jovyan/ooi/san_data/RS03ASHS-PN03B-06-CAMHDA301/2023/07/04/CAMHDA301-20230704T001500.mp4,210,1,clear,train,tuesdays_2021_2024
CAMHDA301-20230704T031500,2023-07-04,/home/jovyan/ooi/san_data/RS03ASHS-PN03B-06-CAMHDA301/2023/07/04/CAMHDA301-20230704T031500.mp4,210,1,clear,train,tuesdays_2021_2024
CAMHDA301-20230704T061500,2023-07-04,/home/jovyan/ooi/san_data/RS03ASHS-PN03B-06-CAMHDA301/2023/07/04/CAMHDA301-20230704T061500.mp4,210,1,clear,train,tuesdays_2021_2024
CAMHDA301-20230704T091500,2023-07-04,/home/jovyan/ooi/san_data/RS03ASHS-PN03B-06-CAMHDA301/2023/07/04/CAMHDA301-20230704T091500.mp4,210,1,clear,train,tuesdays_2021_2024
CAMHDA301-20230704T121500,2023-07-04,/home/jovyan/ooi/san_data/RS03ASHS-PN03B-06-CAMHDA301/2023/07/04/CAMHDA301-20230704T121500.mp4,210,1,clear,train,tuesdays_2021_2024
CAMHDA301-20230704T151500,2023-07-04,/home/jovyan/ooi/san_data/RS03ASHS-PN03B-06-CAMHDA301/2023/07/04/CAMHDA301-20230704T151500.mp4,210,1,clear,train,tuesdays_2021_2024
CAMHDA301-20230704T181500,2023-07-04,/home/jovyan/ooi/san_data/RS03ASHS-PN03B-06-CAMHDA301/2023/07/04/CAMHDA301-20230704T181500.mp4,210,1,clear,train,tuesdays_2021_2024
CAMHDA301-20230704T211500,2023-07-04,/home/jovyan/ooi/san_data/RS03ASHS-PN03B-06-CAMHDA301/2023/07/04/CAMHDA301-20230704T211500.mp4,210,1,clear,train,tuesdays_2021_2024
CAMHDA301-20230710T001500,2023-07-10,/home/jovyan/ooi/san_data/RS03ASHS-PN03B-06-CAMHDA301/2023/07/10/CAMHDA301-20230710T001500.mp4,690,0,clear,train,full_2023_2024
CAMHDA301-20230710T001500,2023-07-10,/home/jovyan/ooi/san_data/RS03ASHS-PN03B-06-CAMHDA301/2023/07/10/CAMHDA301-20230710T001500.mp4,330,0,clear,train,full_2023_2024
CAMHDA301-20230710T001500,2023-07-10,/home/jovyan/ooi/san_data/RS03ASHS-PN03B-06-CAMHDA301/2023/07/10/CAMHDA301-20230710T001500.mp4,750,0,clear,train,full_2023_2024
CAMHDA301-20230710T001500,2023-07-10,/home/jovyan/ooi/san_data/RS03ASHS-PN03B-06-CAMHDA301/2023/07/10/CAMHDA301-20230710T001500.mp4,540,0,clear,train,full_2023_2024
CAMHDA301-20230710T031500,2023-07-10,/home/jovyan/ooi/san_data/RS03ASHS-PN03B-06-CAMHDA301/2023/07/10/CAMHDA301-20230710T031500.mp4,240,1,clear,train,full_2023_2024
CAMHDA301-20230710T061500,2023-07-10,/home/jovyan/ooi/san_data/RS03ASHS-PN03B-06-CAMHDA301/2023/07/10/CAMHDA301-20230710T061500.mp4,660,0,clear,train,full_2023_2024
CAMHDA301-20230710T061500,2023-07-10,/home/jovyan/ooi/san_data/RS03ASHS-PN03B-06-CAMHDA301/2023/07/10/CAMHDA301-20230710T061500.mp4,840,0,clear,train,full_2023_2024
CAMHDA301-20230710T061500,2023-07-10,/home/jovyan/ooi/san_data/RS03ASHS-PN03B-06-CAMHDA301/2023/07/10/CAMHDA301-20230710T061500.mp4,810,0,clear,train,full_2023_2024
CAMHDA301-20230710T061500,2023-07-10,/home/jovyan/ooi/san_data/RS03ASHS-PN03B-06-CAMHDA301/2023/07/10/CAMHDA301-20230710T061500.mp4,390,0,clear,train,full_2023_2024
CAMHDA301-20230710T091500,2023-07-10,/home/jovyan/ooi/san_data/RS03ASHS-PN03B-06-CAMHDA301/2023/07/10/CAMHDA301-20230710T091500.mp4,540,0,clear,train,full_2023_2024
CAMHDA301-20230710T091500,2023-07-10,/home/jovyan/ooi/san_data/RS03ASHS-PN03B-06-CAMHDA301/2023/07/10/CAMHDA301-20230710T091500.mp4,570,0,clear,train,full_2023_2024
CAMHDA301-20230710T091500,2023-07-10,/home/jovyan/ooi/san_data/RS03ASHS-PN03B-06-CAMHDA301/2023/07/10/CAMHDA301-20230710T091500.mp4,180,0,clear,train,full_2023_2024
CAMHDA301-20230710T091500,2023-07-10,/home/jovyan/ooi/san_data/RS03ASHS-PN03B-06-CAMHDA301/2023/07/10/CAMHDA301-20230710T091500.mp4,600,0,clear,train,full_2023_2024
CAMHDA301-20230710T121500,2023-07-10,/home/jovyan/ooi/san_data/RS03ASHS-PN03B-06-CAMHDA301/2023/07/10/CAMHDA301-20230710T121500.mp4,180,0,clear,train,full_2023_2024
CAMHDA301-20230710T121500,2023-07-10,/home/jovyan/ooi/san_data/RS03ASHS-PN03B-06-CAMHDA301/2023/07/10/CAMHDA301-20230710T121500.mp4,210,0,clear,train,full_2023_2024
CAMHDA301-20230710T121500,2023-07-10,/home/jovyan/ooi/san_data/RS03ASHS-PN03B-06-CAMHDA301/2023/07/10/CAMHDA301-20230710T121500.mp4,270,0,clear,train,full_2023_2024
CAMHDA301-20230710T121500,2023-07-10,/home/jovyan/ooi/san_data/RS03ASHS-PN03B-06-CAMHDA301/2023/07/10/CAMHDA301-20230710T121500.mp4,810,0,clear,train,full_2023_2024
CAMHDA301-20230710T151500,2023-07-10,/home/jovyan/ooi/san_data/RS03ASHS-PN03B-06-CAMHDA301/2023/07/10/CAMHDA301-20230710T151500.mp4,360,0,clear,train,full_2023_2024
CAMHDA301-20230710T151500,2023-07-10,/home/jovyan/ooi/san_data/RS03ASHS-PN03B-06-CAMHDA301/2023/07/10/CAMHDA301-20230710T151500.mp4,720,0,clear,train,full_2023_2024
CAMHDA301-20230710T151500,2023-07-10,/home/jovyan/ooi/san_data/RS03ASHS-PN03B-06-CAMHDA301/2023/07/10/CAMHDA301-20230710T151500.mp4,150,0,clear,train,full_2023_2024
CAMHDA301-20230710T151500,2023-07-10,/home/jovyan/ooi/san_data/RS03ASHS-PN03B-06-CAMHDA301/2023/07/10/CAMHDA301-20230710T151500.mp4,480,0,clear,train,full_2023_2024
CAMHDA301-20230710T181500,2023-07-10,/home/jovyan/ooi/san_data/RS03ASHS-PN03B-06-CAMHDA301/2023/07/10/CAMHDA301-20230710T181500.mp4,570,0,clear,train,full_2023_2024
CAMHDA301-20230710T181500,2023-07-10,/home/jovyan/ooi/san_data/RS03ASHS-PN03B-06-CAMHDA301/2023/07/10/CAMHDA301-20230710T181500.mp4,120,0,clear,train,full_2023_2024
CAMHDA301-20230710T181500,2023-07-10,/home/jovyan/ooi/san_data/RS03ASHS-PN03B-06-CAMHDA301/2023/07/10/CAMHDA301-20230710T181500.mp4,480,0,clear,train,full_2023_2024
CAMHDA301-20230710T181500,2023-07-10,/home/jovyan/ooi/san_data/RS03ASHS-PN03B-06-CAMHDA301/2023/07/10/CAMHDA301-20230710T181500.mp4,60,0,clear,train,full_2023_2024
CAMHDA301-20230710T211500,2023-07-10,/home/jovyan/ooi/san_data/RS03ASHS-PN03B-06-CAMHDA301/2023/07/10/CAMHDA301-20230710T211500.mp4,450,0,clear,train,full_2023_2024
CAMHDA301-20230710T211500,2023-07-10,/home/jovyan/ooi/san_data/RS03ASHS-PN03B-06-CAMHDA301/2023/07/10/CAMHDA301-20230710T211500.mp4,30,0,clear,train,full_2023_2024
CAMHDA301-20230710T211500,2023-07-10,/home/jovyan/ooi/san_data/RS03ASHS-PN03B-06-CAMHDA301/2023/07/10/CAMHDA301-20230710T211500.mp4,180,0,clear,train,full_2023_2024
CAMHDA301-20230710T211500,2023-07-10,/home/jovyan/ooi/san_data/RS03ASHS-PN03B-06-CAMHDA301/2023/07/10/CAMHDA301-20230710T211500.mp4,690,0,clear,train,full_2023_2024
CAMHDA301-20230711T001500,2023-07-11,/home/jovyan/ooi/san_data/RS03ASHS-PN03B-06-CAMHDA301/2023/07/11/CAMHDA301-20230711T001500.mp4,210,1,clear,train,tuesdays_2021_2024
CAMHDA301-20230711T031500,2023-07-11,/home/jovyan/ooi/san_data/RS03ASHS-PN03B-06-CAMHDA301/2023/07/11/CAMHDA301-20230711T031500.mp4,210,1,clear,train,tuesdays_2021_2024
CAMHDA301-20230711T121500,2023-07-11,/home/jovyan/ooi/san_data/RS03ASHS-PN03B-06-CAMHDA301/2023/07/11/CAMHDA301-20230711T121500.mp4,210,1,clear,train,tuesdays_2021_2024
CAMHDA301-20230711T151500,2023-07-11,/home/jovyan/ooi/san_data/RS03ASHS-PN03B-06-CAMHDA301/2023/07/11/CAMHDA301-20230711T151500.mp4,210,1,clear,train,tuesdays_2021_2024
CAMHDA301-20230711T181500,2023-07-11,/home/jovyan/ooi/san_data/RS03ASHS-PN03B-06-CAMHDA301/2023/07/11/CAMHDA301-20230711T181500.mp4,210,1,clear,train,tuesdays_2021_2024
CAMHDA301-20230711T211500,2023-07-11,/home/jovyan/ooi/san_data/RS03ASHS-PN03B-06-CAMHDA301/2023/07/11/CAMHDA301-20230711T211500.mp4,210,1,clear,train,tuesdays_2021_2024
CAMHDA301-20230717T001500,2023-07-17,/home/jovyan/ooi/san_data/RS03ASHS-PN03B-06-CAMHDA301/2023/07/17/CAMHDA301-20230717T001500.mp4,210,1,clear,test,full_2023_2024
CAMHDA301-20230717T031500,2023-07-17,/home/jovyan/ooi/san_data/RS03ASHS-PN03B-06-CAMHDA301/2023/07/17/CAMHDA301-20230717T031500.mp4,210,1,clear,test,full_2023_2024
CAMHDA301-20230717T061500,2023-07-17,/home/jovyan/ooi/san_data/RS03ASHS-PN03B-06-CAMHDA301/2023/07/17/CAMHDA301-20230717T061500.mp4,420,1,clear,test,full_2023_2024
CAMHDA301-20230717T091500,2023-07-17,/home/jovyan/ooi/san_data/RS03ASHS-PN03B-06-CAMHDA301/2023/07/17/CAMHDA301-20230717T091500.mp4,210,1,clear,test,full_2023_2024
CAMHDA301-20230717T121500,2023-07-17,/home/jovyan/ooi/san_data/RS03ASHS-PN03B-06-CAMHDA301/2023/07/17/CAMHDA301-20230717T121500.mp4,210,1,clear,test,full_2023_2024
CAMHDA301-20230717T151500,2023-07-17,/home/jovyan/ooi/san_data/RS03ASHS-PN03B-06-CAMHDA301/2023/07/17/CAMHDA301-20230717T151500.mp4,210,1,clear,test,full_2023_2024
CAMHDA301-20230717T181500,2023-07-17,/home/jovyan/ooi/san_data/RS03ASHS-PN03B-06-CAMHDA301/2023/07/17/CAMHDA301-20230717T181500.mp4,210,1,clear,test,full_2023_2024
CAMHDA301-20230717T211500,2023-07-17,/home/jovyan/ooi/san_data/RS03ASHS-PN03B-06-CAMHDA301/2023/07/17/CAMHDA301-20230717T211500.mp4,210,1,clear,test,full_2023_2024
CAMHDA301-20230718T001500,2023-07-18,/home/jovyan/ooi/san_data/RS03ASHS-PN03B-06-CAMHDA301/2023/07/18/CAMHDA301-20230718T001500.mp4,210,1,clear,test,tuesdays_2021_2024
CAMHDA301-20230718T031500,2023-07-18,/home/jovyan/ooi/san_data/RS03ASHS-PN03B-06-CAMHDA301/2023/07/18/CAMHDA301-20230718T031500.mp4,210,1,clear,test,tuesdays_2021_2024
CAMHDA301-20230718T061500,2023-07-18,/home/jovyan/ooi/san_data/RS03ASHS-PN03B-06-CAMHDA301/2023/07/18/CAMHDA301-20230718T061500.mp4,210,1,clear,test,tuesdays_2021_2024
CAMHDA301-20230718T091500,2023-07-18,/home/jovyan/ooi/san_data/RS03ASHS-PN03B-06-CAMHDA301/2023/07/18/CAMHDA301-20230718T091500.mp4,210,1,clear,test,tuesdays_2021_2024
CAMHDA301-20230718T121500,2023-07-18,/home/jovyan/ooi/san_data/RS03ASHS-PN03B-06-CAMHDA301/2023/07/18/CAMHDA301-20230718T121500.mp4,210,1,clear,test,tuesdays_2021_2024
CAMHDA301-20230718T151500,2023-07-18,/home/jovyan/ooi/san_data/RS03ASHS-PN03B-06-CAMHDA301/2023/07/18/CAMHDA301-20230718T151500.mp4,210,1,clear,test,tuesdays_2021_2024
CAMHDA301-20230718T181500,2023-07-18,/home/jovyan/ooi/san_data/RS03ASHS-PN03B-06-CAMHDA301/2023/07/18/CAMHDA301-20230718T181500.mp4,210,1,clear,test,tuesdays_2021_2024
CAMHDA301-20230724T001500,2023-07-24,/home/jovyan/ooi/san_data/RS03ASHS-PN03B-06-CAMHDA301/2023/07/24/CAMHDA301-20230724T001500.mp4,420,0,clear,train,full_2023_2024
CAMHDA301-20230724T001500,2023-07-24,/home/jovyan/ooi/san_data/RS03ASHS-PN03B-06-CAMHDA301/2023/07/24/CAMHDA301-20230724T001500.mp4,180,0,clear,train,full_2023_2024
CAMHDA301-20230724T001500,2023-07-24,/home/jovyan/ooi/san_data/RS03ASHS-PN03B-06-CAMHDA301/2023/07/24/CAMHDA301-20230724T001500.mp4,450,0,clear,train,full_2023_2024
CAMHDA301-20230724T001500,2023-07-24,/home/jovyan/ooi/san_data/RS03ASHS-PN03B-06-CAMHDA301/2023/07/24/CAMHDA301-20230724T001500.mp4,810,0,clear,train,full_2023_2024
CAMHDA301-20230724T031500,2023-07-24,/home/jovyan/ooi/san_data/RS03ASHS-PN03B-06-CAMHDA301/2023/07/24/CAMHDA301-20230724T031500.mp4,210,0,clear,train,full_2023_2024
CAMHDA301-20230724T031500,2023-07-24,/home/jovyan/ooi/san_data/RS03ASHS-PN03B-06-CAMHDA301/2023/07/24/CAMHDA301-20230724T031500.mp4,630,0,clear,train,full_2023_2024
CAMHDA301-20230724T031500,2023-07-24,/home/jovyan/ooi/san_data/RS03ASHS-PN03B-06-CAMHDA301/2023/07/24/CAMHDA301-20230724T031500.mp4,570,0,clear,train,full_2023_2024
CAMHDA301-20230724T031500,2023-07-24,/home/jovyan/ooi/san_data/RS03ASHS-PN03B-06-CAMHDA301/2023/07/24/CAMHDA301-20230724T031500.mp4,660,0,clear,train,full_2023_2024
CAMHDA301-20230724T061500,2023-07-24,/home/jovyan/ooi/san_data/RS03ASHS-PN03B-06-CAMHDA301/2023/07/24/CAMHDA301-20230724T061500.mp4,750,0,clear,train,full_2023_2024
CAMHDA301-20230724T061500,2023-07-24,/home/jovyan/ooi/san_data/RS03ASHS-PN03B-06-CAMHDA301/2023/07/24/CAMHDA301-20230724T061500.mp4,780,0,clear,train,full_2023_2024
CAMHDA301-20230724T061500,2023-07-24,/home/jovyan/ooi/san_data/RS03ASHS-PN03B-06-CAMHDA301/2023/07/24/CAMHDA301-20230724T061500.mp4,510,0,clear,train,full_2023_2024
CAMHDA301-20230724T061500,2023-07-24,/home/jovyan/ooi/san_data/RS03ASHS-PN03B-06-CAMHDA301/2023/07/24/CAMHDA301-20230724T061500.mp4,720,0,clear,train,full_2023_2024
CAMHDA301-20230724T091500,2023-07-24,/home/jovyan/ooi/san_data/RS03ASHS-PN03B-06-CAMHDA301/2023/07/24/CAMHDA301-20230724T091500.mp4,120,0,clear,train,full_2023_2024
CAMHDA301-20230724T091500,2023-07-24,/home/jovyan/ooi/san_data/RS03ASHS-PN03B-06-CAMHDA301/2023/07/24/CAMHDA301-20230724T091500.mp4,750,0,clear,train,full_2023_2024
CAMHDA301-20230724T091500,2023-07-24,/home/jovyan/ooi/san_data/RS03ASHS-PN03B-06-CAMHDA301/2023/07/24/CAMHDA301-20230724T091500.mp4,390,0,clear,train,full_2023_2024
CAMHDA301-20230724T091500,2023-07-24,/home/jovyan/ooi/san_data/RS03ASHS-PN03B-06-CAMHDA301/2023/07/24/CAMHDA301-20230724T091500.mp4,90,0,clear,train,full_2023_2024
CAMHDA301-20230724T121500,2023-07-24,/home/jovyan/ooi/san_data/RS03ASHS-PN03B-06-CAMHDA301/2023/07/24/CAMHDA301-20230724T121500.mp4,30,0,clear,train,full_2023_2024
CAMHDA301-20230724T121500,2023-07-24,/home/jovyan/ooi/san_data/RS03ASHS-PN03B-06-CAMHDA301/2023/07/24/CAMHDA301-20230724T121500.mp4,150,0,clear,train,full_2023_2024
CAMHDA301-20230724T121500,2023-07-24,/home/jovyan/ooi/san_data/RS03ASHS-PN03B-06-CAMHDA301/2023/07/24/CAMHDA301-20230724T121500.mp4,750,0,clear,train,full_2023_2024
CAMHDA301-20230724T121500,2023-07-24,/home/jovyan/ooi/san_data/RS03ASHS-PN03B-06-CAMHDA301/2023/07/24/CAMHDA301-20230724T121500.mp4,660,0,clear,train,full_2023_2024
CAMHDA301-20230724T151500,2023-07-24,/home/jovyan/ooi/san_data/RS03ASHS-PN03B-06-CAMHDA301/2023/07/24/CAMHDA301-20230724T151500.mp4,750,0,clear,train,full_2023_2024
CAMHDA301-20230724T151500,2023-07-24,/home/jovyan/ooi/san_data/RS03ASHS-PN03B-06-CAMHDA301/2023/07/24/CAMHDA301-20230724T151500.mp4,30,0,clear,train,full_2023_2024
CAMHDA301-20230724T151500,2023-07-24,/home/jovyan/ooi/san_data/RS03ASHS-PN03B-06-CAMHDA301/2023/07/24/CAMHDA301-20230724T151500.mp4,690,0,clear,train,full_2023_2024
CAMHDA301-20230724T151500,2023-07-24,/home/jovyan/ooi/san_data/RS03ASHS-PN03B-06-CAMHDA301/2023/07/24/CAMHDA301-20230724T151500.mp4,330,0,clear,train,full_2023_2024
CAMHDA301-20230724T181500,2023-07-24,/home/jovyan/ooi/san_data/RS03ASHS-PN03B-06-CAMHDA301/2023/07/24/CAMHDA301-20230724T181500.mp4,30,0,clear,train,full_2023_2024
CAMHDA301-20230724T181500,2023-07-24,/home/jovyan/ooi/san_data/RS03ASHS-PN03B-06-CAMHDA301/2023/07/24/CAMHDA301-20230724T181500.mp4,240,0,clear,train,full_2023_2024
CAMHDA301-20230724T181500,2023-07-24,/home/jovyan/ooi/san_data/RS03ASHS-PN03B-06-CAMHDA301/2023/07/24/CAMHDA301-20230724T181500.mp4,840,0,clear,train,full_2023_2024
CAMHDA301-20230724T181500,2023-07-24,/home/jovyan/ooi/san_data/RS03ASHS-PN03B-06-CAMHDA301/2023/07/24/CAMHDA301-20230724T181500.mp4,480,0,clear,train,full_2023_2024
CAMHDA301-20230724T211500,2023-07-24,/home/jovyan/ooi/san_data/RS03ASHS-PN03B-06-CAMHDA301/2023/07/24/CAMHDA301-20230724T211500.mp4,30,0,clear,train,full_2023_2024
CAMHDA301-20230724T211500,2023-07-24,/home/jovyan/ooi/san_data/RS03ASHS-PN03B-06-CAMHDA301/2023/07/24/CAMHDA301-20230724T211500.mp4,750,0,clear,train,full_2023_2024
CAMHDA301-20230724T211500,2023-07-24,/home/jovyan/ooi/san_data/RS03ASHS-PN03B-06-CAMHDA301/2023/07/24/CAMHDA301-20230724T211500.mp4,630,0,clear,train,full_2023_2024
CAMHDA301-20230724T211500,2023-07-24,/home/jovyan/ooi/san_data/RS03ASHS-PN03B-06-CAMHDA301/2023/07/24/CAMHDA301-20230724T211500.mp4,570,0,clear,train,full_2023_2024
CAMHDA301-20230725T001500,2023-07-25,/home/jovyan/ooi/san_data/RS03ASHS-PN03B-06-CAMHDA301/2023/07/25/CAMHDA301-20230725T001500.mp4,750,0,clear,val,tuesdays_2021_2024
CAMHDA301-20230725T001500,2023-07-25,/home/jovyan/ooi/san_data/RS03ASHS-PN03B-06-CAMHDA301/2023/07/25/CAMHDA301-20230725T001500.mp4,420,0,clear,val,tuesdays_2021_2024
CAMHDA301-20230725T001500,2023-07-25,/home/jovyan/ooi/san_data/RS03ASHS-PN03B-06-CAMHDA301/2023/07/25/CAMHDA301-20230725T001500.mp4,330,0,clear,val,tuesdays_2021_2024
CAMHDA301-20230725T001500,2023-07-25,/home/jovyan/ooi/san_data/RS03ASHS-PN03B-06-CAMHDA301/2023/07/25/CAMHDA301-20230725T001500.mp4,630,0,clear,val,tuesdays_2021_2024
CAMHDA301-20230725T031500,2023-07-25,/home/jovyan/ooi/san_data/RS03ASHS-PN03B-06-CAMHDA301/2023/07/25/CAMHDA301-20230725T031500.mp4,270,0,clear,val,tuesdays_2021_2024
CAMHDA301-20230725T031500,2023-07-25,/home/jovyan/ooi/san_data/RS03ASHS-PN03B-06-CAMHDA301/2023/07/25/CAMHDA301-20230725T031500.mp4,30,0,clear,val,tuesdays_2021_2024
CAMHDA301-20230725T031500,2023-07-25,/home/jovyan/ooi/san_data/RS03ASHS-PN03B-06-CAMHDA301/2023/07/25/CAMHDA301-20230725T031500.mp4,660,0,clear,val,tuesdays_2021_2024
CAMHDA301-20230725T031500,2023-07-25,/home/jovyan/ooi/san_data/RS03ASHS-PN03B-06-CAMHDA301/2023/07/25/CAMHDA301-20230725T031500.mp4,390,0,clear,val,tuesdays_2021_2024
CAMHDA301-20230725T061500,2023-07-25,/home/jovyan/ooi/san_data/RS03ASHS-PN03B-06-CAMHDA301/2023/07/25/CAMHDA301-20230725T061500.mp4,240,0,clear,val,tuesdays_2021_2024
CAMHDA301-20230725T061500,2023-07-25,/home/jovyan/ooi/san_data/RS03ASHS-PN03B-06-CAMHDA301/2023/07/25/CAMHDA301-20230725T061500.mp4,720,0,clear,val,tuesdays_2021_2024
CAMHDA301-20230725T061500,2023-07-25,/home/jovyan/ooi/san_data/RS03ASHS-PN03B-06-CAMHDA301/2023/07/25/CAMHDA301-20230725T061500.mp4,780,0,clear,val,tuesdays_2021_2024
CAMHDA301-20230725T061500,2023-07-25,/home/jovyan/ooi/san_data/RS03ASHS-PN03B-06-CAMHDA301/2023/07/25/CAMHDA301-20230725T061500.mp4,570,0,clear,val,tuesdays_2021_2024
CAMHDA301-20230725T091500,2023-07-25,/home/jovyan/ooi/san_data/RS03ASHS-PN03B-06-CAMHDA301/2023/07/25/CAMHDA301-20230725T091500.mp4,720,0,clear,val,tuesdays_2021_2024
CAMHDA301-20230725T091500,2023-07-25,/home/jovyan/ooi/san_data/RS03ASHS-PN03B-06-CAMHDA301/2023/07/25/CAMHDA301-20230725T091500.mp4,660,0,clear,val,tuesdays_2021_2024
CAMHDA301-20230725T091500,2023-07-25,/home/jovyan/ooi/san_data/RS03ASHS-PN03B-06-CAMHDA301/2023/07/25/CAMHDA301-20230725T091500.mp4,540,0,clear,val,tuesdays_2021_2024
CAMHDA301-20230725T091500,2023-07-25,/home/jovyan/ooi/san_data/RS03ASHS-PN03B-06-CAMHDA301/2023/07/25/CAMHDA301-20230725T091500.mp4,180,0,clear,val,tuesdays_2021_2024
CAMHDA301-20230725T121500,2023-07-25,/home/jovyan/ooi/san_data/RS03ASHS-PN03B-06-CAMHDA301/2023/07/25/CAMHDA301-20230725T121500.mp4,390,0,clear,val,tuesdays_2021_2024
CAMHDA301-20230725T121500,2023-07-25,/home/jovyan/ooi/san_data/RS03ASHS-PN03B-06-CAMHDA301/2023/07/25/CAMHDA301-20230725T121500.mp4,30,0,clear,val,tuesdays_2021_2024
CAMHDA301-20230725T121500,2023-07-25,/home/jovyan/ooi/san_data/RS03ASHS-PN03B-06-CAMHDA301/2023/07/25/CAMHDA301-20230725T121500.mp4,240,0,clear,val,tuesdays_2021_2024
CAMHDA301-20230725T121500,2023-07-25,/home/jovyan/ooi/san_data/RS03ASHS-PN03B-06-CAMHDA301/2023/07/25/CAMHDA301-20230725T121500.mp4,810,0,clear,val,tuesdays_2021_2024
CAMHDA301-20230725T151500,2023-07-25,/home/jovyan/ooi/san_data/RS03ASHS-PN03B-06-CAMHDA301/2023/07/25/CAMHDA301-20230725T151500.mp4,480,0,clear,val,tuesdays_2021_2024
CAMHDA301-20230725T151500,2023-07-25,/home/jovyan/ooi/san_data/RS03ASHS-PN03B-06-CAMHDA301/2023/07/25/CAMHDA301-20230725T151500.mp4,120,0,clear,val,tuesdays_2021_2024
CAMHDA301-20230725T151500,2023-07-25,/home/jovyan/ooi/san_data/RS03ASHS-PN03B-06-CAMHDA301/2023/07/25/CAMHDA301-20230725T151500.mp4,630,0,clear,val,tuesdays_2021_2024
CAMHDA301-20230725T151500,2023-07-25,/home/jovyan/ooi/san_data/RS03ASHS-PN03B-06-CAMHDA301/2023/07/25/CAMHDA301-20230725T151500.mp4,330,0,clear,val,tuesdays_2021_2024
CAMHDA301-20230725T181500,2023-07-25,/home/jovyan/ooi/san_data/RS03ASHS-PN03B-06-CAMHDA301/2023/07/25/CAMHDA301-20230725T181500.mp4,750,0,clear,val,tuesdays_2021_2024
CAMHDA301-20230725T181500,2023-07-25,/home/jovyan/ooi/san_data/RS03ASHS-PN03B-06-CAMHDA301/2023/07/25/CAMHDA301-20230725T181500.mp4,420,0,clear,val,tuesdays_2021_2024
CAMHDA301-20230725T181500,2023-07-25,/home/jovyan/ooi/san_data/RS03ASHS-PN03B-06-CAMHDA301/2023/07/25/CAMHDA301-20230725T181500.mp4,30,0,clear,val,tuesdays_2021_2024
CAMHDA301-20230725T181500,2023-07-25,/home/jovyan/ooi/san_data/RS03ASHS-PN03B-06-CAMHDA301/2023/07/25/CAMHDA301-20230725T181500.mp4,660,0,clear,val,tuesdays_2021_2024
CAMHDA301-20230725T211500,2023-07-25,/home/jovyan/ooi/san_data/RS03ASHS-PN03B-06-CAMHDA301/2023/07/25/CAMHDA301-20230725T211500.mp4,690,0,clear,val,tuesdays_2021_2024
CAMHDA301-20230725T211500,2023-07-25,/home/jovyan/ooi/san_data/RS03ASHS-PN03B-06-CAMHDA301/2023/07/25/CAMHDA301-20230725T211500.mp4,420,0,clear,val,tuesdays_2021_2024
CAMHDA301-20230725T211500,2023-07-25,/home/jovyan/ooi/san_data/RS03ASHS-PN03B-06-CAMHDA301/2023/07/25/CAMHDA301-20230725T211500.mp4,180,0,clear,val,tuesdays_2021_2024
CAMHDA301-20230725T211500,2023-07-25,/home/jovyan/ooi/san_data/RS03ASHS-PN03B-06-CAMHDA301/2023/07/25/CAMHDA301-20230725T211500.mp4,600,0,clear,val,tuesdays_2021_2024
CAMHDA301-20230731T001500,2023-07-31,/home/jovyan/ooi/san_data/RS03ASHS-PN03B-06-CAMHDA301/2023/07/31/CAMHDA301-20230731T001500.mp4,210,1,clear,train,full_2023_2024
CAMHDA301-20230731T031500,2023-07-31,/home/jovyan/ooi/san_data/RS03ASHS-PN03B-06-CAMHDA301/2023/07/31/CAMHDA301-20230731T031500.mp4,210,1,clear,train,full_2023_2024
CAMHDA301-20230731T061500,2023-07-31,/home/jovyan/ooi/san_data/RS03ASHS-PN03B-06-CAMHDA301/2023/07/31/CAMHDA301-20230731T061500.mp4,210,1,clear,train,full_2023_2024
CAMHDA301-20230731T091500,2023-07-31,/home/jovyan/ooi/san_data/RS03ASHS-PN03B-06-CAMHDA301/2023/07/31/CAMHDA301-20230731T091500.mp4,210,1,clear,train,full_2023_2024
CAMHDA301-20230731T121500,2023-07-31,/home/jovyan/ooi/san_data/RS03ASHS-PN03B-06-CAMHDA301/2023/07/31/CAMHDA301-20230731T121500.mp4,210,1,clear,train,full_2023_2024
CAMHDA301-20230731T151500,2023-07-31,/home/jovyan/ooi/san_data/RS03ASHS-PN03B-06-CAMHDA301/2023/07/31/CAMHDA301-20230731T151500.mp4,210,1,clear,train,full_2023_2024
CAMHDA301-20230731T181500,2023-07-31,/home/jovyan/ooi/san_data/RS03ASHS-PN03B-06-CAMHDA301/2023/07/31/CAMHDA301-20230731T181500.mp4,210,1,clear,train,full_2023_2024
CAMHDA301-20230731T211500,2023-07-31,/home/jovyan/ooi/san_data/RS03ASHS-PN03B-06-CAMHDA301/2023/07/31/CAMHDA301-20230731T211500.mp4,210,1,clear,train,full_2023_2024
CAMHDA301-20230801T031500,2023-08-01,/home/jovyan/ooi/san_data/RS03ASHS-PN03B-06-CAMHDA301/2023/08/01/CAMHDA301-20230801T031500.mp4,300,0,clear,val,tuesdays_2021_2024
CAMHDA301-20230801T031500,2023-08-01,/home/jovyan/ooi/san_data/RS03ASHS-PN03B-06-CAMHDA301/2023/08/01/CAMHDA301-20230801T031500.mp4,600,0,clear,val,tuesdays_2021_2024
CAMHDA301-20230801T031500,2023-08-01,/home/jovyan/ooi/san_data/RS03ASHS-PN03B-06-CAMHDA301/2023/08/01/CAMHDA301-20230801T031500.mp4,690,0,clear,val,tuesdays_2021_2024
CAMHDA301-20230801T031500,2023-08-01,/home/jovyan/ooi/san_data/RS03ASHS-PN03B-06-CAMHDA301/2023/08/01/CAMHDA301-20230801T031500.mp4,90,0,clear,val,tuesdays_2021_2024
CAMHDA301-20230801T061500,2023-08-01,/home/jovyan/ooi/san_data/RS03ASHS-PN03B-06-CAMHDA301/2023/08/01/CAMHDA301-20230801T061500.mp4,60,0,clear,val,tuesdays_2021_2024
CAMHDA301-20230801T061500,2023-08-01,/home/jovyan/ooi/san_data/RS03ASHS-PN03B-06-CAMHDA301/2023/08/01/CAMHDA301-20230801T061500.mp4,480,0,clear,val,tuesdays_2021_2024
CAMHDA301-20230801T061500,2023-08-01,/home/jovyan/ooi/san_data/RS03ASHS-PN03B-06-CAMHDA301/2023/08/01/CAMHDA301-20230801T061500.mp4,360,0,clear,val,tuesdays_2021_2024
CAMHDA301-20230801T061500,2023-08-01,/home/jovyan/ooi/san_data/RS03ASHS-PN03B-06-CAMHDA301/2023/08/01/CAMHDA301-20230801T061500.mp4,780,0,clear,val,tuesdays_2021_2024
CAMHDA301-20230801T091500,2023-08-01,/home/jovyan/ooi/san_data/RS03ASHS-PN03B-06-CAMHDA301/2023/08/01/CAMHDA301-20230801T091500.mp4,210,1,clear,val,tuesdays_2021_2024
CAMHDA301-20230801T121500,2023-08-01,/home/jovyan/ooi/san_data/RS03ASHS-PN03B-06-CAMHDA301/2023/08/01/CAMHDA301-20230801T121500.mp4,210,1,clear,val,tuesdays_2021_2024
CAMHDA301-20230801T151500,2023-08-01,/home/jovyan/ooi/san_data/RS03ASHS-PN03B-06-CAMHDA301/2023/08/01/CAMHDA301-20230801T151500.mp4,210,1,clear,val,tuesdays_2021_2024
CAMHDA301-20230801T181500,2023-08-01,/home/jovyan/ooi/san_data/RS03ASHS-PN03B-06-CAMHDA301/2023/08/01/CAMHDA301-20230801T181500.mp4,450,0,clear,val,tuesdays_2021_2024
CAMHDA301-20230801T181500,2023-08-01,/home/jovyan/ooi/san_data/RS03ASHS-PN03B-06-CAMHDA301/2023/08/01/CAMHDA301-20230801T181500.mp4,690,0,clear,val,tuesdays_2021_2024
CAMHDA301-20230801T181500,2023-08-01,/home/jovyan/ooi/san_data/RS03ASHS-PN03B-06-CAMHDA301/2023/08/01/CAMHDA301-20230801T181500.mp4,60,0,clear,val,tuesdays_2021_2024
CAMHDA301-20230801T181500,2023-08-01,/home/jovyan/ooi/san_data/RS03ASHS-PN03B-06-CAMHDA301/2023/08/01/CAMHDA301-20230801T181500.mp4,420,0,clear,val,tuesdays_2021_2024
CAMHDA301-20230801T211500,2023-08-01,/home/jovyan/ooi/san_data/RS03ASHS-PN03B-06-CAMHDA301/2023/08/01/CAMHDA301-20230801T211500.mp4,240,0,clear,val,tuesdays_2021_2024
CAMHDA301-20230801T211500,2023-08-01,/home/jovyan/ooi/san_data/RS03ASHS-PN03B-06-CAMHDA301/2023/08/01/CAMHDA301-20230801T211500.mp4,480,0,clear,val,tuesdays_2021_2024
CAMHDA301-20230801T211500,2023-08-01,/home/jovyan/ooi/san_data/RS03ASHS-PN03B-06-CAMHDA301/2023/08/01/CAMHDA301-20230801T211500.mp4,660,0,clear,val,tuesdays_2021_2024
CAMHDA301-20230801T211500,2023-08-01,/home/jovyan/ooi/san_data/RS03ASHS-PN03B-06-CAMHDA301/2023/08/01/CAMHDA301-20230801T211500.mp4,690,0,clear,val,tuesdays_2021_2024
CAMHDA301-20230807T001500,2023-08-07,/home/jovyan/ooi/san_data/RS03ASHS-PN03B-06-CAMHDA301/2023/08/07/CAMHDA301-20230807T001500.mp4,210,1,clear,val,full_2023_2024
CAMHDA301-20230807T031500,2023-08-07,/home/jovyan/ooi/san_data/RS03ASHS-PN03B-06-CAMHDA301/2023/08/07/CAMHDA301-20230807T031500.mp4,210,1,clear,val,full_2023_2024
CAMHDA301-20230807T061500,2023-08-07,/home/jovyan/ooi/san_data/RS03ASHS-PN03B-06-CAMHDA301/2023/08/07/CAMHDA301-20230807T061500.mp4,210,1,clear,val,full_2023_2024
CAMHDA301-20230807T091500,2023-08-07,/home/jovyan/ooi/san_data/RS03ASHS-PN03B-06-CAMHDA301/2023/08/07/CAMHDA301-20230807T091500.mp4,210,1,clear,val,full_2023_2024
CAMHDA301-20230807T121500,2023-08-07,/home/jovyan/ooi/san_data/RS03ASHS-PN03B-06-CAMHDA301/2023/08/07/CAMHDA301-20230807T121500.mp4,210,1,clear,val,full_2023_2024
CAMHDA301-20230807T151500,2023-08-07,/home/jovyan/ooi/san_data/RS03ASHS-PN03B-06-CAMHDA301/2023/08/07/CAMHDA301-20230807T151500.mp4,210,1,clear,val,full_2023_2024
CAMHDA301-20230807T181500,2023-08-07,/home/jovyan/ooi/san_data/RS03ASHS-PN03B-06-CAMHDA301/2023/08/07/CAMHDA301-20230807T181500.mp4,210,1,clear,val,full_2023_2024
CAMHDA301-20230807T211500,2023-08-07,/home/jovyan/ooi/san_data/RS03ASHS-PN03B-06-CAMHDA301/2023/08/07/CAMHDA301-20230807T211500.mp4,180,1,clear,val,full_2023_2024
CAMHDA301-20230808T001500,2023-08-08,/home/jovyan/ooi/san_data/RS03ASHS-PN03B-06-CAMHDA301/2023/08/08/CAMHDA301-20230808T001500.mp4,210,1,clear,val,tuesdays_2021_2024
CAMHDA301-20230808T031500,2023-08-08,/home/jovyan/ooi/san_data/RS03ASHS-PN03B-06-CAMHDA301/2023/08/08/CAMHDA301-20230808T031500.mp4,210,1,clear,val,tuesdays_2021_2024
CAMHDA301-20230808T061500,2023-08-08,/home/jovyan/ooi/san_data/RS03ASHS-PN03B-06-CAMHDA301/2023/08/08/CAMHDA301-20230808T061500.mp4,210,1,clear,val,tuesdays_2021_2024
CAMHDA301-20230808T091500,2023-08-08,/home/jovyan/ooi/san_data/RS03ASHS-PN03B-06-CAMHDA301/2023/08/08/CAMHDA301-20230808T091500.mp4,210,1,clear,val,tuesdays_2021_2024
CAMHDA301-20230808T121500,2023-08-08,/home/jovyan/ooi/san_data/RS03ASHS-PN03B-06-CAMHDA301/2023/08/08/CAMHDA301-20230808T121500.mp4,210,1,clear,val,tuesdays_2021_2024
CAMHDA301-20230808T151500,2023-08-08,/home/jovyan/ooi/san_data/RS03ASHS-PN03B-06-CAMHDA301/2023/08/08/CAMHDA301-20230808T151500.mp4,210,1,clear,val,tuesdays_2021_2024
CAMHDA301-20230808T181500,2023-08-08,/home/jovyan/ooi/san_data/RS03ASHS-PN03B-06-CAMHDA301/2023/08/08/CAMHDA301-20230808T181500.mp4,210,1,clear,val,tuesdays_2021_2024
CAMHDA301-20230814T001500,2023-08-14,/home/jovyan/ooi/san_data/RS03ASHS-PN03B-06-CAMHDA301/2023/08/14/CAMHDA301-20230814T001500.mp4,210,1,blurry,train,full_2023_2024
CAMHDA301-20230814T031500,2023-08-14,/home/jovyan/ooi/san_data/RS03ASHS-PN03B-06-CAMHDA301/2023/08/14/CAMHDA301-20230814T031500.mp4,420,1,blurry,train,full_2023_2024
CAMHDA301-20230814T061500,2023-08-14,/home/jovyan/ooi/san_data/RS03ASHS-PN03B-06-CAMHDA301/2023/08/14/CAMHDA301-20230814T061500.mp4,210,1,blurry,train,full_2023_2024
CAMHDA301-20230814T091500,2023-08-14,/home/jovyan/ooi/san_data/RS03ASHS-PN03B-06-CAMHDA301/2023/08/14/CAMHDA301-20230814T091500.mp4,210,1,blurry,train,full_2023_2024
CAMHDA301-20230814T121500,2023-08-14,/home/jovyan/ooi/san_data/RS03ASHS-PN03B-06-CAMHDA301/2023/08/14/CAMHDA301-20230814T121500.mp4,210,1,blurry,train,full_2023_2024
CAMHDA301-20230814T151500,2023-08-14,/home/jovyan/ooi/san_data/RS03ASHS-PN03B-06-CAMHDA301/2023/08/14/CAMHDA301-20230814T151500.mp4,210,1,blurry,train,full_2023_2024
CAMHDA301-20230814T181500,2023-08-14,/home/jovyan/ooi/san_data/RS03ASHS-PN03B-06-CAMHDA301/2023/08/14/CAMHDA301-20230814T181500.mp4,210,1,blurry,train,full_2023_2024
CAMHDA301-20230814T211500,2023-08-14,/home/jovyan/ooi/san_data/RS03ASHS-PN03B-06-CAMHDA301/2023/08/14/CAMHDA301-20230814T211500.mp4,420,1,blurry,train,full_2023_2024
CAMHDA301-20230821T001500,2023-08-21,/home/jovyan/ooi/san_data/RS03ASHS-PN03B-06-CAMHDA301/2023/08/21/CAMHDA301-20230821T001500.mp4,240,1,blurry,train,full_2023_2024
CAMHDA301-20230821T031500,2023-08-21,/home/jovyan/ooi/san_data/RS03ASHS-PN03B-06-CAMHDA301/2023/08/21/CAMHDA301-20230821T031500.mp4,210,1,blurry,train,full_2023_2024
CAMHDA301-20230821T061500,2023-08-21,/home/jovyan/ooi/san_data/RS03ASHS-PN03B-06-CAMHDA301/2023/08/21/CAMHDA301-20230821T061500.mp4,210,1,blurry,train,full_2023_2024
CAMHDA301-20230821T091500,2023-08-21,/home/jovyan/ooi/san_data/RS03ASHS-PN03B-06-CAMHDA301/2023/08/21/CAMHDA301-20230821T091500.mp4,180,1,blurry,train,full_2023_2024
CAMHDA301-20230821T121500,2023-08-21,/home/jovyan/ooi/san_data/RS03ASHS-PN03B-06-CAMHDA301/2023/08/21/CAMHDA301-20230821T121500.mp4,210,1,blurry,train,full_2023_2024
CAMHDA301-20230821T151500,2023-08-21,/home/jovyan/ooi/san_data/RS03ASHS-PN03B-06-CAMHDA301/2023/08/21/CAMHDA301-20230821T151500.mp4,210,1,blurry,train,full_2023_2024
CAMHDA301-20230821T181500,2023-08-21,/home/jovyan/ooi/san_data/RS03ASHS-PN03B-06-CAMHDA301/2023/08/21/CAMHDA301-20230821T181500.mp4,210,1,blurry,train,full_2023_2024
CAMHDA301-20230821T211500,2023-08-21,/home/jovyan/ooi/san_data/RS03ASHS-PN03B-06-CAMHDA301/2023/08/21/CAMHDA301-20230821T211500.mp4,210,1,blurry,train,full_2023_2024
CAMHDA301-20230828T001500,2023-08-28,/home/jovyan/ooi/san_data/RS03ASHS-PN03B-06-CAMHDA301/2023/08/28/CAMHDA301-20230828T001500.mp4,600,0,blurry,train,full_2023_2024
CAMHDA301-20230828T001500,2023-08-28,/home/jovyan/ooi/san_data/RS03ASHS-PN03B-06-CAMHDA301/2023/08/28/CAMHDA301-20230828T001500.mp4,90,0,blurry,train,full_2023_2024
CAMHDA301-20230828T001500,2023-08-28,/home/jovyan/ooi/san_data/RS03ASHS-PN03B-06-CAMHDA301/2023/08/28/CAMHDA301-20230828T001500.mp4,360,0,blurry,train,full_2023_2024
CAMHDA301-20230828T001500,2023-08-28,/home/jovyan/ooi/san_data/RS03ASHS-PN03B-06-CAMHDA301/2023/08/28/CAMHDA301-20230828T001500.mp4,480,0,blurry,train,full_2023_2024
CAMHDA301-20230828T031500,2023-08-28,/home/jovyan/ooi/san_data/RS03ASHS-PN03B-06-CAMHDA301/2023/08/28/CAMHDA301-20230828T031500.mp4,570,0,blurry,train,full_2023_2024
CAMHDA301-20230828T031500,2023-08-28,/home/jovyan/ooi/san_data/RS03ASHS-PN03B-06-CAMHDA301/2023/08/28/CAMHDA301-20230828T031500.mp4,270,0,blurry,train,full_2023_2024
CAMHDA301-20230828T031500,2023-08-28,/home/jovyan/ooi/san_data/RS03ASHS-PN03B-06-CAMHDA301/2023/08/28/CAMHDA301-20230828T031500.mp4,690,0,blurry,train,full_2023_2024
CAMHDA301-20230828T031500,2023-08-28,/home/jovyan/ooi/san_data/RS03ASHS-PN03B-06-CAMHDA301/2023/08/28/CAMHDA301-20230828T031500.mp4,360,0,blurry,train,full_2023_2024
CAMHDA301-20230828T061500,2023-08-28,/home/jovyan/ooi/san_data/RS03ASHS-PN03B-06-CAMHDA301/2023/08/28/CAMHDA301-20230828T061500.mp4,480,0,blurry,train,full_2023_2024
CAMHDA301-20230828T061500,2023-08-28,/home/jovyan/ooi/san_data/RS03ASHS-PN03B-06-CAMHDA301/2023/08/28/CAMHDA301-20230828T061500.mp4,750,0,blurry,train,full_2023_2024
CAMHDA301-20230828T061500,2023-08-28,/home/jovyan/ooi/san_data/RS03ASHS-PN03B-06-CAMHDA301/2023/08/28/CAMHDA301-20230828T061500.mp4,300,0,blurry,train,full_2023_2024
CAMHDA301-20230828T061500,2023-08-28,/home/jovyan/ooi/san_data/RS03ASHS-PN03B-06-CAMHDA301/2023/08/28/CAMHDA301-20230828T061500.mp4,720,0,blurry,train,full_2023_2024
CAMHDA301-20230828T091500,2023-08-28,/home/jovyan/ooi/san_data/RS03ASHS-PN03B-06-CAMHDA301/2023/08/28/CAMHDA301-20230828T091500.mp4,90,0,blurry,train,full_2023_2024
CAMHDA301-20230828T091500,2023-08-28,/home/jovyan/ooi/san_data/RS03ASHS-PN03B-06-CAMHDA301/2023/08/28/CAMHDA301-20230828T091500.mp4,390,0,blurry,train,full_2023_2024
CAMHDA301-20230828T091500,2023-08-28,/home/jovyan/ooi/san_data/RS03ASHS-PN03B-06-CAMHDA301/2023/08/28/CAMHDA301-20230828T091500.mp4,660,0,blurry,train,full_2023_2024
CAMHDA301-20230828T091500,2023-08-28,/home/jovyan/ooi/san_data/RS03ASHS-PN03B-06-CAMHDA301/2023/08/28/CAMHDA301-20230828T091500.mp4,30,0,blurry,train,full_2023_2024
CAMHDA301-20230828T121500,2023-08-28,/home/jovyan/ooi/san_data/RS03ASHS-PN03B-06-CAMHDA301/2023/08/28/CAMHDA301-20230828T121500.mp4,780,0,blurry,train,full_2023_2024
CAMHDA301-20230828T121500,2023-08-28,/home/jovyan/ooi/san_data/RS03ASHS-PN03B-06-CAMHDA301/2023/08/28/CAMHDA301-20230828T121500.mp4,90,0,blurry,train,full_2023_2024
CAMHDA301-20230828T121500,2023-08-28,/home/jovyan/ooi/san_data/RS03ASHS-PN03B-06-CAMHDA301/2023/08/28/CAMHDA301-20230828T121500.mp4,120,0,blurry,train,full_2023_2024
CAMHDA301-20230828T121500,2023-08-28,/home/jovyan/ooi/san_data/RS03ASHS-PN03B-06-CAMHDA301/2023/08/28/CAMHDA301-20230828T121500.mp4,480,0,blurry,train,full_2023_2024
CAMHDA301-20230828T151500,2023-08-28,/home/jovyan/ooi/san_data/RS03ASHS-PN03B-06-CAMHDA301/2023/08/28/CAMHDA301-20230828T151500.mp4,780,0,blurry,train,full_2023_2024
CAMHDA301-20230828T151500,2023-08-28,/home/jovyan/ooi/san_data/RS03ASHS-PN03B-06-CAMHDA301/2023/08/28/CAMHDA301-20230828T151500.mp4,660,0,blurry,train,full_2023_2024
CAMHDA301-20230828T151500,2023-08-28,/home/jovyan/ooi/san_data/RS03ASHS-PN03B-06-CAMHDA301/2023/08/28/CAMHDA301-20230828T151500.mp4,300,0,blurry,train,full_2023_2024
CAMHDA301-20230828T151500,2023-08-28,/home/jovyan/ooi/san_data/RS03ASHS-PN03B-06-CAMHDA301/2023/08/28/CAMHDA301-20230828T151500.mp4,720,0,blurry,train,full_2023_2024
CAMHDA301-20230828T181500,2023-08-28,/home/jovyan/ooi/san_data/RS03ASHS-PN03B-06-CAMHDA301/2023/08/28/CAMHDA301-20230828T181500.mp4,690,0,blurry,train,full_2023_2024
CAMHDA301-20230828T181500,2023-08-28,/home/jovyan/ooi/san_data/RS03ASHS-PN03B-06-CAMHDA301/2023/08/28/CAMHDA301-20230828T181500.mp4,360,0,blurry,train,full_2023_2024
CAMHDA301-20230828T181500,2023-08-28,/home/jovyan/ooi/san_data/RS03ASHS-PN03B-06-CAMHDA301/2023/08/28/CAMHDA301-20230828T181500.mp4,630,0,blurry,train,full_2023_2024
CAMHDA301-20230828T181500,2023-08-28,/home/jovyan/ooi/san_data/RS03ASHS-PN03B-06-CAMHDA301/2023/08/28/CAMHDA301-20230828T181500.mp4,150,0,blurry,train,full_2023_2024
CAMHDA301-20230828T211500,2023-08-28,/home/jovyan/ooi/san_data/RS03ASHS-PN03B-06-CAMHDA301/2023/08/28/CAMHDA301-20230828T211500.mp4,780,0,blurry,train,full_2023_2024
CAMHDA301-20230828T211500,2023-08-28,/home/jovyan/ooi/san_data/RS03ASHS-PN03B-06-CAMHDA301/2023/08/28/CAMHDA301-20230828T211500.mp4,450,0,blurry,train,full_2023_2024
CAMHDA301-20230828T211500,2023-08-28,/home/jovyan/ooi/san_data/RS03ASHS-PN03B-06-CAMHDA301/2023/08/28/CAMHDA301-20230828T211500.mp4,570,0,blurry,train,full_2023_2024
CAMHDA301-20230828T211500,2023-08-28,/home/jovyan/ooi/san_data/RS03ASHS-PN03B-06-CAMHDA301/2023/08/28/CAMHDA301-20230828T211500.mp4,810,0,blurry,train,full_2023_2024
CAMHDA301-20230904T001500,2023-09-04,/home/jovyan/ooi/san_data/RS03ASHS-PN03B-06-CAMHDA301/2023/09/04/CAMHDA301-20230904T001500.mp4,90,0,blurry,val,full_2023_2024
CAMHDA301-20230904T001500,2023-09-04,/home/jovyan/ooi/san_data/RS03ASHS-PN03B-06-CAMHDA301/2023/09/04/CAMHDA301-20230904T001500.mp4,540,0,blurry,val,full_2023_2024
CAMHDA301-20230904T001500,2023-09-04,/home/jovyan/ooi/san_data/RS03ASHS-PN03B-06-CAMHDA301/2023/09/04/CAMHDA301-20230904T001500.mp4,210,0,blurry,val,full_2023_2024
CAMHDA301-20230904T001500,2023-09-04,/home/jovyan/ooi/san_data/RS03ASHS-PN03B-06-CAMHDA301/2023/09/04/CAMHDA301-20230904T001500.mp4,300,0,blurry,val,full_2023_2024
CAMHDA301-20230904T031500,2023-09-04,/home/jovyan/ooi/san_data/RS03ASHS-PN03B-06-CAMHDA301/2023/09/04/CAMHDA301-20230904T031500.mp4,330,0,blurry,val,full_2023_2024
CAMHDA301-20230904T031500,2023-09-04,/home/jovyan/ooi/san_data/RS03ASHS-PN03B-06-CAMHDA301/2023/09/04/CAMHDA301-20230904T031500.mp4,720,0,blurry,val,full_2023_2024
CAMHDA301-20230904T031500,2023-09-04,/home/jovyan/ooi/san_data/RS03ASHS-PN03B-06-CAMHDA301/2023/09/04/CAMHDA301-20230904T031500.mp4,690,0,blurry,val,full_2023_2024
CAMHDA301-20230904T031500,2023-09-04,/home/jovyan/ooi/san_data/RS03ASHS-PN03B-06-CAMHDA301/2023/09/04/CAMHDA301-20230904T031500.mp4,30,0,blurry,val,full_2023_2024
CAMHDA301-20230904T061500,2023-09-04,/home/jovyan/ooi/san_data/RS03ASHS-PN03B-06-CAMHDA301/2023/09/04/CAMHDA301-20230904T061500.mp4,360,0,blurry,val,full_2023_2024
CAMHDA301-20230904T061500,2023-09-04,/home/jovyan/ooi/san_data/RS03ASHS-PN03B-06-CAMHDA301/2023/09/04/CAMHDA301-20230904T061500.mp4,120,0,blurry,val,full_2023_2024
CAMHDA301-20230904T061500,2023-09-04,/home/jovyan/ooi/san_data/RS03ASHS-PN03B-06-CAMHDA301/2023/09/04/CAMHDA301-20230904T061500.mp4,390,0,blurry,val,full_2023_2024
CAMHDA301-20230904T061500,2023-09-04,/home/jovyan/ooi/san_data/RS03ASHS-PN03B-06-CAMHDA301/2023/09/04/CAMHDA301-20230904T061500.mp4,510,0,blurry,val,full_2023_2024
CAMHDA301-20230904T091500,2023-09-04,/home/jovyan/ooi/san_data/RS03ASHS-PN03B-06-CAMHDA301/2023/09/04/CAMHDA301-20230904T091500.mp4,810,0,blurry,val,full_2023_2024
CAMHDA301-20230904T091500,2023-09-04,/home/jovyan/ooi/san_data/RS03ASHS-PN03B-06-CAMHDA301/2023/09/04/CAMHDA301-20230904T091500.mp4,540,0,blurry,val,full_2023_2024
CAMHDA301-20230904T091500,2023-09-04,/home/jovyan/ooi/san_data/RS03ASHS-PN03B-06-CAMHDA301/2023/09/04/CAMHDA301-20230904T091500.mp4,750,0,blurry,val,full_2023_2024
CAMHDA301-20230904T091500,2023-09-04,/home/jovyan/ooi/san_data/RS03ASHS-PN03B-06-CAMHDA301/2023/09/04/CAMHDA301-20230904T091500.mp4,720,0,blurry,val,full_2023_2024
CAMHDA301-20230904T121500,2023-09-04,/home/jovyan/ooi/san_data/RS03ASHS-PN03B-06-CAMHDA301/2023/09/04/CAMHDA301-20230904T121500.mp4,390,0,blurry,val,full_2023_2024
CAMHDA301-20230904T121500,2023-09-04,/home/jovyan/ooi/san_data/RS03ASHS-PN03B-06-CAMHDA301/2023/09/04/CAMHDA301-20230904T121500.mp4,180,0,blurry,val,full_2023_2024
CAMHDA301-20230904T121500,2023-09-04,/home/jovyan/ooi/san_data/RS03ASHS-PN03B-06-CAMHDA301/2023/09/04/CAMHDA301-20230904T121500.mp4,30,0,blurry,val,full_2023_2024
CAMHDA301-20230904T121500,2023-09-04,/home/jovyan/ooi/san_data/RS03ASHS-PN03B-06-CAMHDA301/2023/09/04/CAMHDA301-20230904T121500.mp4,360,0,blurry,val,full_2023_2024
CAMHDA301-20230904T151500,2023-09-04,/home/jovyan/ooi/san_data/RS03ASHS-PN03B-06-CAMHDA301/2023/09/04/CAMHDA301-20230904T151500.mp4,30,0,blurry,val,full_2023_2024
CAMHDA301-20230904T151500,2023-09-04,/home/jovyan/ooi/san_data/RS03ASHS-PN03B-06-CAMHDA301/2023/09/04/CAMHDA301-20230904T151500.mp4,120,0,blurry,val,full_2023_2024
CAMHDA301-20230904T151500,2023-09-04,/home/jovyan/ooi/san_data/RS03ASHS-PN03B-06-CAMHDA301/2023/09/04/CAMHDA301-20230904T151500.mp4,360,0,blurry,val,full_2023_2024
CAMHDA301-20230904T151500,2023-09-04,/home/jovyan/ooi/san_data/RS03ASHS-PN03B-06-CAMHDA301/2023/09/04/CAMHDA301-20230904T151500.mp4,60,0,blurry,val,full_2023_2024
CAMHDA301-20230904T181500,2023-09-04,/home/jovyan/ooi/san_data/RS03ASHS-PN03B-06-CAMHDA301/2023/09/04/CAMHDA301-20230904T181500.mp4,300,0,blurry,val,full_2023_2024
CAMHDA301-20230904T181500,2023-09-04,/home/jovyan/ooi/san_data/RS03ASHS-PN03B-06-CAMHDA301/2023/09/04/CAMHDA301-20230904T181500.mp4,630,0,blurry,val,full_2023_2024
CAMHDA301-20230904T181500,2023-09-04,/home/jovyan/ooi/san_data/RS03ASHS-PN03B-06-CAMHDA301/2023/09/04/CAMHDA301-20230904T181500.mp4,30,0,blurry,val,full_2023_2024
CAMHDA301-20230904T181500,2023-09-04,/home/jovyan/ooi/san_data/RS03ASHS-PN03B-06-CAMHDA301/2023/09/04/CAMHDA301-20230904T181500.mp4,810,0,blurry,val,full_2023_2024
CAMHDA301-20230904T211500,2023-09-04,/home/jovyan/ooi/san_data/RS03ASHS-PN03B-06-CAMHDA301/2023/09/04/CAMHDA301-20230904T211500.mp4,210,0,blurry,val,full_2023_2024
CAMHDA301-20230904T211500,2023-09-04,/home/jovyan/ooi/san_data/RS03ASHS-PN03B-06-CAMHDA301/2023/09/04/CAMHDA301-20230904T211500.mp4,270,0,blurry,val,full_2023_2024
CAMHDA301-20230904T211500,2023-09-04,/home/jovyan/ooi/san_data/RS03ASHS-PN03B-06-CAMHDA301/2023/09/04/CAMHDA301-20230904T211500.mp4,240,0,blurry,val,full_2023_2024
CAMHDA301-20230904T211500,2023-09-04,/home/jovyan/ooi/san_data/RS03ASHS-PN03B-06-CAMHDA301/2023/09/04/CAMHDA301-20230904T211500.mp4,90,0,blurry,val,full_2023_2024
CAMHDA301-20230911T001500,2023-09-11,/home/jovyan/ooi/san_data/RS03ASHS-PN03B-06-CAMHDA301/2023/09/11/CAMHDA301-20230911T001500.mp4,810,0,blurry,train,full_2023_2024
CAMHDA301-20230911T001500,2023-09-11,/home/jovyan/ooi/san_data/RS03ASHS-PN03B-06-CAMHDA301/2023/09/11/CAMHDA301-20230911T001500.mp4,420,0,blurry,train,full_2023_2024
CAMHDA301-20230911T001500,2023-09-11,/home/jovyan/ooi/san_data/RS03ASHS-PN03B-06-CAMHDA301/2023/09/11/CAMHDA301-20230911T001500.mp4,690,0,blurry,train,full_2023_2024
CAMHDA301-20230911T001500,2023-09-11,/home/jovyan/ooi/san_data/RS03ASHS-PN03B-06-CAMHDA301/2023/09/11/CAMHDA301-20230911T001500.mp4,780,0,blurry,train,full_2023_2024
CAMHDA301-20230911T031500,2023-09-11,/home/jovyan/ooi/san_data/RS03ASHS-PN03B-06-CAMHDA301/2023/09/11/CAMHDA301-20230911T031500.mp4,840,0,blurry,train,full_2023_2024
CAMHDA301-20230911T031500,2023-09-11,/home/jovyan/ooi/san_data/RS03ASHS-PN03B-06-CAMHDA301/2023/09/11/CAMHDA301-20230911T031500.mp4,150,0,blurry,train,full_2023_2024
CAMHDA301-20230911T031500,2023-09-11,/home/jovyan/ooi/san_data/RS03ASHS-PN03B-06-CAMHDA301/2023/09/11/CAMHDA301-20230911T031500.mp4,750,0,blurry,train,full_2023_2024
CAMHDA301-20230911T031500,2023-09-11,/home/jovyan/ooi/san_data/RS03ASHS-PN03B-06-CAMHDA301/2023/09/11/CAMHDA301-20230911T031500.mp4,480,0,blurry,train,full_2023_2024
CAMHDA301-20230911T061500,2023-09-11,/home/jovyan/ooi/san_data/RS03ASHS-PN03B-06-CAMHDA301/2023/09/11/CAMHDA301-20230911T061500.mp4,570,0,blurry,train,full_2023_2024
CAMHDA301-20230911T061500,2023-09-11,/home/jovyan/ooi/san_data/RS03ASHS-PN03B-06-CAMHDA301/2023/09/11/CAMHDA301-20230911T061500.mp4,210,0,blurry,train,full_2023_2024
CAMHDA301-20230911T061500,2023-09-11,/home/jovyan/ooi/san_data/RS03ASHS-PN03B-06-CAMHDA301/2023/09/11/CAMHDA301-20230911T061500.mp4,630,0,blurry,train,full_2023_2024
CAMHDA301-20230911T061500,2023-09-11,/home/jovyan/ooi/san_data/RS03ASHS-PN03B-06-CAMHDA301/2023/09/11/CAMHDA301-20230911T061500.mp4,810,0,blurry,train,full_2023_2024
CAMHDA301-20230911T091500,2023-09-11,/home/jovyan/ooi/san_data/RS03ASHS-PN03B-06-CAMHDA301/2023/09/11/CAMHDA301-20230911T091500.mp4,180,0,blurry,train,full_2023_2024
CAMHDA301-20230911T091500,2023-09-11,/home/jovyan/ooi/san_data/RS03ASHS-PN03B-06-CAMHDA301/2023/09/11/CAMHDA301-20230911T091500.mp4,240,0,blurry,train,full_2023_2024
CAMHDA301-20230911T091500,2023-09-11,/home/jovyan/ooi/san_data/RS03ASHS-PN03B-06-CAMHDA301/2023/09/11/CAMHDA301-20230911T091500.mp4,690,0,blurry,train,full_2023_2024
CAMHDA301-20230911T091500,2023-09-11,/home/jovyan/ooi/san_data/RS03ASHS-PN03B-06-CAMHDA301/2023/09/11/CAMHDA301-20230911T091500.mp4,510,0,blurry,train,full_2023_2024
CAMHDA301-20230911T121500,2023-09-11,/home/jovyan/ooi/san_data/RS03ASHS-PN03B-06-CAMHDA301/2023/09/11/CAMHDA301-20230911T121500.mp4,240,0,blurry,train,full_2023_2024
CAMHDA301-20230911T121500,2023-09-11,/home/jovyan/ooi/san_data/RS03ASHS-PN03B-06-CAMHDA301/2023/09/11/CAMHDA301-20230911T121500.mp4,600,0,blurry,train,full_2023_2024
CAMHDA301-20230911T121500,2023-09-11,/home/jovyan/ooi/san_data/RS03ASHS-PN03B-06-CAMHDA301/2023/09/11/CAMHDA301-20230911T121500.mp4,390,0,blurry,train,full_2023_2024
CAMHDA301-20230911T121500,2023-09-11,/home/jovyan/ooi/san_data/RS03ASHS-PN03B-06-CAMHDA301/2023/09/11/CAMHDA301-20230911T121500.mp4,60,0,blurry,train,full_2023_2024
CAMHDA301-20230911T151500,2023-09-11,/home/jovyan/ooi/san_data/RS03ASHS-PN03B-06-CAMHDA301/2023/09/11/CAMHDA301-20230911T151500.mp4,690,0,blurry,train,full_2023_2024
CAMHDA301-20230911T151500,2023-09-11,/home/jovyan/ooi/san_data/RS03ASHS-PN03B-06-CAMHDA301/2023/09/11/CAMHDA301-20230911T151500.mp4,390,0,blurry,train,full_2023_2024
CAMHDA301-20230911T151500,2023-09-11,/home/jovyan/ooi/san_data/RS03ASHS-PN03B-06-CAMHDA301/2023/09/11/CAMHDA301-20230911T151500.mp4,90,0,blurry,train,full_2023_2024
CAMHDA301-20230911T151500,2023-09-11,/home/jovyan/ooi/san_data/RS03ASHS-PN03B-06-CAMHDA301/2023/09/11/CAMHDA301-20230911T151500.mp4,660,0,blurry,train,full_2023_2024
CAMHDA301-20230911T181500,2023-09-11,/home/jovyan/ooi/san_data/RS03ASHS-PN03B-06-CAMHDA301/2023/09/11/CAMHDA301-20230911T181500.mp4,240,0,blurry,train,full_2023_2024
CAMHDA301-20230911T181500,2023-09-11,/home/jovyan/ooi/san_data/RS03ASHS-PN03B-06-CAMHDA301/2023/09/11/CAMHDA301-20230911T181500.mp4,300,0,blurry,train,full_2023_2024
CAMHDA301-20230911T181500,2023-09-11,/home/jovyan/ooi/san_data/RS03ASHS-PN03B-06-CAMHDA301/2023/09/11/CAMHDA301-20230911T181500.mp4,540,0,blurry,train,full_2023_2024
CAMHDA301-20230911T181500,2023-09-11,/home/jovyan/ooi/san_data/RS03ASHS-PN03B-06-CAMHDA301/2023/09/11/CAMHDA301-20230911T181500.mp4,420,0,blurry,train,full_2023_2024
CAMHDA301-20230911T211500,2023-09-11,/home/jovyan/ooi/san_data/RS03ASHS-PN03B-06-CAMHDA301/2023/09/11/CAMHDA301-20230911T211500.mp4,150,0,blurry,train,full_2023_2024
CAMHDA301-20230911T211500,2023-09-11,/home/jovyan/ooi/san_data/RS03ASHS-PN03B-06-CAMHDA301/2023/09/11/CAMHDA301-20230911T211500.mp4,570,0,blurry,train,full_2023_2024
CAMHDA301-20230911T211500,2023-09-11,/home/jovyan/ooi/san_data/RS03ASHS-PN03B-06-CAMHDA301/2023/09/11/CAMHDA301-20230911T211500.mp4,30,0,blurry,train,full_2023_2024
CAMHDA301-20230911T211500,2023-09-11,/home/jovyan/ooi/san_data/RS03ASHS-PN03B-06-CAMHDA301/2023/09/11/CAMHDA301-20230911T211500.mp4,60,0,blurry,train,full_2023_2024
CAMHDA301-20230918T001500,2023-09-18,/home/jovyan/ooi/san_data/RS03ASHS-PN03B-06-CAMHDA301/2023/09/18/CAMHDA301-20230918T001500.mp4,810,0,blurry,val,full_2023_2024
CAMHDA301-20230918T001500,2023-09-18,/home/jovyan/ooi/san_data/RS03ASHS-PN03B-06-CAMHDA301/2023/09/18/CAMHDA301-20230918T001500.mp4,360,0,blurry,val,full_2023_2024
CAMHDA301-20230918T001500,2023-09-18,/home/jovyan/ooi/san_data/RS03ASHS-PN03B-06-CAMHDA301/2023/09/18/CAMHDA301-20230918T001500.mp4,270,0,blurry,val,full_2023_2024
CAMHDA301-20230918T001500,2023-09-18,/home/jovyan/ooi/san_data/RS03ASHS-PN03B-06-CAMHDA301/2023/09/18/CAMHDA301-20230918T001500.mp4,780,0,blurry,val,full_2023_2024
CAMHDA301-20230918T031500,2023-09-18,/home/jovyan/ooi/san_data/RS03ASHS-PN03B-06-CAMHDA301/2023/09/18/CAMHDA301-20230918T031500.mp4,840,0,blurry,val,full_2023_2024
CAMHDA301-20230918T031500,2023-09-18,/home/jovyan/ooi/san_data/RS03ASHS-PN03B-06-CAMHDA301/2023/09/18/CAMHDA301-20230918T031500.mp4,270,0,blurry,val,full_2023_2024
CAMHDA301-20230918T031500,2023-09-18,/home/jovyan/ooi/san_data/RS03ASHS-PN03B-06-CAMHDA301/2023/09/18/CAMHDA301-20230918T031500.mp4,30,0,blurry,val,full_2023_2024
CAMHDA301-20230918T031500,2023-09-18,/home/jovyan/ooi/san_data/RS03ASHS-PN03B-06-CAMHDA301/2023/09/18/CAMHDA301-20230918T031500.mp4,750,0,blurry,val,full_2023_2024
CAMHDA301-20230918T061500,2023-09-18,/home/jovyan/ooi/san_data/RS03ASHS-PN03B-06-CAMHDA301/2023/09/18/CAMHDA301-20230918T061500.mp4,540,0,blurry,val,full_2023_2024
CAMHDA301-20230918T061500,2023-09-18,/home/jovyan/ooi/san_data/RS03ASHS-PN03B-06-CAMHDA301/2023/09/18/CAMHDA301-20230918T061500.mp4,150,0,blurry,val,full_2023_2024
CAMHDA301-20230918T061500,2023-09-18,/home/jovyan/ooi/san_data/RS03ASHS-PN03B-06-CAMHDA301/2023/09/18/CAMHDA301-20230918T061500.mp4,450,0,blurry,val,full_2023_2024
CAMHDA301-20230918T061500,2023-09-18,/home/jovyan/ooi/san_data/RS03ASHS-PN03B-06-CAMHDA301/2023/09/18/CAMHDA301-20230918T061500.mp4,300,0,blurry,val,full_2023_2024
CAMHDA301-20230918T091500,2023-09-18,/home/jovyan/ooi/san_data/RS03ASHS-PN03B-06-CAMHDA301/2023/09/18/CAMHDA301-20230918T091500.mp4,450,0,blurry,val,full_2023_2024
CAMHDA301-20230918T091500,2023-09-18,/home/jovyan/ooi/san_data/RS03ASHS-PN03B-06-CAMHDA301/2023/09/18/CAMHDA301-20230918T091500.mp4,120,0,blurry,val,full_2023_2024
CAMHDA301-20230918T091500,2023-09-18,/home/jovyan/ooi/san_data/RS03ASHS-PN03B-06-CAMHDA301/2023/09/18/CAMHDA301-20230918T091500.mp4,510,0,blurry,val,full_2023_2024
CAMHDA301-20230918T091500,2023-09-18,/home/jovyan/ooi/san_data/RS03ASHS-PN03B-06-CAMHDA301/2023/09/18/CAMHDA301-20230918T091500.mp4,390,0,blurry,val,full_2023_2024
CAMHDA301-20230918T121500,2023-09-18,/home/jovyan/ooi/san_data/RS03ASHS-PN03B-06-CAMHDA301/2023/09/18/CAMHDA301-20230918T121500.mp4,480,0,blurry,val,full_2023_2024
CAMHDA301-20230918T121500,2023-09-18,/home/jovyan/ooi/san_data/RS03ASHS-PN03B-06-CAMHDA301/2023/09/18/CAMHDA301-20230918T121500.mp4,690,0,blurry,val,full_2023_2024
CAMHDA301-20230918T121500,2023-09-18,/home/jovyan/ooi/san_data/RS03ASHS-PN03B-06-CAMHDA301/2023/09/18/CAMHDA301-20230918T121500.mp4,210,0,blurry,val,full_2023_2024
CAMHDA301-20230918T121500,2023-09-18,/home/jovyan/ooi/san_data/RS03ASHS-PN03B-06-CAMHDA301/2023/09/18/CAMHDA301-20230918T121500.mp4,60,0,blurry,val,full_2023_2024
CAMHDA301-20230918T151500,2023-09-18,/home/jovyan/ooi/san_data/RS03ASHS-PN03B-06-CAMHDA301/2023/09/18/CAMHDA301-20230918T151500.mp4,600,0,blurry,val,full_2023_2024
CAMHDA301-20230918T151500,2023-09-18,/home/jovyan/ooi/san_data/RS03ASHS-PN03B-06-CAMHDA301/2023/09/18/CAMHDA301-20230918T151500.mp4,630,0,blurry,val,full_2023_2024
CAMHDA301-20230918T151500,2023-09-18,/home/jovyan/ooi/san_data/RS03ASHS-PN03B-06-CAMHDA301/2023/09/18/CAMHDA301-20230918T151500.mp4,360,0,blurry,val,full_2023_2024
CAMHDA301-20230918T151500,2023-09-18,/home/jovyan/ooi/san_data/RS03ASHS-PN03B-06-CAMHDA301/2023/09/18/CAMHDA301-20230918T151500.mp4,750,0,blurry,val,full_2023_2024
CAMHDA301-20230918T181500,2023-09-18,/home/jovyan/ooi/san_data/RS03ASHS-PN03B-06-CAMHDA301/2023/09/18/CAMHDA301-20230918T181500.mp4,660,0,blurry,val,full_2023_2024
CAMHDA301-20230918T181500,2023-09-18,/home/jovyan/ooi/san_data/RS03ASHS-PN03B-06-CAMHDA301/2023/09/18/CAMHDA301-20230918T181500.mp4,510,0,blurry,val,full_2023_2024
CAMHDA301-20230918T181500,2023-09-18,/home/jovyan/ooi/san_data/RS03ASHS-PN03B-06-CAMHDA301/2023/09/18/CAMHDA301-20230918T181500.mp4,480,0,blurry,val,full_2023_2024
CAMHDA301-20230918T181500,2023-09-18,/home/jovyan/ooi/san_data/RS03ASHS-PN03B-06-CAMHDA301/2023/09/18/CAMHDA301-20230918T181500.mp4,810,0,blurry,val,full_2023_2024
CAMHDA301-20230918T211500,2023-09-18,/home/jovyan/ooi/san_data/RS03ASHS-PN03B-06-CAMHDA301/2023/09/18/CAMHDA301-20230918T211500.mp4,750,0,blurry,val,full_2023_2024
CAMHDA301-20230918T211500,2023-09-18,/home/jovyan/ooi/san_data/RS03ASHS-PN03B-06-CAMHDA301/2023/09/18/CAMHDA301-20230918T211500.mp4,660,0,blurry,val,full_2023_2024
CAMHDA301-20230918T211500,2023-09-18,/home/jovyan/ooi/san_data/RS03ASHS-PN03B-06-CAMHDA301/2023/09/18/CAMHDA301-20230918T211500.mp4,510,0,blurry,val,full_2023_2024
CAMHDA301-20230918T211500,2023-09-18,/home/jovyan/ooi/san_data/RS03ASHS-PN03B-06-CAMHDA301/2023/09/18/CAMHDA301-20230918T211500.mp4,840,0,blurry,val,full_2023_2024
CAMHDA301-20230925T001500,2023-09-25,/home/jovyan/ooi/san_data/RS03ASHS-PN03B-06-CAMHDA301/2023/09/25/CAMHDA301-20230925T001500.mp4,60,0,blurry,test,full_2023_2024
CAMHDA301-20230925T001500,2023-09-25,/home/jovyan/ooi/san_data/RS03ASHS-PN03B-06-CAMHDA301/2023/09/25/CAMHDA301-20230925T001500.mp4,510,0,blurry,test,full_2023_2024
CAMHDA301-20230925T001500,2023-09-25,/home/jovyan/ooi/san_data/RS03ASHS-PN03B-06-CAMHDA301/2023/09/25/CAMHDA301-20230925T001500.mp4,480,0,blurry,test,full_2023_2024
CAMHDA301-20230925T001500,2023-09-25,/home/jovyan/ooi/san_data/RS03ASHS-PN03B-06-CAMHDA301/2023/09/25/CAMHDA301-20230925T001500.mp4,360,0,blurry,test,full_2023_2024
CAMHDA301-20230925T031500,2023-09-25,/home/jovyan/ooi/san_data/RS03ASHS-PN03B-06-CAMHDA301/2023/09/25/CAMHDA301-20230925T031500.mp4,480,0,blurry,test,full_2023_2024
CAMHDA301-20230925T031500,2023-09-25,/home/jovyan/ooi/san_data/RS03ASHS-PN03B-06-CAMHDA301/2023/09/25/CAMHDA301-20230925T031500.mp4,690,0,blurry,test,full_2023_2024
CAMHDA301-20230925T031500,2023-09-25,/home/jovyan/ooi/san_data/RS03ASHS-PN03B-06-CAMHDA301/2023/09/25/CAMHDA301-20230925T031500.mp4,150,0,blurry,test,full_2023_2024
CAMHDA301-20230925T031500,2023-09-25,/home/jovyan/ooi/san_data/RS03ASHS-PN03B-06-CAMHDA301/2023/09/25/CAMHDA301-20230925T031500.mp4,240,0,blurry,test,full_2023_2024
CAMHDA301-20230925T061500,2023-09-25,/home/jovyan/ooi/san_data/RS03ASHS-PN03B-06-CAMHDA301/2023/09/25/CAMHDA301-20230925T061500.mp4,120,0,blurry,test,full_2023_2024
CAMHDA301-20230925T061500,2023-09-25,/home/jovyan/ooi/san_data/RS03ASHS-PN03B-06-CAMHDA301/2023/09/25/CAMHDA301-20230925T061500.mp4,210,0,blurry,test,full_2023_2024
CAMHDA301-20230925T061500,2023-09-25,/home/jovyan/ooi/san_data/RS03ASHS-PN03B-06-CAMHDA301/2023/09/25/CAMHDA301-20230925T061500.mp4,60,0,blurry,test,full_2023_2024
CAMHDA301-20230925T061500,2023-09-25,/home/jovyan/ooi/san_data/RS03ASHS-PN03B-06-CAMHDA301/2023/09/25/CAMHDA301-20230925T061500.mp4,600,0,blurry,test,full_2023_2024
CAMHDA301-20230925T091500,2023-09-25,/home/jovyan/ooi/san_data/RS03ASHS-PN03B-06-CAMHDA301/2023/09/25/CAMHDA301-20230925T091500.mp4,810,0,blurry,test,full_2023_2024
CAMHDA301-20230925T091500,2023-09-25,/home/jovyan/ooi/san_data/RS03ASHS-PN03B-06-CAMHDA301/2023/09/25/CAMHDA301-20230925T091500.mp4,600,0,blurry,test,full_2023_2024
CAMHDA301-20230925T091500,2023-09-25,/home/jovyan/ooi/san_data/RS03ASHS-PN03B-06-CAMHDA301/2023/09/25/CAMHDA301-20230925T091500.mp4,450,0,blurry,test,full_2023_2024
CAMHDA301-20230925T091500,2023-09-25,/home/jovyan/ooi/san_data/RS03ASHS-PN03B-06-CAMHDA301/2023/09/25/CAMHDA301-20230925T091500.mp4,840,0,blurry,test,full_2023_2024
CAMHDA301-20230925T121500,2023-09-25,/home/jovyan/ooi/san_data/RS03ASHS-PN03B-06-CAMHDA301/2023/09/25/CAMHDA301-20230925T121500.mp4,510,0,blurry,test,full_2023_2024
CAMHDA301-20230925T121500,2023-09-25,/home/jovyan/ooi/san_data/RS03ASHS-PN03B-06-CAMHDA301/2023/09/25/CAMHDA301-20230925T121500.mp4,540,0,blurry,test,full_2023_2024
CAMHDA301-20230925T121500,2023-09-25,/home/jovyan/ooi/san_data/RS03ASHS-PN03B-06-CAMHDA301/2023/09/25/CAMHDA301-20230925T121500.mp4,390,0,blurry,test,full_2023_2024
CAMHDA301-20230925T121500,2023-09-25,/home/jovyan/ooi/san_data/RS03ASHS-PN03B-06-CAMHDA301/2023/09/25/CAMHDA301-20230925T121500.mp4,600,0,blurry,test,full_2023_2024
CAMHDA301-20230925T151500,2023-09-25,/home/jovyan/ooi/san_data/RS03ASHS-PN03B-06-CAMHDA301/2023/09/25/CAMHDA301-20230925T151500.mp4,360,0,blurry,test,full_2023_2024
CAMHDA301-20230925T151500,2023-09-25,/home/jovyan/ooi/san_data/RS03ASHS-PN03B-06-CAMHDA301/2023/09/25/CAMHDA301-20230925T151500.mp4,810,0,blurry,test,full_2023_2024
CAMHDA301-20230925T151500,2023-09-25,/home/jovyan/ooi/san_data/RS03ASHS-PN03B-06-CAMHDA301/2023/09/25/CAMHDA301-20230925T151500.mp4,510,0,blurry,test,full_2023_2024
CAMHDA301-20230925T151500,2023-09-25,/home/jovyan/ooi/san_data/RS03ASHS-PN03B-06-CAMHDA301/2023/09/25/CAMHDA301-20230925T151500.mp4,750,0,blurry,test,full_2023_2024
CAMHDA301-20230925T181500,2023-09-25,/home/jovyan/ooi/san_data/RS03ASHS-PN03B-06-CAMHDA301/2023/09/25/CAMHDA301-20230925T181500.mp4,630,0,blurry,test,full_2023_2024
CAMHDA301-20230925T181500,2023-09-25,/home/jovyan/ooi/san_data/RS03ASHS-PN03B-06-CAMHDA301/2023/09/25/CAMHDA301-20230925T181500.mp4,330,0,blurry,test,full_2023_2024
CAMHDA301-20230925T181500,2023-09-25,/home/jovyan/ooi/san_data/RS03ASHS-PN03B-06-CAMHDA301/2023/09/25/CAMHDA301-20230925T181500.mp4,150,0,blurry,test,full_2023_2024
CAMHDA301-20230925T181500,2023-09-25,/home/jovyan/ooi/san_data/RS03ASHS-PN03B-06-CAMHDA301/2023/09/25/CAMHDA301-20230925T181500.mp4,90,0,blurry,test,full_2023_2024
CAMHDA301-20230925T211500,2023-09-25,/home/jovyan/ooi/san_data/RS03ASHS-PN03B-06-CAMHDA301/2023/09/25/CAMHDA301-20230925T211500.mp4,60,0,blurry,test,full_2023_2024
CAMHDA301-20230925T211500,2023-09-25,/home/jovyan/ooi/san_data/RS03ASHS-PN03B-06-CAMHDA301/2023/09/25/CAMHDA301-20230925T211500.mp4,120,0,blurry,test,full_2023_2024
CAMHDA301-20230925T211500,2023-09-25,/home/jovyan/ooi/san_data/RS03ASHS-PN03B-06-CAMHDA301/2023/09/25/CAMHDA301-20230925T211500.mp4,660,0,blurry,test,full_2023_2024
CAMHDA301-20230925T211500,2023-09-25,/home/jovyan/ooi/san_data/RS03ASHS-PN03B-06-CAMHDA301/2023/09/25/CAMHDA301-20230925T211500.mp4,270,0,blurry,test,full_2023_2024
CAMHDA301-20231002T001500,2023-10-02,/home/jovyan/ooi/san_data/RS03ASHS-PN03B-06-CAMHDA301/2023/10/02/CAMHDA301-20231002T001500.mp4,270,0,blurry,test,full_2023_2024
CAMHDA301-20231002T001500,2023-10-02,/home/jovyan/ooi/san_data/RS03ASHS-PN03B-06-CAMHDA301/2023/10/02/CAMHDA301-20231002T001500.mp4,390,0,blurry,test,full_2023_2024
CAMHDA301-20231002T001500,2023-10-02,/home/jovyan/ooi/san_data/RS03ASHS-PN03B-06-CAMHDA301/2023/10/02/CAMHDA301-20231002T001500.mp4,600,0,blurry,test,full_2023_2024
CAMHDA301-20231002T001500,2023-10-02,/home/jovyan/ooi/san_data/RS03ASHS-PN03B-06-CAMHDA301/2023/10/02/CAMHDA301-20231002T001500.mp4,120,0,blurry,test,full_2023_2024
CAMHDA301-20231002T031500,2023-10-02,/home/jovyan/ooi/san_data/RS03ASHS-PN03B-06-CAMHDA301/2023/10/02/CAMHDA301-20231002T031500.mp4,810,0,blurry,test,full_2023_2024
CAMHDA301-20231002T031500,2023-10-02,/home/jovyan/ooi/san_data/RS03ASHS-PN03B-06-CAMHDA301/2023/10/02/CAMHDA301-20231002T031500.mp4,540,0,blurry,test,full_2023_2024
CAMHDA301-20231002T031500,2023-10-02,/home/jovyan/ooi/san_data/RS03ASHS-PN03B-06-CAMHDA301/2023/10/02/CAMHDA301-20231002T031500.mp4,630,0,blurry,test,full_2023_2024
CAMHDA301-20231002T031500,2023-10-02,/home/jovyan/ooi/san_data/RS03ASHS-PN03B-06-CAMHDA301/2023/10/02/CAMHDA301-20231002T031500.mp4,780,0,blurry,test,full_2023_2024
CAMHDA301-20231002T061500,2023-10-02,/home/jovyan/ooi/san_data/RS03ASHS-PN03B-06-CAMHDA301/2023/10/02/CAMHDA301-20231002T061500.mp4,30,0,blurry,test,full_2023_2024
CAMHDA301-20231002T061500,2023-10-02,/home/jovyan/ooi/san_data/RS03ASHS-PN03B-06-CAMHDA301/2023/10/02/CAMHDA301-20231002T061500.mp4,240,0,blurry,test,full_2023_2024
CAMHDA301-20231002T061500,2023-10-02,/home/jovyan/ooi/san_data/RS03ASHS-PN03B-06-CAMHDA301/2023/10/02/CAMHDA301-20231002T061500.mp4,360,0,blurry,test,full_2023_2024
CAMHDA301-20231002T061500,2023-10-02,/home/jovyan/ooi/san_data/RS03ASHS-PN03B-06-CAMHDA301/2023/10/02/CAMHDA301-20231002T061500.mp4,510,0,blurry,test,full_2023_2024
CAMHDA301-20231002T091500,2023-10-02,/home/jovyan/ooi/san_data/RS03ASHS-PN03B-06-CAMHDA301/2023/10/02/CAMHDA301-20231002T091500.mp4,270,0,blurry,test,full_2023_2024
CAMHDA301-20231002T091500,2023-10-02,/home/jovyan/ooi/san_data/RS03ASHS-PN03B-06-CAMHDA301/2023/10/02/CAMHDA301-20231002T091500.mp4,240,0,blurry,test,full_2023_2024
CAMHDA301-20231002T091500,2023-10-02,/home/jovyan/ooi/san_data/RS03ASHS-PN03B-06-CAMHDA301/2023/10/02/CAMHDA301-20231002T091500.mp4,420,0,blurry,test,full_2023_2024
CAMHDA301-20231002T091500,2023-10-02,/home/jovyan/ooi/san_data/RS03ASHS-PN03B-06-CAMHDA301/2023/10/02/CAMHDA301-20231002T091500.mp4,600,0,blurry,test,full_2023_2024
CAMHDA301-20231002T121500,2023-10-02,/home/jovyan/ooi/san_data/RS03ASHS-PN03B-06-CAMHDA301/2023/10/02/CAMHDA301-20231002T121500.mp4,780,0,blurry,test,full_2023_2024
CAMHDA301-20231002T121500,2023-10-02,/home/jovyan/ooi/san_data/RS03ASHS-PN03B-06-CAMHDA301/2023/10/02/CAMHDA301-20231002T121500.mp4,240,0,blurry,test,full_2023_2024
CAMHDA301-20231002T121500,2023-10-02,/home/jovyan/ooi/san_data/RS03ASHS-PN03B-06-CAMHDA301/2023/10/02/CAMHDA301-20231002T121500.mp4,450,0,blurry,test,full_2023_2024
CAMHDA301-20231002T121500,2023-10-02,/home/jovyan/ooi/san_data/RS03ASHS-PN03B-06-CAMHDA301/2023/10/02/CAMHDA301-20231002T121500.mp4,300,0,blurry,test,full_2023_2024
CAMHDA301-20231002T151500,2023-10-02,/home/jovyan/ooi/san_data/RS03ASHS-PN03B-06-CAMHDA301/2023/10/02/CAMHDA301-20231002T151500.mp4,540,0,blurry,test,full_2023_2024
CAMHDA301-20231002T151500,2023-10-02,/home/jovyan/ooi/san_data/RS03ASHS-PN03B-06-CAMHDA301/2023/10/02/CAMHDA301-20231002T151500.mp4,60,0,blurry,test,full_2023_2024
CAMHDA301-20231002T151500,2023-10-02,/home/jovyan/ooi/san_data/RS03ASHS-PN03B-06-CAMHDA301/2023/10/02/CAMHDA301-20231002T151500.mp4,390,0,blurry,test,full_2023_2024
CAMHDA301-20231002T151500,2023-10-02,/home/jovyan/ooi/san_data/RS03ASHS-PN03B-06-CAMHDA301/2023/10/02/CAMHDA301-20231002T151500.mp4,180,0,blurry,test,full_2023_2024
CAMHDA301-20231002T181500,2023-10-02,/home/jovyan/ooi/san_data/RS03ASHS-PN03B-06-CAMHDA301/2023/10/02/CAMHDA301-20231002T181500.mp4,750,0,blurry,test,full_2023_2024
CAMHDA301-20231002T181500,2023-10-02,/home/jovyan/ooi/san_data/RS03ASHS-PN03B-06-CAMHDA301/2023/10/02/CAMHDA301-20231002T181500.mp4,210,0,blurry,test,full_2023_2024
CAMHDA301-20231002T181500,2023-10-02,/home/jovyan/ooi/san_data/RS03ASHS-PN03B-06-CAMHDA301/2023/10/02/CAMHDA301-20231002T181500.mp4,630,0,blurry,test,full_2023_2024
CAMHDA301-20231002T181500,2023-10-02,/home/jovyan/ooi/san_data/RS03ASHS-PN03B-06-CAMHDA301/2023/10/02/CAMHDA301-20231002T181500.mp4,720,0,blurry,test,full_2023_2024
CAMHDA301-20231002T211500,2023-10-02,/home/jovyan/ooi/san_data/RS03ASHS-PN03B-06-CAMHDA301/2023/10/02/CAMHDA301-20231002T211500.mp4,330,0,blurry,test,full_2023_2024
CAMHDA301-20231002T211500,2023-10-02,/home/jovyan/ooi/san_data/RS03ASHS-PN03B-06-CAMHDA301/2023/10/02/CAMHDA301-20231002T211500.mp4,600,0,blurry,test,full_2023_2024
CAMHDA301-20231002T211500,2023-10-02,/home/jovyan/ooi/san_data/RS03ASHS-PN03B-06-CAMHDA301/2023/10/02/CAMHDA301-20231002T211500.mp4,30,0,blurry,test,full_2023_2024
CAMHDA301-20231002T211500,2023-10-02,/home/jovyan/ooi/san_data/RS03ASHS-PN03B-06-CAMHDA301/2023/10/02/CAMHDA301-20231002T211500.mp4,540,0,blurry,test,full_2023_2024
CAMHDA301-20231009T001500,2023-10-09,/home/jovyan/ooi/san_data/RS03ASHS-PN03B-06-CAMHDA301/2023/10/09/CAMHDA301-20231009T001500.mp4,150,0,blurry,train,full_2023_2024
CAMHDA301-20231009T001500,2023-10-09,/home/jovyan/ooi/san_data/RS03ASHS-PN03B-06-CAMHDA301/2023/10/09/CAMHDA301-20231009T001500.mp4,840,0,blurry,train,full_2023_2024
CAMHDA301-20231009T001500,2023-10-09,/home/jovyan/ooi/san_data/RS03ASHS-PN03B-06-CAMHDA301/2023/10/09/CAMHDA301-20231009T001500.mp4,450,0,blurry,train,full_2023_2024
CAMHDA301-20231009T001500,2023-10-09,/home/jovyan/ooi/san_data/RS03ASHS-PN03B-06-CAMHDA301/2023/10/09/CAMHDA301-20231009T001500.mp4,210,0,blurry,train,full_2023_2024
CAMHDA301-20231009T031500,2023-10-09,/home/jovyan/ooi/san_data/RS03ASHS-PN03B-06-CAMHDA301/2023/10/09/CAMHDA301-20231009T031500.mp4,120,0,blurry,train,full_2023_2024
CAMHDA301-20231009T031500,2023-10-09,/home/jovyan/ooi/san_data/RS03ASHS-PN03B-06-CAMHDA301/2023/10/09/CAMHDA301-20231009T031500.mp4,720,0,blurry,train,full_2023_2024
CAMHDA301-20231009T031500,2023-10-09,/home/jovyan/ooi/san_data/RS03ASHS-PN03B-06-CAMHDA301/2023/10/09/CAMHDA301-20231009T031500.mp4,90,0,blurry,train,full_2023_2024
CAMHDA301-20231009T031500,2023-10-09,/home/jovyan/ooi/san_data/RS03ASHS-PN03B-06-CAMHDA301/2023/10/09/CAMHDA301-20231009T031500.mp4,840,0,blurry,train,full_2023_2024
CAMHDA301-20231009T061500,2023-10-09,/home/jovyan/ooi/san_data/RS03ASHS-PN03B-06-CAMHDA301/2023/10/09/CAMHDA301-20231009T061500.mp4,90,0,blurry,train,full_2023_2024
CAMHDA301-20231009T061500,2023-10-09,/home/jovyan/ooi/san_data/RS03ASHS-PN03B-06-CAMHDA301/2023/10/09/CAMHDA301-20231009T061500.mp4,540,0,blurry,train,full_2023_2024
CAMHDA301-20231009T061500,2023-10-09,/home/jovyan/ooi/san_data/RS03ASHS-PN03B-06-CAMHDA301/2023/10/09/CAMHDA301-20231009T061500.mp4,780,0,blurry,train,full_2023_2024
CAMHDA301-20231009T061500,2023-10-09,/home/jovyan/ooi/san_data/RS03ASHS-PN03B-06-CAMHDA301/2023/10/09/CAMHDA301-20231009T061500.mp4,390,0,blurry,train,full_2023_2024
CAMHDA301-20231009T091500,2023-10-09,/home/jovyan/ooi/san_data/RS03ASHS-PN03B-06-CAMHDA301/2023/10/09/CAMHDA301-20231009T091500.mp4,690,0,blurry,train,full_2023_2024
CAMHDA301-20231009T091500,2023-10-09,/home/jovyan/ooi/san_data/RS03ASHS-PN03B-06-CAMHDA301/2023/10/09/CAMHDA301-20231009T091500.mp4,60,0,blurry,train,full_2023_2024
CAMHDA301-20231009T091500,2023-10-09,/home/jovyan/ooi/san_data/RS03ASHS-PN03B-06-CAMHDA301/2023/10/09/CAMHDA301-20231009T091500.mp4,540,0,blurry,train,full_2023_2024
CAMHDA301-20231009T091500,2023-10-09,/home/jovyan/ooi/san_data/RS03ASHS-PN03B-06-CAMHDA301/2023/10/09/CAMHDA301-20231009T091500.mp4,90,0,blurry,train,full_2023_2024
CAMHDA301-20231009T121500,2023-10-09,/home/jovyan/ooi/san_data/RS03ASHS-PN03B-06-CAMHDA301/2023/10/09/CAMHDA301-20231009T121500.mp4,480,0,blurry,train,full_2023_2024
CAMHDA301-20231009T121500,2023-10-09,/home/jovyan/ooi/san_data/RS03ASHS-PN03B-06-CAMHDA301/2023/10/09/CAMHDA301-20231009T121500.mp4,720,0,blurry,train,full_2023_2024
CAMHDA301-20231009T121500,2023-10-09,/home/jovyan/ooi/san_data/RS03ASHS-PN03B-06-CAMHDA301/2023/10/09/CAMHDA301-20231009T121500.mp4,150,0,blurry,train,full_2023_2024
CAMHDA301-20231009T121500,2023-10-09,/home/jovyan/ooi/san_data/RS03ASHS-PN03B-06-CAMHDA301/2023/10/09/CAMHDA301-20231009T121500.mp4,180,0,blurry,train,full_2023_2024
CAMHDA301-20231009T151500,2023-10-09,/home/jovyan/ooi/san_data/RS03ASHS-PN03B-06-CAMHDA301/2023/10/09/CAMHDA301-20231009T151500.mp4,630,1,blurry,train,full_2023_2024
CAMHDA301-20231009T181500,2023-10-09,/home/jovyan/ooi/san_data/RS03ASHS-PN03B-06-CAMHDA301/2023/10/09/CAMHDA301-20231009T181500.mp4,120,0,blurry,train,full_2023_2024
CAMHDA301-20231009T181500,2023-10-09,/home/jovyan/ooi/san_data/RS03ASHS-PN03B-06-CAMHDA301/2023/10/09/CAMHDA301-20231009T181500.mp4,810,0,blurry,train,full_2023_2024
CAMHDA301-20231009T181500,2023-10-09,/home/jovyan/ooi/san_data/RS03ASHS-PN03B-06-CAMHDA301/2023/10/09/CAMHDA301-20231009T181500.mp4,540,0,blurry,train,full_2023_2024
CAMHDA301-20231009T181500,2023-10-09,/home/jovyan/ooi/san_data/RS03ASHS-PN03B-06-CAMHDA301/2023/10/09/CAMHDA301-20231009T181500.mp4,270,0,blurry,train,full_2023_2024
CAMHDA301-20231009T211500,2023-10-09,/home/jovyan/ooi/san_data/RS03ASHS-PN03B-06-CAMHDA301/2023/10/09/CAMHDA301-20231009T211500.mp4,390,0,blurry,train,full_2023_2024
CAMHDA301-20231009T211500,2023-10-09,/home/jovyan/ooi/san_data/RS03ASHS-PN03B-06-CAMHDA301/2023/10/09/CAMHDA301-20231009T211500.mp4,270,0,blurry,train,full_2023_2024
CAMHDA301-20231009T211500,2023-10-09,/home/jovyan/ooi/san_data/RS03ASHS-PN03B-06-CAMHDA301/2023/10/09/CAMHDA301-20231009T211500.mp4,420,0,blurry,train,full_2023_2024
CAMHDA301-20231009T211500,2023-10-09,/home/jovyan/ooi/san_data/RS03ASHS-PN03B-06-CAMHDA301/2023/10/09/CAMHDA301-20231009T211500.mp4,210,0,blurry,train,full_2023_2024
CAMHDA301-20231016T001500,2023-10-16,/home/jovyan/ooi/san_data/RS03ASHS-PN03B-06-CAMHDA301/2023/10/16/CAMHDA301-20231016T001500.mp4,510,0,blurry,test,full_2023_2024
CAMHDA301-20231016T001500,2023-10-16,/home/jovyan/ooi/san_data/RS03ASHS-PN03B-06-CAMHDA301/2023/10/16/CAMHDA301-20231016T001500.mp4,300,0,blurry,test,full_2023_2024
CAMHDA301-20231016T001500,2023-10-16,/home/jovyan/ooi/san_data/RS03ASHS-PN03B-06-CAMHDA301/2023/10/16/CAMHDA301-20231016T001500.mp4,690,0,blurry,test,full_2023_2024
CAMHDA301-20231016T001500,2023-10-16,/home/jovyan/ooi/san_data/RS03ASHS-PN03B-06-CAMHDA301/2023/10/16/CAMHDA301-20231016T001500.mp4,720,0,blurry,test,full_2023_2024
CAMHDA301-20231016T031500,2023-10-16,/home/jovyan/ooi/san_data/RS03ASHS-PN03B-06-CAMHDA301/2023/10/16/CAMHDA301-20231016T031500.mp4,630,1,blurry,test,full_2023_2024
CAMHDA301-20231016T061500,2023-10-16,/home/jovyan/ooi/san_data/RS03ASHS-PN03B-06-CAMHDA301/2023/10/16/CAMHDA301-20231016T061500.mp4,360,0,blurry,test,full_2023_2024
CAMHDA301-20231016T061500,2023-10-16,/home/jovyan/ooi/san_data/RS03ASHS-PN03B-06-CAMHDA301/2023/10/16/CAMHDA301-20231016T061500.mp4,660,0,blurry,test,full_2023_2024
CAMHDA301-20231016T061500,2023-10-16,/home/jovyan/ooi/san_data/RS03ASHS-PN03B-06-CAMHDA301/2023/10/16/CAMHDA301-20231016T061500.mp4,840,0,blurry,test,full_2023_2024
CAMHDA301-20231016T061500,2023-10-16,/home/jovyan/ooi/san_data/RS03ASHS-PN03B-06-CAMHDA301/2023/10/16/CAMHDA301-20231016T061500.mp4,60,0,blurry,test,full_2023_2024
CAMHDA301-20231016T091500,2023-10-16,/home/jovyan/ooi/san_data/RS03ASHS-PN03B-06-CAMHDA301/2023/10/16/CAMHDA301-20231016T091500.mp4,150,0,blurry,test,full_2023_2024
CAMHDA301-20231016T091500,2023-10-16,/home/jovyan/ooi/san_data/RS03ASHS-PN03B-06-CAMHDA301/2023/10/16/CAMHDA301-20231016T091500.mp4,330,0,blurry,test,full_2023_2024
CAMHDA301-20231016T091500,2023-10-16,/home/jovyan/ooi/san_data/RS03ASHS-PN03B-06-CAMHDA301/2023/10/16/CAMHDA301-20231016T091500.mp4,120,0,blurry,test,full_2023_2024
CAMHDA301-20231016T091500,2023-10-16,/home/jovyan/ooi/san_data/RS03ASHS-PN03B-06-CAMHDA301/2023/10/16/CAMHDA301-20231016T091500.mp4,240,0,blurry,test,full_2023_2024
CAMHDA301-20231016T121500,2023-10-16,/home/jovyan/ooi/san_data/RS03ASHS-PN03B-06-CAMHDA301/2023/10/16/CAMHDA301-20231016T121500.mp4,570,0,blurry,test,full_2023_2024
CAMHDA301-20231016T121500,2023-10-16,/home/jovyan/ooi/san_data/RS03ASHS-PN03B-06-CAMHDA301/2023/10/16/CAMHDA301-20231016T121500.mp4,720,0,blurry,test,full_2023_2024
CAMHDA301-20231016T121500,2023-10-16,/home/jovyan/ooi/san_data/RS03ASHS-PN03B-06-CAMHDA301/2023/10/16/CAMHDA301-20231016T121500.mp4,780,0,blurry,test,full_2023_2024
CAMHDA301-20231016T121500,2023-10-16,/home/jovyan/ooi/san_data/RS03ASHS-PN03B-06-CAMHDA301/2023/10/16/CAMHDA301-20231016T121500.mp4,120,0,blurry,test,full_2023_2024
CAMHDA301-20231016T151500,2023-10-16,/home/jovyan/ooi/san_data/RS03ASHS-PN03B-06-CAMHDA301/2023/10/16/CAMHDA301-20231016T151500.mp4,90,0,blurry,test,full_2023_2024
CAMHDA301-20231016T151500,2023-10-16,/home/jovyan/ooi/san_data/RS03ASHS-PN03B-06-CAMHDA301/2023/10/16/CAMHDA301-20231016T151500.mp4,150,0,blurry,test,full_2023_2024
CAMHDA301-20231016T151500,2023-10-16,/home/jovyan/ooi/san_data/RS03ASHS-PN03B-06-CAMHDA301/2023/10/16/CAMHDA301-20231016T151500.mp4,420,0,blurry,test,full_2023_2024
CAMHDA301-20231016T151500,2023-10-16,/home/jovyan/ooi/san_data/RS03ASHS-PN03B-06-CAMHDA301/2023/10/16/CAMHDA301-20231016T151500.mp4,270,0,blurry,test,full_2023_2024
CAMHDA301-20231016T181500,2023-10-16,/home/jovyan/ooi/san_data/RS03ASHS-PN03B-06-CAMHDA301/2023/10/16/CAMHDA301-20231016T181500.mp4,150,0,blurry,test,full_2023_2024
CAMHDA301-20231016T181500,2023-10-16,/home/jovyan/ooi/san_data/RS03ASHS-PN03B-06-CAMHDA301/2023/10/16/CAMHDA301-20231016T181500.mp4,840,0,blurry,test,full_2023_2024
CAMHDA301-20231016T181500,2023-10-16,/home/jovyan/ooi/san_data/RS03ASHS-PN03B-06-CAMHDA301/2023/10/16/CAMHDA301-20231016T181500.mp4,540,0,blurry,test,full_2023_2024
CAMHDA301-20231016T181500,2023-10-16,/home/jovyan/ooi/san_data/RS03ASHS-PN03B-06-CAMHDA301/2023/10/16/CAMHDA301-20231016T181500.mp4,90,0,blurry,test,full_2023_2024
CAMHDA301-20231016T211500,2023-10-16,/home/jovyan/ooi/san_data/RS03ASHS-PN03B-06-CAMHDA301/2023/10/16/CAMHDA301-20231016T211500.mp4,660,0,blurry,test,full_2023_2024
CAMHDA301-20231016T211500,2023-10-16,/home/jovyan/ooi/san_data/RS03ASHS-PN03B-06-CAMHDA301/2023/10/16/CAMHDA301-20231016T211500.mp4,480,0,blurry,test,full_2023_2024
CAMHDA301-20231016T211500,2023-10-16,/home/jovyan/ooi/san_data/RS03ASHS-PN03B-06-CAMHDA301/2023/10/16/CAMHDA301-20231016T211500.mp4,60,0,blurry,test,full_2023_2024
CAMHDA301-20231016T211500,2023-10-16,/home/jovyan/ooi/san_data/RS03ASHS-PN03B-06-CAMHDA301/2023/10/16/CAMHDA301-20231016T211500.mp4,570,0,blurry,test,full_2023_2024
CAMHDA301-20231023T001500,2023-10-23,/home/jovyan/ooi/san_data/RS03ASHS-PN03B-06-CAMHDA301/2023/10/23/CAMHDA301-20231023T001500.mp4,510,0,blurry,train,full_2023_2024
CAMHDA301-20231023T001500,2023-10-23,/home/jovyan/ooi/san_data/RS03ASHS-PN03B-06-CAMHDA301/2023/10/23/CAMHDA301-20231023T001500.mp4,270,0,blurry,train,full_2023_2024
CAMHDA301-20231023T001500,2023-10-23,/home/jovyan/ooi/san_data/RS03ASHS-PN03B-06-CAMHDA301/2023/10/23/CAMHDA301-20231023T001500.mp4,630,0,blurry,train,full_2023_2024
CAMHDA301-20231023T001500,2023-10-23,/home/jovyan/ooi/san_data/RS03ASHS-PN03B-06-CAMHDA301/2023/10/23/CAMHDA301-20231023T001500.mp4,540,0,blurry,train,full_2023_2024
CAMHDA301-20231023T031500,2023-10-23,/home/jovyan/ooi/san_data/RS03ASHS-PN03B-06-CAMHDA301/2023/10/23/CAMHDA301-20231023T031500.mp4,780,0,blurry,train,full_2023_2024
CAMHDA301-20231023T031500,2023-10-23,/home/jovyan/ooi/san_data/RS03ASHS-PN03B-06-CAMHDA301/2023/10/23/CAMHDA301-20231023T031500.mp4,180,0,blurry,train,full_2023_2024
CAMHDA301-20231023T031500,2023-10-23,/home/jovyan/ooi/san_data/RS03ASHS-PN03B-06-CAMHDA301/2023/10/23/CAMHDA301-20231023T031500.mp4,240,0,blurry,train,full_2023_2024
CAMHDA301-20231023T031500,2023-10-23,/home/jovyan/ooi/san_data/RS03ASHS-PN03B-06-CAMHDA301/2023/10/23/CAMHDA301-20231023T031500.mp4,750,0,blurry,train,full_2023_2024
CAMHDA301-20231023T061500,2023-10-23,/home/jovyan/ooi/san_data/RS03ASHS-PN03B-06-CAMHDA301/2023/10/23/CAMHDA301-20231023T061500.mp4,750,0,blurry,train,full_2023_2024
CAMHDA301-20231023T061500,2023-10-23,/home/jovyan/ooi/san_data/RS03ASHS-PN03B-06-CAMHDA301/2023/10/23/CAMHDA301-20231023T061500.mp4,180,0,blurry,train,full_2023_2024
CAMHDA301-20231023T061500,2023-10-23,/home/jovyan/ooi/san_data/RS03ASHS-PN03B-06-CAMHDA301/2023/10/23/CAMHDA301-20231023T061500.mp4,90,0,blurry,train,full_2023_2024
CAMHDA301-20231023T061500,2023-10-23,/home/jovyan/ooi/san_data/RS03ASHS-PN03B-06-CAMHDA301/2023/10/23/CAMHDA301-20231023T061500.mp4,810,0,blurry,train,full_2023_2024
CAMHDA301-20231023T091500,2023-10-23,/home/jovyan/ooi/san_data/RS03ASHS-PN03B-06-CAMHDA301/2023/10/23/CAMHDA301-20231023T091500.mp4,750,0,blurry,train,full_2023_2024
CAMHDA301-20231023T091500,2023-10-23,/home/jovyan/ooi/san_data/RS03ASHS-PN03B-06-CAMHDA301/2023/10/23/CAMHDA301-20231023T091500.mp4,300,0,blurry,train,full_2023_2024
CAMHDA301-20231023T091500,2023-10-23,/home/jovyan/ooi/san_data/RS03ASHS-PN03B-06-CAMHDA301/2023/10/23/CAMHDA301-20231023T091500.mp4,60,0,blurry,train,full_2023_2024
CAMHDA301-20231023T091500,2023-10-23,/home/jovyan/ooi/san_data/RS03ASHS-PN03B-06-CAMHDA301/2023/10/23/CAMHDA301-20231023T091500.mp4,90,0,blurry,train,full_2023_2024
CAMHDA301-20231023T121500,2023-10-23,/home/jovyan/ooi/san_data/RS03ASHS-PN03B-06-CAMHDA301/2023/10/23/CAMHDA301-20231023T121500.mp4,450,0,blurry,train,full_2023_2024
CAMHDA301-20231023T121500,2023-10-23,/home/jovyan/ooi/san_data/RS03ASHS-PN03B-06-CAMHDA301/2023/10/23/CAMHDA301-20231023T121500.mp4,480,0,blurry,train,full_2023_2024
CAMHDA301-20231023T121500,2023-10-23,/home/jovyan/ooi/san_data/RS03ASHS-PN03B-06-CAMHDA301/2023/10/23/CAMHDA301-20231023T121500.mp4,690,0,blurry,train,full_2023_2024
CAMHDA301-20231023T121500,2023-10-23,/home/jovyan/ooi/san_data/RS03ASHS-PN03B-06-CAMHDA301/2023/10/23/CAMHDA301-20231023T121500.mp4,180,0,blurry,train,full_2023_2024
CAMHDA301-20231023T151500,2023-10-23,/home/jovyan/ooi/san_data/RS03ASHS-PN03B-06-CAMHDA301/2023/10/23/CAMHDA301-20231023T151500.mp4,90,0,blurry,train,full_2023_2024
CAMHDA301-20231023T151500,2023-10-23,/home/jovyan/ooi/san_data/RS03ASHS-PN03B-06-CAMHDA301/2023/10/23/CAMHDA301-20231023T151500.mp4,720,0,blurry,train,full_2023_2024
CAMHDA301-20231023T151500,2023-10-23,/home/jovyan/ooi/san_data/RS03ASHS-PN03B-06-CAMHDA301/2023/10/23/CAMHDA301-20231023T151500.mp4,60,0,blurry,train,full_2023_2024
CAMHDA301-20231023T151500,2023-10-23,/home/jovyan/ooi/san_data/RS03ASHS-PN03B-06-CAMHDA301/2023/10/23/CAMHDA301-20231023T151500.mp4,210,0,blurry,train,full_2023_2024
CAMHDA301-20231023T181500,2023-10-23,/home/jovyan/ooi/san_data/RS03ASHS-PN03B-06-CAMHDA301/2023/10/23/CAMHDA301-20231023T181500.mp4,30,0,blurry,train,full_2023_2024
CAMHDA301-20231023T181500,2023-10-23,/home/jovyan/ooi/san_data/RS03ASHS-PN03B-06-CAMHDA301/2023/10/23/CAMHDA301-20231023T181500.mp4,180,0,blurry,train,full_2023_2024
CAMHDA301-20231023T181500,2023-10-23,/home/jovyan/ooi/san_data/RS03ASHS-PN03B-06-CAMHDA301/2023/10/23/CAMHDA301-20231023T181500.mp4,540,0,blurry,train,full_2023_2024
CAMHDA301-20231023T181500,2023-10-23,/home/jovyan/ooi/san_data/RS03ASHS-PN03B-06-CAMHDA301/2023/10/23/CAMHDA301-20231023T181500.mp4,390,0,blurry,train,full_2023_2024
CAMHDA301-20231023T211500,2023-10-23,/home/jovyan/ooi/san_data/RS03ASHS-PN03B-06-CAMHDA301/2023/10/23/CAMHDA301-20231023T211500.mp4,210,0,blurry,train,full_2023_2024
CAMHDA301-20231023T211500,2023-10-23,/home/jovyan/ooi/san_data/RS03ASHS-PN03B-06-CAMHDA301/2023/10/23/CAMHDA301-20231023T211500.mp4,690,0,blurry,train,full_2023_2024
CAMHDA301-20231023T211500,2023-10-23,/home/jovyan/ooi/san_data/RS03ASHS-PN03B-06-CAMHDA301/2023/10/23/CAMHDA301-20231023T211500.mp4,630,0,blurry,train,full_2023_2024
CAMHDA301-20231023T211500,2023-10-23,/home/jovyan/ooi/san_data/RS03ASHS-PN03B-06-CAMHDA301/2023/10/23/CAMHDA301-20231023T211500.mp4,60,0,blurry,train,full_2023_2024
CAMHDA301-20231030T001500,2023-10-30,/home/jovyan/ooi/san_data/RS03ASHS-PN03B-06-CAMHDA301/2023/10/30/CAMHDA301-20231030T001500.mp4,810,0,blurry,test,full_2023_2024
CAMHDA301-20231030T001500,2023-10-30,/home/jovyan/ooi/san_data/RS03ASHS-PN03B-06-CAMHDA301/2023/10/30/CAMHDA301-20231030T001500.mp4,120,0,blurry,test,full_2023_2024
CAMHDA301-20231030T001500,2023-10-30,/home/jovyan/ooi/san_data/RS03ASHS-PN03B-06-CAMHDA301/2023/10/30/CAMHDA301-20231030T001500.mp4,780,0,blurry,test,full_2023_2024
CAMHDA301-20231030T001500,2023-10-30,/home/jovyan/ooi/san_data/RS03ASHS-PN03B-06-CAMHDA301/2023/10/30/CAMHDA301-20231030T001500.mp4,690,0,blurry,test,full_2023_2024
CAMHDA301-20231030T031500,2023-10-30,/home/jovyan/ooi/san_data/RS03ASHS-PN03B-06-CAMHDA301/2023/10/30/CAMHDA301-20231030T031500.mp4,660,0,blurry,test,full_2023_2024
CAMHDA301-20231030T031500,2023-10-30,/home/jovyan/ooi/san_data/RS03ASHS-PN03B-06-CAMHDA301/2023/10/30/CAMHDA301-20231030T031500.mp4,120,0,blurry,test,full_2023_2024
CAMHDA301-20231030T031500,2023-10-30,/home/jovyan/ooi/san_data/RS03ASHS-PN03B-06-CAMHDA301/2023/10/30/CAMHDA301-20231030T031500.mp4,30,0,blurry,test,full_2023_2024
CAMHDA301-20231030T031500,2023-10-30,/home/jovyan/ooi/san_data/RS03ASHS-PN03B-06-CAMHDA301/2023/10/30/CAMHDA301-20231030T031500.mp4,420,0,blurry,test,full_2023_2024
CAMHDA301-20231030T061500,2023-10-30,/home/jovyan/ooi/san_data/RS03ASHS-PN03B-06-CAMHDA301/2023/10/30/CAMHDA301-20231030T061500.mp4,510,0,blurry,test,full_2023_2024
CAMHDA301-20231030T061500,2023-10-30,/home/jovyan/ooi/san_data/RS03ASHS-PN03B-06-CAMHDA301/2023/10/30/CAMHDA301-20231030T061500.mp4,660,0,blurry,test,full_2023_2024
CAMHDA301-20231030T061500,2023-10-30,/home/jovyan/ooi/san_data/RS03ASHS-PN03B-06-CAMHDA301/2023/10/30/CAMHDA301-20231030T061500.mp4,810,0,blurry,test,full_2023_2024
CAMHDA301-20231030T061500,2023-10-30,/home/jovyan/ooi/san_data/RS03ASHS-PN03B-06-CAMHDA301/2023/10/30/CAMHDA301-20231030T061500.mp4,570,0,blurry,test,full_2023_2024
CAMHDA301-20231030T091500,2023-10-30,/home/jovyan/ooi/san_data/RS03ASHS-PN03B-06-CAMHDA301/2023/10/30/CAMHDA301-20231030T091500.mp4,420,0,blurry,test,full_2023_2024
CAMHDA301-20231030T091500,2023-10-30,/home/jovyan/ooi/san_data/RS03ASHS-PN03B-06-CAMHDA301/2023/10/30/CAMHDA301-20231030T091500.mp4,720,0,blurry,test,full_2023_2024
CAMHDA301-20231030T091500,2023-10-30,/home/jovyan/ooi/san_data/RS03ASHS-PN03B-06-CAMHDA301/2023/10/30/CAMHDA301-20231030T091500.mp4,150,0,blurry,test,full_2023_2024
CAMHDA301-20231030T091500,2023-10-30,/home/jovyan/ooi/san_data/RS03ASHS-PN03B-06-CAMHDA301/2023/10/30/CAMHDA301-20231030T091500.mp4,240,0,blurry,test,full_2023_2024
CAMHDA301-20231030T151500,2023-10-30,/home/jovyan/ooi/san_data/RS03ASHS-PN03B-06-CAMHDA301/2023/10/30/CAMHDA301-20231030T151500.mp4,630,1,blurry,test,full_2023_2024
CAMHDA301-20231030T181500,2023-10-30,/home/jovyan/ooi/san_data/RS03ASHS-PN03B-06-CAMHDA301/2023/10/30/CAMHDA301-20231030T181500.mp4,30,0,blurry,test,full_2023_2024
CAMHDA301-20231030T181500,2023-10-30,/home/jovyan/ooi/san_data/RS03ASHS-PN03B-06-CAMHDA301/2023/10/30/CAMHDA301-20231030T181500.mp4,600,0,blurry,test,full_2023_2024
CAMHDA301-20231030T181500,2023-10-30,/home/jovyan/ooi/san_data/RS03ASHS-PN03B-06-CAMHDA301/2023/10/30/CAMHDA301-20231030T181500.mp4,810,0,blurry,test,full_2023_2024
CAMHDA301-20231030T181500,2023-10-30,/home/jovyan/ooi/san_data/RS03ASHS-PN03B-06-CAMHDA301/2023/10/30/CAMHDA301-20231030T181500.mp4,390,0,blurry,test,full_2023_2024
CAMHDA301-20231030T211500,2023-10-30,/home/jovyan/ooi/san_data/RS03ASHS-PN03B-06-CAMHDA301/2023/10/30/CAMHDA301-20231030T211500.mp4,90,0,blurry,test,full_2023_2024
CAMHDA301-20231030T211500,2023-10-30,/home/jovyan/ooi/san_data/RS03ASHS-PN03B-06-CAMHDA301/2023/10/30/CAMHDA301-20231030T211500.mp4,60,0,blurry,test,full_2023_2024
CAMHDA301-20231030T211500,2023-10-30,/home/jovyan/ooi/san_data/RS03ASHS-PN03B-06-CAMHDA301/2023/10/30/CAMHDA301-20231030T211500.mp4,720,0,blurry,test,full_2023_2024
CAMHDA301-20231030T211500,2023-10-30,/home/jovyan/ooi/san_data/RS03ASHS-PN03B-06-CAMHDA301/2023/10/30/CAMHDA301-20231030T211500.mp4,300,0,blurry,test,full_2023_2024
CAMHDA301-20231106T001500,2023-11-06,/home/jovyan/ooi/san_data/RS03ASHS-PN03B-06-CAMHDA301/2023/11/06/CAMHDA301-20231106T001500.mp4,450,0,blurry,train,full_2023_2024
CAMHDA301-20231106T001500,2023-11-06,/home/jovyan/ooi/san_data/RS03ASHS-PN03B-06-CAMHDA301/2023/11/06/CAMHDA301-20231106T001500.mp4,570,0,blurry,train,full_2023_2024
CAMHDA301-20231106T001500,2023-11-06,/home/jovyan/ooi/san_data/RS03ASHS-PN03B-06-CAMHDA301/2023/11/06/CAMHDA301-20231106T001500.mp4,540,0,blurry,train,full_2023_2024
CAMHDA301-20231106T001500,2023-11-06,/home/jovyan/ooi/san_data/RS03ASHS-PN03B-06-CAMHDA301/2023/11/06/CAMHDA301-20231106T001500.mp4,90,0,blurry,train,full_2023_2024
CAMHDA301-20231106T031500,2023-11-06,/home/jovyan/ooi/san_data/RS03ASHS-PN03B-06-CAMHDA301/2023/11/06/CAMHDA301-20231106T031500.mp4,570,0,blurry,train,full_2023_2024
CAMHDA301-20231106T031500,2023-11-06,/home/jovyan/ooi/san_data/RS03ASHS-PN03B-06-CAMHDA301/2023/11/06/CAMHDA301-20231106T031500.mp4,600,0,blurry,train,full_2023_2024
CAMHDA301-20231106T031500,2023-11-06,/home/jovyan/ooi/san_data/RS03ASHS-PN03B-06-CAMHDA301/2023/11/06/CAMHDA301-20231106T031500.mp4,210,0,blurry,train,full_2023_2024
CAMHDA301-20231106T031500,2023-11-06,/home/jovyan/ooi/san_data/RS03ASHS-PN03B-06-CAMHDA301/2023/11/06/CAMHDA301-20231106T031500.mp4,720,0,blurry,train,full_2023_2024
CAMHDA301-20231106T061500,2023-11-06,/home/jovyan/ooi/san_data/RS03ASHS-PN03B-06-CAMHDA301/2023/11/06/CAMHDA301-20231106T061500.mp4,90,0,blurry,train,full_2023_2024
CAMHDA301-20231106T061500,2023-11-06,/home/jovyan/ooi/san_data/RS03ASHS-PN03B-06-CAMHDA301/2023/11/06/CAMHDA301-20231106T061500.mp4,390,0,blurry,train,full_2023_2024
CAMHDA301-20231106T061500,2023-11-06,/home/jovyan/ooi/san_data/RS03ASHS-PN03B-06-CAMHDA301/2023/11/06/CAMHDA301-20231106T061500.mp4,480,0,blurry,train,full_2023_2024
CAMHDA301-20231106T061500,2023-11-06,/home/jovyan/ooi/san_data/RS03ASHS-PN03B-06-CAMHDA301/2023/11/06/CAMHDA301-20231106T061500.mp4,510,0,blurry,train,full_2023_2024
CAMHDA301-20231106T091500,2023-11-06,/home/jovyan/ooi/san_data/RS03ASHS-PN03B-06-CAMHDA301/2023/11/06/CAMHDA301-20231106T091500.mp4,420,0,blurry,train,full_2023_2024
CAMHDA301-20231106T091500,2023-11-06,/home/jovyan/ooi/san_data/RS03ASHS-PN03B-06-CAMHDA301/2023/11/06/CAMHDA301-20231106T091500.mp4,360,0,blurry,train,full_2023_2024
CAMHDA301-20231106T091500,2023-11-06,/home/jovyan/ooi/san_data/RS03ASHS-PN03B-06-CAMHDA301/2023/11/06/CAMHDA301-20231106T091500.mp4,540,0,blurry,train,full_2023_2024
CAMHDA301-20231106T091500,2023-11-06,/home/jovyan/ooi/san_data/RS03ASHS-PN03B-06-CAMHDA301/2023/11/06/CAMHDA301-20231106T091500.mp4,270,0,blurry,train,full_2023_2024
CAMHDA301-20231106T121500,2023-11-06,/home/jovyan/ooi/san_data/RS03ASHS-PN03B-06-CAMHDA301/2023/11/06/CAMHDA301-20231106T121500.mp4,840,0,blurry,train,full_2023_2024
CAMHDA301-20231106T121500,2023-11-06,/home/jovyan/ooi/san_data/RS03ASHS-PN03B-06-CAMHDA301/2023/11/06/CAMHDA301-20231106T121500.mp4,30,0,blurry,train,full_2023_2024
CAMHDA301-20231106T121500,2023-11-06,/home/jovyan/ooi/san_data/RS03ASHS-PN03B-06-CAMHDA301/2023/11/06/CAMHDA301-20231106T121500.mp4,810,0,blurry,train,full_2023_2024
CAMHDA301-20231106T121500,2023-11-06,/home/jovyan/ooi/san_data/RS03ASHS-PN03B-06-CAMHDA301/2023/11/06/CAMHDA301-20231106T121500.mp4,60,0,blurry,train,full_2023_2024
CAMHDA301-20231106T151500,2023-11-06,/home/jovyan/ooi/san_data/RS03ASHS-PN03B-06-CAMHDA301/2023/11/06/CAMHDA301-20231106T151500.mp4,360,0,blurry,train,full_2023_2024
CAMHDA301-20231106T151500,2023-11-06,/home/jovyan/ooi/san_data/RS03ASHS-PN03B-06-CAMHDA301/2023/11/06/CAMHDA301-20231106T151500.mp4,150,0,blurry,train,full_2023_2024
CAMHDA301-20231106T151500,2023-11-06,/home/jovyan/ooi/san_data/RS03ASHS-PN03B-06-CAMHDA301/2023/11/06/CAMHDA301-20231106T151500.mp4,780,0,blurry,train,full_2023_2024
CAMHDA301-20231106T151500,2023-11-06,/home/jovyan/ooi/san_data/RS03ASHS-PN03B-06-CAMHDA301/2023/11/06/CAMHDA301-20231106T151500.mp4,690,0,blurry,train,full_2023_2024
CAMHDA301-20231106T181500,2023-11-06,/home/jovyan/ooi/san_data/RS03ASHS-PN03B-06-CAMHDA301/2023/11/06/CAMHDA301-20231106T181500.mp4,180,0,blurry,train,full_2023_2024
CAMHDA301-20231106T181500,2023-11-06,/home/jovyan/ooi/san_data/RS03ASHS-PN03B-06-CAMHDA301/2023/11/06/CAMHDA301-20231106T181500.mp4,750,0,blurry,train,full_2023_2024
CAMHDA301-20231106T181500,2023-11-06,/home/jovyan/ooi/san_data/RS03ASHS-PN03B-06-CAMHDA301/2023/11/06/CAMHDA301-20231106T181500.mp4,300,0,blurry,train,full_2023_2024
CAMHDA301-20231106T181500,2023-11-06,/home/jovyan/ooi/san_data/RS03ASHS-PN03B-06-CAMHDA301/2023/11/06/CAMHDA301-20231106T181500.mp4,450,0,blurry,train,full_2023_2024
CAMHDA301-20231106T211500,2023-11-06,/home/jovyan/ooi/san_data/RS03ASHS-PN03B-06-CAMHDA301/2023/11/06/CAMHDA301-20231106T211500.mp4,810,0,blurry,train,full_2023_2024
CAMHDA301-20231106T211500,2023-11-06,/home/jovyan/ooi/san_data/RS03ASHS-PN03B-06-CAMHDA301/2023/11/06/CAMHDA301-20231106T211500.mp4,600,0,blurry,train,full_2023_2024
CAMHDA301-20231106T211500,2023-11-06,/home/jovyan/ooi/san_data/RS03ASHS-PN03B-06-CAMHDA301/2023/11/06/CAMHDA301-20231106T211500.mp4,540,0,blurry,train,full_2023_2024
CAMHDA301-20231106T211500,2023-11-06,/home/jovyan/ooi/san_data/RS03ASHS-PN03B-06-CAMHDA301/2023/11/06/CAMHDA301-20231106T211500.mp4,510,0,blurry,train,full_2023_2024
CAMHDA301-20231113T001500,2023-11-13,/home/jovyan/ooi/san_data/RS03ASHS-PN03B-06-CAMHDA301/2023/11/13/CAMHDA301-20231113T001500.mp4,360,0,blurry,train,full_2023_2024
CAMHDA301-20231113T001500,2023-11-13,/home/jovyan/ooi/san_data/RS03ASHS-PN03B-06-CAMHDA301/2023/11/13/CAMHDA301-20231113T001500.mp4,120,0,blurry,train,full_2023_2024
CAMHDA301-20231113T001500,2023-11-13,/home/jovyan/ooi/san_data/RS03ASHS-PN03B-06-CAMHDA301/2023/11/13/CAMHDA301-20231113T001500.mp4,690,0,blurry,train,full_2023_2024
CAMHDA301-20231113T001500,2023-11-13,/home/jovyan/ooi/san_data/RS03ASHS-PN03B-06-CAMHDA301/2023/11/13/CAMHDA301-20231113T001500.mp4,720,0,blurry,train,full_2023_2024
CAMHDA301-20231113T031500,2023-11-13,/home/jovyan/ooi/san_data/RS03ASHS-PN03B-06-CAMHDA301/2023/11/13/CAMHDA301-20231113T031500.mp4,60,0,blurry,train,full_2023_2024
CAMHDA301-20231113T031500,2023-11-13,/home/jovyan/ooi/san_data/RS03ASHS-PN03B-06-CAMHDA301/2023/11/13/CAMHDA301-20231113T031500.mp4,90,0,blurry,train,full_2023_2024
CAMHDA301-20231113T031500,2023-11-13,/home/jovyan/ooi/san_data/RS03ASHS-PN03B-06-CAMHDA301/2023/11/13/CAMHDA301-20231113T031500.mp4,510,0,blurry,train,full_2023_2024
CAMHDA301-20231113T031500,2023-11-13,/home/jovyan/ooi/san_data/RS03ASHS-PN03B-06-CAMHDA301/2023/11/13/CAMHDA301-20231113T031500.mp4,30,0,blurry,train,full_2023_2024
CAMHDA301-20231113T061500,2023-11-13,/home/jovyan/ooi/san_data/RS03ASHS-PN03B-06-CAMHDA301/2023/11/13/CAMHDA301-20231113T061500.mp4,840,0,blurry,train,full_2023_2024
CAMHDA301-20231113T061500,2023-11-13,/home/jovyan/ooi/san_data/RS03ASHS-PN03B-06-CAMHDA301/2023/11/13/CAMHDA301-20231113T061500.mp4,750,0,blurry,train,full_2023_2024
CAMHDA301-20231113T061500,2023-11-13,/home/jovyan/ooi/san_data/RS03ASHS-PN03B-06-CAMHDA301/2023/11/13/CAMHDA301-20231113T061500.mp4,660,0,blurry,train,full_2023_2024
CAMHDA301-20231113T061500,2023-11-13,/home/jovyan/ooi/san_data/RS03ASHS-PN03B-06-CAMHDA301/2023/11/13/CAMHDA301-20231113T061500.mp4,450,0,blurry,train,full_2023_2024
CAMHDA301-20231113T091500,2023-11-13,/home/jovyan/ooi/san_data/RS03ASHS-PN03B-06-CAMHDA301/2023/11/13/CAMHDA301-20231113T091500.mp4,780,0,blurry,train,full_2023_2024
CAMHDA301-20231113T091500,2023-11-13,/home/jovyan/ooi/san_data/RS03ASHS-PN03B-06-CAMHDA301/2023/11/13/CAMHDA301-20231113T091500.mp4,90,0,blurry,train,full_2023_2024
CAMHDA301-20231113T091500,2023-11-13,/home/jovyan/ooi/san_data/RS03ASHS-PN03B-06-CAMHDA301/2023/11/13/CAMHDA301-20231113T091500.mp4,390,0,blurry,train,full_2023_2024
CAMHDA301-20231113T091500,2023-11-13,/home/jovyan/ooi/san_data/RS03ASHS-PN03B-06-CAMHDA301/2023/11/13/CAMHDA301-20231113T091500.mp4,720,0,blurry,train,full_2023_2024
CAMHDA301-20231113T121500,2023-11-13,/home/jovyan/ooi/san_data/RS03ASHS-PN03B-06-CAMHDA301/2023/11/13/CAMHDA301-20231113T121500.mp4,690,0,blurry,train,full_2023_2024
CAMHDA301-20231113T121500,2023-11-13,/home/jovyan/ooi/san_data/RS03ASHS-PN03B-06-CAMHDA301/2023/11/13/CAMHDA301-20231113T121500.mp4,810,0,blurry,train,full_2023_2024
CAMHDA301-20231113T121500,2023-11-13,/home/jovyan/ooi/san_data/RS03ASHS-PN03B-06-CAMHDA301/2023/11/13/CAMHDA301-20231113T121500.mp4,630,0,blurry,train,full_2023_2024
CAMHDA301-20231113T121500,2023-11-13,/home/jovyan/ooi/san_data/RS03ASHS-PN03B-06-CAMHDA301/2023/11/13/CAMHDA301-20231113T121500.mp4,660,0,blurry,train,full_2023_2024
CAMHDA301-20231113T151500,2023-11-13,/home/jovyan/ooi/san_data/RS03ASHS-PN03B-06-CAMHDA301/2023/11/13/CAMHDA301-20231113T151500.mp4,330,0,blurry,train,full_2023_2024
CAMHDA301-20231113T151500,2023-11-13,/home/jovyan/ooi/san_data/RS03ASHS-PN03B-06-CAMHDA301/2023/11/13/CAMHDA301-20231113T151500.mp4,750,0,blurry,train,full_2023_2024
CAMHDA301-20231113T151500,2023-11-13,/home/jovyan/ooi/san_data/RS03ASHS-PN03B-06-CAMHDA301/2023/11/13/CAMHDA301-20231113T151500.mp4,30,0,blurry,train,full_2023_2024
CAMHDA301-20231113T151500,2023-11-13,/home/jovyan/ooi/san_data/RS03ASHS-PN03B-06-CAMHDA301/2023/11/13/CAMHDA301-20231113T151500.mp4,720,0,blurry,train,full_2023_2024
CAMHDA301-20231113T181500,2023-11-13,/home/jovyan/ooi/san_data/RS03ASHS-PN03B-06-CAMHDA301/2023/11/13/CAMHDA301-20231113T181500.mp4,750,0,blurry,train,full_2023_2024
CAMHDA301-20231113T181500,2023-11-13,/home/jovyan/ooi/san_data/RS03ASHS-PN03B-06-CAMHDA301/2023/11/13/CAMHDA301-20231113T181500.mp4,180,0,blurry,train,full_2023_2024
CAMHDA301-20231113T181500,2023-11-13,/home/jovyan/ooi/san_data/RS03ASHS-PN03B-06-CAMHDA301/2023/11/13/CAMHDA301-20231113T181500.mp4,810,0,blurry,train,full_2023_2024
CAMHDA301-20231113T181500,2023-11-13,/home/jovyan/ooi/san_data/RS03ASHS-PN03B-06-CAMHDA301/2023/11/13/CAMHDA301-20231113T181500.mp4,840,0,blurry,train,full_2023_2024
CAMHDA301-20231113T211500,2023-11-13,/home/jovyan/ooi/san_data/RS03ASHS-PN03B-06-CAMHDA301/2023/11/13/CAMHDA301-20231113T211500.mp4,840,0,blurry,train,full_2023_2024
CAMHDA301-20231113T211500,2023-11-13,/home/jovyan/ooi/san_data/RS03ASHS-PN03B-06-CAMHDA301/2023/11/13/CAMHDA301-20231113T211500.mp4,600,0,blurry,train,full_2023_2024
CAMHDA301-20231113T211500,2023-11-13,/home/jovyan/ooi/san_data/RS03ASHS-PN03B-06-CAMHDA301/2023/11/13/CAMHDA301-20231113T211500.mp4,780,0,blurry,train,full_2023_2024
CAMHDA301-20231113T211500,2023-11-13,/home/jovyan/ooi/san_data/RS03ASHS-PN03B-06-CAMHDA301/2023/11/13/CAMHDA301-20231113T211500.mp4,270,0,blurry,train,full_2023_2024
CAMHDA301-20231120T001500,2023-11-20,/home/jovyan/ooi/san_data/RS03ASHS-PN03B-06-CAMHDA301/2023/11/20/CAMHDA301-20231120T001500.mp4,360,0,blurry,train,full_2023_2024
CAMHDA301-20231120T001500,2023-11-20,/home/jovyan/ooi/san_data/RS03ASHS-PN03B-06-CAMHDA301/2023/11/20/CAMHDA301-20231120T001500.mp4,630,0,blurry,train,full_2023_2024
CAMHDA301-20231120T001500,2023-11-20,/home/jovyan/ooi/san_data/RS03ASHS-PN03B-06-CAMHDA301/2023/11/20/CAMHDA301-20231120T001500.mp4,570,0,blurry,train,full_2023_2024
CAMHDA301-20231120T001500,2023-11-20,/home/jovyan/ooi/san_data/RS03ASHS-PN03B-06-CAMHDA301/2023/11/20/CAMHDA301-20231120T001500.mp4,840,0,blurry,train,full_2023_2024
CAMHDA301-20231120T031500,2023-11-20,/home/jovyan/ooi/san_data/RS03ASHS-PN03B-06-CAMHDA301/2023/11/20/CAMHDA301-20231120T031500.mp4,450,0,blurry,train,full_2023_2024
CAMHDA301-20231120T031500,2023-11-20,/home/jovyan/ooi/san_data/RS03ASHS-PN03B-06-CAMHDA301/2023/11/20/CAMHDA301-20231120T031500.mp4,30,0,blurry,train,full_2023_2024
CAMHDA301-20231120T031500,2023-11-20,/home/jovyan/ooi/san_data/RS03ASHS-PN03B-06-CAMHDA301/2023/11/20/CAMHDA301-20231120T031500.mp4,540,0,blurry,train,full_2023_2024
CAMHDA301-20231120T031500,2023-11-20,/home/jovyan/ooi/san_data/RS03ASHS-PN03B-06-CAMHDA301/2023/11/20/CAMHDA301-20231120T031500.mp4,210,0,blurry,train,full_2023_2024
CAMHDA301-20231120T061500,2023-11-20,/home/jovyan/ooi/san_data/RS03ASHS-PN03B-06-CAMHDA301/2023/11/20/CAMHDA301-20231120T061500.mp4,30,0,blurry,train,full_2023_2024
CAMHDA301-20231120T061500,2023-11-20,/home/jovyan/ooi/san_data/RS03ASHS-PN03B-06-CAMHDA301/2023/11/20/CAMHDA301-20231120T061500.mp4,630,0,blurry,train,full_2023_2024
CAMHDA301-20231120T061500,2023-11-20,/home/jovyan/ooi/san_data/RS03ASHS-PN03B-06-CAMHDA301/2023/11/20/CAMHDA301-20231120T061500.mp4,570,0,blurry,train,full_2023_2024
CAMHDA301-20231120T061500,2023-11-20,/home/jovyan/ooi/san_data/RS03ASHS-PN03B-06-CAMHDA301/2023/11/20/CAMHDA301-20231120T061500.mp4,450,0,blurry,train,full_2023_2024
CAMHDA301-20231120T091500,2023-11-20,/home/jovyan/ooi/san_data/RS03ASHS-PN03B-06-CAMHDA301/2023/11/20/CAMHDA301-20231120T091500.mp4,270,0,blurry,train,full_2023_2024
CAMHDA301-20231120T091500,2023-11-20,/home/jovyan/ooi/san_data/RS03ASHS-PN03B-06-CAMHDA301/2023/11/20/CAMHDA301-20231120T091500.mp4,30,0,blurry,train,full_2023_2024
CAMHDA301-20231120T091500,2023-11-20,/home/jovyan/ooi/san_data/RS03ASHS-PN03B-06-CAMHDA301/2023/11/20/CAMHDA301-20231120T091500.mp4,360,0,blurry,train,full_2023_2024
CAMHDA301-20231120T091500,2023-11-20,/home/jovyan/ooi/san_data/RS03ASHS-PN03B-06-CAMHDA301/2023/11/20/CAMHDA301-20231120T091500.mp4,60,0,blurry,train,full_2023_2024
CAMHDA301-20231120T121500,2023-11-20,/home/jovyan/ooi/san_data/RS03ASHS-PN03B-06-CAMHDA301/2023/11/20/CAMHDA301-20231120T121500.mp4,240,0,blurry,train,full_2023_2024
CAMHDA301-20231120T121500,2023-11-20,/home/jovyan/ooi/san_data/RS03ASHS-PN03B-06-CAMHDA301/2023/11/20/CAMHDA301-20231120T121500.mp4,540,0,blurry,train,full_2023_2024
CAMHDA301-20231120T121500,2023-11-20,/home/jovyan/ooi/san_data/RS03ASHS-PN03B-06-CAMHDA301/2023/11/20/CAMHDA301-20231120T121500.mp4,60,0,blurry,train,full_2023_2024
CAMHDA301-20231120T121500,2023-11-20,/home/jovyan/ooi/san_data/RS03ASHS-PN03B-06-CAMHDA301/2023/11/20/CAMHDA301-20231120T121500.mp4,270,0,blurry,train,full_2023_2024
CAMHDA301-20231120T151500,2023-11-20,/home/jovyan/ooi/san_data/RS03ASHS-PN03B-06-CAMHDA301/2023/11/20/CAMHDA301-20231120T151500.mp4,630,1,blurry,train,full_2023_2024
CAMHDA301-20231120T181500,2023-11-20,/home/jovyan/ooi/san_data/RS03ASHS-PN03B-06-CAMHDA301/2023/11/20/CAMHDA301-20231120T181500.mp4,300,0,blurry,train,full_2023_2024
CAMHDA301-20231120T181500,2023-11-20,/home/jovyan/ooi/san_data/RS03ASHS-PN03B-06-CAMHDA301/2023/11/20/CAMHDA301-20231120T181500.mp4,690,0,blurry,train,full_2023_2024
CAMHDA301-20231120T181500,2023-11-20,/home/jovyan/ooi/san_data/RS03ASHS-PN03B-06-CAMHDA301/2023/11/20/CAMHDA301-20231120T181500.mp4,90,0,blurry,train,full_2023_2024
CAMHDA301-20231120T181500,2023-11-20,/home/jovyan/ooi/san_data/RS03ASHS-PN03B-06-CAMHDA301/2023/11/20/CAMHDA301-20231120T181500.mp4,420,0,blurry,train,full_2023_2024
CAMHDA301-20231120T211500,2023-11-20,/home/jovyan/ooi/san_data/RS03ASHS-PN03B-06-CAMHDA301/2023/11/20/CAMHDA301-20231120T211500.mp4,510,0,blurry,train,full_2023_2024
CAMHDA301-20231120T211500,2023-11-20,/home/jovyan/ooi/san_data/RS03ASHS-PN03B-06-CAMHDA301/2023/11/20/CAMHDA301-20231120T211500.mp4,540,0,blurry,train,full_2023_2024
CAMHDA301-20231120T211500,2023-11-20,/home/jovyan/ooi/san_data/RS03ASHS-PN03B-06-CAMHDA301/2023/11/20/CAMHDA301-20231120T211500.mp4,210,0,blurry,train,full_2023_2024
CAMHDA301-20231120T211500,2023-11-20,/home/jovyan/ooi/san_data/RS03ASHS-PN03B-06-CAMHDA301/2023/11/20/CAMHDA301-20231120T211500.mp4,720,0,blurry,train,full_2023_2024
CAMHDA301-20231127T001500,2023-11-27,/home/jovyan/ooi/san_data/RS03ASHS-PN03B-06-CAMHDA301/2023/11/27/CAMHDA301-20231127T001500.mp4,540,0,blurry,test,full_2023_2024
CAMHDA301-20231127T001500,2023-11-27,/home/jovyan/ooi/san_data/RS03ASHS-PN03B-06-CAMHDA301/2023/11/27/CAMHDA301-20231127T001500.mp4,450,0,blurry,test,full_2023_2024
CAMHDA301-20231127T001500,2023-11-27,/home/jovyan/ooi/san_data/RS03ASHS-PN03B-06-CAMHDA301/2023/11/27/CAMHDA301-20231127T001500.mp4,360,0,blurry,test,full_2023_2024
CAMHDA301-20231127T001500,2023-11-27,/home/jovyan/ooi/san_data/RS03ASHS-PN03B-06-CAMHDA301/2023/11/27/CAMHDA301-20231127T001500.mp4,120,0,blurry,test,full_2023_2024
CAMHDA301-20231127T031500,2023-11-27,/home/jovyan/ooi/san_data/RS03ASHS-PN03B-06-CAMHDA301/2023/11/27/CAMHDA301-20231127T031500.mp4,210,0,blurry,test,full_2023_2024
CAMHDA301-20231127T031500,2023-11-27,/home/jovyan/ooi/san_data/RS03ASHS-PN03B-06-CAMHDA301/2023/11/27/CAMHDA301-20231127T031500.mp4,420,0,blurry,test,full_2023_2024
CAMHDA301-20231127T031500,2023-11-27,/home/jovyan/ooi/san_data/RS03ASHS-PN03B-06-CAMHDA301/2023/11/27/CAMHDA301-20231127T031500.mp4,360,0,blurry,test,full_2023_2024
CAMHDA301-20231127T031500,2023-11-27,/home/jovyan/ooi/san_data/RS03ASHS-PN03B-06-CAMHDA301/2023/11/27/CAMHDA301-20231127T031500.mp4,540,0,blurry,test,full_2023_2024
CAMHDA301-20231127T061500,2023-11-27,/home/jovyan/ooi/san_data/RS03ASHS-PN03B-06-CAMHDA301/2023/11/27/CAMHDA301-20231127T061500.mp4,720,0,blurry,test,full_2023_2024
CAMHDA301-20231127T061500,2023-11-27,/home/jovyan/ooi/san_data/RS03ASHS-PN03B-06-CAMHDA301/2023/11/27/CAMHDA301-20231127T061500.mp4,60,0,blurry,test,full_2023_2024
CAMHDA301-20231127T061500,2023-11-27,/home/jovyan/ooi/san_data/RS03ASHS-PN03B-06-CAMHDA301/2023/11/27/CAMHDA301-20231127T061500.mp4,360,0,blurry,test,full_2023_2024
CAMHDA301-20231127T061500,2023-11-27,/home/jovyan/ooi/san_data/RS03ASHS-PN03B-06-CAMHDA301/2023/11/27/CAMHDA301-20231127T061500.mp4,420,0,blurry,test,full_2023_2024
CAMHDA301-20231127T091500,2023-11-27,/home/jovyan/ooi/san_data/RS03ASHS-PN03B-06-CAMHDA301/2023/11/27/CAMHDA301-20231127T091500.mp4,690,0,blurry,test,full_2023_2024
CAMHDA301-20231127T091500,2023-11-27,/home/jovyan/ooi/san_data/RS03ASHS-PN03B-06-CAMHDA301/2023/11/27/CAMHDA301-20231127T091500.mp4,450,0,blurry,test,full_2023_2024
CAMHDA301-20231127T091500,2023-11-27,/home/jovyan/ooi/san_data/RS03ASHS-PN03B-06-CAMHDA301/2023/11/27/CAMHDA301-20231127T091500.mp4,720,0,blurry,test,full_2023_2024
CAMHDA301-20231127T091500,2023-11-27,/home/jovyan/ooi/san_data/RS03ASHS-PN03B-06-CAMHDA301/2023/11/27/CAMHDA301-20231127T091500.mp4,300,0,blurry,test,full_2023_2024
CAMHDA301-20231127T121500,2023-11-27,/home/jovyan/ooi/san_data/RS03ASHS-PN03B-06-CAMHDA301/2023/11/27/CAMHDA301-20231127T121500.mp4,480,0,blurry,test,full_2023_2024
CAMHDA301-20231127T121500,2023-11-27,/home/jovyan/ooi/san_data/RS03ASHS-PN03B-06-CAMHDA301/2023/11/27/CAMHDA301-20231127T121500.mp4,570,0,blurry,test,full_2023_2024
CAMHDA301-20231127T121500,2023-11-27,/home/jovyan/ooi/san_data/RS03ASHS-PN03B-06-CAMHDA301/2023/11/27/CAMHDA301-20231127T121500.mp4,60,0,blurry,test,full_2023_2024
CAMHDA301-20231127T121500,2023-11-27,/home/jovyan/ooi/san_data/RS03ASHS-PN03B-06-CAMHDA301/2023/11/27/CAMHDA301-20231127T121500.mp4,750,0,blurry,test,full_2023_2024
CAMHDA301-20231127T151500,2023-11-27,/home/jovyan/ooi/san_data/RS03ASHS-PN03B-06-CAMHDA301/2023/11/27/CAMHDA301-20231127T151500.mp4,630,0,blurry,test,full_2023_2024
CAMHDA301-20231127T151500,2023-11-27,/home/jovyan/ooi/san_data/RS03ASHS-PN03B-06-CAMHDA301/2023/11/27/CAMHDA301-20231127T151500.mp4,180,0,blurry,test,full_2023_2024
CAMHDA301-20231127T151500,2023-11-27,/home/jovyan/ooi/san_data/RS03ASHS-PN03B-06-CAMHDA301/2023/11/27/CAMHDA301-20231127T151500.mp4,150,0,blurry,test,full_2023_2024
CAMHDA301-20231127T151500,2023-11-27,/home/jovyan/ooi/san_data/RS03ASHS-PN03B-06-CAMHDA301/2023/11/27/CAMHDA301-20231127T151500.mp4,240,0,blurry,test,full_2023_2024
CAMHDA301-20231127T181500,2023-11-27,/home/jovyan/ooi/san_data/RS03ASHS-PN03B-06-CAMHDA301/2023/11/27/CAMHDA301-20231127T181500.mp4,90,0,blurry,test,full_2023_2024
CAMHDA301-20231127T181500,2023-11-27,/home/jovyan/ooi/san_data/RS03ASHS-PN03B-06-CAMHDA301/2023/11/27/CAMHDA301-20231127T181500.mp4,180,0,blurry,test,full_2023_2024
CAMHDA301-20231127T181500,2023-11-27,/home/jovyan/ooi/san_data/RS03ASHS-PN03B-06-CAMHDA301/2023/11/27/CAMHDA301-20231127T181500.mp4,240,0,blurry,test,full_2023_2024
CAMHDA301-20231127T181500,2023-11-27,/home/jovyan/ooi/san_data/RS03ASHS-PN03B-06-CAMHDA301/2023/11/27/CAMHDA301-20231127T181500.mp4,210,0,blurry,test,full_2023_2024
CAMHDA301-20231127T211500,2023-11-27,/home/jovyan/ooi/san_data/RS03ASHS-PN03B-06-CAMHDA301/2023/11/27/CAMHDA301-20231127T211500.mp4,60,0,blurry,test,full_2023_2024
CAMHDA301-20231127T211500,2023-11-27,/home/jovyan/ooi/san_data/RS03ASHS-PN03B-06-CAMHDA301/2023/11/27/CAMHDA301-20231127T211500.mp4,510,0,blurry,test,full_2023_2024
CAMHDA301-20231127T211500,2023-11-27,/home/jovyan/ooi/san_data/RS03ASHS-PN03B-06-CAMHDA301/2023/11/27/CAMHDA301-20231127T211500.mp4,480,0,blurry,test,full_2023_2024
CAMHDA301-20231127T211500,2023-11-27,/home/jovyan/ooi/san_data/RS03ASHS-PN03B-06-CAMHDA301/2023/11/27/CAMHDA301-20231127T211500.mp4,30,0,blurry,test,full_2023_2024
CAMHDA301-20231204T001500,2023-12-04,/home/jovyan/ooi/san_data/RS03ASHS-PN03B-06-CAMHDA301/2023/12/04/CAMHDA301-20231204T001500.mp4,270,0,blurry,train,full_2023_2024
CAMHDA301-20231204T001500,2023-12-04,/home/jovyan/ooi/san_data/RS03ASHS-PN03B-06-CAMHDA301/2023/12/04/CAMHDA301-20231204T001500.mp4,570,0,blurry,train,full_2023_2024
CAMHDA301-20231204T001500,2023-12-04,/home/jovyan/ooi/san_data/RS03ASHS-PN03B-06-CAMHDA301/2023/12/04/CAMHDA301-20231204T001500.mp4,450,0,blurry,train,full_2023_2024
CAMHDA301-20231204T001500,2023-12-04,/home/jovyan/ooi/san_data/RS03ASHS-PN03B-06-CAMHDA301/2023/12/04/CAMHDA301-20231204T001500.mp4,180,0,blurry,train,full_2023_2024
CAMHDA301-20231204T031500,2023-12-04,/home/jovyan/ooi/san_data/RS03ASHS-PN03B-06-CAMHDA301/2023/12/04/CAMHDA301-20231204T031500.mp4,60,0,blurry,train,full_2023_2024
CAMHDA301-20231204T031500,2023-12-04,/home/jovyan/ooi/san_data/RS03ASHS-PN03B-06-CAMHDA301/2023/12/04/CAMHDA301-20231204T031500.mp4,630,0,blurry,train,full_2023_2024
CAMHDA301-20231204T031500,2023-12-04,/home/jovyan/ooi/san_data/RS03ASHS-PN03B-06-CAMHDA301/2023/12/04/CAMHDA301-20231204T031500.mp4,240,0,blurry,train,full_2023_2024
CAMHDA301-20231204T031500,2023-12-04,/home/jovyan/ooi/san_data/RS03ASHS-PN03B-06-CAMHDA301/2023/12/04/CAMHDA301-20231204T031500.mp4,30,0,blurry,train,full_2023_2024
CAMHDA301-20231204T061500,2023-12-04,/home/jovyan/ooi/san_data/RS03ASHS-PN03B-06-CAMHDA301/2023/12/04/CAMHDA301-20231204T061500.mp4,150,0,blurry,train,full_2023_2024
CAMHDA301-20231204T061500,2023-12-04,/home/jovyan/ooi/san_data/RS03ASHS-PN03B-06-CAMHDA301/2023/12/04/CAMHDA301-20231204T061500.mp4,750,0,blurry,train,full_2023_2024
CAMHDA301-20231204T061500,2023-12-04,/home/jovyan/ooi/san_data/RS03ASHS-PN03B-06-CAMHDA301/2023/12/04/CAMHDA301-20231204T061500.mp4,600,0,blurry,train,full_2023_2024
CAMHDA301-20231204T061500,2023-12-04,/home/jovyan/ooi/san_data/RS03ASHS-PN03B-06-CAMHDA301/2023/12/04/CAMHDA301-20231204T061500.mp4,510,0,blurry,train,full_2023_2024
CAMHDA301-20231204T091500,2023-12-04,/home/jovyan/ooi/san_data/RS03ASHS-PN03B-06-CAMHDA301/2023/12/04/CAMHDA301-20231204T091500.mp4,810,0,blurry,train,full_2023_2024
CAMHDA301-20231204T091500,2023-12-04,/home/jovyan/ooi/san_data/RS03ASHS-PN03B-06-CAMHDA301/2023/12/04/CAMHDA301-20231204T091500.mp4,630,0,blurry,train,full_2023_2024
CAMHDA301-20231204T091500,2023-12-04,/home/jovyan/ooi/san_data/RS03ASHS-PN03B-06-CAMHDA301/2023/12/04/CAMHDA301-20231204T091500.mp4,270,0,blurry,train,full_2023_2024
CAMHDA301-20231204T091500,2023-12-04,/home/jovyan/ooi/san_data/RS03ASHS-PN03B-06-CAMHDA301/2023/12/04/CAMHDA301-20231204T091500.mp4,480,0,blurry,train,full_2023_2024
CAMHDA301-20231204T121500,2023-12-04,/home/jovyan/ooi/san_data/RS03ASHS-PN03B-06-CAMHDA301/2023/12/04/CAMHDA301-20231204T121500.mp4,30,0,blurry,train,full_2023_2024
CAMHDA301-20231204T121500,2023-12-04,/home/jovyan/ooi/san_data/RS03ASHS-PN03B-06-CAMHDA301/2023/12/04/CAMHDA301-20231204T121500.mp4,360,0,blurry,train,full_2023_2024
CAMHDA301-20231204T121500,2023-12-04,/home/jovyan/ooi/san_data/RS03ASHS-PN03B-06-CAMHDA301/2023/12/04/CAMHDA301-20231204T121500.mp4,180,0,blurry,train,full_2023_2024
CAMHDA301-20231204T121500,2023-12-04,/home/jovyan/ooi/san_data/RS03ASHS-PN03B-06-CAMHDA301/2023/12/04/CAMHDA301-20231204T121500.mp4,810,0,blurry,train,full_2023_2024
CAMHDA301-20231204T151500,2023-12-04,/home/jovyan/ooi/san_data/RS03ASHS-PN03B-06-CAMHDA301/2023/12/04/CAMHDA301-20231204T151500.mp4,360,0,blurry,train,full_2023_2024
CAMHDA301-20231204T151500,2023-12-04,/home/jovyan/ooi/san_data/RS03ASHS-PN03B-06-CAMHDA301/2023/12/04/CAMHDA301-20231204T151500.mp4,510,0,blurry,train,full_2023_2024
CAMHDA301-20231204T151500,2023-12-04,/home/jovyan/ooi/san_data/RS03ASHS-PN03B-06-CAMHDA301/2023/12/04/CAMHDA301-20231204T151500.mp4,720,0,blurry,train,full_2023_2024
CAMHDA301-20231204T151500,2023-12-04,/home/jovyan/ooi/san_data/RS03ASHS-PN03B-06-CAMHDA301/2023/12/04/CAMHDA301-20231204T151500.mp4,660,0,blurry,train,full_2023_2024
CAMHDA301-20231204T181500,2023-12-04,/home/jovyan/ooi/san_data/RS03ASHS-PN03B-06-CAMHDA301/2023/12/04/CAMHDA301-20231204T181500.mp4,60,0,blurry,train,full_2023_2024
CAMHDA301-20231204T181500,2023-12-04,/home/jovyan/ooi/san_data/RS03ASHS-PN03B-06-CAMHDA301/2023/12/04/CAMHDA301-20231204T181500.mp4,90,0,blurry,train,full_2023_2024
CAMHDA301-20231204T181500,2023-12-04,/home/jovyan/ooi/san_data/RS03ASHS-PN03B-06-CAMHDA301/2023/12/04/CAMHDA301-20231204T181500.mp4,150,0,blurry,train,full_2023_2024
CAMHDA301-20231204T181500,2023-12-04,/home/jovyan/ooi/san_data/RS03ASHS-PN03B-06-CAMHDA301/2023/12/04/CAMHDA301-20231204T181500.mp4,120,0,blurry,train,full_2023_2024
CAMHDA301-20231204T211500,2023-12-04,/home/jovyan/ooi/san_data/RS03ASHS-PN03B-06-CAMHDA301/2023/12/04/CAMHDA301-20231204T211500.mp4,690,0,blurry,train,full_2023_2024
CAMHDA301-20231204T211500,2023-12-04,/home/jovyan/ooi/san_data/RS03ASHS-PN03B-06-CAMHDA301/2023/12/04/CAMHDA301-20231204T211500.mp4,510,0,blurry,train,full_2023_2024
CAMHDA301-20231204T211500,2023-12-04,/home/jovyan/ooi/san_data/RS03ASHS-PN03B-06-CAMHDA301/2023/12/04/CAMHDA301-20231204T211500.mp4,300,0,blurry,train,full_2023_2024
CAMHDA301-20231204T211500,2023-12-04,/home/jovyan/ooi/san_data/RS03ASHS-PN03B-06-CAMHDA301/2023/12/04/CAMHDA301-20231204T211500.mp4,570,0,blurry,train,full_2023_2024
CAMHDA301-20231211T001500,2023-12-11,/home/jovyan/ooi/san_data/RS03ASHS-PN03B-06-CAMHDA301/2023/12/11/CAMHDA301-20231211T001500.mp4,450,0,blurry,test,full_2023_2024
CAMHDA301-20231211T001500,2023-12-11,/home/jovyan/ooi/san_data/RS03ASHS-PN03B-06-CAMHDA301/2023/12/11/CAMHDA301-20231211T001500.mp4,540,0,blurry,test,full_2023_2024
CAMHDA301-20231211T001500,2023-12-11,/home/jovyan/ooi/san_data/RS03ASHS-PN03B-06-CAMHDA301/2023/12/11/CAMHDA301-20231211T001500.mp4,600,0,blurry,test,full_2023_2024
CAMHDA301-20231211T001500,2023-12-11,/home/jovyan/ooi/san_data/RS03ASHS-PN03B-06-CAMHDA301/2023/12/11/CAMHDA301-20231211T001500.mp4,810,0,blurry,test,full_2023_2024
CAMHDA301-20231211T031500,2023-12-11,/home/jovyan/ooi/san_data/RS03ASHS-PN03B-06-CAMHDA301/2023/12/11/CAMHDA301-20231211T031500.mp4,330,0,blurry,test,full_2023_2024
CAMHDA301-20231211T031500,2023-12-11,/home/jovyan/ooi/san_data/RS03ASHS-PN03B-06-CAMHDA301/2023/12/11/CAMHDA301-20231211T031500.mp4,570,0,blurry,test,full_2023_2024
CAMHDA301-20231211T031500,2023-12-11,/home/jovyan/ooi/san_data/RS03ASHS-PN03B-06-CAMHDA301/2023/12/11/CAMHDA301-20231211T031500.mp4,300,0,blurry,test,full_2023_2024
CAMHDA301-20231211T031500,2023-12-11,/home/jovyan/ooi/san_data/RS03ASHS-PN03B-06-CAMHDA301/2023/12/11/CAMHDA301-20231211T031500.mp4,690,0,blurry,test,full_2023_2024
CAMHDA301-20231211T061500,2023-12-11,/home/jovyan/ooi/san_data/RS03ASHS-PN03B-06-CAMHDA301/2023/12/11/CAMHDA301-20231211T061500.mp4,510,0,blurry,test,full_2023_2024
CAMHDA301-20231211T061500,2023-12-11,/home/jovyan/ooi/san_data/RS03ASHS-PN03B-06-CAMHDA301/2023/12/11/CAMHDA301-20231211T061500.mp4,810,0,blurry,test,full_2023_2024
CAMHDA301-20231211T061500,2023-12-11,/home/jovyan/ooi/san_data/RS03ASHS-PN03B-06-CAMHDA301/2023/12/11/CAMHDA301-20231211T061500.mp4,450,0,blurry,test,full_2023_2024
CAMHDA301-20231211T061500,2023-12-11,/home/jovyan/ooi/san_data/RS03ASHS-PN03B-06-CAMHDA301/2023/12/11/CAMHDA301-20231211T061500.mp4,30,0,blurry,test,full_2023_2024
CAMHDA301-20231211T091500,2023-12-11,/home/jovyan/ooi/san_data/RS03ASHS-PN03B-06-CAMHDA301/2023/12/11/CAMHDA301-20231211T091500.mp4,810,0,blurry,test,full_2023_2024
CAMHDA301-20231211T091500,2023-12-11,/home/jovyan/ooi/san_data/RS03ASHS-PN03B-06-CAMHDA301/2023/12/11/CAMHDA301-20231211T091500.mp4,600,0,blurry,test,full_2023_2024
CAMHDA301-20231211T091500,2023-12-11,/home/jovyan/ooi/san_data/RS03ASHS-PN03B-06-CAMHDA301/2023/12/11/CAMHDA301-20231211T091500.mp4,120,0,blurry,test,full_2023_2024
CAMHDA301-20231211T091500,2023-12-11,/home/jovyan/ooi/san_data/RS03ASHS-PN03B-06-CAMHDA301/2023/12/11/CAMHDA301-20231211T091500.mp4,180,0,blurry,test,full_2023_2024
CAMHDA301-20231211T121500,2023-12-11,/home/jovyan/ooi/san_data/RS03ASHS-PN03B-06-CAMHDA301/2023/12/11/CAMHDA301-20231211T121500.mp4,720,0,blurry,test,full_2023_2024
CAMHDA301-20231211T121500,2023-12-11,/home/jovyan/ooi/san_data/RS03ASHS-PN03B-06-CAMHDA301/2023/12/11/CAMHDA301-20231211T121500.mp4,120,0,blurry,test,full_2023_2024
CAMHDA301-20231211T121500,2023-12-11,/home/jovyan/ooi/san_data/RS03ASHS-PN03B-06-CAMHDA301/2023/12/11/CAMHDA301-20231211T121500.mp4,300,0,blurry,test,full_2023_2024
CAMHDA301-20231211T121500,2023-12-11,/home/jovyan/ooi/san_data/RS03ASHS-PN03B-06-CAMHDA301/2023/12/11/CAMHDA301-20231211T121500.mp4,480,0,blurry,test,full_2023_2024
CAMHDA301-20231211T151500,2023-12-11,/home/jovyan/ooi/san_data/RS03ASHS-PN03B-06-CAMHDA301/2023/12/11/CAMHDA301-20231211T151500.mp4,360,0,blurry,test,full_2023_2024
CAMHDA301-20231211T151500,2023-12-11,/home/jovyan/ooi/san_data/RS03ASHS-PN03B-06-CAMHDA301/2023/12/11/CAMHDA301-20231211T151500.mp4,660,0,blurry,test,full_2023_2024
CAMHDA301-20231211T151500,2023-12-11,/home/jovyan/ooi/san_data/RS03ASHS-PN03B-06-CAMHDA301/2023/12/11/CAMHDA301-20231211T151500.mp4,60,0,blurry,test,full_2023_2024
CAMHDA301-20231211T151500,2023-12-11,/home/jovyan/ooi/san_data/RS03ASHS-PN03B-06-CAMHDA301/2023/12/11/CAMHDA301-20231211T151500.mp4,330,0,blurry,test,full_2023_2024
CAMHDA301-20231211T181500,2023-12-11,/home/jovyan/ooi/san_data/RS03ASHS-PN03B-06-CAMHDA301/2023/12/11/CAMHDA301-20231211T181500.mp4,600,0,blurry,test,full_2023_2024
CAMHDA301-20231211T181500,2023-12-11,/home/jovyan/ooi/san_data/RS03ASHS-PN03B-06-CAMHDA301/2023/12/11/CAMHDA301-20231211T181500.mp4,750,0,blurry,test,full_2023_2024
CAMHDA301-20231211T181500,2023-12-11,/home/jovyan/ooi/san_data/RS03ASHS-PN03B-06-CAMHDA301/2023/12/11/CAMHDA301-20231211T181500.mp4,390,0,blurry,test,full_2023_2024
CAMHDA301-20231211T181500,2023-12-11,/home/jovyan/ooi/san_data/RS03ASHS-PN03B-06-CAMHDA301/2023/12/11/CAMHDA301-20231211T181500.mp4,150,0,blurry,test,full_2023_2024
CAMHDA301-20231211T211500,2023-12-11,/home/jovyan/ooi/san_data/RS03ASHS-PN03B-06-CAMHDA301/2023/12/11/CAMHDA301-20231211T211500.mp4,570,0,blurry,test,full_2023_2024
CAMHDA301-20231211T211500,2023-12-11,/home/jovyan/ooi/san_data/RS03ASHS-PN03B-06-CAMHDA301/2023/12/11/CAMHDA301-20231211T211500.mp4,390,0,blurry,test,full_2023_2024
CAMHDA301-20231211T211500,2023-12-11,/home/jovyan/ooi/san_data/RS03ASHS-PN03B-06-CAMHDA301/2023/12/11/CAMHDA301-20231211T211500.mp4,90,0,blurry,test,full_2023_2024
CAMHDA301-20231211T211500,2023-12-11,/home/jovyan/ooi/san_data/RS03ASHS-PN03B-06-CAMHDA301/2023/12/11/CAMHDA301-20231211T211500.mp4,750,0,blurry,test,full_2023_2024
CAMHDA301-20231218T001500,2023-12-18,/home/jovyan/ooi/san_data/RS03ASHS-PN03B-06-CAMHDA301/2023/12/18/CAMHDA301-20231218T001500.mp4,720,1,blurry,train,full_2023_2024
CAMHDA301-20231218T031500,2023-12-18,/home/jovyan/ooi/san_data/RS03ASHS-PN03B-06-CAMHDA301/2023/12/18/CAMHDA301-20231218T031500.mp4,630,1,blurry,train,full_2023_2024
CAMHDA301-20231218T061500,2023-12-18,/home/jovyan/ooi/san_data/RS03ASHS-PN03B-06-CAMHDA301/2023/12/18/CAMHDA301-20231218T061500.mp4,540,0,blurry,train,full_2023_2024
CAMHDA301-20231218T061500,2023-12-18,/home/jovyan/ooi/san_data/RS03ASHS-PN03B-06-CAMHDA301/2023/12/18/CAMHDA301-20231218T061500.mp4,180,0,blurry,train,full_2023_2024
CAMHDA301-20231218T061500,2023-12-18,/home/jovyan/ooi/san_data/RS03ASHS-PN03B-06-CAMHDA301/2023/12/18/CAMHDA301-20231218T061500.mp4,420,0,blurry,train,full_2023_2024
CAMHDA301-20231218T061500,2023-12-18,/home/jovyan/ooi/san_data/RS03ASHS-PN03B-06-CAMHDA301/2023/12/18/CAMHDA301-20231218T061500.mp4,840,0,blurry,train,full_2023_2024
CAMHDA301-20231218T091500,2023-12-18,/home/jovyan/ooi/san_data/RS03ASHS-PN03B-06-CAMHDA301/2023/12/18/CAMHDA301-20231218T091500.mp4,510,0,blurry,train,full_2023_2024
CAMHDA301-20231218T091500,2023-12-18,/home/jovyan/ooi/san_data/RS03ASHS-PN03B-06-CAMHDA301/2023/12/18/CAMHDA301-20231218T091500.mp4,660,0,blurry,train,full_2023_2024
CAMHDA301-20231218T091500,2023-12-18,/home/jovyan/ooi/san_data/RS03ASHS-PN03B-06-CAMHDA301/2023/12/18/CAMHDA301-20231218T091500.mp4,390,0,blurry,train,full_2023_2024
CAMHDA301-20231218T091500,2023-12-18,/home/jovyan/ooi/san_data/RS03ASHS-PN03B-06-CAMHDA301/2023/12/18/CAMHDA301-20231218T091500.mp4,180,0,blurry,train,full_2023_2024
CAMHDA301-20231218T121500,2023-12-18,/home/jovyan/ooi/san_data/RS03ASHS-PN03B-06-CAMHDA301/2023/12/18/CAMHDA301-20231218T121500.mp4,720,1,blurry,train,full_2023_2024
CAMHDA301-20231218T151500,2023-12-18,/home/jovyan/ooi/san_data/RS03ASHS-PN03B-06-CAMHDA301/2023/12/18/CAMHDA301-20231218T151500.mp4,330,1,blurry,train,full_2023_2024
CAMHDA301-20231218T181500,2023-12-18,/home/jovyan/ooi/san_data/RS03ASHS-PN03B-06-CAMHDA301/2023/12/18/CAMHDA301-20231218T181500.mp4,720,1,blurry,train,full_2023_2024
CAMHDA301-20231218T211500,2023-12-18,/home/jovyan/ooi/san_data/RS03ASHS-PN03B-06-CAMHDA301/2023/12/18/CAMHDA301-20231218T211500.mp4,720,1,blurry,train,full_2023_2024
CAMHDA301-20231225T001500,2023-12-25,/home/jovyan/ooi/san_data/RS03ASHS-PN03B-06-CAMHDA301/2023/12/25/CAMHDA301-20231225T001500.mp4,720,1,blurry,test,full_2023_2024
CAMHDA301-20231225T031500,2023-12-25,/home/jovyan/ooi/san_data/RS03ASHS-PN03B-06-CAMHDA301/2023/12/25/CAMHDA301-20231225T031500.mp4,330,1,blurry,test,full_2023_2024
CAMHDA301-20231225T061500,2023-12-25,/home/jovyan/ooi/san_data/RS03ASHS-PN03B-06-CAMHDA301/2023/12/25/CAMHDA301-20231225T061500.mp4,540,0,blurry,test,full_2023_2024
CAMHDA301-20231225T061500,2023-12-25,/home/jovyan/ooi/san_data/RS03ASHS-PN03B-06-CAMHDA301/2023/12/25/CAMHDA301-20231225T061500.mp4,810,0,blurry,test,full_2023_2024
CAMHDA301-20231225T061500,2023-12-25,/home/jovyan/ooi/san_data/RS03ASHS-PN03B-06-CAMHDA301/2023/12/25/CAMHDA301-20231225T061500.mp4,480,0,blurry,test,full_2023_2024
CAMHDA301-20231225T061500,2023-12-25,/home/jovyan/ooi/san_data/RS03ASHS-PN03B-06-CAMHDA301/2023/12/25/CAMHDA301-20231225T061500.mp4,330,0,blurry,test,full_2023_2024
CAMHDA301-20231225T091500,2023-12-25,/home/jovyan/ooi/san_data/RS03ASHS-PN03B-06-CAMHDA301/2023/12/25/CAMHDA301-20231225T091500.mp4,720,1,blurry,test,full_2023_2024
CAMHDA301-20231225T121500,2023-12-25,/home/jovyan/ooi/san_data/RS03ASHS-PN03B-06-CAMHDA301/2023/12/25/CAMHDA301-20231225T121500.mp4,630,0,blurry,test,full_2023_2024
CAMHDA301-20231225T121500,2023-12-25,/home/jovyan/ooi/san_data/RS03ASHS-PN03B-06-CAMHDA301/2023/12/25/CAMHDA301-20231225T121500.mp4,690,0,blurry,test,full_2023_2024
CAMHDA301-20231225T121500,2023-12-25,/home/jovyan/ooi/san_data/RS03ASHS-PN03B-06-CAMHDA301/2023/12/25/CAMHDA301-20231225T121500.mp4,330,0,blurry,test,full_2023_2024
CAMHDA301-20231225T121500,2023-12-25,/home/jovyan/ooi/san_data/RS03ASHS-PN03B-06-CAMHDA301/2023/12/25/CAMHDA301-20231225T121500.mp4,270,0,blurry,test,full_2023_2024
CAMHDA301-20231225T151500,2023-12-25,/home/jovyan/ooi/san_data/RS03ASHS-PN03B-06-CAMHDA301/2023/12/25/CAMHDA301-20231225T151500.mp4,300,0,blurry,test,full_2023_2024
CAMHDA301-20231225T151500,2023-12-25,/home/jovyan/ooi/san_data/RS03ASHS-PN03B-06-CAMHDA301/2023/12/25/CAMHDA301-20231225T151500.mp4,90,0,blurry,test,full_2023_2024
CAMHDA301-20231225T151500,2023-12-25,/home/jovyan/ooi/san_data/RS03ASHS-PN03B-06-CAMHDA301/2023/12/25/CAMHDA301-20231225T151500.mp4,810,0,blurry,test,full_2023_2024
CAMHDA301-20231225T151500,2023-12-25,/home/jovyan/ooi/san_data/RS03ASHS-PN03B-06-CAMHDA301/2023/12/25/CAMHDA301-20231225T151500.mp4,660,0,blurry,test,full_2023_2024
CAMHDA301-20231225T181500,2023-12-25,/home/jovyan/ooi/san_data/RS03ASHS-PN03B-06-CAMHDA301/2023/12/25/CAMHDA301-20231225T181500.mp4,720,1,blurry,test,full_2023_2024
CAMHDA301-20231225T211500,2023-12-25,/home/jovyan/ooi/san_data/RS03ASHS-PN03B-06-CAMHDA301/2023/12/25/CAMHDA301-20231225T211500.mp4,210,0,blurry,test,full_2023_2024
CAMHDA301-20231225T211500,2023-12-25,/home/jovyan/ooi/san_data/RS03ASHS-PN03B-06-CAMHDA301/2023/12/25/CAMHDA301-20231225T211500.mp4,450,0,blurry,test,full_2023_2024
CAMHDA301-20231225T211500,2023-12-25,/home/jovyan/ooi/san_data/RS03ASHS-PN03B-06-CAMHDA301/2023/12/25/CAMHDA301-20231225T211500.mp4,90,0,blurry,test,full_2023_2024
CAMHDA301-20231225T211500,2023-12-25,/home/jovyan/ooi/san_data/RS03ASHS-PN03B-06-CAMHDA301/2023/12/25/CAMHDA301-20231225T211500.mp4,600,0,blurry,test,full_2023_2024
CAMHDA301-20240101T031500,2024-01-01,/home/jovyan/ooi/san_data/RS03ASHS-PN03B-06-CAMHDA301/2024/01/01/CAMHDA301-20240101T031500.mp4,420,0,blurry,val,full_2023_2024
CAMHDA301-20240101T031500,2024-01-01,/home/jovyan/ooi/san_data/RS03ASHS-PN03B-06-CAMHDA301/2024/01/01/CAMHDA301-20240101T031500.mp4,270,0,blurry,val,full_2023_2024
CAMHDA301-20240101T031500,2024-01-01,/home/jovyan/ooi/san_data/RS03ASHS-PN03B-06-CAMHDA301/2024/01/01/CAMHDA301-20240101T031500.mp4,60,0,blurry,val,full_2023_2024
CAMHDA301-20240101T031500,2024-01-01,/home/jovyan/ooi/san_data/RS03ASHS-PN03B-06-CAMHDA301/2024/01/01/CAMHDA301-20240101T031500.mp4,150,0,blurry,val,full_2023_2024
CAMHDA301-20240101T061500,2024-01-01,/home/jovyan/ooi/san_data/RS03ASHS-PN03B-06-CAMHDA301/2024/01/01/CAMHDA301-20240101T061500.mp4,30,0,blurry,val,full_2023_2024
CAMHDA301-20240101T061500,2024-01-01,/home/jovyan/ooi/san_data/RS03ASHS-PN03B-06-CAMHDA301/2024/01/01/CAMHDA301-20240101T061500.mp4,570,0,blurry,val,full_2023_2024
CAMHDA301-20240101T061500,2024-01-01,/home/jovyan/ooi/san_data/RS03ASHS-PN03B-06-CAMHDA301/2024/01/01/CAMHDA301-20240101T061500.mp4,810,0,blurry,val,full_2023_2024
CAMHDA301-20240101T061500,2024-01-01,/home/jovyan/ooi/san_data/RS03ASHS-PN03B-06-CAMHDA301/2024/01/01/CAMHDA301-20240101T061500.mp4,180,0,blurry,val,full_2023_2024
CAMHDA301-20240101T091500,2024-01-01,/home/jovyan/ooi/san_data/RS03ASHS-PN03B-06-CAMHDA301/2024/01/01/CAMHDA301-20240101T091500.mp4,630,0,blurry,val,full_2023_2024
CAMHDA301-20240101T091500,2024-01-01,/home/jovyan/ooi/san_data/RS03ASHS-PN03B-06-CAMHDA301/2024/01/01/CAMHDA301-20240101T091500.mp4,510,0,blurry,val,full_2023_2024
CAMHDA301-20240101T091500,2024-01-01,/home/jovyan/ooi/san_data/RS03ASHS-PN03B-06-CAMHDA301/2024/01/01/CAMHDA301-20240101T091500.mp4,330,0,blurry,val,full_2023_2024
CAMHDA301-20240101T091500,2024-01-01,/home/jovyan/ooi/san_data/RS03ASHS-PN03B-06-CAMHDA301/2024/01/01/CAMHDA301-20240101T091500.mp4,720,0,blurry,val,full_2023_2024
CAMHDA301-20240101T121500,2024-01-01,/home/jovyan/ooi/san_data/RS03ASHS-PN03B-06-CAMHDA301/2024/01/01/CAMHDA301-20240101T121500.mp4,120,0,blurry,val,full_2023_2024
CAMHDA301-20240101T121500,2024-01-01,/home/jovyan/ooi/san_data/RS03ASHS-PN03B-06-CAMHDA301/2024/01/01/CAMHDA301-20240101T121500.mp4,690,0,blurry,val,full_2023_2024
CAMHDA301-20240101T121500,2024-01-01,/home/jovyan/ooi/san_data/RS03ASHS-PN03B-06-CAMHDA301/2024/01/01/CAMHDA301-20240101T121500.mp4,540,0,blurry,val,full_2023_2024
CAMHDA301-20240101T121500,2024-01-01,/home/jovyan/ooi/san_data/RS03ASHS-PN03B-06-CAMHDA301/2024/01/01/CAMHDA301-20240101T121500.mp4,360,0,blurry,val,full_2023_2024
CAMHDA301-20240101T151500,2024-01-01,/home/jovyan/ooi/san_data/RS03ASHS-PN03B-06-CAMHDA301/2024/01/01/CAMHDA301-20240101T151500.mp4,750,0,blurry,val,full_2023_2024
CAMHDA301-20240101T151500,2024-01-01,/home/jovyan/ooi/san_data/RS03ASHS-PN03B-06-CAMHDA301/2024/01/01/CAMHDA301-20240101T151500.mp4,180,0,blurry,val,full_2023_2024
CAMHDA301-20240101T151500,2024-01-01,/home/jovyan/ooi/san_data/RS03ASHS-PN03B-06-CAMHDA301/2024/01/01/CAMHDA301-20240101T151500.mp4,150,0,blurry,val,full_2023_2024
CAMHDA301-20240101T151500,2024-01-01,/home/jovyan/ooi/san_data/RS03ASHS-PN03B-06-CAMHDA301/2024/01/01/CAMHDA301-20240101T151500.mp4,60,0,blurry,val,full_2023_2024
CAMHDA301-20240101T181500,2024-01-01,/home/jovyan/ooi/san_data/RS03ASHS-PN03B-06-CAMHDA301/2024/01/01/CAMHDA301-20240101T181500.mp4,420,0,blurry,val,full_2023_2024
CAMHDA301-20240101T181500,2024-01-01,/home/jovyan/ooi/san_data/RS03ASHS-PN03B-06-CAMHDA301/2024/01/01/CAMHDA301-20240101T181500.mp4,120,0,blurry,val,full_2023_2024
CAMHDA301-20240101T181500,2024-01-01,/home/jovyan/ooi/san_data/RS03ASHS-PN03B-06-CAMHDA301/2024/01/01/CAMHDA301-20240101T181500.mp4,240,0,blurry,val,full_2023_2024
CAMHDA301-20240101T181500,2024-01-01,/home/jovyan/ooi/san_data/RS03ASHS-PN03B-06-CAMHDA301/2024/01/01/CAMHDA301-20240101T181500.mp4,660,0,blurry,val,full_2023_2024
CAMHDA301-20240101T211500,2024-01-01,/home/jovyan/ooi/san_data/RS03ASHS-PN03B-06-CAMHDA301/2024/01/01/CAMHDA301-20240101T211500.mp4,210,1,blurry,val,full_2023_2024
CAMHDA301-20240108T001500,2024-01-08,/home/jovyan/ooi/san_data/RS03ASHS-PN03B-06-CAMHDA301/2024/01/08/CAMHDA301-20240108T001500.mp4,180,1,blurry,train,full_2023_2024
CAMHDA301-20240108T031500,2024-01-08,/home/jovyan/ooi/san_data/RS03ASHS-PN03B-06-CAMHDA301/2024/01/08/CAMHDA301-20240108T031500.mp4,630,1,blurry,train,full_2023_2024
CAMHDA301-20240108T061500,2024-01-08,/home/jovyan/ooi/san_data/RS03ASHS-PN03B-06-CAMHDA301/2024/01/08/CAMHDA301-20240108T061500.mp4,630,1,blurry,train,full_2023_2024
CAMHDA301-20240108T091500,2024-01-08,/home/jovyan/ooi/san_data/RS03ASHS-PN03B-06-CAMHDA301/2024/01/08/CAMHDA301-20240108T091500.mp4,630,1,blurry,train,full_2023_2024
CAMHDA301-20240108T121500,2024-01-08,/home/jovyan/ooi/san_data/RS03ASHS-PN03B-06-CAMHDA301/2024/01/08/CAMHDA301-20240108T121500.mp4,630,1,blurry,train,full_2023_2024
CAMHDA301-20240108T151500,2024-01-08,/home/jovyan/ooi/san_data/RS03ASHS-PN03B-06-CAMHDA301/2024/01/08/CAMHDA301-20240108T151500.mp4,630,1,blurry,train,full_2023_2024
CAMHDA301-20240108T181500,2024-01-08,/home/jovyan/ooi/san_data/RS03ASHS-PN03B-06-CAMHDA301/2024/01/08/CAMHDA301-20240108T181500.mp4,270,0,blurry,train,full_2023_2024
CAMHDA301-20240108T181500,2024-01-08,/home/jovyan/ooi/san_data/RS03ASHS-PN03B-06-CAMHDA301/2024/01/08/CAMHDA301-20240108T181500.mp4,330,0,blurry,train,full_2023_2024
CAMHDA301-20240108T181500,2024-01-08,/home/jovyan/ooi/san_data/RS03ASHS-PN03B-06-CAMHDA301/2024/01/08/CAMHDA301-20240108T181500.mp4,210,0,blurry,train,full_2023_2024
CAMHDA301-20240108T181500,2024-01-08,/home/jovyan/ooi/san_data/RS03ASHS-PN03B-06-CAMHDA301/2024/01/08/CAMHDA301-20240108T181500.mp4,660,0,blurry,train,full_2023_2024
CAMHDA301-20240108T211500,2024-01-08,/home/jovyan/ooi/san_data/RS03ASHS-PN03B-06-CAMHDA301/2024/01/08/CAMHDA301-20240108T211500.mp4,630,1,blurry,train,full_2023_2024
CAMHDA301-20240115T001500,2024-01-15,/home/jovyan/ooi/san_data/RS03ASHS-PN03B-06-CAMHDA301/2024/01/15/CAMHDA301-20240115T001500.mp4,420,1,blurry,test,full_2023_2024
CAMHDA301-20240115T031500,2024-01-15,/home/jovyan/ooi/san_data/RS03ASHS-PN03B-06-CAMHDA301/2024/01/15/CAMHDA301-20240115T031500.mp4,420,1,blurry,test,full_2023_2024
CAMHDA301-20240115T061500,2024-01-15,/home/jovyan/ooi/san_data/RS03ASHS-PN03B-06-CAMHDA301/2024/01/15/CAMHDA301-20240115T061500.mp4,420,1,blurry,test,full_2023_2024
CAMHDA301-20240115T091500,2024-01-15,/home/jovyan/ooi/san_data/RS03ASHS-PN03B-06-CAMHDA301/2024/01/15/CAMHDA301-20240115T091500.mp4,420,1,blurry,test,full_2023_2024
CAMHDA301-20240115T121500,2024-01-15,/home/jovyan/ooi/san_data/RS03ASHS-PN03B-06-CAMHDA301/2024/01/15/CAMHDA301-20240115T121500.mp4,480,0,blurry,test,full_2023_2024
CAMHDA301-20240115T121500,2024-01-15,/home/jovyan/ooi/san_data/RS03ASHS-PN03B-06-CAMHDA301/2024/01/15/CAMHDA301-20240115T121500.mp4,150,0,blurry,test,full_2023_2024
CAMHDA301-20240115T121500,2024-01-15,/home/jovyan/ooi/san_data/RS03ASHS-PN03B-06-CAMHDA301/2024/01/15/CAMHDA301-20240115T121500.mp4,300,0,blurry,test,full_2023_2024
CAMHDA301-20240115T121500,2024-01-15,/home/jovyan/ooi/san_data/RS03ASHS-PN03B-06-CAMHDA301/2024/01/15/CAMHDA301-20240115T121500.mp4,330,0,blurry,test,full_2023_2024
CAMHDA301-20240115T151500,2024-01-15,/home/jovyan/ooi/san_data/RS03ASHS-PN03B-06-CAMHDA301/2024/01/15/CAMHDA301-20240115T151500.mp4,420,1,blurry,test,full_2023_2024
CAMHDA301-20240115T181500,2024-01-15,/home/jovyan/ooi/san_data/RS03ASHS-PN03B-06-CAMHDA301/2024/01/15/CAMHDA301-20240115T181500.mp4,420,0,blurry,test,full_2023_2024
CAMHDA301-20240115T181500,2024-01-15,/home/jovyan/ooi/san_data/RS03ASHS-PN03B-06-CAMHDA301/2024/01/15/CAMHDA301-20240115T181500.mp4,660,0,blurry,test,full_2023_2024
CAMHDA301-20240115T181500,2024-01-15,/home/jovyan/ooi/san_data/RS03ASHS-PN03B-06-CAMHDA301/2024/01/15/CAMHDA301-20240115T181500.mp4,270,0,blurry,test,full_2023_2024
CAMHDA301-20240115T181500,2024-01-15,/home/jovyan/ooi/san_data/RS03ASHS-PN03B-06-CAMHDA301/2024/01/15/CAMHDA301-20240115T181500.mp4,780,0,blurry,test,full_2023_2024
CAMHDA301-20240115T211500,2024-01-15,/home/jovyan/ooi/san_data/RS03ASHS-PN03B-06-CAMHDA301/2024/01/15/CAMHDA301-20240115T211500.mp4,450,0,blurry,test,full_2023_2024
CAMHDA301-20240115T211500,2024-01-15,/home/jovyan/ooi/san_data/RS03ASHS-PN03B-06-CAMHDA301/2024/01/15/CAMHDA301-20240115T211500.mp4,750,0,blurry,test,full_2023_2024
CAMHDA301-20240115T211500,2024-01-15,/home/jovyan/ooi/san_data/RS03ASHS-PN03B-06-CAMHDA301/2024/01/15/CAMHDA301-20240115T211500.mp4,120,0,blurry,test,full_2023_2024
CAMHDA301-20240115T211500,2024-01-15,/home/jovyan/ooi/san_data/RS03ASHS-PN03B-06-CAMHDA301/2024/01/15/CAMHDA301-20240115T211500.mp4,60,0,blurry,test,full_2023_2024
CAMHDA301-20240122T001500,2024-01-22,/home/jovyan/ooi/san_data/RS03ASHS-PN03B-06-CAMHDA301/2024/01/22/CAMHDA301-20240122T001500.mp4,420,1,blurry,train,full_2023_2024
CAMHDA301-20240122T031500,2024-01-22,/home/jovyan/ooi/san_data/RS03ASHS-PN03B-06-CAMHDA301/2024/01/22/CAMHDA301-20240122T031500.mp4,420,1,blurry,train,full_2023_2024
CAMHDA301-20240122T061500,2024-01-22,/home/jovyan/ooi/san_data/RS03ASHS-PN03B-06-CAMHDA301/2024/01/22/CAMHDA301-20240122T061500.mp4,420,1,blurry,train,full_2023_2024
CAMHDA301-20240122T091500,2024-01-22,/home/jovyan/ooi/san_data/RS03ASHS-PN03B-06-CAMHDA301/2024/01/22/CAMHDA301-20240122T091500.mp4,420,1,blurry,train,full_2023_2024
CAMHDA301-20240122T121500,2024-01-22,/home/jovyan/ooi/san_data/RS03ASHS-PN03B-06-CAMHDA301/2024/01/22/CAMHDA301-20240122T121500.mp4,420,1,blurry,train,full_2023_2024
CAMHDA301-20240122T151500,2024-01-22,/home/jovyan/ooi/san_data/RS03ASHS-PN03B-06-CAMHDA301/2024/01/22/CAMHDA301-20240122T151500.mp4,420,1,blurry,train,full_2023_2024
CAMHDA301-20240122T181500,2024-01-22,/home/jovyan/ooi/san_data/RS03ASHS-PN03B-06-CAMHDA301/2024/01/22/CAMHDA301-20240122T181500.mp4,210,0,blurry,train,full_2023_2024
CAMHDA301-20240122T181500,2024-01-22,/home/jovyan/ooi/san_data/RS03ASHS-PN03B-06-CAMHDA301/2024/01/22/CAMHDA301-20240122T181500.mp4,420,0,blurry,train,full_2023_2024
CAMHDA301-20240122T181500,2024-01-22,/home/jovyan/ooi/san_data/RS03ASHS-PN03B-06-CAMHDA301/2024/01/22/CAMHDA301-20240122T181500.mp4,570,0,blurry,train,full_2023_2024
CAMHDA301-20240122T181500,2024-01-22,/home/jovyan/ooi/san_data/RS03ASHS-PN03B-06-CAMHDA301/2024/01/22/CAMHDA301-20240122T181500.mp4,840,0,blurry,train,full_2023_2024
CAMHDA301-20240122T211500,2024-01-22,/home/jovyan/ooi/san_data/RS03ASHS-PN03B-06-CAMHDA301/2024/01/22/CAMHDA301-20240122T211500.mp4,420,1,blurry,train,full_2023_2024
CAMHDA301-20240129T001500,2024-01-29,/home/jovyan/ooi/san_data/RS03ASHS-PN03B-06-CAMHDA301/2024/01/29/CAMHDA301-20240129T001500.mp4,420,1,blurry,train,full_2023_2024
CAMHDA301-20240129T031500,2024-01-29,/home/jovyan/ooi/san_data/RS03ASHS-PN03B-06-CAMHDA301/2024/01/29/CAMHDA301-20240129T031500.mp4,420,1,blurry,train,full_2023_2024
CAMHDA301-20240129T061500,2024-01-29,/home/jovyan/ooi/san_data/RS03ASHS-PN03B-06-CAMHDA301/2024/01/29/CAMHDA301-20240129T061500.mp4,150,0,blurry,train,full_2023_2024
CAMHDA301-20240129T061500,2024-01-29,/home/jovyan/ooi/san_data/RS03ASHS-PN03B-06-CAMHDA301/2024/01/29/CAMHDA301-20240129T061500.mp4,750,0,blurry,train,full_2023_2024
CAMHDA301-20240129T061500,2024-01-29,/home/jovyan/ooi/san_data/RS03ASHS-PN03B-06-CAMHDA301/2024/01/29/CAMHDA301-20240129T061500.mp4,390,0,blurry,train,full_2023_2024
CAMHDA301-20240129T061500,2024-01-29,/home/jovyan/ooi/san_data/RS03ASHS-PN03B-06-CAMHDA301/2024/01/29/CAMHDA301-20240129T061500.mp4,90,0,blurry,train,full_2023_2024
CAMHDA301-20240129T091500,2024-01-29,/home/jovyan/ooi/san_data/RS03ASHS-PN03B-06-CAMHDA301/2024/01/29/CAMHDA301-20240129T091500.mp4,60,0,blurry,train,full_2023_2024
CAMHDA301-20240129T091500,2024-01-29,/home/jovyan/ooi/san_data/RS03ASHS-PN03B-06-CAMHDA301/2024/01/29/CAMHDA301-20240129T091500.mp4,840,0,blurry,train,full_2023_2024
CAMHDA301-20240129T091500,2024-01-29,/home/jovyan/ooi/san_data/RS03ASHS-PN03B-06-CAMHDA301/2024/01/29/CAMHDA301-20240129T091500.mp4,600,0,blurry,train,full_2023_2024
CAMHDA301-20240129T091500,2024-01-29,/home/jovyan/ooi/san_data/RS03ASHS-PN03B-06-CAMHDA301/2024/01/29/CAMHDA301-20240129T091500.mp4,180,0,blurry,train,full_2023_2024
CAMHDA301-20240129T121500,2024-01-29,/home/jovyan/ooi/san_data/RS03ASHS-PN03B-06-CAMHDA301/2024/01/29/CAMHDA301-20240129T121500.mp4,420,1,blurry,train,full_2023_2024
CAMHDA301-20240129T151500,2024-01-29,/home/jovyan/ooi/san_data/RS03ASHS-PN03B-06-CAMHDA301/2024/01/29/CAMHDA301-20240129T151500.mp4,420,1,blurry,train,full_2023_2024
CAMHDA301-20240129T181500,2024-01-29,/home/jovyan/ooi/san_data/RS03ASHS-PN03B-06-CAMHDA301/2024/01/29/CAMHDA301-20240129T181500.mp4,420,1,blurry,train,full_2023_2024
CAMHDA301-20240129T211500,2024-01-29,/home/jovyan/ooi/san_data/RS03ASHS-PN03B-06-CAMHDA301/2024/01/29/CAMHDA301-20240129T211500.mp4,90,0,blurry,train,full_2023_2024
CAMHDA301-20240129T211500,2024-01-29,/home/jovyan/ooi/san_data/RS03ASHS-PN03B-06-CAMHDA301/2024/01/29/CAMHDA301-20240129T211500.mp4,690,0,blurry,train,full_2023_2024
CAMHDA301-20240129T211500,2024-01-29,/home/jovyan/ooi/san_data/RS03ASHS-PN03B-06-CAMHDA301/2024/01/29/CAMHDA301-20240129T211500.mp4,630,0,blurry,train,full_2023_2024
CAMHDA301-20240129T211500,2024-01-29,/home/jovyan/ooi/san_data/RS03ASHS-PN03B-06-CAMHDA301/2024/01/29/CAMHDA301-20240129T211500.mp4,300,0,blurry,train,full_2023_2024
CAMHDA301-20240205T001500,2024-02-05,/home/jovyan/ooi/san_data/RS03ASHS-PN03B-06-CAMHDA301/2024/02/05/CAMHDA301-20240205T001500.mp4,420,1,blurry,train,full_2023_2024
CAMHDA301-20240205T031500,2024-02-05,/home/jovyan/ooi/san_data/RS03ASHS-PN03B-06-CAMHDA301/2024/02/05/CAMHDA301-20240205T031500.mp4,420,1,blurry,train,full_2023_2024
CAMHDA301-20240205T061500,2024-02-05,/home/jovyan/ooi/san_data/RS03ASHS-PN03B-06-CAMHDA301/2024/02/05/CAMHDA301-20240205T061500.mp4,420,1,blurry,train,full_2023_2024
CAMHDA301-20240205T091500,2024-02-05,/home/jovyan/ooi/san_data/RS03ASHS-PN03B-06-CAMHDA301/2024/02/05/CAMHDA301-20240205T091500.mp4,420,1,blurry,train,full_2023_2024
CAMHDA301-20240205T121500,2024-02-05,/home/jovyan/ooi/san_data/RS03ASHS-PN03B-06-CAMHDA301/2024/02/05/CAMHDA301-20240205T121500.mp4,420,1,blurry,train,full_2023_2024
CAMHDA301-20240205T151500,2024-02-05,/home/jovyan/ooi/san_data/RS03ASHS-PN03B-06-CAMHDA301/2024/02/05/CAMHDA301-20240205T151500.mp4,420,1,blurry,train,full_2023_2024
CAMHDA301-20240205T181500,2024-02-05,/home/jovyan/ooi/san_data/RS03ASHS-PN03B-06-CAMHDA301/2024/02/05/CAMHDA301-20240205T181500.mp4,420,1,blurry,train,full_2023_2024
CAMHDA301-20240205T211500,2024-02-05,/home/jovyan/ooi/san_data/RS03ASHS-PN03B-06-CAMHDA301/2024/02/05/CAMHDA301-20240205T211500.mp4,420,1,blurry,train,full_2023_2024
CAMHDA301-20240212T001500,2024-02-12,/home/jovyan/ooi/san_data/RS03ASHS-PN03B-06-CAMHDA301/2024/02/12/CAMHDA301-20240212T001500.mp4,420,1,blurry,train,full_2023_2024
CAMHDA301-20240212T031500,2024-02-12,/home/jovyan/ooi/san_data/RS03ASHS-PN03B-06-CAMHDA301/2024/02/12/CAMHDA301-20240212T031500.mp4,450,1,blurry,train,full_2023_2024
CAMHDA301-20240212T061500,2024-02-12,/home/jovyan/ooi/san_data/RS03ASHS-PN03B-06-CAMHDA301/2024/02/12/CAMHDA301-20240212T061500.mp4,420,1,blurry,train,full_2023_2024
CAMHDA301-20240212T091500,2024-02-12,/home/jovyan/ooi/san_data/RS03ASHS-PN03B-06-CAMHDA301/2024/02/12/CAMHDA301-20240212T091500.mp4,420,1,blurry,train,full_2023_2024
CAMHDA301-20240212T121500,2024-02-12,/home/jovyan/ooi/san_data/RS03ASHS-PN03B-06-CAMHDA301/2024/02/12/CAMHDA301-20240212T121500.mp4,420,1,blurry,train,full_2023_2024
CAMHDA301-20240212T151500,2024-02-12,/home/jovyan/ooi/san_data/RS03ASHS-PN03B-06-CAMHDA301/2024/02/12/CAMHDA301-20240212T151500.mp4,420,1,blurry,train,full_2023_2024
CAMHDA301-20240212T181500,2024-02-12,/home/jovyan/ooi/san_data/RS03ASHS-PN03B-06-CAMHDA301/2024/02/12/CAMHDA301-20240212T181500.mp4,420,1,blurry,train,full_2023_2024
CAMHDA301-20240212T211500,2024-02-12,/home/jovyan/ooi/san_data/RS03ASHS-PN03B-06-CAMHDA301/2024/02/12/CAMHDA301-20240212T211500.mp4,420,1,blurry,train,full_2023_2024
CAMHDA301-20240219T001500,2024-02-19,/home/jovyan/ooi/san_data/RS03ASHS-PN03B-06-CAMHDA301/2024/02/19/CAMHDA301-20240219T001500.mp4,420,1,blurry,train,full_2023_2024
CAMHDA301-20240219T031500,2024-02-19,/home/jovyan/ooi/san_data/RS03ASHS-PN03B-06-CAMHDA301/2024/02/19/CAMHDA301-20240219T031500.mp4,450,1,blurry,train,full_2023_2024
CAMHDA301-20240219T061500,2024-02-19,/home/jovyan/ooi/san_data/RS03ASHS-PN03B-06-CAMHDA301/2024/02/19/CAMHDA301-20240219T061500.mp4,420,1,blurry,train,full_2023_2024
CAMHDA301-20240219T091500,2024-02-19,/home/jovyan/ooi/san_data/RS03ASHS-PN03B-06-CAMHDA301/2024/02/19/CAMHDA301-20240219T091500.mp4,780,0,blurry,train,full_2023_2024
CAMHDA301-20240219T091500,2024-02-19,/home/jovyan/ooi/san_data/RS03ASHS-PN03B-06-CAMHDA301/2024/02/19/CAMHDA301-20240219T091500.mp4,840,0,blurry,train,full_2023_2024
CAMHDA301-20240219T091500,2024-02-19,/home/jovyan/ooi/san_data/RS03ASHS-PN03B-06-CAMHDA301/2024/02/19/CAMHDA301-20240219T091500.mp4,690,0,blurry,train,full_2023_2024
CAMHDA301-20240219T091500,2024-02-19,/home/jovyan/ooi/san_data/RS03ASHS-PN03B-06-CAMHDA301/2024/02/19/CAMHDA301-20240219T091500.mp4,510,0,blurry,train,full_2023_2024
CAMHDA301-20240219T121500,2024-02-19,/home/jovyan/ooi/san_data/RS03ASHS-PN03B-06-CAMHDA301/2024/02/19/CAMHDA301-20240219T121500.mp4,420,1,blurry,train,full_2023_2024
CAMHDA301-20240219T151500,2024-02-19,/home/jovyan/ooi/san_data/RS03ASHS-PN03B-06-CAMHDA301/2024/02/19/CAMHDA301-20240219T151500.mp4,420,1,blurry,train,full_2023_2024
CAMHDA301-20240219T181500,2024-02-19,/home/jovyan/ooi/san_data/RS03ASHS-PN03B-06-CAMHDA301/2024/02/19/CAMHDA301-20240219T181500.mp4,420,1,blurry,train,full_2023_2024
CAMHDA301-20240219T211500,2024-02-19,/home/jovyan/ooi/san_data/RS03ASHS-PN03B-06-CAMHDA301/2024/02/19/CAMHDA301-20240219T211500.mp4,420,1,blurry,train,full_2023_2024
CAMHDA301-20240226T001500,2024-02-26,/home/jovyan/ooi/san_data/RS03ASHS-PN03B-06-CAMHDA301/2024/02/26/CAMHDA301-20240226T001500.mp4,420,1,blurry,val,full_2023_2024
CAMHDA301-20240226T031500,2024-02-26,/home/jovyan/ooi/san_data/RS03ASHS-PN03B-06-CAMHDA301/2024/02/26/CAMHDA301-20240226T031500.mp4,420,1,blurry,val,full_2023_2024
CAMHDA301-20240226T061500,2024-02-26,/home/jovyan/ooi/san_data/RS03ASHS-PN03B-06-CAMHDA301/2024/02/26/CAMHDA301-20240226T061500.mp4,420,1,blurry,val,full_2023_2024
CAMHDA301-20240226T091500,2024-02-26,/home/jovyan/ooi/san_data/RS03ASHS-PN03B-06-CAMHDA301/2024/02/26/CAMHDA301-20240226T091500.mp4,450,1,blurry,val,full_2023_2024
CAMHDA301-20240226T121500,2024-02-26,/home/jovyan/ooi/san_data/RS03ASHS-PN03B-06-CAMHDA301/2024/02/26/CAMHDA301-20240226T121500.mp4,420,1,blurry,val,full_2023_2024
CAMHDA301-20240226T151500,2024-02-26,/home/jovyan/ooi/san_data/RS03ASHS-PN03B-06-CAMHDA301/2024/02/26/CAMHDA301-20240226T151500.mp4,450,1,blurry,val,full_2023_2024
CAMHDA301-20240226T181500,2024-02-26,/home/jovyan/ooi/san_data/RS03ASHS-PN03B-06-CAMHDA301/2024/02/26/CAMHDA301-20240226T181500.mp4,450,1,blurry,val,full_2023_2024
CAMHDA301-20240226T211500,2024-02-26,/home/jovyan/ooi/san_data/RS03ASHS-PN03B-06-CAMHDA301/2024/02/26/CAMHDA301-20240226T211500.mp4,420,1,blurry,val,full_2023_2024
CAMHDA301-20240304T001500,2024-03-04,/home/jovyan/ooi/san_data/RS03ASHS-PN03B-06-CAMHDA301/2024/03/04/CAMHDA301-20240304T001500.mp4,450,1,blurry,val,full_2023_2024
CAMHDA301-20240304T031500,2024-03-04,/home/jovyan/ooi/san_data/RS03ASHS-PN03B-06-CAMHDA301/2024/03/04/CAMHDA301-20240304T031500.mp4,420,1,blurry,val,full_2023_2024
CAMHDA301-20240304T061500,2024-03-04,/home/jovyan/ooi/san_data/RS03ASHS-PN03B-06-CAMHDA301/2024/03/04/CAMHDA301-20240304T061500.mp4,690,0,blurry,val,full_2023_2024
CAMHDA301-20240304T061500,2024-03-04,/home/jovyan/ooi/san_data/RS03ASHS-PN03B-06-CAMHDA301/2024/03/04/CAMHDA301-20240304T061500.mp4,420,0,blurry,val,full_2023_2024
CAMHDA301-20240304T061500,2024-03-04,/home/jovyan/ooi/san_data/RS03ASHS-PN03B-06-CAMHDA301/2024/03/04/CAMHDA301-20240304T061500.mp4,330,0,blurry,val,full_2023_2024
CAMHDA301-20240304T061500,2024-03-04,/home/jovyan/ooi/san_data/RS03ASHS-PN03B-06-CAMHDA301/2024/03/04/CAMHDA301-20240304T061500.mp4,90,0,blurry,val,full_2023_2024
CAMHDA301-20240304T091500,2024-03-04,/home/jovyan/ooi/san_data/RS03ASHS-PN03B-06-CAMHDA301/2024/03/04/CAMHDA301-20240304T091500.mp4,480,0,blurry,val,full_2023_2024
CAMHDA301-20240304T091500,2024-03-04,/home/jovyan/ooi/san_data/RS03ASHS-PN03B-06-CAMHDA301/2024/03/04/CAMHDA301-20240304T091500.mp4,810,0,blurry,val,full_2023_2024
CAMHDA301-20240304T091500,2024-03-04,/home/jovyan/ooi/san_data/RS03ASHS-PN03B-06-CAMHDA301/2024/03/04/CAMHDA301-20240304T091500.mp4,390,0,blurry,val,full_2023_2024
CAMHDA301-20240304T091500,2024-03-04,/home/jovyan/ooi/san_data/RS03ASHS-PN03B-06-CAMHDA301/2024/03/04/CAMHDA301-20240304T091500.mp4,660,0,blurry,val,full_2023_2024
CAMHDA301-20240304T121500,2024-03-04,/home/jovyan/ooi/san_data/RS03ASHS-PN03B-06-CAMHDA301/2024/03/04/CAMHDA301-20240304T121500.mp4,750,0,blurry,val,full_2023_2024
CAMHDA301-20240304T121500,2024-03-04,/home/jovyan/ooi/san_data/RS03ASHS-PN03B-06-CAMHDA301/2024/03/04/CAMHDA301-20240304T121500.mp4,60,0,blurry,val,full_2023_2024
CAMHDA301-20240304T121500,2024-03-04,/home/jovyan/ooi/san_data/RS03ASHS-PN03B-06-CAMHDA301/2024/03/04/CAMHDA301-20240304T121500.mp4,300,0,blurry,val,full_2023_2024
CAMHDA301-20240304T121500,2024-03-04,/home/jovyan/ooi/san_data/RS03ASHS-PN03B-06-CAMHDA301/2024/03/04/CAMHDA301-20240304T121500.mp4,660,0,blurry,val,full_2023_2024
CAMHDA301-20240304T151500,2024-03-04,/home/jovyan/ooi/san_data/RS03ASHS-PN03B-06-CAMHDA301/2024/03/04/CAMHDA301-20240304T151500.mp4,420,1,blurry,val,full_2023_2024
CAMHDA301-20240304T181500,2024-03-04,/home/jovyan/ooi/san_data/RS03ASHS-PN03B-06-CAMHDA301/2024/03/04/CAMHDA301-20240304T181500.mp4,660,0,blurry,val,full_2023_2024
CAMHDA301-20240304T181500,2024-03-04,/home/jovyan/ooi/san_data/RS03ASHS-PN03B-06-CAMHDA301/2024/03/04/CAMHDA301-20240304T181500.mp4,180,0,blurry,val,full_2023_2024
CAMHDA301-20240304T181500,2024-03-04,/home/jovyan/ooi/san_data/RS03ASHS-PN03B-06-CAMHDA301/2024/03/04/CAMHDA301-20240304T181500.mp4,150,0,blurry,val,full_2023_2024
CAMHDA301-20240304T181500,2024-03-04,/home/jovyan/ooi/san_data/RS03ASHS-PN03B-06-CAMHDA301/2024/03/04/CAMHDA301-20240304T181500.mp4,60,0,blurry,val,full_2023_2024
CAMHDA301-20240304T211500,2024-03-04,/home/jovyan/ooi/san_data/RS03ASHS-PN03B-06-CAMHDA301/2024/03/04/CAMHDA301-20240304T211500.mp4,450,1,blurry,val,full_2023_2024
CAMHDA301-20240311T001500,2024-03-11,/home/jovyan/ooi/san_data/RS03ASHS-PN03B-06-CAMHDA301/2024/03/11/CAMHDA301-20240311T001500.mp4,840,0,blurry,train,full_2023_2024
CAMHDA301-20240311T001500,2024-03-11,/home/jovyan/ooi/san_data/RS03ASHS-PN03B-06-CAMHDA301/2024/03/11/CAMHDA301-20240311T001500.mp4,120,0,blurry,train,full_2023_2024
CAMHDA301-20240311T001500,2024-03-11,/home/jovyan/ooi/san_data/RS03ASHS-PN03B-06-CAMHDA301/2024/03/11/CAMHDA301-20240311T001500.mp4,600,0,blurry,train,full_2023_2024
CAMHDA301-20240311T001500,2024-03-11,/home/jovyan/ooi/san_data/RS03ASHS-PN03B-06-CAMHDA301/2024/03/11/CAMHDA301-20240311T001500.mp4,450,0,blurry,train,full_2023_2024
CAMHDA301-20240311T031500,2024-03-11,/home/jovyan/ooi/san_data/RS03ASHS-PN03B-06-CAMHDA301/2024/03/11/CAMHDA301-20240311T031500.mp4,600,0,blurry,train,full_2023_2024
CAMHDA301-20240311T031500,2024-03-11,/home/jovyan/ooi/san_data/RS03ASHS-PN03B-06-CAMHDA301/2024/03/11/CAMHDA301-20240311T031500.mp4,810,0,blurry,train,full_2023_2024
CAMHDA301-20240311T031500,2024-03-11,/home/jovyan/ooi/san_data/RS03ASHS-PN03B-06-CAMHDA301/2024/03/11/CAMHDA301-20240311T031500.mp4,480,0,blurry,train,full_2023_2024
CAMHDA301-20240311T031500,2024-03-11,/home/jovyan/ooi/san_data/RS03ASHS-PN03B-06-CAMHDA301/2024/03/11/CAMHDA301-20240311T031500.mp4,420,0,blurry,train,full_2023_2024
CAMHDA301-20240311T061500,2024-03-11,/home/jovyan/ooi/san_data/RS03ASHS-PN03B-06-CAMHDA301/2024/03/11/CAMHDA301-20240311T061500.mp4,480,0,blurry,train,full_2023_2024
CAMHDA301-20240311T061500,2024-03-11,/home/jovyan/ooi/san_data/RS03ASHS-PN03B-06-CAMHDA301/2024/03/11/CAMHDA301-20240311T061500.mp4,510,0,blurry,train,full_2023_2024
CAMHDA301-20240311T061500,2024-03-11,/home/jovyan/ooi/san_data/RS03ASHS-PN03B-06-CAMHDA301/2024/03/11/CAMHDA301-20240311T061500.mp4,600,0,blurry,train,full_2023_2024
CAMHDA301-20240311T061500,2024-03-11,/home/jovyan/ooi/san_data/RS03ASHS-PN03B-06-CAMHDA301/2024/03/11/CAMHDA301-20240311T061500.mp4,390,0,blurry,train,full_2023_2024
CAMHDA301-20240311T091500,2024-03-11,/home/jovyan/ooi/san_data/RS03ASHS-PN03B-06-CAMHDA301/2024/03/11/CAMHDA301-20240311T091500.mp4,390,0,blurry,train,full_2023_2024
CAMHDA301-20240311T091500,2024-03-11,/home/jovyan/ooi/san_data/RS03ASHS-PN03B-06-CAMHDA301/2024/03/11/CAMHDA301-20240311T091500.mp4,570,0,blurry,train,full_2023_2024
CAMHDA301-20240311T091500,2024-03-11,/home/jovyan/ooi/san_data/RS03ASHS-PN03B-06-CAMHDA301/2024/03/11/CAMHDA301-20240311T091500.mp4,210,0,blurry,train,full_2023_2024
CAMHDA301-20240311T091500,2024-03-11,/home/jovyan/ooi/san_data/RS03ASHS-PN03B-06-CAMHDA301/2024/03/11/CAMHDA301-20240311T091500.mp4,630,0,blurry,train,full_2023_2024
CAMHDA301-20240311T121500,2024-03-11,/home/jovyan/ooi/san_data/RS03ASHS-PN03B-06-CAMHDA301/2024/03/11/CAMHDA301-20240311T121500.mp4,450,1,blurry,train,full_2023_2024
CAMHDA301-20240311T151500,2024-03-11,/home/jovyan/ooi/san_data/RS03ASHS-PN03B-06-CAMHDA301/2024/03/11/CAMHDA301-20240311T151500.mp4,240,0,blurry,train,full_2023_2024
CAMHDA301-20240311T151500,2024-03-11,/home/jovyan/ooi/san_data/RS03ASHS-PN03B-06-CAMHDA301/2024/03/11/CAMHDA301-20240311T151500.mp4,450,0,blurry,train,full_2023_2024
CAMHDA301-20240311T151500,2024-03-11,/home/jovyan/ooi/san_data/RS03ASHS-PN03B-06-CAMHDA301/2024/03/11/CAMHDA301-20240311T151500.mp4,210,0,blurry,train,full_2023_2024
CAMHDA301-20240311T151500,2024-03-11,/home/jovyan/ooi/san_data/RS03ASHS-PN03B-06-CAMHDA301/2024/03/11/CAMHDA301-20240311T151500.mp4,270,0,blurry,train,full_2023_2024
CAMHDA301-20240311T181500,2024-03-11,/home/jovyan/ooi/san_data/RS03ASHS-PN03B-06-CAMHDA301/2024/03/11/CAMHDA301-20240311T181500.mp4,780,0,blurry,train,full_2023_2024
CAMHDA301-20240311T181500,2024-03-11,/home/jovyan/ooi/san_data/RS03ASHS-PN03B-06-CAMHDA301/2024/03/11/CAMHDA301-20240311T181500.mp4,570,0,blurry,train,full_2023_2024
CAMHDA301-20240311T181500,2024-03-11,/home/jovyan/ooi/san_data/RS03ASHS-PN03B-06-CAMHDA301/2024/03/11/CAMHDA301-20240311T181500.mp4,810,0,blurry,train,full_2023_2024
CAMHDA301-20240311T181500,2024-03-11,/home/jovyan/ooi/san_data/RS03ASHS-PN03B-06-CAMHDA301/2024/03/11/CAMHDA301-20240311T181500.mp4,840,0,blurry,train,full_2023_2024
CAMHDA301-20240311T211500,2024-03-11,/home/jovyan/ooi/san_data/RS03ASHS-PN03B-06-CAMHDA301/2024/03/11/CAMHDA301-20240311T211500.mp4,150,0,blurry,train,full_2023_2024
CAMHDA301-20240311T211500,2024-03-11,/home/jovyan/ooi/san_data/RS03ASHS-PN03B-06-CAMHDA301/2024/03/11/CAMHDA301-20240311T211500.mp4,330,0,blurry,train,full_2023_2024
CAMHDA301-20240311T211500,2024-03-11,/home/jovyan/ooi/san_data/RS03ASHS-PN03B-06-CAMHDA301/2024/03/11/CAMHDA301-20240311T211500.mp4,570,0,blurry,train,full_2023_2024
CAMHDA301-20240311T211500,2024-03-11,/home/jovyan/ooi/san_data/RS03ASHS-PN03B-06-CAMHDA301/2024/03/11/CAMHDA301-20240311T211500.mp4,540,0,blurry,train,full_2023_2024
CAMHDA301-20240318T001500,2024-03-18,/home/jovyan/ooi/san_data/RS03ASHS-PN03B-06-CAMHDA301/2024/03/18/CAMHDA301-20240318T001500.mp4,420,1,blurry,val,full_2023_2024
CAMHDA301-20240318T031500,2024-03-18,/home/jovyan/ooi/san_data/RS03ASHS-PN03B-06-CAMHDA301/2024/03/18/CAMHDA301-20240318T031500.mp4,420,1,blurry,val,full_2023_2024
CAMHDA301-20240318T061500,2024-03-18,/home/jovyan/ooi/san_data/RS03ASHS-PN03B-06-CAMHDA301/2024/03/18/CAMHDA301-20240318T061500.mp4,420,1,blurry,val,full_2023_2024
CAMHDA301-20240318T091500,2024-03-18,/home/jovyan/ooi/san_data/RS03ASHS-PN03B-06-CAMHDA301/2024/03/18/CAMHDA301-20240318T091500.mp4,420,1,blurry,val,full_2023_2024
CAMHDA301-20240318T121500,2024-03-18,/home/jovyan/ooi/san_data/RS03ASHS-PN03B-06-CAMHDA301/2024/03/18/CAMHDA301-20240318T121500.mp4,210,0,blurry,val,full_2023_2024
CAMHDA301-20240318T121500,2024-03-18,/home/jovyan/ooi/san_data/RS03ASHS-PN03B-06-CAMHDA301/2024/03/18/CAMHDA301-20240318T121500.mp4,780,0,blurry,val,full_2023_2024
CAMHDA301-20240318T121500,2024-03-18,/home/jovyan/ooi/san_data/RS03ASHS-PN03B-06-CAMHDA301/2024/03/18/CAMHDA301-20240318T121500.mp4,540,0,blurry,val,full_2023_2024
CAMHDA301-20240318T121500,2024-03-18,/home/jovyan/ooi/san_data/RS03ASHS-PN03B-06-CAMHDA301/2024/03/18/CAMHDA301-20240318T121500.mp4,150,0,blurry,val,full_2023_2024
CAMHDA301-20240318T151500,2024-03-18,/home/jovyan/ooi/san_data/RS03ASHS-PN03B-06-CAMHDA301/2024/03/18/CAMHDA301-20240318T151500.mp4,390,0,blurry,val,full_2023_2024
CAMHDA301-20240318T151500,2024-03-18,/home/jovyan/ooi/san_data/RS03ASHS-PN03B-06-CAMHDA301/2024/03/18/CAMHDA301-20240318T151500.mp4,330,0,blurry,val,full_2023_2024
CAMHDA301-20240318T151500,2024-03-18,/home/jovyan/ooi/san_data/RS03ASHS-PN03B-06-CAMHDA301/2024/03/18/CAMHDA301-20240318T151500.mp4,120,0,blurry,val,full_2023_2024
CAMHDA301-20240318T151500,2024-03-18,/home/jovyan/ooi/san_data/RS03ASHS-PN03B-06-CAMHDA301/2024/03/18/CAMHDA301-20240318T151500.mp4,750,0,blurry,val,full_2023_2024
CAMHDA301-20240318T181500,2024-03-18,/home/jovyan/ooi/san_data/RS03ASHS-PN03B-06-CAMHDA301/2024/03/18/CAMHDA301-20240318T181500.mp4,420,1,blurry,val,full_2023_2024
CAMHDA301-20240318T211500,2024-03-18,/home/jovyan/ooi/san_data/RS03ASHS-PN03B-06-CAMHDA301/2024/03/18/CAMHDA301-20240318T211500.mp4,240,0,blurry,val,full_2023_2024
CAMHDA301-20240318T211500,2024-03-18,/home/jovyan/ooi/san_data/RS03ASHS-PN03B-06-CAMHDA301/2024/03/18/CAMHDA301-20240318T211500.mp4,840,0,blurry,val,full_2023_2024
CAMHDA301-20240318T211500,2024-03-18,/home/jovyan/ooi/san_data/RS03ASHS-PN03B-06-CAMHDA301/2024/03/18/CAMHDA301-20240318T211500.mp4,810,0,blurry,val,full_2023_2024
CAMHDA301-20240318T211500,2024-03-18,/home/jovyan/ooi/san_data/RS03ASHS-PN03B-06-CAMHDA301/2024/03/18/CAMHDA301-20240318T211500.mp4,510,0,blurry,val,full_2023_2024
CAMHDA301-20240325T001500,2024-03-25,/home/jovyan/ooi/san_data/RS03ASHS-PN03B-06-CAMHDA301/2024/03/25/CAMHDA301-20240325T001500.mp4,450,1,blurry,val,full_2023_2024
CAMHDA301-20240325T031500,2024-03-25,/home/jovyan/ooi/san_data/RS03ASHS-PN03B-06-CAMHDA301/2024/03/25/CAMHDA301-20240325T031500.mp4,420,1,blurry,val,full_2023_2024
CAMHDA301-20240325T061500,2024-03-25,/home/jovyan/ooi/san_data/RS03ASHS-PN03B-06-CAMHDA301/2024/03/25/CAMHDA301-20240325T061500.mp4,420,1,blurry,val,full_2023_2024
CAMHDA301-20240325T091500,2024-03-25,/home/jovyan/ooi/san_data/RS03ASHS-PN03B-06-CAMHDA301/2024/03/25/CAMHDA301-20240325T091500.mp4,420,1,blurry,val,full_2023_2024
CAMHDA301-20240325T121500,2024-03-25,/home/jovyan/ooi/san_data/RS03ASHS-PN03B-06-CAMHDA301/2024/03/25/CAMHDA301-20240325T121500.mp4,420,1,blurry,val,full_2023_2024
CAMHDA301-20240325T151500,2024-03-25,/home/jovyan/ooi/san_data/RS03ASHS-PN03B-06-CAMHDA301/2024/03/25/CAMHDA301-20240325T151500.mp4,420,1,blurry,val,full_2023_2024
CAMHDA301-20240325T181500,2024-03-25,/home/jovyan/ooi/san_data/RS03ASHS-PN03B-06-CAMHDA301/2024/03/25/CAMHDA301-20240325T181500.mp4,450,1,blurry,val,full_2023_2024
CAMHDA301-20240325T211500,2024-03-25,/home/jovyan/ooi/san_data/RS03ASHS-PN03B-06-CAMHDA301/2024/03/25/CAMHDA301-20240325T211500.mp4,420,1,blurry,val,full_2023_2024
CAMHDA301-20240401T031500,2024-04-01,/home/jovyan/ooi/san_data/RS03ASHS-PN03B-06-CAMHDA301/2024/04/01/CAMHDA301-20240401T031500.mp4,150,0,blurry,train,full_2023_2024
CAMHDA301-20240401T031500,2024-04-01,/home/jovyan/ooi/san_data/RS03ASHS-PN03B-06-CAMHDA301/2024/04/01/CAMHDA301-20240401T031500.mp4,570,0,blurry,train,full_2023_2024
CAMHDA301-20240401T031500,2024-04-01,/home/jovyan/ooi/san_data/RS03ASHS-PN03B-06-CAMHDA301/2024/04/01/CAMHDA301-20240401T031500.mp4,780,0,blurry,train,full_2023_2024
CAMHDA301-20240401T031500,2024-04-01,/home/jovyan/ooi/san_data/RS03ASHS-PN03B-06-CAMHDA301/2024/04/01/CAMHDA301-20240401T031500.mp4,450,0,blurry,train,full_2023_2024
CAMHDA301-20240401T061500,2024-04-01,/home/jovyan/ooi/san_data/RS03ASHS-PN03B-06-CAMHDA301/2024/04/01/CAMHDA301-20240401T061500.mp4,150,0,blurry,train,full_2023_2024
CAMHDA301-20240401T061500,2024-04-01,/home/jovyan/ooi/san_data/RS03ASHS-PN03B-06-CAMHDA301/2024/04/01/CAMHDA301-20240401T061500.mp4,720,0,blurry,train,full_2023_2024
CAMHDA301-20240401T061500,2024-04-01,/home/jovyan/ooi/san_data/RS03ASHS-PN03B-06-CAMHDA301/2024/04/01/CAMHDA301-20240401T061500.mp4,450,0,blurry,train,full_2023_2024
CAMHDA301-20240401T061500,2024-04-01,/home/jovyan/ooi/san_data/RS03ASHS-PN03B-06-CAMHDA301/2024/04/01/CAMHDA301-20240401T061500.mp4,840,0,blurry,train,full_2023_2024
CAMHDA301-20240401T091500,2024-04-01,/home/jovyan/ooi/san_data/RS03ASHS-PN03B-06-CAMHDA301/2024/04/01/CAMHDA301-20240401T091500.mp4,210,0,blurry,train,full_2023_2024
CAMHDA301-20240401T091500,2024-04-01,/home/jovyan/ooi/san_data/RS03ASHS-PN03B-06-CAMHDA301/2024/04/01/CAMHDA301-20240401T091500.mp4,780,0,blurry,train,full_2023_2024
CAMHDA301-20240401T091500,2024-04-01,/home/jovyan/ooi/san_data/RS03ASHS-PN03B-06-CAMHDA301/2024/04/01/CAMHDA301-20240401T091500.mp4,360,0,blurry,train,full_2023_2024
CAMHDA301-20240401T091500,2024-04-01,/home/jovyan/ooi/san_data/RS03ASHS-PN03B-06-CAMHDA301/2024/04/01/CAMHDA301-20240401T091500.mp4,750,0,blurry,train,full_2023_2024
CAMHDA301-20240401T121500,2024-04-01,/home/jovyan/ooi/san_data/RS03ASHS-PN03B-06-CAMHDA301/2024/04/01/CAMHDA301-20240401T121500.mp4,720,0,blurry,train,full_2023_2024
CAMHDA301-20240401T121500,2024-04-01,/home/jovyan/ooi/san_data/RS03ASHS-PN03B-06-CAMHDA301/2024/04/01/CAMHDA301-20240401T121500.mp4,660,0,blurry,train,full_2023_2024
CAMHDA301-20240401T121500,2024-04-01,/home/jovyan/ooi/san_data/RS03ASHS-PN03B-06-CAMHDA301/2024/04/01/CAMHDA301-20240401T121500.mp4,90,0,blurry,train,full_2023_2024
CAMHDA301-20240401T121500,2024-04-01,/home/jovyan/ooi/san_data/RS03ASHS-PN03B-06-CAMHDA301/2024/04/01/CAMHDA301-20240401T121500.mp4,60,0,blurry,train,full_2023_2024
CAMHDA301-20240401T151500,2024-04-01,/home/jovyan/ooi/san_data/RS03ASHS-PN03B-06-CAMHDA301/2024/04/01/CAMHDA301-20240401T151500.mp4,450,0,blurry,train,full_2023_2024
CAMHDA301-20240401T151500,2024-04-01,/home/jovyan/ooi/san_data/RS03ASHS-PN03B-06-CAMHDA301/2024/04/01/CAMHDA301-20240401T151500.mp4,780,0,blurry,train,full_2023_2024
CAMHDA301-20240401T151500,2024-04-01,/home/jovyan/ooi/san_data/RS03ASHS-PN03B-06-CAMHDA301/2024/04/01/CAMHDA301-20240401T151500.mp4,690,0,blurry,train,full_2023_2024
CAMHDA301-20240401T151500,2024-04-01,/home/jovyan/ooi/san_data/RS03ASHS-PN03B-06-CAMHDA301/2024/04/01/CAMHDA301-20240401T151500.mp4,210,0,blurry,train,full_2023_2024
CAMHDA301-20240401T181500,2024-04-01,/home/jovyan/ooi/san_data/RS03ASHS-PN03B-06-CAMHDA301/2024/04/01/CAMHDA301-20240401T181500.mp4,360,0,blurry,train,full_2023_2024
CAMHDA301-20240401T181500,2024-04-01,/home/jovyan/ooi/san_data/RS03ASHS-PN03B-06-CAMHDA301/2024/04/01/CAMHDA301-20240401T181500.mp4,660,0,blurry,train,full_2023_2024
CAMHDA301-20240401T181500,2024-04-01,/home/jovyan/ooi/san_data/RS03ASHS-PN03B-06-CAMHDA301/2024/04/01/CAMHDA301-20240401T181500.mp4,780,0,blurry,train,full_2023_2024
CAMHDA301-20240401T181500,2024-04-01,/home/jovyan/ooi/san_data/RS03ASHS-PN03B-06-CAMHDA301/2024/04/01/CAMHDA301-20240401T181500.mp4,750,0,blurry,train,full_2023_2024
CAMHDA301-20240401T211500,2024-04-01,/home/jovyan/ooi/san_data/RS03ASHS-PN03B-06-CAMHDA301/2024/04/01/CAMHDA301-20240401T211500.mp4,90,0,blurry,train,full_2023_2024
CAMHDA301-20240401T211500,2024-04-01,/home/jovyan/ooi/san_data/RS03ASHS-PN03B-06-CAMHDA301/2024/04/01/CAMHDA301-20240401T211500.mp4,600,0,blurry,train,full_2023_2024
CAMHDA301-20240401T211500,2024-04-01,/home/jovyan/ooi/san_data/RS03ASHS-PN03B-06-CAMHDA301/2024/04/01/CAMHDA301-20240401T211500.mp4,270,0,blurry,train,full_2023_2024
CAMHDA301-20240401T211500,2024-04-01,/home/jovyan/ooi/san_data/RS03ASHS-PN03B-06-CAMHDA301/2024/04/01/CAMHDA301-20240401T211500.mp4,510,0,blurry,train,full_2023_2024
CAMHDA301-20240408T001500,2024-04-08,/home/jovyan/ooi/san_data/RS03ASHS-PN03B-06-CAMHDA301/2024/04/08/CAMHDA301-20240408T001500.mp4,450,1,blurry,test,full_2023_2024
CAMHDA301-20240408T031500,2024-04-08,/home/jovyan/ooi/san_data/RS03ASHS-PN03B-06-CAMHDA301/2024/04/08/CAMHDA301-20240408T031500.mp4,450,1,blurry,test,full_2023_2024
CAMHDA301-20240408T061500,2024-04-08,/home/jovyan/ooi/san_data/RS03ASHS-PN03B-06-CAMHDA301/2024/04/08/CAMHDA301-20240408T061500.mp4,450,1,blurry,test,full_2023_2024
CAMHDA301-20240408T091500,2024-04-08,/home/jovyan/ooi/san_data/RS03ASHS-PN03B-06-CAMHDA301/2024/04/08/CAMHDA301-20240408T091500.mp4,450,1,blurry,test,full_2023_2024
CAMHDA301-20240408T121500,2024-04-08,/home/jovyan/ooi/san_data/RS03ASHS-PN03B-06-CAMHDA301/2024/04/08/CAMHDA301-20240408T121500.mp4,420,1,blurry,test,full_2023_2024
CAMHDA301-20240408T151500,2024-04-08,/home/jovyan/ooi/san_data/RS03ASHS-PN03B-06-CAMHDA301/2024/04/08/CAMHDA301-20240408T151500.mp4,450,1,blurry,test,full_2023_2024
CAMHDA301-20240408T181500,2024-04-08,/home/jovyan/ooi/san_data/RS03ASHS-PN03B-06-CAMHDA301/2024/04/08/CAMHDA301-20240408T181500.mp4,450,1,blurry,test,full_2023_2024
CAMHDA301-20240408T211500,2024-04-08,/home/jovyan/ooi/san_data/RS03ASHS-PN03B-06-CAMHDA301/2024/04/08/CAMHDA301-20240408T211500.mp4,420,1,blurry,test,full_2023_2024
CAMHDA301-20240415T001500,2024-04-15,/home/jovyan/ooi/san_data/RS03ASHS-PN03B-06-CAMHDA301/2024/04/15/CAMHDA301-20240415T001500.mp4,720,0,blurry,train,full_2023_2024
CAMHDA301-20240415T001500,2024-04-15,/home/jovyan/ooi/san_data/RS03ASHS-PN03B-06-CAMHDA301/2024/04/15/CAMHDA301-20240415T001500.mp4,120,0,blurry,train,full_2023_2024
CAMHDA301-20240415T001500,2024-04-15,/home/jovyan/ooi/san_data/RS03ASHS-PN03B-06-CAMHDA301/2024/04/15/CAMHDA301-20240415T001500.mp4,390,0,blurry,train,full_2023_2024
CAMHDA301-20240415T001500,2024-04-15,/home/jovyan/ooi/san_data/RS03ASHS-PN03B-06-CAMHDA301/2024/04/15/CAMHDA301-20240415T001500.mp4,780,0,blurry,train,full_2023_2024
CAMHDA301-20240415T031500,2024-04-15,/home/jovyan/ooi/san_data/RS03ASHS-PN03B-06-CAMHDA301/2024/04/15/CAMHDA301-20240415T031500.mp4,210,0,blurry,train,full_2023_2024
CAMHDA301-20240415T031500,2024-04-15,/home/jovyan/ooi/san_data/RS03ASHS-PN03B-06-CAMHDA301/2024/04/15/CAMHDA301-20240415T031500.mp4,720,0,blurry,train,full_2023_2024
CAMHDA301-20240415T031500,2024-04-15,/home/jovyan/ooi/san_data/RS03ASHS-PN03B-06-CAMHDA301/2024/04/15/CAMHDA301-20240415T031500.mp4,690,0,blurry,train,full_2023_2024
CAMHDA301-20240415T031500,2024-04-15,/home/jovyan/ooi/san_data/RS03ASHS-PN03B-06-CAMHDA301/2024/04/15/CAMHDA301-20240415T031500.mp4,600,0,blurry,train,full_2023_2024
CAMHDA301-20240415T061500,2024-04-15,/home/jovyan/ooi/san_data/RS03ASHS-PN03B-06-CAMHDA301/2024/04/15/CAMHDA301-20240415T061500.mp4,300,0,blurry,train,full_2023_2024
CAMHDA301-20240415T061500,2024-04-15,/home/jovyan/ooi/san_data/RS03ASHS-PN03B-06-CAMHDA301/2024/04/15/CAMHDA301-20240415T061500.mp4,30,0,blurry,train,full_2023_2024
CAMHDA301-20240415T061500,2024-04-15,/home/jovyan/ooi/san_data/RS03ASHS-PN03B-06-CAMHDA301/2024/04/15/CAMHDA301-20240415T061500.mp4,180,0,blurry,train,full_2023_2024
CAMHDA301-20240415T061500,2024-04-15,/home/jovyan/ooi/san_data/RS03ASHS-PN03B-06-CAMHDA301/2024/04/15/CAMHDA301-20240415T061500.mp4,60,0,blurry,train,full_2023_2024
CAMHDA301-20240415T091500,2024-04-15,/home/jovyan/ooi/san_data/RS03ASHS-PN03B-06-CAMHDA301/2024/04/15/CAMHDA301-20240415T091500.mp4,300,0,blurry,train,full_2023_2024
CAMHDA301-20240415T091500,2024-04-15,/home/jovyan/ooi/san_data/RS03ASHS-PN03B-06-CAMHDA301/2024/04/15/CAMHDA301-20240415T091500.mp4,90,0,blurry,train,full_2023_2024
CAMHDA301-20240415T091500,2024-04-15,/home/jovyan/ooi/san_data/RS03ASHS-PN03B-06-CAMHDA301/2024/04/15/CAMHDA301-20240415T091500.mp4,420,0,blurry,train,full_2023_2024
CAMHDA301-20240415T091500,2024-04-15,/home/jovyan/ooi/san_data/RS03ASHS-PN03B-06-CAMHDA301/2024/04/15/CAMHDA301-20240415T091500.mp4,630,0,blurry,train,full_2023_2024
CAMHDA301-20240415T121500,2024-04-15,/home/jovyan/ooi/san_data/RS03ASHS-PN03B-06-CAMHDA301/2024/04/15/CAMHDA301-20240415T121500.mp4,120,0,blurry,train,full_2023_2024
CAMHDA301-20240415T121500,2024-04-15,/home/jovyan/ooi/san_data/RS03ASHS-PN03B-06-CAMHDA301/2024/04/15/CAMHDA301-20240415T121500.mp4,300,0,blurry,train,full_2023_2024
CAMHDA301-20240415T121500,2024-04-15,/home/jovyan/ooi/san_data/RS03ASHS-PN03B-06-CAMHDA301/2024/04/15/CAMHDA301-20240415T121500.mp4,150,0,blurry,train,full_2023_2024
CAMHDA301-20240415T121500,2024-04-15,/home/jovyan/ooi/san_data/RS03ASHS-PN03B-06-CAMHDA301/2024/04/15/CAMHDA301-20240415T121500.mp4,330,0,blurry,train,full_2023_2024
CAMHDA301-20240415T151500,2024-04-15,/home/jovyan/ooi/san_data/RS03ASHS-PN03B-06-CAMHDA301/2024/04/15/CAMHDA301-20240415T151500.mp4,600,0,blurry,train,full_2023_2024
CAMHDA301-20240415T151500,2024-04-15,/home/jovyan/ooi/san_data/RS03ASHS-PN03B-06-CAMHDA301/2024/04/15/CAMHDA301-20240415T151500.mp4,90,0,blurry,train,full_2023_2024
CAMHDA301-20240415T151500,2024-04-15,/home/jovyan/ooi/san_data/RS03ASHS-PN03B-06-CAMHDA301/2024/04/15/CAMHDA301-20240415T151500.mp4,180,0,blurry,train,full_2023_2024
CAMHDA301-20240415T151500,2024-04-15,/home/jovyan/ooi/san_data/RS03ASHS-PN03B-06-CAMHDA301/2024/04/15/CAMHDA301-20240415T151500.mp4,660,0,blurry,train,full_2023_2024
CAMHDA301-20240415T181500,2024-04-15,/home/jovyan/ooi/san_data/RS03ASHS-PN03B-06-CAMHDA301/2024/04/15/CAMHDA301-20240415T181500.mp4,510,0,blurry,train,full_2023_2024
CAMHDA301-20240415T181500,2024-04-15,/home/jovyan/ooi/san_data/RS03ASHS-PN03B-06-CAMHDA301/2024/04/15/CAMHDA301-20240415T181500.mp4,660,0,blurry,train,full_2023_2024
CAMHDA301-20240415T181500,2024-04-15,/home/jovyan/ooi/san_data/RS03ASHS-PN03B-06-CAMHDA301/2024/04/15/CAMHDA301-20240415T181500.mp4,540,0,blurry,train,full_2023_2024
CAMHDA301-20240415T181500,2024-04-15,/home/jovyan/ooi/san_data/RS03ASHS-PN03B-06-CAMHDA301/2024/04/15/CAMHDA301-20240415T181500.mp4,630,0,blurry,train,full_2023_2024
CAMHDA301-20240415T211500,2024-04-15,/home/jovyan/ooi/san_data/RS03ASHS-PN03B-06-CAMHDA301/2024/04/15/CAMHDA301-20240415T211500.mp4,270,0,blurry,train,full_2023_2024
CAMHDA301-20240415T211500,2024-04-15,/home/jovyan/ooi/san_data/RS03ASHS-PN03B-06-CAMHDA301/2024/04/15/CAMHDA301-20240415T211500.mp4,390,0,blurry,train,full_2023_2024
CAMHDA301-20240415T211500,2024-04-15,/home/jovyan/ooi/san_data/RS03ASHS-PN03B-06-CAMHDA301/2024/04/15/CAMHDA301-20240415T211500.mp4,150,0,blurry,train,full_2023_2024
CAMHDA301-20240415T211500,2024-04-15,/home/jovyan/ooi/san_data/RS03ASHS-PN03B-06-CAMHDA301/2024/04/15/CAMHDA301-20240415T211500.mp4,630,0,blurry,train,full_2023_2024
CAMHDA301-20240422T001500,2024-04-22,/home/jovyan/ooi/san_data/RS03ASHS-PN03B-06-CAMHDA301/2024/04/22/CAMHDA301-20240422T001500.mp4,600,0,blurry,train,full_2023_2024
CAMHDA301-20240422T001500,2024-04-22,/home/jovyan/ooi/san_data/RS03ASHS-PN03B-06-CAMHDA301/2024/04/22/CAMHDA301-20240422T001500.mp4,30,0,blurry,train,full_2023_2024
CAMHDA301-20240422T001500,2024-04-22,/home/jovyan/ooi/san_data/RS03ASHS-PN03B-06-CAMHDA301/2024/04/22/CAMHDA301-20240422T001500.mp4,480,0,blurry,train,full_2023_2024
CAMHDA301-20240422T001500,2024-04-22,/home/jovyan/ooi/san_data/RS03ASHS-PN03B-06-CAMHDA301/2024/04/22/CAMHDA301-20240422T001500.mp4,150,0,blurry,train,full_2023_2024
CAMHDA301-20240422T031500,2024-04-22,/home/jovyan/ooi/san_data/RS03ASHS-PN03B-06-CAMHDA301/2024/04/22/CAMHDA301-20240422T031500.mp4,450,1,blurry,train,full_2023_2024
CAMHDA301-20240422T061500,2024-04-22,/home/jovyan/ooi/san_data/RS03ASHS-PN03B-06-CAMHDA301/2024/04/22/CAMHDA301-20240422T061500.mp4,450,1,blurry,train,full_2023_2024
CAMHDA301-20240422T091500,2024-04-22,/home/jovyan/ooi/san_data/RS03ASHS-PN03B-06-CAMHDA301/2024/04/22/CAMHDA301-20240422T091500.mp4,780,0,blurry,train,full_2023_2024
CAMHDA301-20240422T091500,2024-04-22,/home/jovyan/ooi/san_data/RS03ASHS-PN03B-06-CAMHDA301/2024/04/22/CAMHDA301-20240422T091500.mp4,630,0,blurry,train,full_2023_2024
CAMHDA301-20240422T091500,2024-04-22,/home/jovyan/ooi/san_data/RS03ASHS-PN03B-06-CAMHDA301/2024/04/22/CAMHDA301-20240422T091500.mp4,420,0,blurry,train,full_2023_2024
CAMHDA301-20240422T091500,2024-04-22,/home/jovyan/ooi/san_data/RS03ASHS-PN03B-06-CAMHDA301/2024/04/22/CAMHDA301-20240422T091500.mp4,150,0,blurry,train,full_2023_2024
CAMHDA301-20240422T121500,2024-04-22,/home/jovyan/ooi/san_data/RS03ASHS-PN03B-06-CAMHDA301/2024/04/22/CAMHDA301-20240422T121500.mp4,450,1,blurry,train,full_2023_2024
CAMHDA301-20240422T151500,2024-04-22,/home/jovyan/ooi/san_data/RS03ASHS-PN03B-06-CAMHDA301/2024/04/22/CAMHDA301-20240422T151500.mp4,450,1,blurry,train,full_2023_2024
CAMHDA301-20240422T181500,2024-04-22,/home/jovyan/ooi/san_data/RS03ASHS-PN03B-06-CAMHDA301/2024/04/22/CAMHDA301-20240422T181500.mp4,450,1,blurry,train,full_2023_2024
CAMHDA301-20240422T211500,2024-04-22,/home/jovyan/ooi/san_data/RS03ASHS-PN03B-06-CAMHDA301/2024/04/22/CAMHDA301-20240422T211500.mp4,450,1,blurry,train,full_2023_2024
CAMHDA301-20240429T001500,2024-04-29,/home/jovyan/ooi/san_data/RS03ASHS-PN03B-06-CAMHDA301/2024/04/29/CAMHDA301-20240429T001500.mp4,420,1,blurry,test,full_2023_2024
CAMHDA301-20240429T031500,2024-04-29,/home/jovyan/ooi/san_data/RS03ASHS-PN03B-06-CAMHDA301/2024/04/29/CAMHDA301-20240429T031500.mp4,450,1,blurry,test,full_2023_2024
CAMHDA301-20240429T061500,2024-04-29,/home/jovyan/ooi/san_data/RS03ASHS-PN03B-06-CAMHDA301/2024/04/29/CAMHDA301-20240429T061500.mp4,450,1,blurry,test,full_2023_2024
CAMHDA301-20240429T091500,2024-04-29,/home/jovyan/ooi/san_data/RS03ASHS-PN03B-06-CAMHDA301/2024/04/29/CAMHDA301-20240429T091500.mp4,780,0,blurry,test,full_2023_2024
CAMHDA301-20240429T091500,2024-04-29,/home/jovyan/ooi/san_data/RS03ASHS-PN03B-06-CAMHDA301/2024/04/29/CAMHDA301-20240429T091500.mp4,150,0,blurry,test,full_2023_2024
CAMHDA301-20240429T091500,2024-04-29,/home/jovyan/ooi/san_data/RS03ASHS-PN03B-06-CAMHDA301/2024/04/29/CAMHDA301-20240429T091500.mp4,120,0,blurry,test,full_2023_2024
CAMHDA301-20240429T091500,2024-04-29,/home/jovyan/ooi/san_data/RS03ASHS-PN03B-06-CAMHDA301/2024/04/29/CAMHDA301-20240429T091500.mp4,90,0,blurry,test,full_2023_2024
CAMHDA301-20240429T121500,2024-04-29,/home/jovyan/ooi/san_data/RS03ASHS-PN03B-06-CAMHDA301/2024/04/29/CAMHDA301-20240429T121500.mp4,660,0,blurry,test,full_2023_2024
CAMHDA301-20240429T121500,2024-04-29,/home/jovyan/ooi/san_data/RS03ASHS-PN03B-06-CAMHDA301/2024/04/29/CAMHDA301-20240429T121500.mp4,420,0,blurry,test,full_2023_2024
CAMHDA301-20240429T121500,2024-04-29,/home/jovyan/ooi/san_data/RS03ASHS-PN03B-06-CAMHDA301/2024/04/29/CAMHDA301-20240429T121500.mp4,90,0,blurry,test,full_2023_2024
CAMHDA301-20240429T121500,2024-04-29,/home/jovyan/ooi/san_data/RS03ASHS-PN03B-06-CAMHDA301/2024/04/29/CAMHDA301-20240429T121500.mp4,330,0,blurry,test,full_2023_2024
CAMHDA301-20240429T151500,2024-04-29,/home/jovyan/ooi/san_data/RS03ASHS-PN03B-06-CAMHDA301/2024/04/29/CAMHDA301-20240429T151500.mp4,420,1,blurry,test,full_2023_2024
CAMHDA301-20240429T181500,2024-04-29,/home/jovyan/ooi/san_data/RS03ASHS-PN03B-06-CAMHDA301/2024/04/29/CAMHDA301-20240429T181500.mp4,420,1,blurry,test,full_2023_2024
CAMHDA301-20240429T211500,2024-04-29,/home/jovyan/ooi/san_data/RS03ASHS-PN03B-06-CAMHDA301/2024/04/29/CAMHDA301-20240429T211500.mp4,420,1,blurry,test,full_2023_2024
CAMHDA301-20240506T001500,2024-05-06,/home/jovyan/ooi/san_data/RS03ASHS-PN03B-06-CAMHDA301/2024/05/06/CAMHDA301-20240506T001500.mp4,420,1,blurry,train,full_2023_2024
CAMHDA301-20240506T031500,2024-05-06,/home/jovyan/ooi/san_data/RS03ASHS-PN03B-06-CAMHDA301/2024/05/06/CAMHDA301-20240506T031500.mp4,90,0,blurry,train,full_2023_2024
CAMHDA301-20240506T031500,2024-05-06,/home/jovyan/ooi/san_data/RS03ASHS-PN03B-06-CAMHDA301/2024/05/06/CAMHDA301-20240506T031500.mp4,750,0,blurry,train,full_2023_2024
CAMHDA301-20240506T031500,2024-05-06,/home/jovyan/ooi/san_data/RS03ASHS-PN03B-06-CAMHDA301/2024/05/06/CAMHDA301-20240506T031500.mp4,510,0,blurry,train,full_2023_2024
CAMHDA301-20240506T031500,2024-05-06,/home/jovyan/ooi/san_data/RS03ASHS-PN03B-06-CAMHDA301/2024/05/06/CAMHDA301-20240506T031500.mp4,480,0,blurry,train,full_2023_2024
CAMHDA301-20240506T061500,2024-05-06,/home/jovyan/ooi/san_data/RS03ASHS-PN03B-06-CAMHDA301/2024/05/06/CAMHDA301-20240506T061500.mp4,780,0,blurry,train,full_2023_2024
CAMHDA301-20240506T061500,2024-05-06,/home/jovyan/ooi/san_data/RS03ASHS-PN03B-06-CAMHDA301/2024/05/06/CAMHDA301-20240506T061500.mp4,120,0,blurry,train,full_2023_2024
CAMHDA301-20240506T061500,2024-05-06,/home/jovyan/ooi/san_data/RS03ASHS-PN03B-06-CAMHDA301/2024/05/06/CAMHDA301-20240506T061500.mp4,570,0,blurry,train,full_2023_2024
CAMHDA301-20240506T061500,2024-05-06,/home/jovyan/ooi/san_data/RS03ASHS-PN03B-06-CAMHDA301/2024/05/06/CAMHDA301-20240506T061500.mp4,720,0,blurry,train,full_2023_2024
CAMHDA301-20240506T091500,2024-05-06,/home/jovyan/ooi/san_data/RS03ASHS-PN03B-06-CAMHDA301/2024/05/06/CAMHDA301-20240506T091500.mp4,450,1,blurry,train,full_2023_2024
CAMHDA301-20240506T121500,2024-05-06,/home/jovyan/ooi/san_data/RS03ASHS-PN03B-06-CAMHDA301/2024/05/06/CAMHDA301-20240506T121500.mp4,450,1,blurry,train,full_2023_2024
CAMHDA301-20240506T151500,2024-05-06,/home/jovyan/ooi/san_data/RS03ASHS-PN03B-06-CAMHDA301/2024/05/06/CAMHDA301-20240506T151500.mp4,420,1,blurry,train,full_2023_2024
CAMHDA301-20240506T181500,2024-05-06,/home/jovyan/ooi/san_data/RS03ASHS-PN03B-06-CAMHDA301/2024/05/06/CAMHDA301-20240506T181500.mp4,270,0,blurry,train,full_2023_2024
CAMHDA301-20240506T181500,2024-05-06,/home/jovyan/ooi/san_data/RS03ASHS-PN03B-06-CAMHDA301/2024/05/06/CAMHDA301-20240506T181500.mp4,750,0,blurry,train,full_2023_2024
CAMHDA301-20240506T181500,2024-05-06,/home/jovyan/ooi/san_data/RS03ASHS-PN03B-06-CAMHDA301/2024/05/06/CAMHDA301-20240506T181500.mp4,540,0,blurry,train,full_2023_2024
CAMHDA301-20240506T181500,2024-05-06,/home/jovyan/ooi/san_data/RS03ASHS-PN03B-06-CAMHDA301/2024/05/06/CAMHDA301-20240506T181500.mp4,720,0,blurry,train,full_2023_2024
CAMHDA301-20240506T211500,2024-05-06,/home/jovyan/ooi/san_data/RS03ASHS-PN03B-06-CAMHDA301/2024/05/06/CAMHDA301-20240506T211500.mp4,300,0,blurry,train,full_2023_2024
CAMHDA301-20240506T211500,2024-05-06,/home/jovyan/ooi/san_data/RS03ASHS-PN03B-06-CAMHDA301/2024/05/06/CAMHDA301-20240506T211500.mp4,360,0,blurry,train,full_2023_2024
CAMHDA301-20240506T211500,2024-05-06,/home/jovyan/ooi/san_data/RS03ASHS-PN03B-06-CAMHDA301/2024/05/06/CAMHDA301-20240506T211500.mp4,540,0,blurry,train,full_2023_2024
CAMHDA301-20240506T211500,2024-05-06,/home/jovyan/ooi/san_data/RS03ASHS-PN03B-06-CAMHDA301/2024/05/06/CAMHDA301-20240506T211500.mp4,690,0,blurry,train,full_2023_2024
CAMHDA301-20240513T001500,2024-05-13,/home/jovyan/ooi/san_data/RS03ASHS-PN03B-06-CAMHDA301/2024/05/13/CAMHDA301-20240513T001500.mp4,420,1,blurry,train,full_2023_2024
CAMHDA301-20240513T031500,2024-05-13,/home/jovyan/ooi/san_data/RS03ASHS-PN03B-06-CAMHDA301/2024/05/13/CAMHDA301-20240513T031500.mp4,420,1,blurry,train,full_2023_2024
CAMHDA301-20240513T061500,2024-05-13,/home/jovyan/ooi/san_data/RS03ASHS-PN03B-06-CAMHDA301/2024/05/13/CAMHDA301-20240513T061500.mp4,450,1,blurry,train,full_2023_2024
CAMHDA301-20240513T091500,2024-05-13,/home/jovyan/ooi/san_data/RS03ASHS-PN03B-06-CAMHDA301/2024/05/13/CAMHDA301-20240513T091500.mp4,750,0,blurry,train,full_2023_2024
CAMHDA301-20240513T091500,2024-05-13,/home/jovyan/ooi/san_data/RS03ASHS-PN03B-06-CAMHDA301/2024/05/13/CAMHDA301-20240513T091500.mp4,330,0,blurry,train,full_2023_2024
CAMHDA301-20240513T091500,2024-05-13,/home/jovyan/ooi/san_data/RS03ASHS-PN03B-06-CAMHDA301/2024/05/13/CAMHDA301-20240513T091500.mp4,510,0,blurry,train,full_2023_2024
CAMHDA301-20240513T091500,2024-05-13,/home/jovyan/ooi/san_data/RS03ASHS-PN03B-06-CAMHDA301/2024/05/13/CAMHDA301-20240513T091500.mp4,210,0,blurry,train,full_2023_2024
CAMHDA301-20240513T121500,2024-05-13,/home/jovyan/ooi/san_data/RS03ASHS-PN03B-06-CAMHDA301/2024/05/13/CAMHDA301-20240513T121500.mp4,210,0,blurry,train,full_2023_2024
CAMHDA301-20240513T121500,2024-05-13,/home/jovyan/ooi/san_data/RS03ASHS-PN03B-06-CAMHDA301/2024/05/13/CAMHDA301-20240513T121500.mp4,690,0,blurry,train,full_2023_2024
CAMHDA301-20240513T121500,2024-05-13,/home/jovyan/ooi/san_data/RS03ASHS-PN03B-06-CAMHDA301/2024/05/13/CAMHDA301-20240513T121500.mp4,180,0,blurry,train,full_2023_2024
CAMHDA301-20240513T121500,2024-05-13,/home/jovyan/ooi/san_data/RS03ASHS-PN03B-06-CAMHDA301/2024/05/13/CAMHDA301-20240513T121500.mp4,450,0,blurry,train,full_2023_2024
CAMHDA301-20240513T151500,2024-05-13,/home/jovyan/ooi/san_data/RS03ASHS-PN03B-06-CAMHDA301/2024/05/13/CAMHDA301-20240513T151500.mp4,420,1,blurry,train,full_2023_2024
CAMHDA301-20240513T181500,2024-05-13,/home/jovyan/ooi/san_data/RS03ASHS-PN03B-06-CAMHDA301/2024/05/13/CAMHDA301-20240513T181500.mp4,420,1,blurry,train,full_2023_2024
CAMHDA301-20240513T211500,2024-05-13,/home/jovyan/ooi/san_data/RS03ASHS-PN03B-06-CAMHDA301/2024/05/13/CAMHDA301-20240513T211500.mp4,420,1,blurry,train,full_2023_2024
CAMHDA301-20240520T001500,2024-05-20,/home/jovyan/ooi/san_data/RS03ASHS-PN03B-06-CAMHDA301/2024/05/20/CAMHDA301-20240520T001500.mp4,390,0,blurry,train,full_2023_2024
CAMHDA301-20240520T001500,2024-05-20,/home/jovyan/ooi/san_data/RS03ASHS-PN03B-06-CAMHDA301/2024/05/20/CAMHDA301-20240520T001500.mp4,780,0,blurry,train,full_2023_2024
CAMHDA301-20240520T001500,2024-05-20,/home/jovyan/ooi/san_data/RS03ASHS-PN03B-06-CAMHDA301/2024/05/20/CAMHDA301-20240520T001500.mp4,840,0,blurry,train,full_2023_2024
CAMHDA301-20240520T001500,2024-05-20,/home/jovyan/ooi/san_data/RS03ASHS-PN03B-06-CAMHDA301/2024/05/20/CAMHDA301-20240520T001500.mp4,600,0,blurry,train,full_2023_2024
CAMHDA301-20240520T031500,2024-05-20,/home/jovyan/ooi/san_data/RS03ASHS-PN03B-06-CAMHDA301/2024/05/20/CAMHDA301-20240520T031500.mp4,180,0,blurry,train,full_2023_2024
CAMHDA301-20240520T031500,2024-05-20,/home/jovyan/ooi/san_data/RS03ASHS-PN03B-06-CAMHDA301/2024/05/20/CAMHDA301-20240520T031500.mp4,270,0,blurry,train,full_2023_2024
CAMHDA301-20240520T031500,2024-05-20,/home/jovyan/ooi/san_data/RS03ASHS-PN03B-06-CAMHDA301/2024/05/20/CAMHDA301-20240520T031500.mp4,330,0,blurry,train,full_2023_2024
CAMHDA301-20240520T031500,2024-05-20,/home/jovyan/ooi/san_data/RS03ASHS-PN03B-06-CAMHDA301/2024/05/20/CAMHDA301-20240520T031500.mp4,690,0,blurry,train,full_2023_2024
CAMHDA301-20240520T061500,2024-05-20,/home/jovyan/ooi/san_data/RS03ASHS-PN03B-06-CAMHDA301/2024/05/20/CAMHDA301-20240520T061500.mp4,630,0,blurry,train,full_2023_2024
CAMHDA301-20240520T061500,2024-05-20,/home/jovyan/ooi/san_data/RS03ASHS-PN03B-06-CAMHDA301/2024/05/20/CAMHDA301-20240520T061500.mp4,780,0,blurry,train,full_2023_2024
CAMHDA301-20240520T061500,2024-05-20,/home/jovyan/ooi/san_data/RS03ASHS-PN03B-06-CAMHDA301/2024/05/20/CAMHDA301-20240520T061500.mp4,540,0,blurry,train,full_2023_2024
CAMHDA301-20240520T061500,2024-05-20,/home/jovyan/ooi/san_data/RS03ASHS-PN03B-06-CAMHDA301/2024/05/20/CAMHDA301-20240520T061500.mp4,480,0,blurry,train,full_2023_2024
CAMHDA301-20240520T091500,2024-05-20,/home/jovyan/ooi/san_data/RS03ASHS-PN03B-06-CAMHDA301/2024/05/20/CAMHDA301-20240520T091500.mp4,240,1,blurry,train,full_2023_2024
CAMHDA301-20240520T121500,2024-05-20,/home/jovyan/ooi/san_data/RS03ASHS-PN03B-06-CAMHDA301/2024/05/20/CAMHDA301-20240520T121500.mp4,60,0,blurry,train,full_2023_2024
CAMHDA301-20240520T121500,2024-05-20,/home/jovyan/ooi/san_data/RS03ASHS-PN03B-06-CAMHDA301/2024/05/20/CAMHDA301-20240520T121500.mp4,720,0,blurry,train,full_2023_2024
CAMHDA301-20240520T121500,2024-05-20,/home/jovyan/ooi/san_data/RS03ASHS-PN03B-06-CAMHDA301/2024/05/20/CAMHDA301-20240520T121500.mp4,480,0,blurry,train,full_2023_2024
CAMHDA301-20240520T121500,2024-05-20,/home/jovyan/ooi/san_data/RS03ASHS-PN03B-06-CAMHDA301/2024/05/20/CAMHDA301-20240520T121500.mp4,840,0,blurry,train,full_2023_2024
CAMHDA301-20240520T151500,2024-05-20,/home/jovyan/ooi/san_data/RS03ASHS-PN03B-06-CAMHDA301/2024/05/20/CAMHDA301-20240520T151500.mp4,60,0,blurry,train,full_2023_2024
CAMHDA301-20240520T151500,2024-05-20,/home/jovyan/ooi/san_data/RS03ASHS-PN03B-06-CAMHDA301/2024/05/20/CAMHDA301-20240520T151500.mp4,840,0,blurry,train,full_2023_2024
CAMHDA301-20240520T151500,2024-05-20,/home/jovyan/ooi/san_data/RS03ASHS-PN03B-06-CAMHDA301/2024/05/20/CAMHDA301-20240520T151500.mp4,210,0,blurry,train,full_2023_2024
CAMHDA301-20240520T151500,2024-05-20,/home/jovyan/ooi/san_data/RS03ASHS-PN03B-06-CAMHDA301/2024/05/20/CAMHDA301-20240520T151500.mp4,630,0,blurry,train,full_2023_2024
CAMHDA301-20240520T181500,2024-05-20,/home/jovyan/ooi/san_data/RS03ASHS-PN03B-06-CAMHDA301/2024/05/20/CAMHDA301-20240520T181500.mp4,750,0,blurry,train,full_2023_2024
CAMHDA301-20240520T181500,2024-05-20,/home/jovyan/ooi/san_data/RS03ASHS-PN03B-06-CAMHDA301/2024/05/20/CAMHDA301-20240520T181500.mp4,450,0,blurry,train,full_2023_2024
CAMHDA301-20240520T181500,2024-05-20,/home/jovyan/ooi/san_data/RS03ASHS-PN03B-06-CAMHDA301/2024/05/20/CAMHDA301-20240520T181500.mp4,690,0,blurry,train,full_2023_2024
CAMHDA301-20240520T181500,2024-05-20,/home/jovyan/ooi/san_data/RS03ASHS-PN03B-06-CAMHDA301/2024/05/20/CAMHDA301-20240520T181500.mp4,90,0,blurry,train,full_2023_2024
CAMHDA301-20240520T211500,2024-05-20,/home/jovyan/ooi/san_data/RS03ASHS-PN03B-06-CAMHDA301/2024/05/20/CAMHDA301-20240520T211500.mp4,240,0,blurry,train,full_2023_2024
CAMHDA301-20240520T211500,2024-05-20,/home/jovyan/ooi/san_data/RS03ASHS-PN03B-06-CAMHDA301/2024/05/20/CAMHDA301-20240520T211500.mp4,330,0,blurry,train,full_2023_2024
CAMHDA301-20240520T211500,2024-05-20,/home/jovyan/ooi/san_data/RS03ASHS-PN03B-06-CAMHDA301/2024/05/20/CAMHDA301-20240520T211500.mp4,180,0,blurry,train,full_2023_2024
CAMHDA301-20240520T211500,2024-05-20,/home/jovyan/ooi/san_data/RS03ASHS-PN03B-06-CAMHDA301/2024/05/20/CAMHDA301-20240520T211500.mp4,720,0,blurry,train,full_2023_2024
CAMHDA301-20240527T001500,2024-05-27,/home/jovyan/ooi/san_data/RS03ASHS-PN03B-06-CAMHDA301/2024/05/27/CAMHDA301-20240527T001500.mp4,420,1,blurry,val,full_2023_2024
CAMHDA301-20240527T031500,2024-05-27,/home/jovyan/ooi/san_data/RS03ASHS-PN03B-06-CAMHDA301/2024/05/27/CAMHDA301-20240527T031500.mp4,420,1,blurry,val,full_2023_2024
CAMHDA301-20240527T061500,2024-05-27,/home/jovyan/ooi/san_data/RS03ASHS-PN03B-06-CAMHDA301/2024/05/27/CAMHDA301-20240527T061500.mp4,450,1,blurry,val,full_2023_2024
CAMHDA301-20240527T091500,2024-05-27,/home/jovyan/ooi/san_data/RS03ASHS-PN03B-06-CAMHDA301/2024/05/27/CAMHDA301-20240527T091500.mp4,510,0,blurry,val,full_2023_2024
CAMHDA301-20240527T091500,2024-05-27,/home/jovyan/ooi/san_data/RS03ASHS-PN03B-06-CAMHDA301/2024/05/27/CAMHDA301-20240527T091500.mp4,660,0,blurry,val,full_2023_2024
CAMHDA301-20240527T091500,2024-05-27,/home/jovyan/ooi/san_data/RS03ASHS-PN03B-06-CAMHDA301/2024/05/27/CAMHDA301-20240527T091500.mp4,240,0,blurry,val,full_2023_2024
CAMHDA301-20240527T091500,2024-05-27,/home/jovyan/ooi/san_data/RS03ASHS-PN03B-06-CAMHDA301/2024/05/27/CAMHDA301-20240527T091500.mp4,780,0,blurry,val,full_2023_2024
CAMHDA301-20240527T121500,2024-05-27,/home/jovyan/ooi/san_data/RS03ASHS-PN03B-06-CAMHDA301/2024/05/27/CAMHDA301-20240527T121500.mp4,330,0,blurry,val,full_2023_2024
CAMHDA301-20240527T121500,2024-05-27,/home/jovyan/ooi/san_data/RS03ASHS-PN03B-06-CAMHDA301/2024/05/27/CAMHDA301-20240527T121500.mp4,570,0,blurry,val,full_2023_2024
CAMHDA301-20240527T121500,2024-05-27,/home/jovyan/ooi/san_data/RS03ASHS-PN03B-06-CAMHDA301/2024/05/27/CAMHDA301-20240527T121500.mp4,180,0,blurry,val,full_2023_2024
CAMHDA301-20240527T121500,2024-05-27,/home/jovyan/ooi/san_data/RS03ASHS-PN03B-06-CAMHDA301/2024/05/27/CAMHDA301-20240527T121500.mp4,210,0,blurry,val,full_2023_2024
CAMHDA301-20240527T151500,2024-05-27,/home/jovyan/ooi/san_data/RS03ASHS-PN03B-06-CAMHDA301/2024/05/27/CAMHDA301-20240527T151500.mp4,810,0,blurry,val,full_2023_2024
CAMHDA301-20240527T151500,2024-05-27,/home/jovyan/ooi/san_data/RS03ASHS-PN03B-06-CAMHDA301/2024/05/27/CAMHDA301-20240527T151500.mp4,150,0,blurry,val,full_2023_2024
CAMHDA301-20240527T151500,2024-05-27,/home/jovyan/ooi/san_data/RS03ASHS-PN03B-06-CAMHDA301/2024/05/27/CAMHDA301-20240527T151500.mp4,660,0,blurry,val,full_2023_2024
CAMHDA301-20240527T151500,2024-05-27,/home/jovyan/ooi/san_data/RS03ASHS-PN03B-06-CAMHDA301/2024/05/27/CAMHDA301-20240527T151500.mp4,840,0,blurry,val,full_2023_2024
CAMHDA301-20240527T181500,2024-05-27,/home/jovyan/ooi/san_data/RS03ASHS-PN03B-06-CAMHDA301/2024/05/27/CAMHDA301-20240527T181500.mp4,330,0,blurry,val,full_2023_2024
CAMHDA301-20240527T181500,2024-05-27,/home/jovyan/ooi/san_data/RS03ASHS-PN03B-06-CAMHDA301/2024/05/27/CAMHDA301-20240527T181500.mp4,60,0,blurry,val,full_2023_2024
CAMHDA301-20240527T181500,2024-05-27,/home/jovyan/ooi/san_data/RS03ASHS-PN03B-06-CAMHDA301/2024/05/27/CAMHDA301-20240527T181500.mp4,690,0,blurry,val,full_2023_2024
CAMHDA301-20240527T181500,2024-05-27,/home/jovyan/ooi/san_data/RS03ASHS-PN03B-06-CAMHDA301/2024/05/27/CAMHDA301-20240527T181500.mp4,840,0,blurry,val,full_2023_2024
CAMHDA301-20240527T211500,2024-05-27,/home/jovyan/ooi/san_data/RS03ASHS-PN03B-06-CAMHDA301/2024/05/27/CAMHDA301-20240527T211500.mp4,420,1,blurry,val,full_2023_2024
CAMHDA301-20240603T001500,2024-06-03,/home/jovyan/ooi/san_data/RS03ASHS-PN03B-06-CAMHDA301/2024/06/03/CAMHDA301-20240603T001500.mp4,450,0,blurry,train,full_2023_2024
CAMHDA301-20240603T001500,2024-06-03,/home/jovyan/ooi/san_data/RS03ASHS-PN03B-06-CAMHDA301/2024/06/03/CAMHDA301-20240603T001500.mp4,360,0,blurry,train,full_2023_2024
CAMHDA301-20240603T001500,2024-06-03,/home/jovyan/ooi/san_data/RS03ASHS-PN03B-06-CAMHDA301/2024/06/03/CAMHDA301-20240603T001500.mp4,840,0,blurry,train,full_2023_2024
CAMHDA301-20240603T001500,2024-06-03,/home/jovyan/ooi/san_data/RS03ASHS-PN03B-06-CAMHDA301/2024/06/03/CAMHDA301-20240603T001500.mp4,150,0,blurry,train,full_2023_2024
CAMHDA301-20240603T031500,2024-06-03,/home/jovyan/ooi/san_data/RS03ASHS-PN03B-06-CAMHDA301/2024/06/03/CAMHDA301-20240603T031500.mp4,750,0,blurry,train,full_2023_2024
CAMHDA301-20240603T031500,2024-06-03,/home/jovyan/ooi/san_data/RS03ASHS-PN03B-06-CAMHDA301/2024/06/03/CAMHDA301-20240603T031500.mp4,450,0,blurry,train,full_2023_2024
CAMHDA301-20240603T031500,2024-06-03,/home/jovyan/ooi/san_data/RS03ASHS-PN03B-06-CAMHDA301/2024/06/03/CAMHDA301-20240603T031500.mp4,120,0,blurry,train,full_2023_2024
CAMHDA301-20240603T031500,2024-06-03,/home/jovyan/ooi/san_data/RS03ASHS-PN03B-06-CAMHDA301/2024/06/03/CAMHDA301-20240603T031500.mp4,840,0,blurry,train,full_2023_2024
CAMHDA301-20240603T061500,2024-06-03,/home/jovyan/ooi/san_data/RS03ASHS-PN03B-06-CAMHDA301/2024/06/03/CAMHDA301-20240603T061500.mp4,60,0,blurry,train,full_2023_2024
CAMHDA301-20240603T061500,2024-06-03,/home/jovyan/ooi/san_data/RS03ASHS-PN03B-06-CAMHDA301/2024/06/03/CAMHDA301-20240603T061500.mp4,750,0,blurry,train,full_2023_2024
CAMHDA301-20240603T061500,2024-06-03,/home/jovyan/ooi/san_data/RS03ASHS-PN03B-06-CAMHDA301/2024/06/03/CAMHDA301-20240603T061500.mp4,720,0,blurry,train,full_2023_2024
CAMHDA301-20240603T061500,2024-06-03,/home/jovyan/ooi/san_data/RS03ASHS-PN03B-06-CAMHDA301/2024/06/03/CAMHDA301-20240603T061500.mp4,570,0,blurry,train,full_2023_2024
CAMHDA301-20240603T091500,2024-06-03,/home/jovyan/ooi/san_data/RS03ASHS-PN03B-06-CAMHDA301/2024/06/03/CAMHDA301-20240603T091500.mp4,810,0,blurry,train,full_2023_2024
CAMHDA301-20240603T091500,2024-06-03,/home/jovyan/ooi/san_data/RS03ASHS-PN03B-06-CAMHDA301/2024/06/03/CAMHDA301-20240603T091500.mp4,690,0,blurry,train,full_2023_2024
CAMHDA301-20240603T091500,2024-06-03,/home/jovyan/ooi/san_data/RS03ASHS-PN03B-06-CAMHDA301/2024/06/03/CAMHDA301-20240603T091500.mp4,660,0,blurry,train,full_2023_2024
CAMHDA301-20240603T091500,2024-06-03,/home/jovyan/ooi/san_data/RS03ASHS-PN03B-06-CAMHDA301/2024/06/03/CAMHDA301-20240603T091500.mp4,210,0,blurry,train,full_2023_2024
CAMHDA301-20240603T121500,2024-06-03,/home/jovyan/ooi/san_data/RS03ASHS-PN03B-06-CAMHDA301/2024/06/03/CAMHDA301-20240603T121500.mp4,150,0,blurry,train,full_2023_2024
CAMHDA301-20240603T121500,2024-06-03,/home/jovyan/ooi/san_data/RS03ASHS-PN03B-06-CAMHDA301/2024/06/03/CAMHDA301-20240603T121500.mp4,840,0,blurry,train,full_2023_2024
CAMHDA301-20240603T121500,2024-06-03,/home/jovyan/ooi/san_data/RS03ASHS-PN03B-06-CAMHDA301/2024/06/03/CAMHDA301-20240603T121500.mp4,570,0,blurry,train,full_2023_2024
CAMHDA301-20240603T121500,2024-06-03,/home/jovyan/ooi/san_data/RS03ASHS-PN03B-06-CAMHDA301/2024/06/03/CAMHDA301-20240603T121500.mp4,450,0,blurry,train,full_2023_2024
CAMHDA301-20240603T151500,2024-06-03,/home/jovyan/ooi/san_data/RS03ASHS-PN03B-06-CAMHDA301/2024/06/03/CAMHDA301-20240603T151500.mp4,150,0,blurry,train,full_2023_2024
CAMHDA301-20240603T151500,2024-06-03,/home/jovyan/ooi/san_data/RS03ASHS-PN03B-06-CAMHDA301/2024/06/03/CAMHDA301-20240603T151500.mp4,30,0,blurry,train,full_2023_2024
CAMHDA301-20240603T151500,2024-06-03,/home/jovyan/ooi/san_data/RS03ASHS-PN03B-06-CAMHDA301/2024/06/03/CAMHDA301-20240603T151500.mp4,390,0,blurry,train,full_2023_2024
CAMHDA301-20240603T151500,2024-06-03,/home/jovyan/ooi/san_data/RS03ASHS-PN03B-06-CAMHDA301/2024/06/03/CAMHDA301-20240603T151500.mp4,300,0,blurry,train,full_2023_2024
CAMHDA301-20240603T181500,2024-06-03,/home/jovyan/ooi/san_data/RS03ASHS-PN03B-06-CAMHDA301/2024/06/03/CAMHDA301-20240603T181500.mp4,120,0,blurry,train,full_2023_2024
CAMHDA301-20240603T181500,2024-06-03,/home/jovyan/ooi/san_data/RS03ASHS-PN03B-06-CAMHDA301/2024/06/03/CAMHDA301-20240603T181500.mp4,90,0,blurry,train,full_2023_2024
CAMHDA301-20240603T181500,2024-06-03,/home/jovyan/ooi/san_data/RS03ASHS-PN03B-06-CAMHDA301/2024/06/03/CAMHDA301-20240603T181500.mp4,390,0,blurry,train,full_2023_2024
CAMHDA301-20240603T181500,2024-06-03,/home/jovyan/ooi/san_data/RS03ASHS-PN03B-06-CAMHDA301/2024/06/03/CAMHDA301-20240603T181500.mp4,330,0,blurry,train,full_2023_2024
CAMHDA301-20240603T211500,2024-06-03,/home/jovyan/ooi/san_data/RS03ASHS-PN03B-06-CAMHDA301/2024/06/03/CAMHDA301-20240603T211500.mp4,180,0,blurry,train,full_2023_2024
CAMHDA301-20240603T211500,2024-06-03,/home/jovyan/ooi/san_data/RS03ASHS-PN03B-06-CAMHDA301/2024/06/03/CAMHDA301-20240603T211500.mp4,150,0,blurry,train,full_2023_2024
CAMHDA301-20240603T211500,2024-06-03,/home/jovyan/ooi/san_data/RS03ASHS-PN03B-06-CAMHDA301/2024/06/03/CAMHDA301-20240603T211500.mp4,780,0,blurry,train,full_2023_2024
CAMHDA301-20240603T211500,2024-06-03,/home/jovyan/ooi/san_data/RS03ASHS-PN03B-06-CAMHDA301/2024/06/03/CAMHDA301-20240603T211500.mp4,360,0,blurry,train,full_2023_2024
CAMHDA301-20240610T001500,2024-06-10,/home/jovyan/ooi/san_data/RS03ASHS-PN03B-06-CAMHDA301/2024/06/10/CAMHDA301-20240610T001500.mp4,540,0,blurry,val,full_2023_2024
CAMHDA301-20240610T001500,2024-06-10,/home/jovyan/ooi/san_data/RS03ASHS-PN03B-06-CAMHDA301/2024/06/10/CAMHDA301-20240610T001500.mp4,90,0,blurry,val,full_2023_2024
CAMHDA301-20240610T001500,2024-06-10,/home/jovyan/ooi/san_data/RS03ASHS-PN03B-06-CAMHDA301/2024/06/10/CAMHDA301-20240610T001500.mp4,60,0,blurry,val,full_2023_2024
CAMHDA301-20240610T001500,2024-06-10,/home/jovyan/ooi/san_data/RS03ASHS-PN03B-06-CAMHDA301/2024/06/10/CAMHDA301-20240610T001500.mp4,510,0,blurry,val,full_2023_2024
CAMHDA301-20240610T031500,2024-06-10,/home/jovyan/ooi/san_data/RS03ASHS-PN03B-06-CAMHDA301/2024/06/10/CAMHDA301-20240610T031500.mp4,120,0,blurry,val,full_2023_2024
CAMHDA301-20240610T031500,2024-06-10,/home/jovyan/ooi/san_data/RS03ASHS-PN03B-06-CAMHDA301/2024/06/10/CAMHDA301-20240610T031500.mp4,60,0,blurry,val,full_2023_2024
CAMHDA301-20240610T031500,2024-06-10,/home/jovyan/ooi/san_data/RS03ASHS-PN03B-06-CAMHDA301/2024/06/10/CAMHDA301-20240610T031500.mp4,240,0,blurry,val,full_2023_2024
CAMHDA301-20240610T031500,2024-06-10,/home/jovyan/ooi/san_data/RS03ASHS-PN03B-06-CAMHDA301/2024/06/10/CAMHDA301-20240610T031500.mp4,360,0,blurry,val,full_2023_2024
CAMHDA301-20240610T061500,2024-06-10,/home/jovyan/ooi/san_data/RS03ASHS-PN03B-06-CAMHDA301/2024/06/10/CAMHDA301-20240610T061500.mp4,750,0,blurry,val,full_2023_2024
CAMHDA301-20240610T061500,2024-06-10,/home/jovyan/ooi/san_data/RS03ASHS-PN03B-06-CAMHDA301/2024/06/10/CAMHDA301-20240610T061500.mp4,630,0,blurry,val,full_2023_2024
CAMHDA301-20240610T061500,2024-06-10,/home/jovyan/ooi/san_data/RS03ASHS-PN03B-06-CAMHDA301/2024/06/10/CAMHDA301-20240610T061500.mp4,600,0,blurry,val,full_2023_2024
CAMHDA301-20240610T061500,2024-06-10,/home/jovyan/ooi/san_data/RS03ASHS-PN03B-06-CAMHDA301/2024/06/10/CAMHDA301-20240610T061500.mp4,270,0,blurry,val,full_2023_2024
CAMHDA301-20240610T091500,2024-06-10,/home/jovyan/ooi/san_data/RS03ASHS-PN03B-06-CAMHDA301/2024/06/10/CAMHDA301-20240610T091500.mp4,120,0,blurry,val,full_2023_2024
CAMHDA301-20240610T091500,2024-06-10,/home/jovyan/ooi/san_data/RS03ASHS-PN03B-06-CAMHDA301/2024/06/10/CAMHDA301-20240610T091500.mp4,180,0,blurry,val,full_2023_2024
CAMHDA301-20240610T091500,2024-06-10,/home/jovyan/ooi/san_data/RS03ASHS-PN03B-06-CAMHDA301/2024/06/10/CAMHDA301-20240610T091500.mp4,240,0,blurry,val,full_2023_2024
CAMHDA301-20240610T091500,2024-06-10,/home/jovyan/ooi/san_data/RS03ASHS-PN03B-06-CAMHDA301/2024/06/10/CAMHDA301-20240610T091500.mp4,540,0,blurry,val,full_2023_2024
CAMHDA301-20240610T121500,2024-06-10,/home/jovyan/ooi/san_data/RS03ASHS-PN03B-06-CAMHDA301/2024/06/10/CAMHDA301-20240610T121500.mp4,660,0,blurry,val,full_2023_2024
CAMHDA301-20240610T121500,2024-06-10,/home/jovyan/ooi/san_data/RS03ASHS-PN03B-06-CAMHDA301/2024/06/10/CAMHDA301-20240610T121500.mp4,30,0,blurry,val,full_2023_2024
CAMHDA301-20240610T121500,2024-06-10,/home/jovyan/ooi/san_data/RS03ASHS-PN03B-06-CAMHDA301/2024/06/10/CAMHDA301-20240610T121500.mp4,150,0,blurry,val,full_2023_2024
CAMHDA301-20240610T121500,2024-06-10,/home/jovyan/ooi/san_data/RS03ASHS-PN03B-06-CAMHDA301/2024/06/10/CAMHDA301-20240610T121500.mp4,720,0,blurry,val,full_2023_2024
CAMHDA301-20240610T151500,2024-06-10,/home/jovyan/ooi/san_data/RS03ASHS-PN03B-06-CAMHDA301/2024/06/10/CAMHDA301-20240610T151500.mp4,300,0,blurry,val,full_2023_2024
CAMHDA301-20240610T151500,2024-06-10,/home/jovyan/ooi/san_data/RS03ASHS-PN03B-06-CAMHDA301/2024/06/10/CAMHDA301-20240610T151500.mp4,120,0,blurry,val,full_2023_2024
CAMHDA301-20240610T151500,2024-06-10,/home/jovyan/ooi/san_data/RS03ASHS-PN03B-06-CAMHDA301/2024/06/10/CAMHDA301-20240610T151500.mp4,690,0,blurry,val,full_2023_2024
CAMHDA301-20240610T151500,2024-06-10,/home/jovyan/ooi/san_data/RS03ASHS-PN03B-06-CAMHDA301/2024/06/10/CAMHDA301-20240610T151500.mp4,570,0,blurry,val,full_2023_2024
CAMHDA301-20240610T181500,2024-06-10,/home/jovyan/ooi/san_data/RS03ASHS-PN03B-06-CAMHDA301/2024/06/10/CAMHDA301-20240610T181500.mp4,420,0,blurry,val,full_2023_2024
CAMHDA301-20240610T181500,2024-06-10,/home/jovyan/ooi/san_data/RS03ASHS-PN03B-06-CAMHDA301/2024/06/10/CAMHDA301-20240610T181500.mp4,210,0,blurry,val,full_2023_2024
CAMHDA301-20240610T181500,2024-06-10,/home/jovyan/ooi/san_data/RS03ASHS-PN03B-06-CAMHDA301/2024/06/10/CAMHDA301-20240610T181500.mp4,450,0,blurry,val,full_2023_2024
CAMHDA301-20240610T181500,2024-06-10,/home/jovyan/ooi/san_data/RS03ASHS-PN03B-06-CAMHDA301/2024/06/10/CAMHDA301-20240610T181500.mp4,840,0,blurry,val,full_2023_2024
CAMHDA301-20240610T211500,2024-06-10,/home/jovyan/ooi/san_data/RS03ASHS-PN03B-06-CAMHDA301/2024/06/10/CAMHDA301-20240610T211500.mp4,390,0,blurry,val,full_2023_2024
CAMHDA301-20240610T211500,2024-06-10,/home/jovyan/ooi/san_data/RS03ASHS-PN03B-06-CAMHDA301/2024/06/10/CAMHDA301-20240610T211500.mp4,510,0,blurry,val,full_2023_2024
CAMHDA301-20240610T211500,2024-06-10,/home/jovyan/ooi/san_data/RS03ASHS-PN03B-06-CAMHDA301/2024/06/10/CAMHDA301-20240610T211500.mp4,780,0,blurry,val,full_2023_2024
CAMHDA301-20240610T211500,2024-06-10,/home/jovyan/ooi/san_data/RS03ASHS-PN03B-06-CAMHDA301/2024/06/10/CAMHDA301-20240610T211500.mp4,60,0,blurry,val,full_2023_2024
CAMHDA301-20240617T001500,2024-06-17,/home/jovyan/ooi/san_data/RS03ASHS-PN03B-06-CAMHDA301/2024/06/17/CAMHDA301-20240617T001500.mp4,420,1,blurry,val,full_2023_2024
CAMHDA301-20240617T031500,2024-06-17,/home/jovyan/ooi/san_data/RS03ASHS-PN03B-06-CAMHDA301/2024/06/17/CAMHDA301-20240617T031500.mp4,360,0,blurry,val,full_2023_2024
CAMHDA301-20240617T031500,2024-06-17,/home/jovyan/ooi/san_data/RS03ASHS-PN03B-06-CAMHDA301/2024/06/17/CAMHDA301-20240617T031500.mp4,120,0,blurry,val,full_2023_2024
CAMHDA301-20240617T031500,2024-06-17,/home/jovyan/ooi/san_data/RS03ASHS-PN03B-06-CAMHDA301/2024/06/17/CAMHDA301-20240617T031500.mp4,30,0,blurry,val,full_2023_2024
CAMHDA301-20240617T031500,2024-06-17,/home/jovyan/ooi/san_data/RS03ASHS-PN03B-06-CAMHDA301/2024/06/17/CAMHDA301-20240617T031500.mp4,330,0,blurry,val,full_2023_2024
CAMHDA301-20240617T061500,2024-06-17,/home/jovyan/ooi/san_data/RS03ASHS-PN03B-06-CAMHDA301/2024/06/17/CAMHDA301-20240617T061500.mp4,450,1,blurry,val,full_2023_2024
CAMHDA301-20240617T091500,2024-06-17,/home/jovyan/ooi/san_data/RS03ASHS-PN03B-06-CAMHDA301/2024/06/17/CAMHDA301-20240617T091500.mp4,420,1,blurry,val,full_2023_2024
CAMHDA301-20240617T121500,2024-06-17,/home/jovyan/ooi/san_data/RS03ASHS-PN03B-06-CAMHDA301/2024/06/17/CAMHDA301-20240617T121500.mp4,420,1,blurry,val,full_2023_2024
CAMHDA301-20240617T151500,2024-06-17,/home/jovyan/ooi/san_data/RS03ASHS-PN03B-06-CAMHDA301/2024/06/17/CAMHDA301-20240617T151500.mp4,450,1,blurry,val,full_2023_2024
CAMHDA301-20240617T181500,2024-06-17,/home/jovyan/ooi/san_data/RS03ASHS-PN03B-06-CAMHDA301/2024/06/17/CAMHDA301-20240617T181500.mp4,420,1,blurry,val,full_2023_2024
CAMHDA301-20240617T211500,2024-06-17,/home/jovyan/ooi/san_data/RS03ASHS-PN03B-06-CAMHDA301/2024/06/17/CAMHDA301-20240617T211500.mp4,570,0,blurry,val,full_2023_2024
CAMHDA301-20240617T211500,2024-06-17,/home/jovyan/ooi/san_data/RS03ASHS-PN03B-06-CAMHDA301/2024/06/17/CAMHDA301-20240617T211500.mp4,390,0,blurry,val,full_2023_2024
CAMHDA301-20240617T211500,2024-06-17,/home/jovyan/ooi/san_data/RS03ASHS-PN03B-06-CAMHDA301/2024/06/17/CAMHDA301-20240617T211500.mp4,210,0,blurry,val,full_2023_2024
CAMHDA301-20240617T211500,2024-06-17,/home/jovyan/ooi/san_data/RS03ASHS-PN03B-06-CAMHDA301/2024/06/17/CAMHDA301-20240617T211500.mp4,630,0,blurry,val,full_2023_2024
CAMHDA301-20240624T001500,2024-06-24,/home/jovyan/ooi/san_data/RS03ASHS-PN03B-06-CAMHDA301/2024/06/24/CAMHDA301-20240624T001500.mp4,810,0,blurry,test,full_2023_2024
CAMHDA301-20240624T001500,2024-06-24,/home/jovyan/ooi/san_data/RS03ASHS-PN03B-06-CAMHDA301/2024/06/24/CAMHDA301-20240624T001500.mp4,600,0,blurry,test,full_2023_2024
CAMHDA301-20240624T001500,2024-06-24,/home/jovyan/ooi/san_data/RS03ASHS-PN03B-06-CAMHDA301/2024/06/24/CAMHDA301-20240624T001500.mp4,660,0,blurry,test,full_2023_2024
CAMHDA301-20240624T001500,2024-06-24,/home/jovyan/ooi/san_data/RS03ASHS-PN03B-06-CAMHDA301/2024/06/24/CAMHDA301-20240624T001500.mp4,570,0,blurry,test,full_2023_2024
CAMHDA301-20240624T031500,2024-06-24,/home/jovyan/ooi/san_data/RS03ASHS-PN03B-06-CAMHDA301/2024/06/24/CAMHDA301-20240624T031500.mp4,420,1,blurry,test,full_2023_2024
CAMHDA301-20240624T061500,2024-06-24,/home/jovyan/ooi/san_data/RS03ASHS-PN03B-06-CAMHDA301/2024/06/24/CAMHDA301-20240624T061500.mp4,420,1,blurry,test,full_2023_2024
CAMHDA301-20240624T091500,2024-06-24,/home/jovyan/ooi/san_data/RS03ASHS-PN03B-06-CAMHDA301/2024/06/24/CAMHDA301-20240624T091500.mp4,420,1,blurry,test,full_2023_2024
CAMHDA301-20240624T121500,2024-06-24,/home/jovyan/ooi/san_data/RS03ASHS-PN03B-06-CAMHDA301/2024/06/24/CAMHDA301-20240624T121500.mp4,420,1,blurry,test,full_2023_2024
CAMHDA301-20240624T151500,2024-06-24,/home/jovyan/ooi/san_data/RS03ASHS-PN03B-06-CAMHDA301/2024/06/24/CAMHDA301-20240624T151500.mp4,420,1,blurry,test,full_2023_2024
CAMHDA301-20240624T181500,2024-06-24,/home/jovyan/ooi/san_data/RS03ASHS-PN03B-06-CAMHDA301/2024/06/24/CAMHDA301-20240624T181500.mp4,450,1,blurry,test,full_2023_2024
CAMHDA301-20240624T211500,2024-06-24,/home/jovyan/ooi/san_data/RS03ASHS-PN03B-06-CAMHDA301/2024/06/24/CAMHDA301-20240624T211500.mp4,450,1,blurry,test,full_2023_2024
CAMHDA301-20240701T031500,2024-07-01,/home/jovyan/ooi/san_data/RS03ASHS-PN03B-06-CAMHDA301/2024/07/01/CAMHDA301-20240701T031500.mp4,30,0,blurry,test,full_2023_2024
CAMHDA301-20240701T031500,2024-07-01,/home/jovyan/ooi/san_data/RS03ASHS-PN03B-06-CAMHDA301/2024/07/01/CAMHDA301-20240701T031500.mp4,510,0,blurry,test,full_2023_2024
CAMHDA301-20240701T031500,2024-07-01,/home/jovyan/ooi/san_data/RS03ASHS-PN03B-06-CAMHDA301/2024/07/01/CAMHDA301-20240701T031500.mp4,120,0,blurry,test,full_2023_2024
CAMHDA301-20240701T031500,2024-07-01,/home/jovyan/ooi/san_data/RS03ASHS-PN03B-06-CAMHDA301/2024/07/01/CAMHDA301-20240701T031500.mp4,270,0,blurry,test,full_2023_2024
CAMHDA301-20240701T061500,2024-07-01,/home/jovyan/ooi/san_data/RS03ASHS-PN03B-06-CAMHDA301/2024/07/01/CAMHDA301-20240701T061500.mp4,390,0,blurry,test,full_2023_2024
CAMHDA301-20240701T061500,2024-07-01,/home/jovyan/ooi/san_data/RS03ASHS-PN03B-06-CAMHDA301/2024/07/01/CAMHDA301-20240701T061500.mp4,180,0,blurry,test,full_2023_2024
CAMHDA301-20240701T061500,2024-07-01,/home/jovyan/ooi/san_data/RS03ASHS-PN03B-06-CAMHDA301/2024/07/01/CAMHDA301-20240701T061500.mp4,60,0,blurry,test,full_2023_2024
CAMHDA301-20240701T061500,2024-07-01,/home/jovyan/ooi/san_data/RS03ASHS-PN03B-06-CAMHDA301/2024/07/01/CAMHDA301-20240701T061500.mp4,450,0,blurry,test,full_2023_2024
CAMHDA301-20240701T091500,2024-07-01,/home/jovyan/ooi/san_data/RS03ASHS-PN03B-06-CAMHDA301/2024/07/01/CAMHDA301-20240701T091500.mp4,780,0,blurry,test,full_2023_2024
CAMHDA301-20240701T091500,2024-07-01,/home/jovyan/ooi/san_data/RS03ASHS-PN03B-06-CAMHDA301/2024/07/01/CAMHDA301-20240701T091500.mp4,420,0,blurry,test,full_2023_2024
CAMHDA301-20240701T091500,2024-07-01,/home/jovyan/ooi/san_data/RS03ASHS-PN03B-06-CAMHDA301/2024/07/01/CAMHDA301-20240701T091500.mp4,840,0,blurry,test,full_2023_2024
CAMHDA301-20240701T091500,2024-07-01,/home/jovyan/ooi/san_data/RS03ASHS-PN03B-06-CAMHDA301/2024/07/01/CAMHDA301-20240701T091500.mp4,150,0,blurry,test,full_2023_2024
CAMHDA301-20240701T121500,2024-07-01,/home/jovyan/ooi/san_data/RS03ASHS-PN03B-06-CAMHDA301/2024/07/01/CAMHDA301-20240701T121500.mp4,510,0,blurry,test,full_2023_2024
CAMHDA301-20240701T121500,2024-07-01,/home/jovyan/ooi/san_data/RS03ASHS-PN03B-06-CAMHDA301/2024/07/01/CAMHDA301-20240701T121500.mp4,480,0,blurry,test,full_2023_2024
CAMHDA301-20240701T121500,2024-07-01,/home/jovyan/ooi/san_data/RS03ASHS-PN03B-06-CAMHDA301/2024/07/01/CAMHDA301-20240701T121500.mp4,750,0,blurry,test,full_2023_2024
CAMHDA301-20240701T121500,2024-07-01,/home/jovyan/ooi/san_data/RS03ASHS-PN03B-06-CAMHDA301/2024/07/01/CAMHDA301-20240701T121500.mp4,630,0,blurry,test,full_2023_2024
CAMHDA301-20240701T151500,2024-07-01,/home/jovyan/ooi/san_data/RS03ASHS-PN03B-06-CAMHDA301/2024/07/01/CAMHDA301-20240701T151500.mp4,150,0,blurry,test,full_2023_2024
CAMHDA301-20240701T151500,2024-07-01,/home/jovyan/ooi/san_data/RS03ASHS-PN03B-06-CAMHDA301/2024/07/01/CAMHDA301-20240701T151500.mp4,30,0,blurry,test,full_2023_2024
CAMHDA301-20240701T151500,2024-07-01,/home/jovyan/ooi/san_data/RS03ASHS-PN03B-06-CAMHDA301/2024/07/01/CAMHDA301-20240701T151500.mp4,420,0,blurry,test,full_2023_2024
CAMHDA301-20240701T151500,2024-07-01,/home/jovyan/ooi/san_data/RS03ASHS-PN03B-06-CAMHDA301/2024/07/01/CAMHDA301-20240701T151500.mp4,480,0,blurry,test,full_2023_2024
CAMHDA301-20240701T181500,2024-07-01,/home/jovyan/ooi/san_data/RS03ASHS-PN03B-06-CAMHDA301/2024/07/01/CAMHDA301-20240701T181500.mp4,630,0,blurry,test,full_2023_2024
CAMHDA301-20240701T181500,2024-07-01,/home/jovyan/ooi/san_data/RS03ASHS-PN03B-06-CAMHDA301/2024/07/01/CAMHDA301-20240701T181500.mp4,420,0,blurry,test,full_2023_2024
CAMHDA301-20240701T181500,2024-07-01,/home/jovyan/ooi/san_data/RS03ASHS-PN03B-06-CAMHDA301/2024/07/01/CAMHDA301-20240701T181500.mp4,60,0,blurry,test,full_2023_2024
CAMHDA301-20240701T181500,2024-07-01,/home/jovyan/ooi/san_data/RS03ASHS-PN03B-06-CAMHDA301/2024/07/01/CAMHDA301-20240701T181500.mp4,30,0,blurry,test,full_2023_2024
CAMHDA301-20240701T211500,2024-07-01,/home/jovyan/ooi/san_data/RS03ASHS-PN03B-06-CAMHDA301/2024/07/01/CAMHDA301-20240701T211500.mp4,600,0,blurry,test,full_2023_2024
CAMHDA301-20240701T211500,2024-07-01,/home/jovyan/ooi/san_data/RS03ASHS-PN03B-06-CAMHDA301/2024/07/01/CAMHDA301-20240701T211500.mp4,330,0,blurry,test,full_2023_2024
CAMHDA301-20240701T211500,2024-07-01,/home/jovyan/ooi/san_data/RS03ASHS-PN03B-06-CAMHDA301/2024/07/01/CAMHDA301-20240701T211500.mp4,450,0,blurry,test,full_2023_2024
CAMHDA301-20240701T211500,2024-07-01,/home/jovyan/ooi/san_data/RS03ASHS-PN03B-06-CAMHDA301/2024/07/01/CAMHDA301-20240701T211500.mp4,630,0,blurry,test,full_2023_2024
CAMHDA301-20240708T001500,2024-07-08,/home/jovyan/ooi/san_data/RS03ASHS-PN03B-06-CAMHDA301/2024/07/08/CAMHDA301-20240708T001500.mp4,420,1,blurry,train,full_2023_2024
CAMHDA301-20240708T031500,2024-07-08,/home/jovyan/ooi/san_data/RS03ASHS-PN03B-06-CAMHDA301/2024/07/08/CAMHDA301-20240708T031500.mp4,420,1,blurry,train,full_2023_2024
CAMHDA301-20240708T061500,2024-07-08,/home/jovyan/ooi/san_data/RS03ASHS-PN03B-06-CAMHDA301/2024/07/08/CAMHDA301-20240708T061500.mp4,420,1,blurry,train,full_2023_2024
CAMHDA301-20240708T091500,2024-07-08,/home/jovyan/ooi/san_data/RS03ASHS-PN03B-06-CAMHDA301/2024/07/08/CAMHDA301-20240708T091500.mp4,420,1,blurry,train,full_2023_2024
CAMHDA301-20240708T121500,2024-07-08,/home/jovyan/ooi/san_data/RS03ASHS-PN03B-06-CAMHDA301/2024/07/08/CAMHDA301-20240708T121500.mp4,420,1,blurry,train,full_2023_2024
CAMHDA301-20240708T151500,2024-07-08,/home/jovyan/ooi/san_data/RS03ASHS-PN03B-06-CAMHDA301/2024/07/08/CAMHDA301-20240708T151500.mp4,420,1,blurry,train,full_2023_2024
CAMHDA301-20240708T181500,2024-07-08,/home/jovyan/ooi/san_data/RS03ASHS-PN03B-06-CAMHDA301/2024/07/08/CAMHDA301-20240708T181500.mp4,120,0,blurry,train,full_2023_2024
CAMHDA301-20240708T181500,2024-07-08,/home/jovyan/ooi/san_data/RS03ASHS-PN03B-06-CAMHDA301/2024/07/08/CAMHDA301-20240708T181500.mp4,300,0,blurry,train,full_2023_2024
CAMHDA301-20240708T181500,2024-07-08,/home/jovyan/ooi/san_data/RS03ASHS-PN03B-06-CAMHDA301/2024/07/08/CAMHDA301-20240708T181500.mp4,60,0,blurry,train,full_2023_2024
CAMHDA301-20240708T181500,2024-07-08,/home/jovyan/ooi/san_data/RS03ASHS-PN03B-06-CAMHDA301/2024/07/08/CAMHDA301-20240708T181500.mp4,360,0,blurry,train,full_2023_2024
CAMHDA301-20240708T211500,2024-07-08,/home/jovyan/ooi/san_data/RS03ASHS-PN03B-06-CAMHDA301/2024/07/08/CAMHDA301-20240708T211500.mp4,450,1,blurry,train,full_2023_2024
CAMHDA301-20240715T001500,2024-07-15,/home/jovyan/ooi/san_data/RS03ASHS-PN03B-06-CAMHDA301/2024/07/15/CAMHDA301-20240715T001500.mp4,450,1,blurry,train,full_2023_2024
CAMHDA301-20240715T031500,2024-07-15,/home/jovyan/ooi/san_data/RS03ASHS-PN03B-06-CAMHDA301/2024/07/15/CAMHDA301-20240715T031500.mp4,420,1,blurry,train,full_2023_2024
CAMHDA301-20240715T061500,2024-07-15,/home/jovyan/ooi/san_data/RS03ASHS-PN03B-06-CAMHDA301/2024/07/15/CAMHDA301-20240715T061500.mp4,420,1,blurry,train,full_2023_2024
CAMHDA301-20240715T091500,2024-07-15,/home/jovyan/ooi/san_data/RS03ASHS-PN03B-06-CAMHDA301/2024/07/15/CAMHDA301-20240715T091500.mp4,420,1,blurry,train,full_2023_2024
CAMHDA301-20240715T121500,2024-07-15,/home/jovyan/ooi/san_data/RS03ASHS-PN03B-06-CAMHDA301/2024/07/15/CAMHDA301-20240715T121500.mp4,420,1,blurry,train,full_2023_2024
CAMHDA301-20240715T151500,2024-07-15,/home/jovyan/ooi/san_data/RS03ASHS-PN03B-06-CAMHDA301/2024/07/15/CAMHDA301-20240715T151500.mp4,780,0,blurry,train,full_2023_2024
CAMHDA301-20240715T151500,2024-07-15,/home/jovyan/ooi/san_data/RS03ASHS-PN03B-06-CAMHDA301/2024/07/15/CAMHDA301-20240715T151500.mp4,240,0,blurry,train,full_2023_2024
CAMHDA301-20240715T151500,2024-07-15,/home/jovyan/ooi/san_data/RS03ASHS-PN03B-06-CAMHDA301/2024/07/15/CAMHDA301-20240715T151500.mp4,600,0,blurry,train,full_2023_2024
CAMHDA301-20240715T151500,2024-07-15,/home/jovyan/ooi/san_data/RS03ASHS-PN03B-06-CAMHDA301/2024/07/15/CAMHDA301-20240715T151500.mp4,570,0,blurry,train,full_2023_2024
CAMHDA301-20240715T181500,2024-07-15,/home/jovyan/ooi/san_data/RS03ASHS-PN03B-06-CAMHDA301/2024/07/15/CAMHDA301-20240715T181500.mp4,420,1,blurry,train,full_2023_2024
CAMHDA301-20240715T211500,2024-07-15,/home/jovyan/ooi/san_data/RS03ASHS-PN03B-06-CAMHDA301/2024/07/15/CAMHDA301-20240715T211500.mp4,420,1,blurry,train,full_2023_2024
CAMHDA301-20240722T001500,2024-07-22,/home/jovyan/ooi/san_data/RS03ASHS-PN03B-06-CAMHDA301/2024/07/22/CAMHDA301-20240722T001500.mp4,420,1,blurry,test,full_2023_2024
CAMHDA301-20240722T031500,2024-07-22,/home/jovyan/ooi/san_data/RS03ASHS-PN03B-06-CAMHDA301/2024/07/22/CAMHDA301-20240722T031500.mp4,420,1,blurry,test,full_2023_2024
CAMHDA301-20240722T061500,2024-07-22,/home/jovyan/ooi/san_data/RS03ASHS-PN03B-06-CAMHDA301/2024/07/22/CAMHDA301-20240722T061500.mp4,30,0,blurry,test,full_2023_2024
CAMHDA301-20240722T061500,2024-07-22,/home/jovyan/ooi/san_data/RS03ASHS-PN03B-06-CAMHDA301/2024/07/22/CAMHDA301-20240722T061500.mp4,510,0,blurry,test,full_2023_2024
CAMHDA301-20240722T061500,2024-07-22,/home/jovyan/ooi/san_data/RS03ASHS-PN03B-06-CAMHDA301/2024/07/22/CAMHDA301-20240722T061500.mp4,120,0,blurry,test,full_2023_2024
CAMHDA301-20240722T061500,2024-07-22,/home/jovyan/ooi/san_data/RS03ASHS-PN03B-06-CAMHDA301/2024/07/22/CAMHDA301-20240722T061500.mp4,150,0,blurry,test,full_2023_2024
CAMHDA301-20240722T091500,2024-07-22,/home/jovyan/ooi/san_data/RS03ASHS-PN03B-06-CAMHDA301/2024/07/22/CAMHDA301-20240722T091500.mp4,330,0,blurry,test,full_2023_2024
CAMHDA301-20240722T091500,2024-07-22,/home/jovyan/ooi/san_data/RS03ASHS-PN03B-06-CAMHDA301/2024/07/22/CAMHDA301-20240722T091500.mp4,210,0,blurry,test,full_2023_2024
CAMHDA301-20240722T091500,2024-07-22,/home/jovyan/ooi/san_data/RS03ASHS-PN03B-06-CAMHDA301/2024/07/22/CAMHDA301-20240722T091500.mp4,840,0,blurry,test,full_2023_2024
CAMHDA301-20240722T091500,2024-07-22,/home/jovyan/ooi/san_data/RS03ASHS-PN03B-06-CAMHDA301/2024/07/22/CAMHDA301-20240722T091500.mp4,540,0,blurry,test,full_2023_2024
CAMHDA301-20240722T121500,2024-07-22,/home/jovyan/ooi/san_data/RS03ASHS-PN03B-06-CAMHDA301/2024/07/22/CAMHDA301-20240722T121500.mp4,420,1,blurry,test,full_2023_2024
CAMHDA301-20240722T151500,2024-07-22,/home/jovyan/ooi/san_data/RS03ASHS-PN03B-06-CAMHDA301/2024/07/22/CAMHDA301-20240722T151500.mp4,420,1,blurry,test,full_2023_2024
CAMHDA301-20240722T181500,2024-07-22,/home/jovyan/ooi/san_data/RS03ASHS-PN03B-06-CAMHDA301/2024/07/22/CAMHDA301-20240722T181500.mp4,420,1,blurry,test,full_2023_2024
CAMHDA301-20240722T211500,2024-07-22,/home/jovyan/ooi/san_data/RS03ASHS-PN03B-06-CAMHDA301/2024/07/22/CAMHDA301-20240722T211500.mp4,420,1,blurry,test,full_2023_2024
CAMHDA301-20240729T001500,2024-07-29,/home/jovyan/ooi/san_data/RS03ASHS-PN03B-06-CAMHDA301/2024/07/29/CAMHDA301-20240729T001500.mp4,420,1,blurry,train,full_2023_2024
CAMHDA301-20240729T031500,2024-07-29,/home/jovyan/ooi/san_data/RS03ASHS-PN03B-06-CAMHDA301/2024/07/29/CAMHDA301-20240729T031500.mp4,420,1,blurry,train,full_2023_2024
CAMHDA301-20240729T061500,2024-07-29,/home/jovyan/ooi/san_data/RS03ASHS-PN03B-06-CAMHDA301/2024/07/29/CAMHDA301-20240729T061500.mp4,450,1,blurry,train,full_2023_2024
CAMHDA301-20240729T091500,2024-07-29,/home/jovyan/ooi/san_data/RS03ASHS-PN03B-06-CAMHDA301/2024/07/29/CAMHDA301-20240729T091500.mp4,420,1,blurry,train,full_2023_2024
CAMHDA301-20240729T121500,2024-07-29,/home/jovyan/ooi/san_data/RS03ASHS-PN03B-06-CAMHDA301/2024/07/29/CAMHDA301-20240729T121500.mp4,420,1,blurry,train,full_2023_2024
CAMHDA301-20240729T151500,2024-07-29,/home/jovyan/ooi/san_data/RS03ASHS-PN03B-06-CAMHDA301/2024/07/29/CAMHDA301-20240729T151500.mp4,420,1,blurry,train,full_2023_2024
CAMHDA301-20240729T181500,2024-07-29,/home/jovyan/ooi/san_data/RS03ASHS-PN03B-06-CAMHDA301/2024/07/29/CAMHDA301-20240729T181500.mp4,420,1,blurry,train,full_2023_2024
CAMHDA301-20240729T211500,2024-07-29,/home/jovyan/ooi/san_data/RS03ASHS-PN03B-06-CAMHDA301/2024/07/29/CAMHDA301-20240729T211500.mp4,420,1,blurry,train,full_2023_2024
CAMHDA301-20240805T001500,2024-08-05,/home/jovyan/ooi/san_data/RS03ASHS-PN03B-06-CAMHDA301/2024/08/05/CAMHDA301-20240805T001500.mp4,420,1,blurry,train,full_2023_2024
CAMHDA301-20240805T031500,2024-08-05,/home/jovyan/ooi/san_data/RS03ASHS-PN03B-06-CAMHDA301/2024/08/05/CAMHDA301-20240805T031500.mp4,420,1,blurry,train,full_2023_2024
CAMHDA301-20240805T061500,2024-08-05,/home/jovyan/ooi/san_data/RS03ASHS-PN03B-06-CAMHDA301/2024/08/05/CAMHDA301-20240805T061500.mp4,210,0,blurry,train,full_2023_2024
CAMHDA301-20240805T061500,2024-08-05,/home/jovyan/ooi/san_data/RS03ASHS-PN03B-06-CAMHDA301/2024/08/05/CAMHDA301-20240805T061500.mp4,570,0,blurry,train,full_2023_2024
CAMHDA301-20240805T061500,2024-08-05,/home/jovyan/ooi/san_data/RS03ASHS-PN03B-06-CAMHDA301/2024/08/05/CAMHDA301-20240805T061500.mp4,300,0,blurry,train,full_2023_2024
CAMHDA301-20240805T061500,2024-08-05,/home/jovyan/ooi/san_data/RS03ASHS-PN03B-06-CAMHDA301/2024/08/05/CAMHDA301-20240805T061500.mp4,90,0,blurry,train,full_2023_2024
CAMHDA301-20240805T091500,2024-08-05,/home/jovyan/ooi/san_data/RS03ASHS-PN03B-06-CAMHDA301/2024/08/05/CAMHDA301-20240805T091500.mp4,420,1,blurry,train,full_2023_2024
CAMHDA301-20240805T121500,2024-08-05,/home/jovyan/ooi/san_data/RS03ASHS-PN03B-06-CAMHDA301/2024/08/05/CAMHDA301-20240805T121500.mp4,420,1,blurry,train,full_2023_2024
CAMHDA301-20240805T151500,2024-08-05,/home/jovyan/ooi/san_data/RS03ASHS-PN03B-06-CAMHDA301/2024/08/05/CAMHDA301-20240805T151500.mp4,420,1,blurry,train,full_2023_2024
CAMHDA301-20240805T181500,2024-08-05,/home/jovyan/ooi/san_data/RS03ASHS-PN03B-06-CAMHDA301/2024/08/05/CAMHDA301-20240805T181500.mp4,450,1,blurry,train,full_2023_2024
CAMHDA301-20240805T211500,2024-08-05,/home/jovyan/ooi/san_data/RS03ASHS-PN03B-06-CAMHDA301/2024/08/05/CAMHDA301-20240805T211500.mp4,450,1,blurry,train,full_2023_2024
CAMHDA301-20240812T001500,2024-08-12,/home/jovyan/ooi/san_data/RS03ASHS-PN03B-06-CAMHDA301/2024/08/12/CAMHDA301-20240812T001500.mp4,420,1,blurry,val,full_2023_2024
CAMHDA301-20240812T031500,2024-08-12,/home/jovyan/ooi/san_data/RS03ASHS-PN03B-06-CAMHDA301/2024/08/12/CAMHDA301-20240812T031500.mp4,300,0,blurry,val,full_2023_2024
CAMHDA301-20240812T031500,2024-08-12,/home/jovyan/ooi/san_data/RS03ASHS-PN03B-06-CAMHDA301/2024/08/12/CAMHDA301-20240812T031500.mp4,240,0,blurry,val,full_2023_2024
CAMHDA301-20240812T031500,2024-08-12,/home/jovyan/ooi/san_data/RS03ASHS-PN03B-06-CAMHDA301/2024/08/12/CAMHDA301-20240812T031500.mp4,390,0,blurry,val,full_2023_2024
CAMHDA301-20240812T031500,2024-08-12,/home/jovyan/ooi/san_data/RS03ASHS-PN03B-06-CAMHDA301/2024/08/12/CAMHDA301-20240812T031500.mp4,150,0,blurry,val,full_2023_2024
CAMHDA301-20240812T061500,2024-08-12,/home/jovyan/ooi/san_data/RS03ASHS-PN03B-06-CAMHDA301/2024/08/12/CAMHDA301-20240812T061500.mp4,330,0,blurry,val,full_2023_2024
CAMHDA301-20240812T061500,2024-08-12,/home/jovyan/ooi/san_data/RS03ASHS-PN03B-06-CAMHDA301/2024/08/12/CAMHDA301-20240812T061500.mp4,390,0,blurry,val,full_2023_2024
CAMHDA301-20240812T061500,2024-08-12,/home/jovyan/ooi/san_data/RS03ASHS-PN03B-06-CAMHDA301/2024/08/12/CAMHDA301-20240812T061500.mp4,540,0,blurry,val,full_2023_2024
CAMHDA301-20240812T061500,2024-08-12,/home/jovyan/ooi/san_data/RS03ASHS-PN03B-06-CAMHDA301/2024/08/12/CAMHDA301-20240812T061500.mp4,60,0,blurry,val,full_2023_2024
CAMHDA301-20240812T091500,2024-08-12,/home/jovyan/ooi/san_data/RS03ASHS-PN03B-06-CAMHDA301/2024/08/12/CAMHDA301-20240812T091500.mp4,480,0,blurry,val,full_2023_2024
CAMHDA301-20240812T091500,2024-08-12,/home/jovyan/ooi/san_data/RS03ASHS-PN03B-06-CAMHDA301/2024/08/12/CAMHDA301-20240812T091500.mp4,600,0,blurry,val,full_2023_2024
CAMHDA301-20240812T091500,2024-08-12,/home/jovyan/ooi/san_data/RS03ASHS-PN03B-06-CAMHDA301/2024/08/12/CAMHDA301-20240812T091500.mp4,630,0,blurry,val,full_2023_2024
CAMHDA301-20240812T091500,2024-08-12,/home/jovyan/ooi/san_data/RS03ASHS-PN03B-06-CAMHDA301/2024/08/12/CAMHDA301-20240812T091500.mp4,210,0,blurry,val,full_2023_2024
CAMHDA301-20240812T121500,2024-08-12,/home/jovyan/ooi/san_data/RS03ASHS-PN03B-06-CAMHDA301/2024/08/12/CAMHDA301-20240812T121500.mp4,120,0,blurry,val,full_2023_2024
CAMHDA301-20240812T121500,2024-08-12,/home/jovyan/ooi/san_data/RS03ASHS-PN03B-06-CAMHDA301/2024/08/12/CAMHDA301-20240812T121500.mp4,840,0,blurry,val,full_2023_2024
CAMHDA301-20240812T121500,2024-08-12,/home/jovyan/ooi/san_data/RS03ASHS-PN03B-06-CAMHDA301/2024/08/12/CAMHDA301-20240812T121500.mp4,780,0,blurry,val,full_2023_2024
CAMHDA301-20240812T121500,2024-08-12,/home/jovyan/ooi/san_data/RS03ASHS-PN03B-06-CAMHDA301/2024/08/12/CAMHDA301-20240812T121500.mp4,270,0,blurry,val,full_2023_2024
CAMHDA301-20240812T151500,2024-08-12,/home/jovyan/ooi/san_data/RS03ASHS-PN03B-06-CAMHDA301/2024/08/12/CAMHDA301-20240812T151500.mp4,150,0,blurry,val,full_2023_2024
CAMHDA301-20240812T151500,2024-08-12,/home/jovyan/ooi/san_data/RS03ASHS-PN03B-06-CAMHDA301/2024/08/12/CAMHDA301-20240812T151500.mp4,570,0,blurry,val,full_2023_2024
CAMHDA301-20240812T151500,2024-08-12,/home/jovyan/ooi/san_data/RS03ASHS-PN03B-06-CAMHDA301/2024/08/12/CAMHDA301-20240812T151500.mp4,180,0,blurry,val,full_2023_2024
CAMHDA301-20240812T151500,2024-08-12,/home/jovyan/ooi/san_data/RS03ASHS-PN03B-06-CAMHDA301/2024/08/12/CAMHDA301-20240812T151500.mp4,360,0,blurry,val,full_2023_2024
CAMHDA301-20240812T181500,2024-08-12,/home/jovyan/ooi/san_data/RS03ASHS-PN03B-06-CAMHDA301/2024/08/12/CAMHDA301-20240812T181500.mp4,810,0,blurry,val,full_2023_2024
CAMHDA301-20240812T181500,2024-08-12,/home/jovyan/ooi/san_data/RS03ASHS-PN03B-06-CAMHDA301/2024/08/12/CAMHDA301-20240812T181500.mp4,420,0,blurry,val,full_2023_2024
CAMHDA301-20240812T181500,2024-08-12,/home/jovyan/ooi/san_data/RS03ASHS-PN03B-06-CAMHDA301/2024/08/12/CAMHDA301-20240812T181500.mp4,270,0,blurry,val,full_2023_2024
CAMHDA301-20240812T181500,2024-08-12,/home/jovyan/ooi/san_data/RS03ASHS-PN03B-06-CAMHDA301/2024/08/12/CAMHDA301-20240812T181500.mp4,690,0,blurry,val,full_2023_2024
CAMHDA301-20240812T211500,2024-08-12,/home/jovyan/ooi/san_data/RS03ASHS-PN03B-06-CAMHDA301/2024/08/12/CAMHDA301-20240812T211500.mp4,360,0,blurry,val,full_2023_2024
CAMHDA301-20240812T211500,2024-08-12,/home/jovyan/ooi/san_data/RS03ASHS-PN03B-06-CAMHDA301/2024/08/12/CAMHDA301-20240812T211500.mp4,540,0,blurry,val,full_2023_2024
CAMHDA301-20240812T211500,2024-08-12,/home/jovyan/ooi/san_data/RS03ASHS-PN03B-06-CAMHDA301/2024/08/12/CAMHDA301-20240812T211500.mp4,300,0,blurry,val,full_2023_2024
CAMHDA301-20240812T211500,2024-08-12,/home/jovyan/ooi/san_data/RS03ASHS-PN03B-06-CAMHDA301/2024/08/12/CAMHDA301-20240812T211500.mp4,660,0,blurry,val,full_2023_2024
CAMHDA301-20240819T001500,2024-08-19,/home/jovyan/ooi/san_data/RS03ASHS-PN03B-06-CAMHDA301/2024/08/19/CAMHDA301-20240819T001500.mp4,510,0,blurry,test,full_2023_2024
CAMHDA301-20240819T001500,2024-08-19,/home/jovyan/ooi/san_data/RS03ASHS-PN03B-06-CAMHDA301/2024/08/19/CAMHDA301-20240819T001500.mp4,150,0,blurry,test,full_2023_2024
CAMHDA301-20240819T001500,2024-08-19,/home/jovyan/ooi/san_data/RS03ASHS-PN03B-06-CAMHDA301/2024/08/19/CAMHDA301-20240819T001500.mp4,570,0,blurry,test,full_2023_2024
CAMHDA301-20240819T001500,2024-08-19,/home/jovyan/ooi/san_data/RS03ASHS-PN03B-06-CAMHDA301/2024/08/19/CAMHDA301-20240819T001500.mp4,390,0,blurry,test,full_2023_2024
CAMHDA301-20240819T031500,2024-08-19,/home/jovyan/ooi/san_data/RS03ASHS-PN03B-06-CAMHDA301/2024/08/19/CAMHDA301-20240819T031500.mp4,360,0,blurry,test,full_2023_2024
CAMHDA301-20240819T031500,2024-08-19,/home/jovyan/ooi/san_data/RS03ASHS-PN03B-06-CAMHDA301/2024/08/19/CAMHDA301-20240819T031500.mp4,750,0,blurry,test,full_2023_2024
CAMHDA301-20240819T031500,2024-08-19,/home/jovyan/ooi/san_data/RS03ASHS-PN03B-06-CAMHDA301/2024/08/19/CAMHDA301-20240819T031500.mp4,330,0,blurry,test,full_2023_2024
CAMHDA301-20240819T031500,2024-08-19,/home/jovyan/ooi/san_data/RS03ASHS-PN03B-06-CAMHDA301/2024/08/19/CAMHDA301-20240819T031500.mp4,630,0,blurry,test,full_2023_2024
CAMHDA301-20240819T061500,2024-08-19,/home/jovyan/ooi/san_data/RS03ASHS-PN03B-06-CAMHDA301/2024/08/19/CAMHDA301-20240819T061500.mp4,150,0,blurry,test,full_2023_2024
CAMHDA301-20240819T061500,2024-08-19,/home/jovyan/ooi/san_data/RS03ASHS-PN03B-06-CAMHDA301/2024/08/19/CAMHDA301-20240819T061500.mp4,750,0,blurry,test,full_2023_2024
CAMHDA301-20240819T061500,2024-08-19,/home/jovyan/ooi/san_data/RS03ASHS-PN03B-06-CAMHDA301/2024/08/19/CAMHDA301-20240819T061500.mp4,30,0,blurry,test,full_2023_2024
CAMHDA301-20240819T061500,2024-08-19,/home/jovyan/ooi/san_data/RS03ASHS-PN03B-06-CAMHDA301/2024/08/19/CAMHDA301-20240819T061500.mp4,420,0,blurry,test,full_2023_2024
CAMHDA301-20240819T091500,2024-08-19,/home/jovyan/ooi/san_data/RS03ASHS-PN03B-06-CAMHDA301/2024/08/19/CAMHDA301-20240819T091500.mp4,120,0,blurry,test,full_2023_2024
CAMHDA301-20240819T091500,2024-08-19,/home/jovyan/ooi/san_data/RS03ASHS-PN03B-06-CAMHDA301/2024/08/19/CAMHDA301-20240819T091500.mp4,270,0,blurry,test,full_2023_2024
CAMHDA301-20240819T091500,2024-08-19,/home/jovyan/ooi/san_data/RS03ASHS-PN03B-06-CAMHDA301/2024/08/19/CAMHDA301-20240819T091500.mp4,240,0,blurry,test,full_2023_2024
CAMHDA301-20240819T091500,2024-08-19,/home/jovyan/ooi/san_data/RS03ASHS-PN03B-06-CAMHDA301/2024/08/19/CAMHDA301-20240819T091500.mp4,60,0,blurry,test,full_2023_2024
CAMHDA301-20240819T121500,2024-08-19,/home/jovyan/ooi/san_data/RS03ASHS-PN03B-06-CAMHDA301/2024/08/19/CAMHDA301-20240819T121500.mp4,600,0,blurry,test,full_2023_2024
CAMHDA301-20240819T121500,2024-08-19,/home/jovyan/ooi/san_data/RS03ASHS-PN03B-06-CAMHDA301/2024/08/19/CAMHDA301-20240819T121500.mp4,450,0,blurry,test,full_2023_2024
CAMHDA301-20240819T121500,2024-08-19,/home/jovyan/ooi/san_data/RS03ASHS-PN03B-06-CAMHDA301/2024/08/19/CAMHDA301-20240819T121500.mp4,570,0,blurry,test,full_2023_2024
CAMHDA301-20240819T121500,2024-08-19,/home/jovyan/ooi/san_data/RS03ASHS-PN03B-06-CAMHDA301/2024/08/19/CAMHDA301-20240819T121500.mp4,720,0,blurry,test,full_2023_2024
CAMHDA301-20240819T151500,2024-08-19,/home/jovyan/ooi/san_data/RS03ASHS-PN03B-06-CAMHDA301/2024/08/19/CAMHDA301-20240819T151500.mp4,510,0,blurry,test,full_2023_2024
CAMHDA301-20240819T151500,2024-08-19,/home/jovyan/ooi/san_data/RS03ASHS-PN03B-06-CAMHDA301/2024/08/19/CAMHDA301-20240819T151500.mp4,720,0,blurry,test,full_2023_2024
CAMHDA301-20240819T151500,2024-08-19,/home/jovyan/ooi/san_data/RS03ASHS-PN03B-06-CAMHDA301/2024/08/19/CAMHDA301-20240819T151500.mp4,30,0,blurry,test,full_2023_2024
CAMHDA301-20240819T151500,2024-08-19,/home/jovyan/ooi/san_data/RS03ASHS-PN03B-06-CAMHDA301/2024/08/19/CAMHDA301-20240819T151500.mp4,690,0,blurry,test,full_2023_2024
CAMHDA301-20240819T181500,2024-08-19,/home/jovyan/ooi/san_data/RS03ASHS-PN03B-06-CAMHDA301/2024/08/19/CAMHDA301-20240819T181500.mp4,240,0,blurry,test,full_2023_2024
CAMHDA301-20240819T181500,2024-08-19,/home/jovyan/ooi/san_data/RS03ASHS-PN03B-06-CAMHDA301/2024/08/19/CAMHDA301-20240819T181500.mp4,180,0,blurry,test,full_2023_2024
CAMHDA301-20240819T181500,2024-08-19,/home/jovyan/ooi/san_data/RS03ASHS-PN03B-06-CAMHDA301/2024/08/19/CAMHDA301-20240819T181500.mp4,360,0,blurry,test,full_2023_2024
CAMHDA301-20240819T181500,2024-08-19,/home/jovyan/ooi/san_data/RS03ASHS-PN03B-06-CAMHDA301/2024/08/19/CAMHDA301-20240819T181500.mp4,450,0,blurry,test,full_2023_2024
CAMHDA301-20240819T211500,2024-08-19,/home/jovyan/ooi/san_data/RS03ASHS-PN03B-06-CAMHDA301/2024/08/19/CAMHDA301-20240819T211500.mp4,450,0,blurry,test,full_2023_2024
CAMHDA301-20240819T211500,2024-08-19,/home/jovyan/ooi/san_data/RS03ASHS-PN03B-06-CAMHDA301/2024/08/19/CAMHDA301-20240819T211500.mp4,690,0,blurry,test,full_2023_2024
CAMHDA301-20240819T211500,2024-08-19,/home/jovyan/ooi/san_data/RS03ASHS-PN03B-06-CAMHDA301/2024/08/19/CAMHDA301-20240819T211500.mp4,270,0,blurry,test,full_2023_2024
CAMHDA301-20240819T211500,2024-08-19,/home/jovyan/ooi/san_data/RS03ASHS-PN03B-06-CAMHDA301/2024/08/19/CAMHDA301-20240819T211500.mp4,780,0,blurry,test,full_2023_2024
CAMHDA301-20240826T001500,2024-08-26,/home/jovyan/ooi/san_data/RS03ASHS-PN03B-06-CAMHDA301/2024/08/26/CAMHDA301-20240826T001500.mp4,720,0,blurry,train,full_2023_2024
CAMHDA301-20240826T001500,2024-08-26,/home/jovyan/ooi/san_data/RS03ASHS-PN03B-06-CAMHDA301/2024/08/26/CAMHDA301-20240826T001500.mp4,600,0,blurry,train,full_2023_2024
CAMHDA301-20240826T001500,2024-08-26,/home/jovyan/ooi/san_data/RS03ASHS-PN03B-06-CAMHDA301/2024/08/26/CAMHDA301-20240826T001500.mp4,150,0,blurry,train,full_2023_2024
CAMHDA301-20240826T001500,2024-08-26,/home/jovyan/ooi/san_data/RS03ASHS-PN03B-06-CAMHDA301/2024/08/26/CAMHDA301-20240826T001500.mp4,840,0,blurry,train,full_2023_2024
CAMHDA301-20240826T031500,2024-08-26,/home/jovyan/ooi/san_data/RS03ASHS-PN03B-06-CAMHDA301/2024/08/26/CAMHDA301-20240826T031500.mp4,390,0,blurry,train,full_2023_2024
CAMHDA301-20240826T031500,2024-08-26,/home/jovyan/ooi/san_data/RS03ASHS-PN03B-06-CAMHDA301/2024/08/26/CAMHDA301-20240826T031500.mp4,90,0,blurry,train,full_2023_2024
CAMHDA301-20240826T031500,2024-08-26,/home/jovyan/ooi/san_data/RS03ASHS-PN03B-06-CAMHDA301/2024/08/26/CAMHDA301-20240826T031500.mp4,840,0,blurry,train,full_2023_2024
CAMHDA301-20240826T031500,2024-08-26,/home/jovyan/ooi/san_data/RS03ASHS-PN03B-06-CAMHDA301/2024/08/26/CAMHDA301-20240826T031500.mp4,600,0,blurry,train,full_2023_2024
CAMHDA301-20240826T061500,2024-08-26,/home/jovyan/ooi/san_data/RS03ASHS-PN03B-06-CAMHDA301/2024/08/26/CAMHDA301-20240826T061500.mp4,120,0,blurry,train,full_2023_2024
CAMHDA301-20240826T061500,2024-08-26,/home/jovyan/ooi/san_data/RS03ASHS-PN03B-06-CAMHDA301/2024/08/26/CAMHDA301-20240826T061500.mp4,300,0,blurry,train,full_2023_2024
CAMHDA301-20240826T061500,2024-08-26,/home/jovyan/ooi/san_data/RS03ASHS-PN03B-06-CAMHDA301/2024/08/26/CAMHDA301-20240826T061500.mp4,840,0,blurry,train,full_2023_2024
CAMHDA301-20240826T061500,2024-08-26,/home/jovyan/ooi/san_data/RS03ASHS-PN03B-06-CAMHDA301/2024/08/26/CAMHDA301-20240826T061500.mp4,720,0,blurry,train,full_2023_2024
CAMHDA301-20240826T091500,2024-08-26,/home/jovyan/ooi/san_data/RS03ASHS-PN03B-06-CAMHDA301/2024/08/26/CAMHDA301-20240826T091500.mp4,360,0,blurry,train,full_2023_2024
CAMHDA301-20240826T091500,2024-08-26,/home/jovyan/ooi/san_data/RS03ASHS-PN03B-06-CAMHDA301/2024/08/26/CAMHDA301-20240826T091500.mp4,180,0,blurry,train,full_2023_2024
CAMHDA301-20240826T091500,2024-08-26,/home/jovyan/ooi/san_data/RS03ASHS-PN03B-06-CAMHDA301/2024/08/26/CAMHDA301-20240826T091500.mp4,420,0,blurry,train,full_2023_2024
CAMHDA301-20240826T091500,2024-08-26,/home/jovyan/ooi/san_data/RS03ASHS-PN03B-06-CAMHDA301/2024/08/26/CAMHDA301-20240826T091500.mp4,780,0,blurry,train,full_2023_2024
CAMHDA301-20240826T121500,2024-08-26,/home/jovyan/ooi/san_data/RS03ASHS-PN03B-06-CAMHDA301/2024/08/26/CAMHDA301-20240826T121500.mp4,330,0,blurry,train,full_2023_2024
CAMHDA301-20240826T121500,2024-08-26,/home/jovyan/ooi/san_data/RS03ASHS-PN03B-06-CAMHDA301/2024/08/26/CAMHDA301-20240826T121500.mp4,150,0,blurry,train,full_2023_2024
CAMHDA301-20240826T121500,2024-08-26,/home/jovyan/ooi/san_data/RS03ASHS-PN03B-06-CAMHDA301/2024/08/26/CAMHDA301-20240826T121500.mp4,120,0,blurry,train,full_2023_2024
CAMHDA301-20240826T121500,2024-08-26,/home/jovyan/ooi/san_data/RS03ASHS-PN03B-06-CAMHDA301/2024/08/26/CAMHDA301-20240826T121500.mp4,660,0,blurry,train,full_2023_2024
CAMHDA301-20240826T151500,2024-08-26,/home/jovyan/ooi/san_data/RS03ASHS-PN03B-06-CAMHDA301/2024/08/26/CAMHDA301-20240826T151500.mp4,480,0,blurry,train,full_2023_2024
CAMHDA301-20240826T151500,2024-08-26,/home/jovyan/ooi/san_data/RS03ASHS-PN03B-06-CAMHDA301/2024/08/26/CAMHDA301-20240826T151500.mp4,390,0,blurry,train,full_2023_2024
CAMHDA301-20240826T151500,2024-08-26,/home/jovyan/ooi/san_data/RS03ASHS-PN03B-06-CAMHDA301/2024/08/26/CAMHDA301-20240826T151500.mp4,720,0,blurry,train,full_2023_2024
CAMHDA301-20240826T151500,2024-08-26,/home/jovyan/ooi/san_data/RS03ASHS-PN03B-06-CAMHDA301/2024/08/26/CAMHDA301-20240826T151500.mp4,420,0,blurry,train,full_2023_2024
CAMHDA301-20240826T181500,2024-08-26,/home/jovyan/ooi/san_data/RS03ASHS-PN03B-06-CAMHDA301/2024/08/26/CAMHDA301-20240826T181500.mp4,60,0,blurry,train,full_2023_2024
CAMHDA301-20240826T181500,2024-08-26,/home/jovyan/ooi/san_data/RS03ASHS-PN03B-06-CAMHDA301/2024/08/26/CAMHDA301-20240826T181500.mp4,330,0,blurry,train,full_2023_2024
CAMHDA301-20240826T181500,2024-08-26,/home/jovyan/ooi/san_data/RS03ASHS-PN03B-06-CAMHDA301/2024/08/26/CAMHDA301-20240826T181500.mp4,510,0,blurry,train,full_2023_2024
CAMHDA301-20240826T181500,2024-08-26,/home/jovyan/ooi/san_data/RS03ASHS-PN03B-06-CAMHDA301/2024/08/26/CAMHDA301-20240826T181500.mp4,630,0,blurry,train,full_2023_2024
CAMHDA301-20240826T211500,2024-08-26,/home/jovyan/ooi/san_data/RS03ASHS-PN03B-06-CAMHDA301/2024/08/26/CAMHDA301-20240826T211500.mp4,510,0,blurry,train,full_2023_2024
CAMHDA301-20240826T211500,2024-08-26,/home/jovyan/ooi/san_data/RS03ASHS-PN03B-06-CAMHDA301/2024/08/26/CAMHDA301-20240826T211500.mp4,630,0,blurry,train,full_2023_2024
CAMHDA301-20240826T211500,2024-08-26,/home/jovyan/ooi/san_data/RS03ASHS-PN03B-06-CAMHDA301/2024/08/26/CAMHDA301-20240826T211500.mp4,360,0,blurry,train,full_2023_2024
CAMHDA301-20240826T211500,2024-08-26,/home/jovyan/ooi/san_data/RS03ASHS-PN03B-06-CAMHDA301/2024/08/26/CAMHDA301-20240826T211500.mp4,600,0,blurry,train,full_2023_2024
CAMHDA301-20240902T001500,2024-09-02,/home/jovyan/ooi/san_data/RS03ASHS-PN03B-06-CAMHDA301/2024/09/02/CAMHDA301-20240902T001500.mp4,630,0,blurry,train,full_2023_2024
CAMHDA301-20240902T001500,2024-09-02,/home/jovyan/ooi/san_data/RS03ASHS-PN03B-06-CAMHDA301/2024/09/02/CAMHDA301-20240902T001500.mp4,30,0,blurry,train,full_2023_2024
CAMHDA301-20240902T001500,2024-09-02,/home/jovyan/ooi/san_data/RS03ASHS-PN03B-06-CAMHDA301/2024/09/02/CAMHDA301-20240902T001500.mp4,240,0,blurry,train,full_2023_2024
CAMHDA301-20240902T001500,2024-09-02,/home/jovyan/ooi/san_data/RS03ASHS-PN03B-06-CAMHDA301/2024/09/02/CAMHDA301-20240902T001500.mp4,300,0,blurry,train,full_2023_2024
CAMHDA301-20240902T031500,2024-09-02,/home/jovyan/ooi/san_data/RS03ASHS-PN03B-06-CAMHDA301/2024/09/02/CAMHDA301-20240902T031500.mp4,600,0,blurry,train,full_2023_2024
CAMHDA301-20240902T031500,2024-09-02,/home/jovyan/ooi/san_data/RS03ASHS-PN03B-06-CAMHDA301/2024/09/02/CAMHDA301-20240902T031500.mp4,360,0,blurry,train,full_2023_2024
CAMHDA301-20240902T031500,2024-09-02,/home/jovyan/ooi/san_data/RS03ASHS-PN03B-06-CAMHDA301/2024/09/02/CAMHDA301-20240902T031500.mp4,300,0,blurry,train,full_2023_2024
CAMHDA301-20240902T031500,2024-09-02,/home/jovyan/ooi/san_data/RS03ASHS-PN03B-06-CAMHDA301/2024/09/02/CAMHDA301-20240902T031500.mp4,780,0,blurry,train,full_2023_2024
CAMHDA301-20240902T061500,2024-09-02,/home/jovyan/ooi/san_data/RS03ASHS-PN03B-06-CAMHDA301/2024/09/02/CAMHDA301-20240902T061500.mp4,630,0,blurry,train,full_2023_2024
CAMHDA301-20240902T061500,2024-09-02,/home/jovyan/ooi/san_data/RS03ASHS-PN03B-06-CAMHDA301/2024/09/02/CAMHDA301-20240902T061500.mp4,450,0,blurry,train,full_2023_2024
CAMHDA301-20240902T061500,2024-09-02,/home/jovyan/ooi/san_data/RS03ASHS-PN03B-06-CAMHDA301/2024/09/02/CAMHDA301-20240902T061500.mp4,720,0,blurry,train,full_2023_2024
CAMHDA301-20240902T061500,2024-09-02,/home/jovyan/ooi/san_data/RS03ASHS-PN03B-06-CAMHDA301/2024/09/02/CAMHDA301-20240902T061500.mp4,360,0,blurry,train,full_2023_2024
CAMHDA301-20240902T091500,2024-09-02,/home/jovyan/ooi/san_data/RS03ASHS-PN03B-06-CAMHDA301/2024/09/02/CAMHDA301-20240902T091500.mp4,330,0,blurry,train,full_2023_2024
CAMHDA301-20240902T091500,2024-09-02,/home/jovyan/ooi/san_data/RS03ASHS-PN03B-06-CAMHDA301/2024/09/02/CAMHDA301-20240902T091500.mp4,90,0,blurry,train,full_2023_2024
CAMHDA301-20240902T091500,2024-09-02,/home/jovyan/ooi/san_data/RS03ASHS-PN03B-06-CAMHDA301/2024/09/02/CAMHDA301-20240902T091500.mp4,510,0,blurry,train,full_2023_2024
CAMHDA301-20240902T091500,2024-09-02,/home/jovyan/ooi/san_data/RS03ASHS-PN03B-06-CAMHDA301/2024/09/02/CAMHDA301-20240902T091500.mp4,660,0,blurry,train,full_2023_2024
CAMHDA301-20240902T121500,2024-09-02,/home/jovyan/ooi/san_data/RS03ASHS-PN03B-06-CAMHDA301/2024/09/02/CAMHDA301-20240902T121500.mp4,480,0,blurry,train,full_2023_2024
CAMHDA301-20240902T121500,2024-09-02,/home/jovyan/ooi/san_data/RS03ASHS-PN03B-06-CAMHDA301/2024/09/02/CAMHDA301-20240902T121500.mp4,720,0,blurry,train,full_2023_2024
CAMHDA301-20240902T121500,2024-09-02,/home/jovyan/ooi/san_data/RS03ASHS-PN03B-06-CAMHDA301/2024/09/02/CAMHDA301-20240902T121500.mp4,60,0,blurry,train,full_2023_2024
CAMHDA301-20240902T121500,2024-09-02,/home/jovyan/ooi/san_data/RS03ASHS-PN03B-06-CAMHDA301/2024/09/02/CAMHDA301-20240902T121500.mp4,300,0,blurry,train,full_2023_2024
CAMHDA301-20240902T151500,2024-09-02,/home/jovyan/ooi/san_data/RS03ASHS-PN03B-06-CAMHDA301/2024/09/02/CAMHDA301-20240902T151500.mp4,510,0,blurry,train,full_2023_2024
CAMHDA301-20240902T151500,2024-09-02,/home/jovyan/ooi/san_data/RS03ASHS-PN03B-06-CAMHDA301/2024/09/02/CAMHDA301-20240902T151500.mp4,810,0,blurry,train,full_2023_2024
CAMHDA301-20240902T151500,2024-09-02,/home/jovyan/ooi/san_data/RS03ASHS-PN03B-06-CAMHDA301/2024/09/02/CAMHDA301-20240902T151500.mp4,450,0,blurry,train,full_2023_2024
CAMHDA301-20240902T151500,2024-09-02,/home/jovyan/ooi/san_data/RS03ASHS-PN03B-06-CAMHDA301/2024/09/02/CAMHDA301-20240902T151500.mp4,90,0,blurry,train,full_2023_2024
CAMHDA301-20240902T181500,2024-09-02,/home/jovyan/ooi/san_data/RS03ASHS-PN03B-06-CAMHDA301/2024/09/02/CAMHDA301-20240902T181500.mp4,540,0,blurry,train,full_2023_2024
CAMHDA301-20240902T181500,2024-09-02,/home/jovyan/ooi/san_data/RS03ASHS-PN03B-06-CAMHDA301/2024/09/02/CAMHDA301-20240902T181500.mp4,600,0,blurry,train,full_2023_2024
CAMHDA301-20240902T181500,2024-09-02,/home/jovyan/ooi/san_data/RS03ASHS-PN03B-06-CAMHDA301/2024/09/02/CAMHDA301-20240902T181500.mp4,210,0,blurry,train,full_2023_2024
CAMHDA301-20240902T181500,2024-09-02,/home/jovyan/ooi/san_data/RS03ASHS-PN03B-06-CAMHDA301/2024/09/02/CAMHDA301-20240902T181500.mp4,180,0,blurry,train,full_2023_2024
CAMHDA301-20240902T211500,2024-09-02,/home/jovyan/ooi/san_data/RS03ASHS-PN03B-06-CAMHDA301/2024/09/02/CAMHDA301-20240902T211500.mp4,30,0,blurry,train,full_2023_2024
CAMHDA301-20240902T211500,2024-09-02,/home/jovyan/ooi/san_data/RS03ASHS-PN03B-06-CAMHDA301/2024/09/02/CAMHDA301-20240902T211500.mp4,120,0,blurry,train,full_2023_2024
CAMHDA301-20240902T211500,2024-09-02,/home/jovyan/ooi/san_data/RS03ASHS-PN03B-06-CAMHDA301/2024/09/02/CAMHDA301-20240902T211500.mp4,90,0,blurry,train,full_2023_2024
CAMHDA301-20240902T211500,2024-09-02,/home/jovyan/ooi/san_data/RS03ASHS-PN03B-06-CAMHDA301/2024/09/02/CAMHDA301-20240902T211500.mp4,210,0,blurry,train,full_2023_2024
CAMHDA301-20240909T001500,2024-09-09,/home/jovyan/ooi/san_data/RS03ASHS-PN03B-06-CAMHDA301/2024/09/09/CAMHDA301-20240909T001500.mp4,240,0,blurry,test,full_2023_2024
CAMHDA301-20240909T001500,2024-09-09,/home/jovyan/ooi/san_data/RS03ASHS-PN03B-06-CAMHDA301/2024/09/09/CAMHDA301-20240909T001500.mp4,300,0,blurry,test,full_2023_2024
CAMHDA301-20240909T001500,2024-09-09,/home/jovyan/ooi/san_data/RS03ASHS-PN03B-06-CAMHDA301/2024/09/09/CAMHDA301-20240909T001500.mp4,780,0,blurry,test,full_2023_2024
CAMHDA301-20240909T001500,2024-09-09,/home/jovyan/ooi/san_data/RS03ASHS-PN03B-06-CAMHDA301/2024/09/09/CAMHDA301-20240909T001500.mp4,120,0,blurry,test,full_2023_2024
CAMHDA301-20240909T031500,2024-09-09,/home/jovyan/ooi/san_data/RS03ASHS-PN03B-06-CAMHDA301/2024/09/09/CAMHDA301-20240909T031500.mp4,120,0,blurry,test,full_2023_2024
CAMHDA301-20240909T031500,2024-09-09,/home/jovyan/ooi/san_data/RS03ASHS-PN03B-06-CAMHDA301/2024/09/09/CAMHDA301-20240909T031500.mp4,360,0,blurry,test,full_2023_2024
CAMHDA301-20240909T031500,2024-09-09,/home/jovyan/ooi/san_data/RS03ASHS-PN03B-06-CAMHDA301/2024/09/09/CAMHDA301-20240909T031500.mp4,150,0,blurry,test,full_2023_2024
CAMHDA301-20240909T031500,2024-09-09,/home/jovyan/ooi/san_data/RS03ASHS-PN03B-06-CAMHDA301/2024/09/09/CAMHDA301-20240909T031500.mp4,660,0,blurry,test,full_2023_2024
CAMHDA301-20240909T061500,2024-09-09,/home/jovyan/ooi/san_data/RS03ASHS-PN03B-06-CAMHDA301/2024/09/09/CAMHDA301-20240909T061500.mp4,300,0,blurry,test,full_2023_2024
CAMHDA301-20240909T061500,2024-09-09,/home/jovyan/ooi/san_data/RS03ASHS-PN03B-06-CAMHDA301/2024/09/09/CAMHDA301-20240909T061500.mp4,720,0,blurry,test,full_2023_2024
CAMHDA301-20240909T061500,2024-09-09,/home/jovyan/ooi/san_data/RS03ASHS-PN03B-06-CAMHDA301/2024/09/09/CAMHDA301-20240909T061500.mp4,420,0,blurry,test,full_2023_2024
CAMHDA301-20240909T061500,2024-09-09,/home/jovyan/ooi/san_data/RS03ASHS-PN03B-06-CAMHDA301/2024/09/09/CAMHDA301-20240909T061500.mp4,360,0,blurry,test,full_2023_2024
CAMHDA301-20240909T091500,2024-09-09,/home/jovyan/ooi/san_data/RS03ASHS-PN03B-06-CAMHDA301/2024/09/09/CAMHDA301-20240909T091500.mp4,30,0,blurry,test,full_2023_2024
CAMHDA301-20240909T091500,2024-09-09,/home/jovyan/ooi/san_data/RS03ASHS-PN03B-06-CAMHDA301/2024/09/09/CAMHDA301-20240909T091500.mp4,270,0,blurry,test,full_2023_2024
CAMHDA301-20240909T091500,2024-09-09,/home/jovyan/ooi/san_data/RS03ASHS-PN03B-06-CAMHDA301/2024/09/09/CAMHDA301-20240909T091500.mp4,180,0,blurry,test,full_2023_2024
CAMHDA301-20240909T091500,2024-09-09,/home/jovyan/ooi/san_data/RS03ASHS-PN03B-06-CAMHDA301/2024/09/09/CAMHDA301-20240909T091500.mp4,150,0,blurry,test,full_2023_2024
CAMHDA301-20240909T121500,2024-09-09,/home/jovyan/ooi/san_data/RS03ASHS-PN03B-06-CAMHDA301/2024/09/09/CAMHDA301-20240909T121500.mp4,630,0,blurry,test,full_2023_2024
CAMHDA301-20240909T121500,2024-09-09,/home/jovyan/ooi/san_data/RS03ASHS-PN03B-06-CAMHDA301/2024/09/09/CAMHDA301-20240909T121500.mp4,90,0,blurry,test,full_2023_2024
CAMHDA301-20240909T121500,2024-09-09,/home/jovyan/ooi/san_data/RS03ASHS-PN03B-06-CAMHDA301/2024/09/09/CAMHDA301-20240909T121500.mp4,480,0,blurry,test,full_2023_2024
CAMHDA301-20240909T121500,2024-09-09,/home/jovyan/ooi/san_data/RS03ASHS-PN03B-06-CAMHDA301/2024/09/09/CAMHDA301-20240909T121500.mp4,270,0,blurry,test,full_2023_2024
CAMHDA301-20240909T151500,2024-09-09,/home/jovyan/ooi/san_data/RS03ASHS-PN03B-06-CAMHDA301/2024/09/09/CAMHDA301-20240909T151500.mp4,780,0,blurry,test,full_2023_2024
CAMHDA301-20240909T151500,2024-09-09,/home/jovyan/ooi/san_data/RS03ASHS-PN03B-06-CAMHDA301/2024/09/09/CAMHDA301-20240909T151500.mp4,660,0,blurry,test,full_2023_2024
CAMHDA301-20240909T151500,2024-09-09,/home/jovyan/ooi/san_data/RS03ASHS-PN03B-06-CAMHDA301/2024/09/09/CAMHDA301-20240909T151500.mp4,420,0,blurry,test,full_2023_2024
CAMHDA301-20240909T151500,2024-09-09,/home/jovyan/ooi/san_data/RS03ASHS-PN03B-06-CAMHDA301/2024/09/09/CAMHDA301-20240909T151500.mp4,630,0,blurry,test,full_2023_2024
CAMHDA301-20240909T181500,2024-09-09,/home/jovyan/ooi/san_data/RS03ASHS-PN03B-06-CAMHDA301/2024/09/09/CAMHDA301-20240909T181500.mp4,540,0,blurry,test,full_2023_2024
CAMHDA301-20240909T181500,2024-09-09,/home/jovyan/ooi/san_data/RS03ASHS-PN03B-06-CAMHDA301/2024/09/09/CAMHDA301-20240909T181500.mp4,840,0,blurry,test,full_2023_2024
CAMHDA301-20240909T181500,2024-09-09,/home/jovyan/ooi/san_data/RS03ASHS-PN03B-06-CAMHDA301/2024/09/09/CAMHDA301-20240909T181500.mp4,570,0,blurry,test,full_2023_2024
CAMHDA301-20240909T181500,2024-09-09,/home/jovyan/ooi/san_data/RS03ASHS-PN03B-06-CAMHDA301/2024/09/09/CAMHDA301-20240909T181500.mp4,810,0,blurry,test,full_2023_2024
CAMHDA301-20240909T211500,2024-09-09,/home/jovyan/ooi/san_data/RS03ASHS-PN03B-06-CAMHDA301/2024/09/09/CAMHDA301-20240909T211500.mp4,510,0,blurry,test,full_2023_2024
CAMHDA301-20240909T211500,2024-09-09,/home/jovyan/ooi/san_data/RS03ASHS-PN03B-06-CAMHDA301/2024/09/09/CAMHDA301-20240909T211500.mp4,690,0,blurry,test,full_2023_2024
CAMHDA301-20240909T211500,2024-09-09,/home/jovyan/ooi/san_data/RS03ASHS-PN03B-06-CAMHDA301/2024/09/09/CAMHDA301-20240909T211500.mp4,660,0,blurry,test,full_2023_2024
CAMHDA301-20240909T211500,2024-09-09,/home/jovyan/ooi/san_data/RS03ASHS-PN03B-06-CAMHDA301/2024/09/09/CAMHDA301-20240909T211500.mp4,240,0,blurry,test,full_2023_2024
CAMHDA301-20240916T001500,2024-09-16,/home/jovyan/ooi/san_data/RS03ASHS-PN03B-06-CAMHDA301/2024/09/16/CAMHDA301-20240916T001500.mp4,810,0,blurry,train,full_2023_2024
CAMHDA301-20240916T001500,2024-09-16,/home/jovyan/ooi/san_data/RS03ASHS-PN03B-06-CAMHDA301/2024/09/16/CAMHDA301-20240916T001500.mp4,30,0,blurry,train,full_2023_2024
CAMHDA301-20240916T001500,2024-09-16,/home/jovyan/ooi/san_data/RS03ASHS-PN03B-06-CAMHDA301/2024/09/16/CAMHDA301-20240916T001500.mp4,720,0,blurry,train,full_2023_2024
CAMHDA301-20240916T001500,2024-09-16,/home/jovyan/ooi/san_data/RS03ASHS-PN03B-06-CAMHDA301/2024/09/16/CAMHDA301-20240916T001500.mp4,180,0,blurry,train,full_2023_2024
CAMHDA301-20240916T031500,2024-09-16,/home/jovyan/ooi/san_data/RS03ASHS-PN03B-06-CAMHDA301/2024/09/16/CAMHDA301-20240916T031500.mp4,540,0,blurry,train,full_2023_2024
CAMHDA301-20240916T031500,2024-09-16,/home/jovyan/ooi/san_data/RS03ASHS-PN03B-06-CAMHDA301/2024/09/16/CAMHDA301-20240916T031500.mp4,30,0,blurry,train,full_2023_2024
CAMHDA301-20240916T031500,2024-09-16,/home/jovyan/ooi/san_data/RS03ASHS-PN03B-06-CAMHDA301/2024/09/16/CAMHDA301-20240916T031500.mp4,420,0,blurry,train,full_2023_2024
CAMHDA301-20240916T031500,2024-09-16,/home/jovyan/ooi/san_data/RS03ASHS-PN03B-06-CAMHDA301/2024/09/16/CAMHDA301-20240916T031500.mp4,630,0,blurry,train,full_2023_2024
CAMHDA301-20240916T061500,2024-09-16,/home/jovyan/ooi/san_data/RS03ASHS-PN03B-06-CAMHDA301/2024/09/16/CAMHDA301-20240916T061500.mp4,600,0,blurry,train,full_2023_2024
CAMHDA301-20240916T061500,2024-09-16,/home/jovyan/ooi/san_data/RS03ASHS-PN03B-06-CAMHDA301/2024/09/16/CAMHDA301-20240916T061500.mp4,420,0,blurry,train,full_2023_2024
CAMHDA301-20240916T061500,2024-09-16,/home/jovyan/ooi/san_data/RS03ASHS-PN03B-06-CAMHDA301/2024/09/16/CAMHDA301-20240916T061500.mp4,570,0,blurry,train,full_2023_2024
CAMHDA301-20240916T061500,2024-09-16,/home/jovyan/ooi/san_data/RS03ASHS-PN03B-06-CAMHDA301/2024/09/16/CAMHDA301-20240916T061500.mp4,540,0,blurry,train,full_2023_2024
CAMHDA301-20240916T091500,2024-09-16,/home/jovyan/ooi/san_data/RS03ASHS-PN03B-06-CAMHDA301/2024/09/16/CAMHDA301-20240916T091500.mp4,720,0,blurry,train,full_2023_2024
CAMHDA301-20240916T091500,2024-09-16,/home/jovyan/ooi/san_data/RS03ASHS-PN03B-06-CAMHDA301/2024/09/16/CAMHDA301-20240916T091500.mp4,330,0,blurry,train,full_2023_2024
CAMHDA301-20240916T091500,2024-09-16,/home/jovyan/ooi/san_data/RS03ASHS-PN03B-06-CAMHDA301/2024/09/16/CAMHDA301-20240916T091500.mp4,60,0,blurry,train,full_2023_2024
CAMHDA301-20240916T091500,2024-09-16,/home/jovyan/ooi/san_data/RS03ASHS-PN03B-06-CAMHDA301/2024/09/16/CAMHDA301-20240916T091500.mp4,150,0,blurry,train,full_2023_2024
CAMHDA301-20240916T121500,2024-09-16,/home/jovyan/ooi/san_data/RS03ASHS-PN03B-06-CAMHDA301/2024/09/16/CAMHDA301-20240916T121500.mp4,210,0,blurry,train,full_2023_2024
CAMHDA301-20240916T121500,2024-09-16,/home/jovyan/ooi/san_data/RS03ASHS-PN03B-06-CAMHDA301/2024/09/16/CAMHDA301-20240916T121500.mp4,390,0,blurry,train,full_2023_2024
CAMHDA301-20240916T121500,2024-09-16,/home/jovyan/ooi/san_data/RS03ASHS-PN03B-06-CAMHDA301/2024/09/16/CAMHDA301-20240916T121500.mp4,720,0,blurry,train,full_2023_2024
CAMHDA301-20240916T121500,2024-09-16,/home/jovyan/ooi/san_data/RS03ASHS-PN03B-06-CAMHDA301/2024/09/16/CAMHDA301-20240916T121500.mp4,360,0,blurry,train,full_2023_2024
CAMHDA301-20240916T151500,2024-09-16,/home/jovyan/ooi/san_data/RS03ASHS-PN03B-06-CAMHDA301/2024/09/16/CAMHDA301-20240916T151500.mp4,330,0,blurry,train,full_2023_2024
CAMHDA301-20240916T151500,2024-09-16,/home/jovyan/ooi/san_data/RS03ASHS-PN03B-06-CAMHDA301/2024/09/16/CAMHDA301-20240916T151500.mp4,30,0,blurry,train,full_2023_2024
CAMHDA301-20240916T151500,2024-09-16,/home/jovyan/ooi/san_data/RS03ASHS-PN03B-06-CAMHDA301/2024/09/16/CAMHDA301-20240916T151500.mp4,300,0,blurry,train,full_2023_2024
CAMHDA301-20240916T151500,2024-09-16,/home/jovyan/ooi/san_data/RS03ASHS-PN03B-06-CAMHDA301/2024/09/16/CAMHDA301-20240916T151500.mp4,840,0,blurry,train,full_2023_2024
CAMHDA301-20240916T181500,2024-09-16,/home/jovyan/ooi/san_data/RS03ASHS-PN03B-06-CAMHDA301/2024/09/16/CAMHDA301-20240916T181500.mp4,630,0,blurry,train,full_2023_2024
CAMHDA301-20240916T181500,2024-09-16,/home/jovyan/ooi/san_data/RS03ASHS-PN03B-06-CAMHDA301/2024/09/16/CAMHDA301-20240916T181500.mp4,330,0,blurry,train,full_2023_2024
CAMHDA301-20240916T181500,2024-09-16,/home/jovyan/ooi/san_data/RS03ASHS-PN03B-06-CAMHDA301/2024/09/16/CAMHDA301-20240916T181500.mp4,570,0,blurry,train,full_2023_2024
CAMHDA301-20240916T181500,2024-09-16,/home/jovyan/ooi/san_data/RS03ASHS-PN03B-06-CAMHDA301/2024/09/16/CAMHDA301-20240916T181500.mp4,810,0,blurry,train,full_2023_2024
CAMHDA301-20240916T211500,2024-09-16,/home/jovyan/ooi/san_data/RS03ASHS-PN03B-06-CAMHDA301/2024/09/16/CAMHDA301-20240916T211500.mp4,570,0,blurry,train,full_2023_2024
CAMHDA301-20240916T211500,2024-09-16,/home/jovyan/ooi/san_data/RS03ASHS-PN03B-06-CAMHDA301/2024/09/16/CAMHDA301-20240916T211500.mp4,150,0,blurry,train,full_2023_2024
CAMHDA301-20240916T211500,2024-09-16,/home/jovyan/ooi/san_data/RS03ASHS-PN03B-06-CAMHDA301/2024/09/16/CAMHDA301-20240916T211500.mp4,90,0,blurry,train,full_2023_2024
CAMHDA301-20240916T211500,2024-09-16,/home/jovyan/ooi/san_data/RS03ASHS-PN03B-06-CAMHDA301/2024/09/16/CAMHDA301-20240916T211500.mp4,270,0,blurry,train,full_2023_2024
CAMHDA301-20240923T001500,2024-09-23,/home/jovyan/ooi/san_data/RS03ASHS-PN03B-06-CAMHDA301/2024/09/23/CAMHDA301-20240923T001500.mp4,810,0,blurry,train,full_2023_2024
CAMHDA301-20240923T001500,2024-09-23,/home/jovyan/ooi/san_data/RS03ASHS-PN03B-06-CAMHDA301/2024/09/23/CAMHDA301-20240923T001500.mp4,480,0,blurry,train,full_2023_2024
CAMHDA301-20240923T001500,2024-09-23,/home/jovyan/ooi/san_data/RS03ASHS-PN03B-06-CAMHDA301/2024/09/23/CAMHDA301-20240923T001500.mp4,30,0,blurry,train,full_2023_2024
CAMHDA301-20240923T001500,2024-09-23,/home/jovyan/ooi/san_data/RS03ASHS-PN03B-06-CAMHDA301/2024/09/23/CAMHDA301-20240923T001500.mp4,90,0,blurry,train,full_2023_2024
CAMHDA301-20240923T031500,2024-09-23,/home/jovyan/ooi/san_data/RS03ASHS-PN03B-06-CAMHDA301/2024/09/23/CAMHDA301-20240923T031500.mp4,780,0,blurry,train,full_2023_2024
CAMHDA301-20240923T031500,2024-09-23,/home/jovyan/ooi/san_data/RS03ASHS-PN03B-06-CAMHDA301/2024/09/23/CAMHDA301-20240923T031500.mp4,90,0,blurry,train,full_2023_2024
CAMHDA301-20240923T031500,2024-09-23,/home/jovyan/ooi/san_data/RS03ASHS-PN03B-06-CAMHDA301/2024/09/23/CAMHDA301-20240923T031500.mp4,750,0,blurry,train,full_2023_2024
CAMHDA301-20240923T031500,2024-09-23,/home/jovyan/ooi/san_data/RS03ASHS-PN03B-06-CAMHDA301/2024/09/23/CAMHDA301-20240923T031500.mp4,480,0,blurry,train,full_2023_2024
CAMHDA301-20240923T061500,2024-09-23,/home/jovyan/ooi/san_data/RS03ASHS-PN03B-06-CAMHDA301/2024/09/23/CAMHDA301-20240923T061500.mp4,420,0,blurry,train,full_2023_2024
CAMHDA301-20240923T061500,2024-09-23,/home/jovyan/ooi/san_data/RS03ASHS-PN03B-06-CAMHDA301/2024/09/23/CAMHDA301-20240923T061500.mp4,120,0,blurry,train,full_2023_2024
CAMHDA301-20240923T061500,2024-09-23,/home/jovyan/ooi/san_data/RS03ASHS-PN03B-06-CAMHDA301/2024/09/23/CAMHDA301-20240923T061500.mp4,360,0,blurry,train,full_2023_2024
CAMHDA301-20240923T061500,2024-09-23,/home/jovyan/ooi/san_data/RS03ASHS-PN03B-06-CAMHDA301/2024/09/23/CAMHDA301-20240923T061500.mp4,840,0,blurry,train,full_2023_2024
CAMHDA301-20240923T091500,2024-09-23,/home/jovyan/ooi/san_data/RS03ASHS-PN03B-06-CAMHDA301/2024/09/23/CAMHDA301-20240923T091500.mp4,300,0,blurry,train,full_2023_2024
CAMHDA301-20240923T091500,2024-09-23,/home/jovyan/ooi/san_data/RS03ASHS-PN03B-06-CAMHDA301/2024/09/23/CAMHDA301-20240923T091500.mp4,270,0,blurry,train,full_2023_2024
CAMHDA301-20240923T091500,2024-09-23,/home/jovyan/ooi/san_data/RS03ASHS-PN03B-06-CAMHDA301/2024/09/23/CAMHDA301-20240923T091500.mp4,330,0,blurry,train,full_2023_2024
CAMHDA301-20240923T091500,2024-09-23,/home/jovyan/ooi/san_data/RS03ASHS-PN03B-06-CAMHDA301/2024/09/23/CAMHDA301-20240923T091500.mp4,840,0,blurry,train,full_2023_2024
CAMHDA301-20240923T121500,2024-09-23,/home/jovyan/ooi/san_data/RS03ASHS-PN03B-06-CAMHDA301/2024/09/23/CAMHDA301-20240923T121500.mp4,780,0,blurry,train,full_2023_2024
CAMHDA301-20240923T121500,2024-09-23,/home/jovyan/ooi/san_data/RS03ASHS-PN03B-06-CAMHDA301/2024/09/23/CAMHDA301-20240923T121500.mp4,450,0,blurry,train,full_2023_2024
CAMHDA301-20240923T121500,2024-09-23,/home/jovyan/ooi/san_data/RS03ASHS-PN03B-06-CAMHDA301/2024/09/23/CAMHDA301-20240923T121500.mp4,300,0,blurry,train,full_2023_2024
CAMHDA301-20240923T121500,2024-09-23,/home/jovyan/ooi/san_data/RS03ASHS-PN03B-06-CAMHDA301/2024/09/23/CAMHDA301-20240923T121500.mp4,120,0,blurry,train,full_2023_2024
CAMHDA301-20240923T151500,2024-09-23,/home/jovyan/ooi/san_data/RS03ASHS-PN03B-06-CAMHDA301/2024/09/23/CAMHDA301-20240923T151500.mp4,210,0,blurry,train,full_2023_2024
CAMHDA301-20240923T151500,2024-09-23,/home/jovyan/ooi/san_data/RS03ASHS-PN03B-06-CAMHDA301/2024/09/23/CAMHDA301-20240923T151500.mp4,750,0,blurry,train,full_2023_2024
CAMHDA301-20240923T151500,2024-09-23,/home/jovyan/ooi/san_data/RS03ASHS-PN03B-06-CAMHDA301/2024/09/23/CAMHDA301-20240923T151500.mp4,120,0,blurry,train,full_2023_2024
CAMHDA301-20240923T151500,2024-09-23,/home/jovyan/ooi/san_data/RS03ASHS-PN03B-06-CAMHDA301/2024/09/23/CAMHDA301-20240923T151500.mp4,570,0,blurry,train,full_2023_2024
CAMHDA301-20240923T181500,2024-09-23,/home/jovyan/ooi/san_data/RS03ASHS-PN03B-06-CAMHDA301/2024/09/23/CAMHDA301-20240923T181500.mp4,660,0,blurry,train,full_2023_2024
CAMHDA301-20240923T181500,2024-09-23,/home/jovyan/ooi/san_data/RS03ASHS-PN03B-06-CAMHDA301/2024/09/23/CAMHDA301-20240923T181500.mp4,750,0,blurry,train,full_2023_2024
CAMHDA301-20240923T181500,2024-09-23,/home/jovyan/ooi/san_data/RS03ASHS-PN03B-06-CAMHDA301/2024/09/23/CAMHDA301-20240923T181500.mp4,180,0,blurry,train,full_2023_2024
CAMHDA301-20240923T181500,2024-09-23,/home/jovyan/ooi/san_data/RS03ASHS-PN03B-06-CAMHDA301/2024/09/23/CAMHDA301-20240923T181500.mp4,30,0,blurry,train,full_2023_2024
CAMHDA301-20240923T211500,2024-09-23,/home/jovyan/ooi/san_data/RS03ASHS-PN03B-06-CAMHDA301/2024/09/23/CAMHDA301-20240923T211500.mp4,270,0,blurry,train,full_2023_2024
CAMHDA301-20240923T211500,2024-09-23,/home/jovyan/ooi/san_data/RS03ASHS-PN03B-06-CAMHDA301/2024/09/23/CAMHDA301-20240923T211500.mp4,780,0,blurry,train,full_2023_2024
CAMHDA301-20240923T211500,2024-09-23,/home/jovyan/ooi/san_data/RS03ASHS-PN03B-06-CAMHDA301/2024/09/23/CAMHDA301-20240923T211500.mp4,450,0,blurry,train,full_2023_2024
CAMHDA301-20240923T211500,2024-09-23,/home/jovyan/ooi/san_data/RS03ASHS-PN03B-06-CAMHDA301/2024/09/23/CAMHDA301-20240923T211500.mp4,210,0,blurry,train,full_2023_2024
CAMHDA301-20240930T001500,2024-09-30,/home/jovyan/ooi/san_data/RS03ASHS-PN03B-06-CAMHDA301/2024/09/30/CAMHDA301-20240930T001500.mp4,690,0,blurry,train,full_2023_2024
CAMHDA301-20240930T001500,2024-09-30,/home/jovyan/ooi/san_data/RS03ASHS-PN03B-06-CAMHDA301/2024/09/30/CAMHDA301-20240930T001500.mp4,30,0,blurry,train,full_2023_2024
CAMHDA301-20240930T001500,2024-09-30,/home/jovyan/ooi/san_data/RS03ASHS-PN03B-06-CAMHDA301/2024/09/30/CAMHDA301-20240930T001500.mp4,210,0,blurry,train,full_2023_2024
CAMHDA301-20240930T001500,2024-09-30,/home/jovyan/ooi/san_data/RS03ASHS-PN03B-06-CAMHDA301/2024/09/30/CAMHDA301-20240930T001500.mp4,630,0,blurry,train,full_2023_2024
CAMHDA301-20240930T031500,2024-09-30,/home/jovyan/ooi/san_data/RS03ASHS-PN03B-06-CAMHDA301/2024/09/30/CAMHDA301-20240930T031500.mp4,720,0,blurry,train,full_2023_2024
CAMHDA301-20240930T031500,2024-09-30,/home/jovyan/ooi/san_data/RS03ASHS-PN03B-06-CAMHDA301/2024/09/30/CAMHDA301-20240930T031500.mp4,210,0,blurry,train,full_2023_2024
CAMHDA301-20240930T031500,2024-09-30,/home/jovyan/ooi/san_data/RS03ASHS-PN03B-06-CAMHDA301/2024/09/30/CAMHDA301-20240930T031500.mp4,240,0,blurry,train,full_2023_2024
CAMHDA301-20240930T031500,2024-09-30,/home/jovyan/ooi/san_data/RS03ASHS-PN03B-06-CAMHDA301/2024/09/30/CAMHDA301-20240930T031500.mp4,300,0,blurry,train,full_2023_2024
CAMHDA301-20240930T061500,2024-09-30,/home/jovyan/ooi/san_data/RS03ASHS-PN03B-06-CAMHDA301/2024/09/30/CAMHDA301-20240930T061500.mp4,90,0,blurry,train,full_2023_2024
CAMHDA301-20240930T061500,2024-09-30,/home/jovyan/ooi/san_data/RS03ASHS-PN03B-06-CAMHDA301/2024/09/30/CAMHDA301-20240930T061500.mp4,750,0,blurry,train,full_2023_2024
CAMHDA301-20240930T061500,2024-09-30,/home/jovyan/ooi/san_data/RS03ASHS-PN03B-06-CAMHDA301/2024/09/30/CAMHDA301-20240930T061500.mp4,180,0,blurry,train,full_2023_2024
CAMHDA301-20240930T061500,2024-09-30,/home/jovyan/ooi/san_data/RS03ASHS-PN03B-06-CAMHDA301/2024/09/30/CAMHDA301-20240930T061500.mp4,240,0,blurry,train,full_2023_2024
CAMHDA301-20240930T091500,2024-09-30,/home/jovyan/ooi/san_data/RS03ASHS-PN03B-06-CAMHDA301/2024/09/30/CAMHDA301-20240930T091500.mp4,270,0,blurry,train,full_2023_2024
CAMHDA301-20240930T091500,2024-09-30,/home/jovyan/ooi/san_data/RS03ASHS-PN03B-06-CAMHDA301/2024/09/30/CAMHDA301-20240930T091500.mp4,510,0,blurry,train,full_2023_2024
CAMHDA301-20240930T091500,2024-09-30,/home/jovyan/ooi/san_data/RS03ASHS-PN03B-06-CAMHDA301/2024/09/30/CAMHDA301-20240930T091500.mp4,210,0,blurry,train,full_2023_2024
CAMHDA301-20240930T091500,2024-09-30,/home/jovyan/ooi/san_data/RS03ASHS-PN03B-06-CAMHDA301/2024/09/30/CAMHDA301-20240930T091500.mp4,450,0,blurry,train,full_2023_2024
CAMHDA301-20240930T121500,2024-09-30,/home/jovyan/ooi/san_data/RS03ASHS-PN03B-06-CAMHDA301/2024/09/30/CAMHDA301-20240930T121500.mp4,180,0,blurry,train,full_2023_2024
CAMHDA301-20240930T121500,2024-09-30,/home/jovyan/ooi/san_data/RS03ASHS-PN03B-06-CAMHDA301/2024/09/30/CAMHDA301-20240930T121500.mp4,210,0,blurry,train,full_2023_2024
CAMHDA301-20240930T121500,2024-09-30,/home/jovyan/ooi/san_data/RS03ASHS-PN03B-06-CAMHDA301/2024/09/30/CAMHDA301-20240930T121500.mp4,330,0,blurry,train,full_2023_2024
CAMHDA301-20240930T121500,2024-09-30,/home/jovyan/ooi/san_data/RS03ASHS-PN03B-06-CAMHDA301/2024/09/30/CAMHDA301-20240930T121500.mp4,720,0,blurry,train,full_2023_2024
CAMHDA301-20240930T151500,2024-09-30,/home/jovyan/ooi/san_data/RS03ASHS-PN03B-06-CAMHDA301/2024/09/30/CAMHDA301-20240930T151500.mp4,120,0,blurry,train,full_2023_2024
CAMHDA301-20240930T151500,2024-09-30,/home/jovyan/ooi/san_data/RS03ASHS-PN03B-06-CAMHDA301/2024/09/30/CAMHDA301-20240930T151500.mp4,510,0,blurry,train,full_2023_2024
CAMHDA301-20240930T151500,2024-09-30,/home/jovyan/ooi/san_data/RS03ASHS-PN03B-06-CAMHDA301/2024/09/30/CAMHDA301-20240930T151500.mp4,720,0,blurry,train,full_2023_2024
CAMHDA301-20240930T151500,2024-09-30,/home/jovyan/ooi/san_data/RS03ASHS-PN03B-06-CAMHDA301/2024/09/30/CAMHDA301-20240930T151500.mp4,600,0,blurry,train,full_2023_2024
CAMHDA301-20240930T181500,2024-09-30,/home/jovyan/ooi/san_data/RS03ASHS-PN03B-06-CAMHDA301/2024/09/30/CAMHDA301-20240930T181500.mp4,60,0,blurry,train,full_2023_2024
CAMHDA301-20240930T181500,2024-09-30,/home/jovyan/ooi/san_data/RS03ASHS-PN03B-06-CAMHDA301/2024/09/30/CAMHDA301-20240930T181500.mp4,360,0,blurry,train,full_2023_2024
CAMHDA301-20240930T181500,2024-09-30,/home/jovyan/ooi/san_data/RS03ASHS-PN03B-06-CAMHDA301/2024/09/30/CAMHDA301-20240930T181500.mp4,540,0,blurry,train,full_2023_2024
CAMHDA301-20240930T181500,2024-09-30,/home/jovyan/ooi/san_data/RS03ASHS-PN03B-06-CAMHDA301/2024/09/30/CAMHDA301-20240930T181500.mp4,630,0,blurry,train,full_2023_2024
CAMHDA301-20240930T211500,2024-09-30,/home/jovyan/ooi/san_data/RS03ASHS-PN03B-06-CAMHDA301/2024/09/30/CAMHDA301-20240930T211500.mp4,690,0,blurry,train,full_2023_2024
CAMHDA301-20240930T211500,2024-09-30,/home/jovyan/ooi/san_data/RS03ASHS-PN03B-06-CAMHDA301/2024/09/30/CAMHDA301-20240930T211500.mp4,330,0,blurry,train,full_2023_2024
CAMHDA301-20240930T211500,2024-09-30,/home/jovyan/ooi/san_data/RS03ASHS-PN03B-06-CAMHDA301/2024/09/30/CAMHDA301-20240930T211500.mp4,270,0,blurry,train,full_2023_2024
CAMHDA301-20240930T211500,2024-09-30,/home/jovyan/ooi/san_data/RS03ASHS-PN03B-06-CAMHDA301/2024/09/30/CAMHDA301-20240930T211500.mp4,570,0,blurry,train,full_2023_2024
CAMHDA301-20241007T001500,2024-10-07,/home/jovyan/ooi/san_data/RS03ASHS-PN03B-06-CAMHDA301/2024/10/07/CAMHDA301-20241007T001500.mp4,360,0,blurry,train,full_2023_2024
CAMHDA301-20241007T001500,2024-10-07,/home/jovyan/ooi/san_data/RS03ASHS-PN03B-06-CAMHDA301/2024/10/07/CAMHDA301-20241007T001500.mp4,420,0,blurry,train,full_2023_2024
CAMHDA301-20241007T001500,2024-10-07,/home/jovyan/ooi/san_data/RS03ASHS-PN03B-06-CAMHDA301/2024/10/07/CAMHDA301-20241007T001500.mp4,390,0,blurry,train,full_2023_2024
CAMHDA301-20241007T001500,2024-10-07,/home/jovyan/ooi/san_data/RS03ASHS-PN03B-06-CAMHDA301/2024/10/07/CAMHDA301-20241007T001500.mp4,450,0,blurry,train,full_2023_2024
CAMHDA301-20241007T031500,2024-10-07,/home/jovyan/ooi/san_data/RS03ASHS-PN03B-06-CAMHDA301/2024/10/07/CAMHDA301-20241007T031500.mp4,90,0,blurry,train,full_2023_2024
CAMHDA301-20241007T031500,2024-10-07,/home/jovyan/ooi/san_data/RS03ASHS-PN03B-06-CAMHDA301/2024/10/07/CAMHDA301-20241007T031500.mp4,540,0,blurry,train,full_2023_2024
CAMHDA301-20241007T031500,2024-10-07,/home/jovyan/ooi/san_data/RS03ASHS-PN03B-06-CAMHDA301/2024/10/07/CAMHDA301-20241007T031500.mp4,720,0,blurry,train,full_2023_2024
CAMHDA301-20241007T031500,2024-10-07,/home/jovyan/ooi/san_data/RS03ASHS-PN03B-06-CAMHDA301/2024/10/07/CAMHDA301-20241007T031500.mp4,120,0,blurry,train,full_2023_2024
CAMHDA301-20241007T061500,2024-10-07,/home/jovyan/ooi/san_data/RS03ASHS-PN03B-06-CAMHDA301/2024/10/07/CAMHDA301-20241007T061500.mp4,30,0,blurry,train,full_2023_2024
CAMHDA301-20241007T061500,2024-10-07,/home/jovyan/ooi/san_data/RS03ASHS-PN03B-06-CAMHDA301/2024/10/07/CAMHDA301-20241007T061500.mp4,60,0,blurry,train,full_2023_2024
CAMHDA301-20241007T061500,2024-10-07,/home/jovyan/ooi/san_data/RS03ASHS-PN03B-06-CAMHDA301/2024/10/07/CAMHDA301-20241007T061500.mp4,360,0,blurry,train,full_2023_2024
CAMHDA301-20241007T061500,2024-10-07,/home/jovyan/ooi/san_data/RS03ASHS-PN03B-06-CAMHDA301/2024/10/07/CAMHDA301-20241007T061500.mp4,210,0,blurry,train,full_2023_2024
CAMHDA301-20241007T091500,2024-10-07,/home/jovyan/ooi/san_data/RS03ASHS-PN03B-06-CAMHDA301/2024/10/07/CAMHDA301-20241007T091500.mp4,600,0,blurry,train,full_2023_2024
CAMHDA301-20241007T091500,2024-10-07,/home/jovyan/ooi/san_data/RS03ASHS-PN03B-06-CAMHDA301/2024/10/07/CAMHDA301-20241007T091500.mp4,420,0,blurry,train,full_2023_2024
CAMHDA301-20241007T091500,2024-10-07,/home/jovyan/ooi/san_data/RS03ASHS-PN03B-06-CAMHDA301/2024/10/07/CAMHDA301-20241007T091500.mp4,450,0,blurry,train,full_2023_2024
CAMHDA301-20241007T091500,2024-10-07,/home/jovyan/ooi/san_data/RS03ASHS-PN03B-06-CAMHDA301/2024/10/07/CAMHDA301-20241007T091500.mp4,390,0,blurry,train,full_2023_2024
CAMHDA301-20241007T121500,2024-10-07,/home/jovyan/ooi/san_data/RS03ASHS-PN03B-06-CAMHDA301/2024/10/07/CAMHDA301-20241007T121500.mp4,630,0,blurry,train,full_2023_2024
CAMHDA301-20241007T121500,2024-10-07,/home/jovyan/ooi/san_data/RS03ASHS-PN03B-06-CAMHDA301/2024/10/07/CAMHDA301-20241007T121500.mp4,150,0,blurry,train,full_2023_2024
CAMHDA301-20241007T121500,2024-10-07,/home/jovyan/ooi/san_data/RS03ASHS-PN03B-06-CAMHDA301/2024/10/07/CAMHDA301-20241007T121500.mp4,90,0,blurry,train,full_2023_2024
CAMHDA301-20241007T121500,2024-10-07,/home/jovyan/ooi/san_data/RS03ASHS-PN03B-06-CAMHDA301/2024/10/07/CAMHDA301-20241007T121500.mp4,240,0,blurry,train,full_2023_2024
CAMHDA301-20241007T151500,2024-10-07,/home/jovyan/ooi/san_data/RS03ASHS-PN03B-06-CAMHDA301/2024/10/07/CAMHDA301-20241007T151500.mp4,420,0,blurry,train,full_2023_2024
CAMHDA301-20241007T151500,2024-10-07,/home/jovyan/ooi/san_data/RS03ASHS-PN03B-06-CAMHDA301/2024/10/07/CAMHDA301-20241007T151500.mp4,750,0,blurry,train,full_2023_2024
CAMHDA301-20241007T151500,2024-10-07,/home/jovyan/ooi/san_data/RS03ASHS-PN03B-06-CAMHDA301/2024/10/07/CAMHDA301-20241007T151500.mp4,720,0,blurry,train,full_2023_2024
CAMHDA301-20241007T151500,2024-10-07,/home/jovyan/ooi/san_data/RS03ASHS-PN03B-06-CAMHDA301/2024/10/07/CAMHDA301-20241007T151500.mp4,150,0,blurry,train,full_2023_2024
CAMHDA301-20241007T181500,2024-10-07,/home/jovyan/ooi/san_data/RS03ASHS-PN03B-06-CAMHDA301/2024/10/07/CAMHDA301-20241007T181500.mp4,630,0,blurry,train,full_2023_2024
CAMHDA301-20241007T181500,2024-10-07,/home/jovyan/ooi/san_data/RS03ASHS-PN03B-06-CAMHDA301/2024/10/07/CAMHDA301-20241007T181500.mp4,600,0,blurry,train,full_2023_2024
CAMHDA301-20241007T181500,2024-10-07,/home/jovyan/ooi/san_data/RS03ASHS-PN03B-06-CAMHDA301/2024/10/07/CAMHDA301-20241007T181500.mp4,780,0,blurry,train,full_2023_2024
CAMHDA301-20241007T181500,2024-10-07,/home/jovyan/ooi/san_data/RS03ASHS-PN03B-06-CAMHDA301/2024/10/07/CAMHDA301-20241007T181500.mp4,420,0,blurry,train,full_2023_2024
CAMHDA301-20241007T211500,2024-10-07,/home/jovyan/ooi/san_data/RS03ASHS-PN03B-06-CAMHDA301/2024/10/07/CAMHDA301-20241007T211500.mp4,300,0,blurry,train,full_2023_2024
CAMHDA301-20241007T211500,2024-10-07,/home/jovyan/ooi/san_data/RS03ASHS-PN03B-06-CAMHDA301/2024/10/07/CAMHDA301-20241007T211500.mp4,90,0,blurry,train,full_2023_2024
CAMHDA301-20241007T211500,2024-10-07,/home/jovyan/ooi/san_data/RS03ASHS-PN03B-06-CAMHDA301/2024/10/07/CAMHDA301-20241007T211500.mp4,600,0,blurry,train,full_2023_2024
CAMHDA301-20241007T211500,2024-10-07,/home/jovyan/ooi/san_data/RS03ASHS-PN03B-06-CAMHDA301/2024/10/07/CAMHDA301-20241007T211500.mp4,810,0,blurry,train,full_2023_2024
CAMHDA301-20241014T001500,2024-10-14,/home/jovyan/ooi/san_data/RS03ASHS-PN03B-06-CAMHDA301/2024/10/14/CAMHDA301-20241014T001500.mp4,570,0,blurry,test,full_2023_2024
CAMHDA301-20241014T001500,2024-10-14,/home/jovyan/ooi/san_data/RS03ASHS-PN03B-06-CAMHDA301/2024/10/14/CAMHDA301-20241014T001500.mp4,750,0,blurry,test,full_2023_2024
CAMHDA301-20241014T001500,2024-10-14,/home/jovyan/ooi/san_data/RS03ASHS-PN03B-06-CAMHDA301/2024/10/14/CAMHDA301-20241014T001500.mp4,300,0,blurry,test,full_2023_2024
CAMHDA301-20241014T001500,2024-10-14,/home/jovyan/ooi/san_data/RS03ASHS-PN03B-06-CAMHDA301/2024/10/14/CAMHDA301-20241014T001500.mp4,270,0,blurry,test,full_2023_2024
CAMHDA301-20241014T031500,2024-10-14,/home/jovyan/ooi/san_data/RS03ASHS-PN03B-06-CAMHDA301/2024/10/14/CAMHDA301-20241014T031500.mp4,600,0,blurry,test,full_2023_2024
CAMHDA301-20241014T031500,2024-10-14,/home/jovyan/ooi/san_data/RS03ASHS-PN03B-06-CAMHDA301/2024/10/14/CAMHDA301-20241014T031500.mp4,390,0,blurry,test,full_2023_2024
CAMHDA301-20241014T031500,2024-10-14,/home/jovyan/ooi/san_data/RS03ASHS-PN03B-06-CAMHDA301/2024/10/14/CAMHDA301-20241014T031500.mp4,270,0,blurry,test,full_2023_2024
CAMHDA301-20241014T031500,2024-10-14,/home/jovyan/ooi/san_data/RS03ASHS-PN03B-06-CAMHDA301/2024/10/14/CAMHDA301-20241014T031500.mp4,420,0,blurry,test,full_2023_2024
CAMHDA301-20241014T061500,2024-10-14,/home/jovyan/ooi/san_data/RS03ASHS-PN03B-06-CAMHDA301/2024/10/14/CAMHDA301-20241014T061500.mp4,240,0,blurry,test,full_2023_2024
CAMHDA301-20241014T061500,2024-10-14,/home/jovyan/ooi/san_data/RS03ASHS-PN03B-06-CAMHDA301/2024/10/14/CAMHDA301-20241014T061500.mp4,750,0,blurry,test,full_2023_2024
CAMHDA301-20241014T061500,2024-10-14,/home/jovyan/ooi/san_data/RS03ASHS-PN03B-06-CAMHDA301/2024/10/14/CAMHDA301-20241014T061500.mp4,30,0,blurry,test,full_2023_2024
CAMHDA301-20241014T061500,2024-10-14,/home/jovyan/ooi/san_data/RS03ASHS-PN03B-06-CAMHDA301/2024/10/14/CAMHDA301-20241014T061500.mp4,630,0,blurry,test,full_2023_2024
CAMHDA301-20241014T091500,2024-10-14,/home/jovyan/ooi/san_data/RS03ASHS-PN03B-06-CAMHDA301/2024/10/14/CAMHDA301-20241014T091500.mp4,360,0,blurry,test,full_2023_2024
CAMHDA301-20241014T091500,2024-10-14,/home/jovyan/ooi/san_data/RS03ASHS-PN03B-06-CAMHDA301/2024/10/14/CAMHDA301-20241014T091500.mp4,780,0,blurry,test,full_2023_2024
CAMHDA301-20241014T091500,2024-10-14,/home/jovyan/ooi/san_data/RS03ASHS-PN03B-06-CAMHDA301/2024/10/14/CAMHDA301-20241014T091500.mp4,570,0,blurry,test,full_2023_2024
CAMHDA301-20241014T091500,2024-10-14,/home/jovyan/ooi/san_data/RS03ASHS-PN03B-06-CAMHDA301/2024/10/14/CAMHDA301-20241014T091500.mp4,660,0,blurry,test,full_2023_2024
CAMHDA301-20241014T121500,2024-10-14,/home/jovyan/ooi/san_data/RS03ASHS-PN03B-06-CAMHDA301/2024/10/14/CAMHDA301-20241014T121500.mp4,510,0,blurry,test,full_2023_2024
CAMHDA301-20241014T121500,2024-10-14,/home/jovyan/ooi/san_data/RS03ASHS-PN03B-06-CAMHDA301/2024/10/14/CAMHDA301-20241014T121500.mp4,30,0,blurry,test,full_2023_2024
CAMHDA301-20241014T121500,2024-10-14,/home/jovyan/ooi/san_data/RS03ASHS-PN03B-06-CAMHDA301/2024/10/14/CAMHDA301-20241014T121500.mp4,60,0,blurry,test,full_2023_2024
CAMHDA301-20241014T121500,2024-10-14,/home/jovyan/ooi/san_data/RS03ASHS-PN03B-06-CAMHDA301/2024/10/14/CAMHDA301-20241014T121500.mp4,240,0,blurry,test,full_2023_2024
CAMHDA301-20241014T151500,2024-10-14,/home/jovyan/ooi/san_data/RS03ASHS-PN03B-06-CAMHDA301/2024/10/14/CAMHDA301-20241014T151500.mp4,810,0,blurry,test,full_2023_2024
CAMHDA301-20241014T151500,2024-10-14,/home/jovyan/ooi/san_data/RS03ASHS-PN03B-06-CAMHDA301/2024/10/14/CAMHDA301-20241014T151500.mp4,120,0,blurry,test,full_2023_2024
CAMHDA301-20241014T151500,2024-10-14,/home/jovyan/ooi/san_data/RS03ASHS-PN03B-06-CAMHDA301/2024/10/14/CAMHDA301-20241014T151500.mp4,660,0,blurry,test,full_2023_2024
CAMHDA301-20241014T151500,2024-10-14,/home/jovyan/ooi/san_data/RS03ASHS-PN03B-06-CAMHDA301/2024/10/14/CAMHDA301-20241014T151500.mp4,240,0,blurry,test,full_2023_2024
CAMHDA301-20241014T181500,2024-10-14,/home/jovyan/ooi/san_data/RS03ASHS-PN03B-06-CAMHDA301/2024/10/14/CAMHDA301-20241014T181500.mp4,270,0,blurry,test,full_2023_2024
CAMHDA301-20241014T181500,2024-10-14,/home/jovyan/ooi/san_data/RS03ASHS-PN03B-06-CAMHDA301/2024/10/14/CAMHDA301-20241014T181500.mp4,750,0,blurry,test,full_2023_2024
CAMHDA301-20241014T181500,2024-10-14,/home/jovyan/ooi/san_data/RS03ASHS-PN03B-06-CAMHDA301/2024/10/14/CAMHDA301-20241014T181500.mp4,330,0,blurry,test,full_2023_2024
CAMHDA301-20241014T181500,2024-10-14,/home/jovyan/ooi/san_data/RS03ASHS-PN03B-06-CAMHDA301/2024/10/14/CAMHDA301-20241014T181500.mp4,180,0,blurry,test,full_2023_2024
CAMHDA301-20241014T211500,2024-10-14,/home/jovyan/ooi/san_data/RS03ASHS-PN03B-06-CAMHDA301/2024/10/14/CAMHDA301-20241014T211500.mp4,60,0,blurry,test,full_2023_2024
CAMHDA301-20241014T211500,2024-10-14,/home/jovyan/ooi/san_data/RS03ASHS-PN03B-06-CAMHDA301/2024/10/14/CAMHDA301-20241014T211500.mp4,330,0,blurry,test,full_2023_2024
CAMHDA301-20241014T211500,2024-10-14,/home/jovyan/ooi/san_data/RS03ASHS-PN03B-06-CAMHDA301/2024/10/14/CAMHDA301-20241014T211500.mp4,630,0,blurry,test,full_2023_2024
CAMHDA301-20241014T211500,2024-10-14,/home/jovyan/ooi/san_data/RS03ASHS-PN03B-06-CAMHDA301/2024/10/14/CAMHDA301-20241014T211500.mp4,120,0,blurry,test,full_2023_2024
CAMHDA301-20241021T001500,2024-10-21,/home/jovyan/ooi/san_data/RS03ASHS-PN03B-06-CAMHDA301/2024/10/21/CAMHDA301-20241021T001500.mp4,600,0,blurry,val,full_2023_2024
CAMHDA301-20241021T001500,2024-10-21,/home/jovyan/ooi/san_data/RS03ASHS-PN03B-06-CAMHDA301/2024/10/21/CAMHDA301-20241021T001500.mp4,120,0,blurry,val,full_2023_2024
CAMHDA301-20241021T001500,2024-10-21,/home/jovyan/ooi/san_data/RS03ASHS-PN03B-06-CAMHDA301/2024/10/21/CAMHDA301-20241021T001500.mp4,330,0,blurry,val,full_2023_2024
CAMHDA301-20241021T001500,2024-10-21,/home/jovyan/ooi/san_data/RS03ASHS-PN03B-06-CAMHDA301/2024/10/21/CAMHDA301-20241021T001500.mp4,270,0,blurry,val,full_2023_2024
CAMHDA301-20241021T031500,2024-10-21,/home/jovyan/ooi/san_data/RS03ASHS-PN03B-06-CAMHDA301/2024/10/21/CAMHDA301-20241021T031500.mp4,120,0,blurry,val,full_2023_2024
CAMHDA301-20241021T031500,2024-10-21,/home/jovyan/ooi/san_data/RS03ASHS-PN03B-06-CAMHDA301/2024/10/21/CAMHDA301-20241021T031500.mp4,840,0,blurry,val,full_2023_2024
CAMHDA301-20241021T031500,2024-10-21,/home/jovyan/ooi/san_data/RS03ASHS-PN03B-06-CAMHDA301/2024/10/21/CAMHDA301-20241021T031500.mp4,510,0,blurry,val,full_2023_2024
CAMHDA301-20241021T031500,2024-10-21,/home/jovyan/ooi/san_data/RS03ASHS-PN03B-06-CAMHDA301/2024/10/21/CAMHDA301-20241021T031500.mp4,600,0,blurry,val,full_2023_2024
CAMHDA301-20241021T061500,2024-10-21,/home/jovyan/ooi/san_data/RS03ASHS-PN03B-06-CAMHDA301/2024/10/21/CAMHDA301-20241021T061500.mp4,360,0,blurry,val,full_2023_2024
CAMHDA301-20241021T061500,2024-10-21,/home/jovyan/ooi/san_data/RS03ASHS-PN03B-06-CAMHDA301/2024/10/21/CAMHDA301-20241021T061500.mp4,600,0,blurry,val,full_2023_2024
CAMHDA301-20241021T061500,2024-10-21,/home/jovyan/ooi/san_data/RS03ASHS-PN03B-06-CAMHDA301/2024/10/21/CAMHDA301-20241021T061500.mp4,480,0,blurry,val,full_2023_2024
CAMHDA301-20241021T061500,2024-10-21,/home/jovyan/ooi/san_data/RS03ASHS-PN03B-06-CAMHDA301/2024/10/21/CAMHDA301-20241021T061500.mp4,330,0,blurry,val,full_2023_2024
CAMHDA301-20241021T091500,2024-10-21,/home/jovyan/ooi/san_data/RS03ASHS-PN03B-06-CAMHDA301/2024/10/21/CAMHDA301-20241021T091500.mp4,450,0,blurry,val,full_2023_2024
CAMHDA301-20241021T091500,2024-10-21,/home/jovyan/ooi/san_data/RS03ASHS-PN03B-06-CAMHDA301/2024/10/21/CAMHDA301-20241021T091500.mp4,270,0,blurry,val,full_2023_2024
CAMHDA301-20241021T091500,2024-10-21,/home/jovyan/ooi/san_data/RS03ASHS-PN03B-06-CAMHDA301/2024/10/21/CAMHDA301-20241021T091500.mp4,120,0,blurry,val,full_2023_2024
CAMHDA301-20241021T091500,2024-10-21,/home/jovyan/ooi/san_data/RS03ASHS-PN03B-06-CAMHDA301/2024/10/21/CAMHDA301-20241021T091500.mp4,810,0,blurry,val,full_2023_2024
CAMHDA301-20241021T121500,2024-10-21,/home/jovyan/ooi/san_data/RS03ASHS-PN03B-06-CAMHDA301/2024/10/21/CAMHDA301-20241021T121500.mp4,810,0,blurry,val,full_2023_2024
CAMHDA301-20241021T121500,2024-10-21,/home/jovyan/ooi/san_data/RS03ASHS-PN03B-06-CAMHDA301/2024/10/21/CAMHDA301-20241021T121500.mp4,30,0,blurry,val,full_2023_2024
CAMHDA301-20241021T121500,2024-10-21,/home/jovyan/ooi/san_data/RS03ASHS-PN03B-06-CAMHDA301/2024/10/21/CAMHDA301-20241021T121500.mp4,330,0,blurry,val,full_2023_2024
CAMHDA301-20241021T121500,2024-10-21,/home/jovyan/ooi/san_data/RS03ASHS-PN03B-06-CAMHDA301/2024/10/21/CAMHDA301-20241021T121500.mp4,540,0,blurry,val,full_2023_2024
CAMHDA301-20241021T151500,2024-10-21,/home/jovyan/ooi/san_data/RS03ASHS-PN03B-06-CAMHDA301/2024/10/21/CAMHDA301-20241021T151500.mp4,90,0,blurry,val,full_2023_2024
CAMHDA301-20241021T151500,2024-10-21,/home/jovyan/ooi/san_data/RS03ASHS-PN03B-06-CAMHDA301/2024/10/21/CAMHDA301-20241021T151500.mp4,690,0,blurry,val,full_2023_2024
CAMHDA301-20241021T151500,2024-10-21,/home/jovyan/ooi/san_data/RS03ASHS-PN03B-06-CAMHDA301/2024/10/21/CAMHDA301-20241021T151500.mp4,570,0,blurry,val,full_2023_2024
CAMHDA301-20241021T151500,2024-10-21,/home/jovyan/ooi/san_data/RS03ASHS-PN03B-06-CAMHDA301/2024/10/21/CAMHDA301-20241021T151500.mp4,390,0,blurry,val,full_2023_2024
CAMHDA301-20241021T181500,2024-10-21,/home/jovyan/ooi/san_data/RS03ASHS-PN03B-06-CAMHDA301/2024/10/21/CAMHDA301-20241021T181500.mp4,660,0,blurry,val,full_2023_2024
CAMHDA301-20241021T181500,2024-10-21,/home/jovyan/ooi/san_data/RS03ASHS-PN03B-06-CAMHDA301/2024/10/21/CAMHDA301-20241021T181500.mp4,450,0,blurry,val,full_2023_2024
CAMHDA301-20241021T181500,2024-10-21,/home/jovyan/ooi/san_data/RS03ASHS-PN03B-06-CAMHDA301/2024/10/21/CAMHDA301-20241021T181500.mp4,270,0,blurry,val,full_2023_2024
CAMHDA301-20241021T181500,2024-10-21,/home/jovyan/ooi/san_data/RS03ASHS-PN03B-06-CAMHDA301/2024/10/21/CAMHDA301-20241021T181500.mp4,570,0,blurry,val,full_2023_2024
CAMHDA301-20241021T211500,2024-10-21,/home/jovyan/ooi/san_data/RS03ASHS-PN03B-06-CAMHDA301/2024/10/21/CAMHDA301-20241021T211500.mp4,480,0,blurry,val,full_2023_2024
CAMHDA301-20241021T211500,2024-10-21,/home/jovyan/ooi/san_data/RS03ASHS-PN03B-06-CAMHDA301/2024/10/21/CAMHDA301-20241021T211500.mp4,510,0,blurry,val,full_2023_2024
CAMHDA301-20241021T211500,2024-10-21,/home/jovyan/ooi/san_data/RS03ASHS-PN03B-06-CAMHDA301/2024/10/21/CAMHDA301-20241021T211500.mp4,450,0,blurry,val,full_2023_2024
CAMHDA301-20241021T211500,2024-10-21,/home/jovyan/ooi/san_data/RS03ASHS-PN03B-06-CAMHDA301/2024/10/21/CAMHDA301-20241021T211500.mp4,300,0,blurry,val,full_2023_2024
CAMHDA301-20241028T001500,2024-10-28,/home/jovyan/ooi/san_data/RS03ASHS-PN03B-06-CAMHDA301/2024/10/28/CAMHDA301-20241028T001500.mp4,240,0,blurry,train,full_2023_2024
CAMHDA301-20241028T001500,2024-10-28,/home/jovyan/ooi/san_data/RS03ASHS-PN03B-06-CAMHDA301/2024/10/28/CAMHDA301-20241028T001500.mp4,390,0,blurry,train,full_2023_2024
CAMHDA301-20241028T001500,2024-10-28,/home/jovyan/ooi/san_data/RS03ASHS-PN03B-06-CAMHDA301/2024/10/28/CAMHDA301-20241028T001500.mp4,570,0,blurry,train,full_2023_2024
CAMHDA301-20241028T001500,2024-10-28,/home/jovyan/ooi/san_data/RS03ASHS-PN03B-06-CAMHDA301/2024/10/28/CAMHDA301-20241028T001500.mp4,630,0,blurry,train,full_2023_2024
CAMHDA301-20241028T031500,2024-10-28,/home/jovyan/ooi/san_data/RS03ASHS-PN03B-06-CAMHDA301/2024/10/28/CAMHDA301-20241028T031500.mp4,120,0,blurry,train,full_2023_2024
CAMHDA301-20241028T031500,2024-10-28,/home/jovyan/ooi/san_data/RS03ASHS-PN03B-06-CAMHDA301/2024/10/28/CAMHDA301-20241028T031500.mp4,330,0,blurry,train,full_2023_2024
CAMHDA301-20241028T031500,2024-10-28,/home/jovyan/ooi/san_data/RS03ASHS-PN03B-06-CAMHDA301/2024/10/28/CAMHDA301-20241028T031500.mp4,150,0,blurry,train,full_2023_2024
CAMHDA301-20241028T031500,2024-10-28,/home/jovyan/ooi/san_data/RS03ASHS-PN03B-06-CAMHDA301/2024/10/28/CAMHDA301-20241028T031500.mp4,180,0,blurry,train,full_2023_2024
CAMHDA301-20241028T061500,2024-10-28,/home/jovyan/ooi/san_data/RS03ASHS-PN03B-06-CAMHDA301/2024/10/28/CAMHDA301-20241028T061500.mp4,300,0,blurry,train,full_2023_2024
CAMHDA301-20241028T061500,2024-10-28,/home/jovyan/ooi/san_data/RS03ASHS-PN03B-06-CAMHDA301/2024/10/28/CAMHDA301-20241028T061500.mp4,720,0,blurry,train,full_2023_2024
CAMHDA301-20241028T061500,2024-10-28,/home/jovyan/ooi/san_data/RS03ASHS-PN03B-06-CAMHDA301/2024/10/28/CAMHDA301-20241028T061500.mp4,810,0,blurry,train,full_2023_2024
CAMHDA301-20241028T061500,2024-10-28,/home/jovyan/ooi/san_data/RS03ASHS-PN03B-06-CAMHDA301/2024/10/28/CAMHDA301-20241028T061500.mp4,390,0,blurry,train,full_2023_2024
CAMHDA301-20241028T091500,2024-10-28,/home/jovyan/ooi/san_data/RS03ASHS-PN03B-06-CAMHDA301/2024/10/28/CAMHDA301-20241028T091500.mp4,60,0,blurry,train,full_2023_2024
CAMHDA301-20241028T091500,2024-10-28,/home/jovyan/ooi/san_data/RS03ASHS-PN03B-06-CAMHDA301/2024/10/28/CAMHDA301-20241028T091500.mp4,450,0,blurry,train,full_2023_2024
CAMHDA301-20241028T091500,2024-10-28,/home/jovyan/ooi/san_data/RS03ASHS-PN03B-06-CAMHDA301/2024/10/28/CAMHDA301-20241028T091500.mp4,180,0,blurry,train,full_2023_2024
CAMHDA301-20241028T091500,2024-10-28,/home/jovyan/ooi/san_data/RS03ASHS-PN03B-06-CAMHDA301/2024/10/28/CAMHDA301-20241028T091500.mp4,330,0,blurry,train,full_2023_2024
CAMHDA301-20241028T121500,2024-10-28,/home/jovyan/ooi/san_data/RS03ASHS-PN03B-06-CAMHDA301/2024/10/28/CAMHDA301-20241028T121500.mp4,540,0,blurry,train,full_2023_2024
CAMHDA301-20241028T121500,2024-10-28,/home/jovyan/ooi/san_data/RS03ASHS-PN03B-06-CAMHDA301/2024/10/28/CAMHDA301-20241028T121500.mp4,330,0,blurry,train,full_2023_2024
CAMHDA301-20241028T121500,2024-10-28,/home/jovyan/ooi/san_data/RS03ASHS-PN03B-06-CAMHDA301/2024/10/28/CAMHDA301-20241028T121500.mp4,90,0,blurry,train,full_2023_2024
CAMHDA301-20241028T121500,2024-10-28,/home/jovyan/ooi/san_data/RS03ASHS-PN03B-06-CAMHDA301/2024/10/28/CAMHDA301-20241028T121500.mp4,120,0,blurry,train,full_2023_2024
CAMHDA301-20241028T151500,2024-10-28,/home/jovyan/ooi/san_data/RS03ASHS-PN03B-06-CAMHDA301/2024/10/28/CAMHDA301-20241028T151500.mp4,690,0,blurry,train,full_2023_2024
CAMHDA301-20241028T151500,2024-10-28,/home/jovyan/ooi/san_data/RS03ASHS-PN03B-06-CAMHDA301/2024/10/28/CAMHDA301-20241028T151500.mp4,840,0,blurry,train,full_2023_2024
CAMHDA301-20241028T151500,2024-10-28,/home/jovyan/ooi/san_data/RS03ASHS-PN03B-06-CAMHDA301/2024/10/28/CAMHDA301-20241028T151500.mp4,240,0,blurry,train,full_2023_2024
CAMHDA301-20241028T151500,2024-10-28,/home/jovyan/ooi/san_data/RS03ASHS-PN03B-06-CAMHDA301/2024/10/28/CAMHDA301-20241028T151500.mp4,750,0,blurry,train,full_2023_2024
CAMHDA301-20241028T181500,2024-10-28,/home/jovyan/ooi/san_data/RS03ASHS-PN03B-06-CAMHDA301/2024/10/28/CAMHDA301-20241028T181500.mp4,480,0,blurry,train,full_2023_2024
CAMHDA301-20241028T181500,2024-10-28,/home/jovyan/ooi/san_data/RS03ASHS-PN03B-06-CAMHDA301/2024/10/28/CAMHDA301-20241028T181500.mp4,690,0,blurry,train,full_2023_2024
CAMHDA301-20241028T181500,2024-10-28,/home/jovyan/ooi/san_data/RS03ASHS-PN03B-06-CAMHDA301/2024/10/28/CAMHDA301-20241028T181500.mp4,570,0,blurry,train,full_2023_2024
CAMHDA301-20241028T181500,2024-10-28,/home/jovyan/ooi/san_data/RS03ASHS-PN03B-06-CAMHDA301/2024/10/28/CAMHDA301-20241028T181500.mp4,660,0,blurry,train,full_2023_2024
CAMHDA301-20241028T211500,2024-10-28,/home/jovyan/ooi/san_data/RS03ASHS-PN03B-06-CAMHDA301/2024/10/28/CAMHDA301-20241028T211500.mp4,540,0,blurry,train,full_2023_2024
CAMHDA301-20241028T211500,2024-10-28,/home/jovyan/ooi/san_data/RS03ASHS-PN03B-06-CAMHDA301/2024/10/28/CAMHDA301-20241028T211500.mp4,720,0,blurry,train,full_2023_2024
CAMHDA301-20241028T211500,2024-10-28,/home/jovyan/ooi/san_data/RS03ASHS-PN03B-06-CAMHDA301/2024/10/28/CAMHDA301-20241028T211500.mp4,510,0,blurry,train,full_2023_2024
CAMHDA301-20241028T211500,2024-10-28,/home/jovyan/ooi/san_data/RS03ASHS-PN03B-06-CAMHDA301/2024/10/28/CAMHDA301-20241028T211500.mp4,600,0,blurry,train,full_2023_2024
CAMHDA301-20241104T001500,2024-11-04,/home/jovyan/ooi/san_data/RS03ASHS-PN03B-06-CAMHDA301/2024/11/04/CAMHDA301-20241104T001500.mp4,660,0,blurry,train,full_2023_2024
CAMHDA301-20241104T001500,2024-11-04,/home/jovyan/ooi/san_data/RS03ASHS-PN03B-06-CAMHDA301/2024/11/04/CAMHDA301-20241104T001500.mp4,420,0,blurry,train,full_2023_2024
CAMHDA301-20241104T001500,2024-11-04,/home/jovyan/ooi/san_data/RS03ASHS-PN03B-06-CAMHDA301/2024/11/04/CAMHDA301-20241104T001500.mp4,390,0,blurry,train,full_2023_2024
CAMHDA301-20241104T001500,2024-11-04,/home/jovyan/ooi/san_data/RS03ASHS-PN03B-06-CAMHDA301/2024/11/04/CAMHDA301-20241104T001500.mp4,90,0,blurry,train,full_2023_2024
CAMHDA301-20241104T031500,2024-11-04,/home/jovyan/ooi/san_data/RS03ASHS-PN03B-06-CAMHDA301/2024/11/04/CAMHDA301-20241104T031500.mp4,480,0,blurry,train,full_2023_2024
CAMHDA301-20241104T031500,2024-11-04,/home/jovyan/ooi/san_data/RS03ASHS-PN03B-06-CAMHDA301/2024/11/04/CAMHDA301-20241104T031500.mp4,630,0,blurry,train,full_2023_2024
CAMHDA301-20241104T031500,2024-11-04,/home/jovyan/ooi/san_data/RS03ASHS-PN03B-06-CAMHDA301/2024/11/04/CAMHDA301-20241104T031500.mp4,240,0,blurry,train,full_2023_2024
CAMHDA301-20241104T031500,2024-11-04,/home/jovyan/ooi/san_data/RS03ASHS-PN03B-06-CAMHDA301/2024/11/04/CAMHDA301-20241104T031500.mp4,30,0,blurry,train,full_2023_2024
CAMHDA301-20241104T061500,2024-11-04,/home/jovyan/ooi/san_data/RS03ASHS-PN03B-06-CAMHDA301/2024/11/04/CAMHDA301-20241104T061500.mp4,30,0,blurry,train,full_2023_2024
CAMHDA301-20241104T061500,2024-11-04,/home/jovyan/ooi/san_data/RS03ASHS-PN03B-06-CAMHDA301/2024/11/04/CAMHDA301-20241104T061500.mp4,840,0,blurry,train,full_2023_2024
CAMHDA301-20241104T061500,2024-11-04,/home/jovyan/ooi/san_data/RS03ASHS-PN03B-06-CAMHDA301/2024/11/04/CAMHDA301-20241104T061500.mp4,210,0,blurry,train,full_2023_2024
CAMHDA301-20241104T061500,2024-11-04,/home/jovyan/ooi/san_data/RS03ASHS-PN03B-06-CAMHDA301/2024/11/04/CAMHDA301-20241104T061500.mp4,180,0,blurry,train,full_2023_2024
CAMHDA301-20241104T091500,2024-11-04,/home/jovyan/ooi/san_data/RS03ASHS-PN03B-06-CAMHDA301/2024/11/04/CAMHDA301-20241104T091500.mp4,210,0,blurry,train,full_2023_2024
CAMHDA301-20241104T091500,2024-11-04,/home/jovyan/ooi/san_data/RS03ASHS-PN03B-06-CAMHDA301/2024/11/04/CAMHDA301-20241104T091500.mp4,660,0,blurry,train,full_2023_2024
CAMHDA301-20241104T091500,2024-11-04,/home/jovyan/ooi/san_data/RS03ASHS-PN03B-06-CAMHDA301/2024/11/04/CAMHDA301-20241104T091500.mp4,600,0,blurry,train,full_2023_2024
CAMHDA301-20241104T091500,2024-11-04,/home/jovyan/ooi/san_data/RS03ASHS-PN03B-06-CAMHDA301/2024/11/04/CAMHDA301-20241104T091500.mp4,510,0,blurry,train,full_2023_2024
CAMHDA301-20241104T121500,2024-11-04,/home/jovyan/ooi/san_data/RS03ASHS-PN03B-06-CAMHDA301/2024/11/04/CAMHDA301-20241104T121500.mp4,120,0,blurry,train,full_2023_2024
CAMHDA301-20241104T121500,2024-11-04,/home/jovyan/ooi/san_data/RS03ASHS-PN03B-06-CAMHDA301/2024/11/04/CAMHDA301-20241104T121500.mp4,720,0,blurry,train,full_2023_2024
CAMHDA301-20241104T121500,2024-11-04,/home/jovyan/ooi/san_data/RS03ASHS-PN03B-06-CAMHDA301/2024/11/04/CAMHDA301-20241104T121500.mp4,840,0,blurry,train,full_2023_2024
CAMHDA301-20241104T121500,2024-11-04,/home/jovyan/ooi/san_data/RS03ASHS-PN03B-06-CAMHDA301/2024/11/04/CAMHDA301-20241104T121500.mp4,330,0,blurry,train,full_2023_2024
CAMHDA301-20241104T151500,2024-11-04,/home/jovyan/ooi/san_data/RS03ASHS-PN03B-06-CAMHDA301/2024/11/04/CAMHDA301-20241104T151500.mp4,240,0,blurry,train,full_2023_2024
CAMHDA301-20241104T151500,2024-11-04,/home/jovyan/ooi/san_data/RS03ASHS-PN03B-06-CAMHDA301/2024/11/04/CAMHDA301-20241104T151500.mp4,150,0,blurry,train,full_2023_2024
CAMHDA301-20241104T151500,2024-11-04,/home/jovyan/ooi/san_data/RS03ASHS-PN03B-06-CAMHDA301/2024/11/04/CAMHDA301-20241104T151500.mp4,480,0,blurry,train,full_2023_2024
CAMHDA301-20241104T151500,2024-11-04,/home/jovyan/ooi/san_data/RS03ASHS-PN03B-06-CAMHDA301/2024/11/04/CAMHDA301-20241104T151500.mp4,90,0,blurry,train,full_2023_2024
CAMHDA301-20241104T181500,2024-11-04,/home/jovyan/ooi/san_data/RS03ASHS-PN03B-06-CAMHDA301/2024/11/04/CAMHDA301-20241104T181500.mp4,600,0,blurry,train,full_2023_2024
CAMHDA301-20241104T181500,2024-11-04,/home/jovyan/ooi/san_data/RS03ASHS-PN03B-06-CAMHDA301/2024/11/04/CAMHDA301-20241104T181500.mp4,330,0,blurry,train,full_2023_2024
CAMHDA301-20241104T181500,2024-11-04,/home/jovyan/ooi/san_data/RS03ASHS-PN03B-06-CAMHDA301/2024/11/04/CAMHDA301-20241104T181500.mp4,570,0,blurry,train,full_2023_2024
CAMHDA301-20241104T181500,2024-11-04,/home/jovyan/ooi/san_data/RS03ASHS-PN03B-06-CAMHDA301/2024/11/04/CAMHDA301-20241104T181500.mp4,360,0,blurry,train,full_2023_2024
CAMHDA301-20241104T211500,2024-11-04,/home/jovyan/ooi/san_data/RS03ASHS-PN03B-06-CAMHDA301/2024/11/04/CAMHDA301-20241104T211500.mp4,360,0,blurry,train,full_2023_2024
CAMHDA301-20241104T211500,2024-11-04,/home/jovyan/ooi/san_data/RS03ASHS-PN03B-06-CAMHDA301/2024/11/04/CAMHDA301-20241104T211500.mp4,600,0,blurry,train,full_2023_2024
CAMHDA301-20241104T211500,2024-11-04,/home/jovyan/ooi/san_data/RS03ASHS-PN03B-06-CAMHDA301/2024/11/04/CAMHDA301-20241104T211500.mp4,480,0,blurry,train,full_2023_2024
CAMHDA301-20241104T211500,2024-11-04,/home/jovyan/ooi/san_data/RS03ASHS-PN03B-06-CAMHDA301/2024/11/04/CAMHDA301-20241104T211500.mp4,720,0,blurry,train,full_2023_2024
CAMHDA301-20241111T001500,2024-11-11,/home/jovyan/ooi/san_data/RS03ASHS-PN03B-06-CAMHDA301/2024/11/11/CAMHDA301-20241111T001500.mp4,420,0,blurry,test,full_2023_2024
CAMHDA301-20241111T001500,2024-11-11,/home/jovyan/ooi/san_data/RS03ASHS-PN03B-06-CAMHDA301/2024/11/11/CAMHDA301-20241111T001500.mp4,30,0,blurry,test,full_2023_2024
CAMHDA301-20241111T001500,2024-11-11,/home/jovyan/ooi/san_data/RS03ASHS-PN03B-06-CAMHDA301/2024/11/11/CAMHDA301-20241111T001500.mp4,510,0,blurry,test,full_2023_2024
CAMHDA301-20241111T001500,2024-11-11,/home/jovyan/ooi/san_data/RS03ASHS-PN03B-06-CAMHDA301/2024/11/11/CAMHDA301-20241111T001500.mp4,480,0,blurry,test,full_2023_2024
CAMHDA301-20241111T031500,2024-11-11,/home/jovyan/ooi/san_data/RS03ASHS-PN03B-06-CAMHDA301/2024/11/11/CAMHDA301-20241111T031500.mp4,660,0,blurry,test,full_2023_2024
CAMHDA301-20241111T031500,2024-11-11,/home/jovyan/ooi/san_data/RS03ASHS-PN03B-06-CAMHDA301/2024/11/11/CAMHDA301-20241111T031500.mp4,510,0,blurry,test,full_2023_2024
CAMHDA301-20241111T031500,2024-11-11,/home/jovyan/ooi/san_data/RS03ASHS-PN03B-06-CAMHDA301/2024/11/11/CAMHDA301-20241111T031500.mp4,450,0,blurry,test,full_2023_2024
CAMHDA301-20241111T031500,2024-11-11,/home/jovyan/ooi/san_data/RS03ASHS-PN03B-06-CAMHDA301/2024/11/11/CAMHDA301-20241111T031500.mp4,840,0,blurry,test,full_2023_2024
CAMHDA301-20241111T061500,2024-11-11,/home/jovyan/ooi/san_data/RS03ASHS-PN03B-06-CAMHDA301/2024/11/11/CAMHDA301-20241111T061500.mp4,840,0,blurry,test,full_2023_2024
CAMHDA301-20241111T061500,2024-11-11,/home/jovyan/ooi/san_data/RS03ASHS-PN03B-06-CAMHDA301/2024/11/11/CAMHDA301-20241111T061500.mp4,150,0,blurry,test,full_2023_2024
CAMHDA301-20241111T061500,2024-11-11,/home/jovyan/ooi/san_data/RS03ASHS-PN03B-06-CAMHDA301/2024/11/11/CAMHDA301-20241111T061500.mp4,630,0,blurry,test,full_2023_2024
CAMHDA301-20241111T061500,2024-11-11,/home/jovyan/ooi/san_data/RS03ASHS-PN03B-06-CAMHDA301/2024/11/11/CAMHDA301-20241111T061500.mp4,510,0,blurry,test,full_2023_2024
CAMHDA301-20241111T091500,2024-11-11,/home/jovyan/ooi/san_data/RS03ASHS-PN03B-06-CAMHDA301/2024/11/11/CAMHDA301-20241111T091500.mp4,840,0,blurry,test,full_2023_2024
CAMHDA301-20241111T091500,2024-11-11,/home/jovyan/ooi/san_data/RS03ASHS-PN03B-06-CAMHDA301/2024/11/11/CAMHDA301-20241111T091500.mp4,90,0,blurry,test,full_2023_2024
CAMHDA301-20241111T091500,2024-11-11,/home/jovyan/ooi/san_data/RS03ASHS-PN03B-06-CAMHDA301/2024/11/11/CAMHDA301-20241111T091500.mp4,720,0,blurry,test,full_2023_2024
CAMHDA301-20241111T091500,2024-11-11,/home/jovyan/ooi/san_data/RS03ASHS-PN03B-06-CAMHDA301/2024/11/11/CAMHDA301-20241111T091500.mp4,540,0,blurry,test,full_2023_2024
CAMHDA301-20241111T121500,2024-11-11,/home/jovyan/ooi/san_data/RS03ASHS-PN03B-06-CAMHDA301/2024/11/11/CAMHDA301-20241111T121500.mp4,420,0,blurry,test,full_2023_2024
CAMHDA301-20241111T121500,2024-11-11,/home/jovyan/ooi/san_data/RS03ASHS-PN03B-06-CAMHDA301/2024/11/11/CAMHDA301-20241111T121500.mp4,180,0,blurry,test,full_2023_2024
CAMHDA301-20241111T121500,2024-11-11,/home/jovyan/ooi/san_data/RS03ASHS-PN03B-06-CAMHDA301/2024/11/11/CAMHDA301-20241111T121500.mp4,300,0,blurry,test,full_2023_2024
CAMHDA301-20241111T121500,2024-11-11,/home/jovyan/ooi/san_data/RS03ASHS-PN03B-06-CAMHDA301/2024/11/11/CAMHDA301-20241111T121500.mp4,210,0,blurry,test,full_2023_2024
CAMHDA301-20241111T151500,2024-11-11,/home/jovyan/ooi/san_data/RS03ASHS-PN03B-06-CAMHDA301/2024/11/11/CAMHDA301-20241111T151500.mp4,570,0,blurry,test,full_2023_2024
CAMHDA301-20241111T151500,2024-11-11,/home/jovyan/ooi/san_data/RS03ASHS-PN03B-06-CAMHDA301/2024/11/11/CAMHDA301-20241111T151500.mp4,150,0,blurry,test,full_2023_2024
CAMHDA301-20241111T151500,2024-11-11,/home/jovyan/ooi/san_data/RS03ASHS-PN03B-06-CAMHDA301/2024/11/11/CAMHDA301-20241111T151500.mp4,180,0,blurry,test,full_2023_2024
CAMHDA301-20241111T151500,2024-11-11,/home/jovyan/ooi/san_data/RS03ASHS-PN03B-06-CAMHDA301/2024/11/11/CAMHDA301-20241111T151500.mp4,750,0,blurry,test,full_2023_2024
CAMHDA301-20241111T181500,2024-11-11,/home/jovyan/ooi/san_data/RS03ASHS-PN03B-06-CAMHDA301/2024/11/11/CAMHDA301-20241111T181500.mp4,300,0,blurry,test,full_2023_2024
CAMHDA301-20241111T181500,2024-11-11,/home/jovyan/ooi/san_data/RS03ASHS-PN03B-06-CAMHDA301/2024/11/11/CAMHDA301-20241111T181500.mp4,270,0,blurry,test,full_2023_2024
CAMHDA301-20241111T181500,2024-11-11,/home/jovyan/ooi/san_data/RS03ASHS-PN03B-06-CAMHDA301/2024/11/11/CAMHDA301-20241111T181500.mp4,210,0,blurry,test,full_2023_2024
CAMHDA301-20241111T181500,2024-11-11,/home/jovyan/ooi/san_data/RS03ASHS-PN03B-06-CAMHDA301/2024/11/11/CAMHDA301-20241111T181500.mp4,90,0,blurry,test,full_2023_2024
CAMHDA301-20241111T211500,2024-11-11,/home/jovyan/ooi/san_data/RS03ASHS-PN03B-06-CAMHDA301/2024/11/11/CAMHDA301-20241111T211500.mp4,120,0,blurry,test,full_2023_2024
CAMHDA301-20241111T211500,2024-11-11,/home/jovyan/ooi/san_data/RS03ASHS-PN03B-06-CAMHDA301/2024/11/11/CAMHDA301-20241111T211500.mp4,780,0,blurry,test,full_2023_2024
CAMHDA301-20241111T211500,2024-11-11,/home/jovyan/ooi/san_data/RS03ASHS-PN03B-06-CAMHDA301/2024/11/11/CAMHDA301-20241111T211500.mp4,420,0,blurry,test,full_2023_2024
CAMHDA301-20241111T211500,2024-11-11,/home/jovyan/ooi/san_data/RS03ASHS-PN03B-06-CAMHDA301/2024/11/11/CAMHDA301-20241111T211500.mp4,630,0,blurry,test,full_2023_2024
CAMHDA301-20241118T001500,2024-11-18,/home/jovyan/ooi/san_data/RS03ASHS-PN03B-06-CAMHDA301/2024/11/18/CAMHDA301-20241118T001500.mp4,180,0,blurry,train,full_2023_2024
CAMHDA301-20241118T001500,2024-11-18,/home/jovyan/ooi/san_data/RS03ASHS-PN03B-06-CAMHDA301/2024/11/18/CAMHDA301-20241118T001500.mp4,120,0,blurry,train,full_2023_2024
CAMHDA301-20241118T001500,2024-11-18,/home/jovyan/ooi/san_data/RS03ASHS-PN03B-06-CAMHDA301/2024/11/18/CAMHDA301-20241118T001500.mp4,360,0,blurry,train,full_2023_2024
CAMHDA301-20241118T001500,2024-11-18,/home/jovyan/ooi/san_data/RS03ASHS-PN03B-06-CAMHDA301/2024/11/18/CAMHDA301-20241118T001500.mp4,570,0,blurry,train,full_2023_2024
CAMHDA301-20241118T031500,2024-11-18,/home/jovyan/ooi/san_data/RS03ASHS-PN03B-06-CAMHDA301/2024/11/18/CAMHDA301-20241118T031500.mp4,180,0,blurry,train,full_2023_2024
CAMHDA301-20241118T031500,2024-11-18,/home/jovyan/ooi/san_data/RS03ASHS-PN03B-06-CAMHDA301/2024/11/18/CAMHDA301-20241118T031500.mp4,480,0,blurry,train,full_2023_2024
CAMHDA301-20241118T031500,2024-11-18,/home/jovyan/ooi/san_data/RS03ASHS-PN03B-06-CAMHDA301/2024/11/18/CAMHDA301-20241118T031500.mp4,60,0,blurry,train,full_2023_2024
CAMHDA301-20241118T031500,2024-11-18,/home/jovyan/ooi/san_data/RS03ASHS-PN03B-06-CAMHDA301/2024/11/18/CAMHDA301-20241118T031500.mp4,690,0,blurry,train,full_2023_2024
CAMHDA301-20241118T061500,2024-11-18,/home/jovyan/ooi/san_data/RS03ASHS-PN03B-06-CAMHDA301/2024/11/18/CAMHDA301-20241118T061500.mp4,810,0,blurry,train,full_2023_2024
CAMHDA301-20241118T061500,2024-11-18,/home/jovyan/ooi/san_data/RS03ASHS-PN03B-06-CAMHDA301/2024/11/18/CAMHDA301-20241118T061500.mp4,180,0,blurry,train,full_2023_2024
CAMHDA301-20241118T061500,2024-11-18,/home/jovyan/ooi/san_data/RS03ASHS-PN03B-06-CAMHDA301/2024/11/18/CAMHDA301-20241118T061500.mp4,90,0,blurry,train,full_2023_2024
CAMHDA301-20241118T061500,2024-11-18,/home/jovyan/ooi/san_data/RS03ASHS-PN03B-06-CAMHDA301/2024/11/18/CAMHDA301-20241118T061500.mp4,390,0,blurry,train,full_2023_2024
CAMHDA301-20241118T091500,2024-11-18,/home/jovyan/ooi/san_data/RS03ASHS-PN03B-06-CAMHDA301/2024/11/18/CAMHDA301-20241118T091500.mp4,60,0,blurry,train,full_2023_2024
CAMHDA301-20241118T091500,2024-11-18,/home/jovyan/ooi/san_data/RS03ASHS-PN03B-06-CAMHDA301/2024/11/18/CAMHDA301-20241118T091500.mp4,660,0,blurry,train,full_2023_2024
CAMHDA301-20241118T091500,2024-11-18,/home/jovyan/ooi/san_data/RS03ASHS-PN03B-06-CAMHDA301/2024/11/18/CAMHDA301-20241118T091500.mp4,150,0,blurry,train,full_2023_2024
CAMHDA301-20241118T091500,2024-11-18,/home/jovyan/ooi/san_data/RS03ASHS-PN03B-06-CAMHDA301/2024/11/18/CAMHDA301-20241118T091500.mp4,420,0,blurry,train,full_2023_2024
CAMHDA301-20241118T121500,2024-11-18,/home/jovyan/ooi/san_data/RS03ASHS-PN03B-06-CAMHDA301/2024/11/18/CAMHDA301-20241118T121500.mp4,150,0,blurry,train,full_2023_2024
CAMHDA301-20241118T121500,2024-11-18,/home/jovyan/ooi/san_data/RS03ASHS-PN03B-06-CAMHDA301/2024/11/18/CAMHDA301-20241118T121500.mp4,510,0,blurry,train,full_2023_2024
CAMHDA301-20241118T121500,2024-11-18,/home/jovyan/ooi/san_data/RS03ASHS-PN03B-06-CAMHDA301/2024/11/18/CAMHDA301-20241118T121500.mp4,180,0,blurry,train,full_2023_2024
CAMHDA301-20241118T121500,2024-11-18,/home/jovyan/ooi/san_data/RS03ASHS-PN03B-06-CAMHDA301/2024/11/18/CAMHDA301-20241118T121500.mp4,690,0,blurry,train,full_2023_2024
CAMHDA301-20241118T151500,2024-11-18,/home/jovyan/ooi/san_data/RS03ASHS-PN03B-06-CAMHDA301/2024/11/18/CAMHDA301-20241118T151500.mp4,30,0,blurry,train,full_2023_2024
CAMHDA301-20241118T151500,2024-11-18,/home/jovyan/ooi/san_data/RS03ASHS-PN03B-06-CAMHDA301/2024/11/18/CAMHDA301-20241118T151500.mp4,750,0,blurry,train,full_2023_2024
CAMHDA301-20241118T151500,2024-11-18,/home/jovyan/ooi/san_data/RS03ASHS-PN03B-06-CAMHDA301/2024/11/18/CAMHDA301-20241118T151500.mp4,540,0,blurry,train,full_2023_2024
CAMHDA301-20241118T151500,2024-11-18,/home/jovyan/ooi/san_data/RS03ASHS-PN03B-06-CAMHDA301/2024/11/18/CAMHDA301-20241118T151500.mp4,660,0,blurry,train,full_2023_2024
CAMHDA301-20241118T181500,2024-11-18,/home/jovyan/ooi/san_data/RS03ASHS-PN03B-06-CAMHDA301/2024/11/18/CAMHDA301-20241118T181500.mp4,90,0,blurry,train,full_2023_2024
CAMHDA301-20241118T181500,2024-11-18,/home/jovyan/ooi/san_data/RS03ASHS-PN03B-06-CAMHDA301/2024/11/18/CAMHDA301-20241118T181500.mp4,660,0,blurry,train,full_2023_2024
CAMHDA301-20241118T181500,2024-11-18,/home/jovyan/ooi/san_data/RS03ASHS-PN03B-06-CAMHDA301/2024/11/18/CAMHDA301-20241118T181500.mp4,720,0,blurry,train,full_2023_2024
CAMHDA301-20241118T181500,2024-11-18,/home/jovyan/ooi/san_data/RS03ASHS-PN03B-06-CAMHDA301/2024/11/18/CAMHDA301-20241118T181500.mp4,120,0,blurry,train,full_2023_2024
CAMHDA301-20241118T211500,2024-11-18,/home/jovyan/ooi/san_data/RS03ASHS-PN03B-06-CAMHDA301/2024/11/18/CAMHDA301-20241118T211500.mp4,840,0,blurry,train,full_2023_2024
CAMHDA301-20241118T211500,2024-11-18,/home/jovyan/ooi/san_data/RS03ASHS-PN03B-06-CAMHDA301/2024/11/18/CAMHDA301-20241118T211500.mp4,420,0,blurry,train,full_2023_2024
CAMHDA301-20241118T211500,2024-11-18,/home/jovyan/ooi/san_data/RS03ASHS-PN03B-06-CAMHDA301/2024/11/18/CAMHDA301-20241118T211500.mp4,570,0,blurry,train,full_2023_2024
CAMHDA301-20241118T211500,2024-11-18,/home/jovyan/ooi/san_data/RS03ASHS-PN03B-06-CAMHDA301/2024/11/18/CAMHDA301-20241118T211500.mp4,510,0,blurry,train,full_2023_2024
CAMHDA301-20241125T001500,2024-11-25,/home/jovyan/ooi/san_data/RS03ASHS-PN03B-06-CAMHDA301/2024/11/25/CAMHDA301-20241125T001500.mp4,360,0,blurry,train,full_2023_2024
CAMHDA301-20241125T001500,2024-11-25,/home/jovyan/ooi/san_data/RS03ASHS-PN03B-06-CAMHDA301/2024/11/25/CAMHDA301-20241125T001500.mp4,810,0,blurry,train,full_2023_2024
CAMHDA301-20241125T001500,2024-11-25,/home/jovyan/ooi/san_data/RS03ASHS-PN03B-06-CAMHDA301/2024/11/25/CAMHDA301-20241125T001500.mp4,720,0,blurry,train,full_2023_2024
CAMHDA301-20241125T001500,2024-11-25,/home/jovyan/ooi/san_data/RS03ASHS-PN03B-06-CAMHDA301/2024/11/25/CAMHDA301-20241125T001500.mp4,300,0,blurry,train,full_2023_2024
CAMHDA301-20241125T031500,2024-11-25,/home/jovyan/ooi/san_data/RS03ASHS-PN03B-06-CAMHDA301/2024/11/25/CAMHDA301-20241125T031500.mp4,30,0,blurry,train,full_2023_2024
CAMHDA301-20241125T031500,2024-11-25,/home/jovyan/ooi/san_data/RS03ASHS-PN03B-06-CAMHDA301/2024/11/25/CAMHDA301-20241125T031500.mp4,330,0,blurry,train,full_2023_2024
CAMHDA301-20241125T031500,2024-11-25,/home/jovyan/ooi/san_data/RS03ASHS-PN03B-06-CAMHDA301/2024/11/25/CAMHDA301-20241125T031500.mp4,450,0,blurry,train,full_2023_2024
CAMHDA301-20241125T031500,2024-11-25,/home/jovyan/ooi/san_data/RS03ASHS-PN03B-06-CAMHDA301/2024/11/25/CAMHDA301-20241125T031500.mp4,720,0,blurry,train,full_2023_2024
CAMHDA301-20241125T061500,2024-11-25,/home/jovyan/ooi/san_data/RS03ASHS-PN03B-06-CAMHDA301/2024/11/25/CAMHDA301-20241125T061500.mp4,690,0,blurry,train,full_2023_2024
CAMHDA301-20241125T061500,2024-11-25,/home/jovyan/ooi/san_data/RS03ASHS-PN03B-06-CAMHDA301/2024/11/25/CAMHDA301-20241125T061500.mp4,210,0,blurry,train,full_2023_2024
CAMHDA301-20241125T061500,2024-11-25,/home/jovyan/ooi/san_data/RS03ASHS-PN03B-06-CAMHDA301/2024/11/25/CAMHDA301-20241125T061500.mp4,600,0,blurry,train,full_2023_2024
CAMHDA301-20241125T061500,2024-11-25,/home/jovyan/ooi/san_data/RS03ASHS-PN03B-06-CAMHDA301/2024/11/25/CAMHDA301-20241125T061500.mp4,540,0,blurry,train,full_2023_2024
CAMHDA301-20241125T091500,2024-11-25,/home/jovyan/ooi/san_data/RS03ASHS-PN03B-06-CAMHDA301/2024/11/25/CAMHDA301-20241125T091500.mp4,360,0,blurry,train,full_2023_2024
CAMHDA301-20241125T091500,2024-11-25,/home/jovyan/ooi/san_data/RS03ASHS-PN03B-06-CAMHDA301/2024/11/25/CAMHDA301-20241125T091500.mp4,750,0,blurry,train,full_2023_2024
CAMHDA301-20241125T091500,2024-11-25,/home/jovyan/ooi/san_data/RS03ASHS-PN03B-06-CAMHDA301/2024/11/25/CAMHDA301-20241125T091500.mp4,240,0,blurry,train,full_2023_2024
CAMHDA301-20241125T091500,2024-11-25,/home/jovyan/ooi/san_data/RS03ASHS-PN03B-06-CAMHDA301/2024/11/25/CAMHDA301-20241125T091500.mp4,120,0,blurry,train,full_2023_2024
CAMHDA301-20241125T121500,2024-11-25,/home/jovyan/ooi/san_data/RS03ASHS-PN03B-06-CAMHDA301/2024/11/25/CAMHDA301-20241125T121500.mp4,750,0,blurry,train,full_2023_2024
CAMHDA301-20241125T121500,2024-11-25,/home/jovyan/ooi/san_data/RS03ASHS-PN03B-06-CAMHDA301/2024/11/25/CAMHDA301-20241125T121500.mp4,600,0,blurry,train,full_2023_2024
CAMHDA301-20241125T121500,2024-11-25,/home/jovyan/ooi/san_data/RS03ASHS-PN03B-06-CAMHDA301/2024/11/25/CAMHDA301-20241125T121500.mp4,540,0,blurry,train,full_2023_2024
CAMHDA301-20241125T121500,2024-11-25,/home/jovyan/ooi/san_data/RS03ASHS-PN03B-06-CAMHDA301/2024/11/25/CAMHDA301-20241125T121500.mp4,330,0,blurry,train,full_2023_2024
CAMHDA301-20241125T151500,2024-11-25,/home/jovyan/ooi/san_data/RS03ASHS-PN03B-06-CAMHDA301/2024/11/25/CAMHDA301-20241125T151500.mp4,180,0,blurry,train,full_2023_2024
CAMHDA301-20241125T151500,2024-11-25,/home/jovyan/ooi/san_data/RS03ASHS-PN03B-06-CAMHDA301/2024/11/25/CAMHDA301-20241125T151500.mp4,840,0,blurry,train,full_2023_2024
CAMHDA301-20241125T151500,2024-11-25,/home/jovyan/ooi/san_data/RS03ASHS-PN03B-06-CAMHDA301/2024/11/25/CAMHDA301-20241125T151500.mp4,600,0,blurry,train,full_2023_2024
CAMHDA301-20241125T151500,2024-11-25,/home/jovyan/ooi/san_data/RS03ASHS-PN03B-06-CAMHDA301/2024/11/25/CAMHDA301-20241125T151500.mp4,540,0,blurry,train,full_2023_2024
CAMHDA301-20241125T181500,2024-11-25,/home/jovyan/ooi/san_data/RS03ASHS-PN03B-06-CAMHDA301/2024/11/25/CAMHDA301-20241125T181500.mp4,750,0,blurry,train,full_2023_2024
CAMHDA301-20241125T181500,2024-11-25,/home/jovyan/ooi/san_data/RS03ASHS-PN03B-06-CAMHDA301/2024/11/25/CAMHDA301-20241125T181500.mp4,210,0,blurry,train,full_2023_2024
CAMHDA301-20241125T181500,2024-11-25,/home/jovyan/ooi/san_data/RS03ASHS-PN03B-06-CAMHDA301/2024/11/25/CAMHDA301-20241125T181500.mp4,510,0,blurry,train,full_2023_2024
CAMHDA301-20241125T181500,2024-11-25,/home/jovyan/ooi/san_data/RS03ASHS-PN03B-06-CAMHDA301/2024/11/25/CAMHDA301-20241125T181500.mp4,600,0,blurry,train,full_2023_2024
CAMHDA301-20241125T211500,2024-11-25,/home/jovyan/ooi/san_data/RS03ASHS-PN03B-06-CAMHDA301/2024/11/25/CAMHDA301-20241125T211500.mp4,30,0,blurry,train,full_2023_2024
CAMHDA301-20241125T211500,2024-11-25,/home/jovyan/ooi/san_data/RS03ASHS-PN03B-06-CAMHDA301/2024/11/25/CAMHDA301-20241125T211500.mp4,270,0,blurry,train,full_2023_2024
CAMHDA301-20241125T211500,2024-11-25,/home/jovyan/ooi/san_data/RS03ASHS-PN03B-06-CAMHDA301/2024/11/25/CAMHDA301-20241125T211500.mp4,660,0,blurry,train,full_2023_2024
CAMHDA301-20241125T211500,2024-11-25,/home/jovyan/ooi/san_data/RS03ASHS-PN03B-06-CAMHDA301/2024/11/25/CAMHDA301-20241125T211500.mp4,450,0,blurry,train,full_2023_2024
CAMHDA301-20241202T001500,2024-12-02,/home/jovyan/ooi/san_data/RS03ASHS-PN03B-06-CAMHDA301/2024/12/02/CAMHDA301-20241202T001500.mp4,180,0,blurry,train,full_2023_2024
CAMHDA301-20241202T001500,2024-12-02,/home/jovyan/ooi/san_data/RS03ASHS-PN03B-06-CAMHDA301/2024/12/02/CAMHDA301-20241202T001500.mp4,60,0,blurry,train,full_2023_2024
CAMHDA301-20241202T001500,2024-12-02,/home/jovyan/ooi/san_data/RS03ASHS-PN03B-06-CAMHDA301/2024/12/02/CAMHDA301-20241202T001500.mp4,720,0,blurry,train,full_2023_2024
CAMHDA301-20241202T001500,2024-12-02,/home/jovyan/ooi/san_data/RS03ASHS-PN03B-06-CAMHDA301/2024/12/02/CAMHDA301-20241202T001500.mp4,780,0,blurry,train,full_2023_2024
CAMHDA301-20241202T031500,2024-12-02,/home/jovyan/ooi/san_data/RS03ASHS-PN03B-06-CAMHDA301/2024/12/02/CAMHDA301-20241202T031500.mp4,60,0,blurry,train,full_2023_2024
CAMHDA301-20241202T031500,2024-12-02,/home/jovyan/ooi/san_data/RS03ASHS-PN03B-06-CAMHDA301/2024/12/02/CAMHDA301-20241202T031500.mp4,840,0,blurry,train,full_2023_2024
CAMHDA301-20241202T031500,2024-12-02,/home/jovyan/ooi/san_data/RS03ASHS-PN03B-06-CAMHDA301/2024/12/02/CAMHDA301-20241202T031500.mp4,150,0,blurry,train,full_2023_2024
CAMHDA301-20241202T031500,2024-12-02,/home/jovyan/ooi/san_data/RS03ASHS-PN03B-06-CAMHDA301/2024/12/02/CAMHDA301-20241202T031500.mp4,690,0,blurry,train,full_2023_2024
CAMHDA301-20241202T061500,2024-12-02,/home/jovyan/ooi/san_data/RS03ASHS-PN03B-06-CAMHDA301/2024/12/02/CAMHDA301-20241202T061500.mp4,630,0,blurry,train,full_2023_2024
CAMHDA301-20241202T061500,2024-12-02,/home/jovyan/ooi/san_data/RS03ASHS-PN03B-06-CAMHDA301/2024/12/02/CAMHDA301-20241202T061500.mp4,210,0,blurry,train,full_2023_2024
CAMHDA301-20241202T061500,2024-12-02,/home/jovyan/ooi/san_data/RS03ASHS-PN03B-06-CAMHDA301/2024/12/02/CAMHDA301-20241202T061500.mp4,600,0,blurry,train,full_2023_2024
CAMHDA301-20241202T061500,2024-12-02,/home/jovyan/ooi/san_data/RS03ASHS-PN03B-06-CAMHDA301/2024/12/02/CAMHDA301-20241202T061500.mp4,780,0,blurry,train,full_2023_2024
CAMHDA301-20241202T091500,2024-12-02,/home/jovyan/ooi/san_data/RS03ASHS-PN03B-06-CAMHDA301/2024/12/02/CAMHDA301-20241202T091500.mp4,660,0,blurry,train,full_2023_2024
CAMHDA301-20241202T091500,2024-12-02,/home/jovyan/ooi/san_data/RS03ASHS-PN03B-06-CAMHDA301/2024/12/02/CAMHDA301-20241202T091500.mp4,540,0,blurry,train,full_2023_2024
CAMHDA301-20241202T091500,2024-12-02,/home/jovyan/ooi/san_data/RS03ASHS-PN03B-06-CAMHDA301/2024/12/02/CAMHDA301-20241202T091500.mp4,480,0,blurry,train,full_2023_2024
CAMHDA301-20241202T091500,2024-12-02,/home/jovyan/ooi/san_data/RS03ASHS-PN03B-06-CAMHDA301/2024/12/02/CAMHDA301-20241202T091500.mp4,180,0,blurry,train,full_2023_2024
CAMHDA301-20241202T121500,2024-12-02,/home/jovyan/ooi/san_data/RS03ASHS-PN03B-06-CAMHDA301/2024/12/02/CAMHDA301-20241202T121500.mp4,240,0,blurry,train,full_2023_2024
CAMHDA301-20241202T121500,2024-12-02,/home/jovyan/ooi/san_data/RS03ASHS-PN03B-06-CAMHDA301/2024/12/02/CAMHDA301-20241202T121500.mp4,450,0,blurry,train,full_2023_2024
CAMHDA301-20241202T121500,2024-12-02,/home/jovyan/ooi/san_data/RS03ASHS-PN03B-06-CAMHDA301/2024/12/02/CAMHDA301-20241202T121500.mp4,630,0,blurry,train,full_2023_2024
CAMHDA301-20241202T121500,2024-12-02,/home/jovyan/ooi/san_data/RS03ASHS-PN03B-06-CAMHDA301/2024/12/02/CAMHDA301-20241202T121500.mp4,210,0,blurry,train,full_2023_2024
CAMHDA301-20241202T151500,2024-12-02,/home/jovyan/ooi/san_data/RS03ASHS-PN03B-06-CAMHDA301/2024/12/02/CAMHDA301-20241202T151500.mp4,810,0,blurry,train,full_2023_2024
CAMHDA301-20241202T151500,2024-12-02,/home/jovyan/ooi/san_data/RS03ASHS-PN03B-06-CAMHDA301/2024/12/02/CAMHDA301-20241202T151500.mp4,420,0,blurry,train,full_2023_2024
CAMHDA301-20241202T151500,2024-12-02,/home/jovyan/ooi/san_data/RS03ASHS-PN03B-06-CAMHDA301/2024/12/02/CAMHDA301-20241202T151500.mp4,600,0,blurry,train,full_2023_2024
CAMHDA301-20241202T151500,2024-12-02,/home/jovyan/ooi/san_data/RS03ASHS-PN03B-06-CAMHDA301/2024/12/02/CAMHDA301-20241202T151500.mp4,690,0,blurry,train,full_2023_2024
CAMHDA301-20241202T181500,2024-12-02,/home/jovyan/ooi/san_data/RS03ASHS-PN03B-06-CAMHDA301/2024/12/02/CAMHDA301-20241202T181500.mp4,210,0,blurry,train,full_2023_2024
CAMHDA301-20241202T181500,2024-12-02,/home/jovyan/ooi/san_data/RS03ASHS-PN03B-06-CAMHDA301/2024/12/02/CAMHDA301-20241202T181500.mp4,150,0,blurry,train,full_2023_2024
CAMHDA301-20241202T181500,2024-12-02,/home/jovyan/ooi/san_data/RS03ASHS-PN03B-06-CAMHDA301/2024/12/02/CAMHDA301-20241202T181500.mp4,510,0,blurry,train,full_2023_2024
CAMHDA301-20241202T181500,2024-12-02,/home/jovyan/ooi/san_data/RS03ASHS-PN03B-06-CAMHDA301/2024/12/02/CAMHDA301-20241202T181500.mp4,600,0,blurry,train,full_2023_2024
CAMHDA301-20241202T211500,2024-12-02,/home/jovyan/ooi/san_data/RS03ASHS-PN03B-06-CAMHDA301/2024/12/02/CAMHDA301-20241202T211500.mp4,420,0,blurry,train,full_2023_2024
CAMHDA301-20241202T211500,2024-12-02,/home/jovyan/ooi/san_data/RS03ASHS-PN03B-06-CAMHDA301/2024/12/02/CAMHDA301-20241202T211500.mp4,90,0,blurry,train,full_2023_2024
CAMHDA301-20241202T211500,2024-12-02,/home/jovyan/ooi/san_data/RS03ASHS-PN03B-06-CAMHDA301/2024/12/02/CAMHDA301-20241202T211500.mp4,630,0,blurry,train,full_2023_2024
CAMHDA301-20241202T211500,2024-12-02,/home/jovyan/ooi/san_data/RS03ASHS-PN03B-06-CAMHDA301/2024/12/02/CAMHDA301-20241202T211500.mp4,750,0,blurry,train,full_2023_2024
CAMHDA301-20241209T001500,2024-12-09,/home/jovyan/ooi/san_data/RS03ASHS-PN03B-06-CAMHDA301/2024/12/09/CAMHDA301-20241209T001500.mp4,810,1,blurry,train,full_2023_2024
CAMHDA301-20241209T031500,2024-12-09,/home/jovyan/ooi/san_data/RS03ASHS-PN03B-06-CAMHDA301/2024/12/09/CAMHDA301-20241209T031500.mp4,270,0,blurry,train,full_2023_2024
CAMHDA301-20241209T031500,2024-12-09,/home/jovyan/ooi/san_data/RS03ASHS-PN03B-06-CAMHDA301/2024/12/09/CAMHDA301-20241209T031500.mp4,750,0,blurry,train,full_2023_2024
CAMHDA301-20241209T031500,2024-12-09,/home/jovyan/ooi/san_data/RS03ASHS-PN03B-06-CAMHDA301/2024/12/09/CAMHDA301-20241209T031500.mp4,660,0,blurry,train,full_2023_2024
CAMHDA301-20241209T031500,2024-12-09,/home/jovyan/ooi/san_data/RS03ASHS-PN03B-06-CAMHDA301/2024/12/09/CAMHDA301-20241209T031500.mp4,30,0,blurry,train,full_2023_2024
CAMHDA301-20241209T061500,2024-12-09,/home/jovyan/ooi/san_data/RS03ASHS-PN03B-06-CAMHDA301/2024/12/09/CAMHDA301-20241209T061500.mp4,810,0,blurry,train,full_2023_2024
CAMHDA301-20241209T061500,2024-12-09,/home/jovyan/ooi/san_data/RS03ASHS-PN03B-06-CAMHDA301/2024/12/09/CAMHDA301-20241209T061500.mp4,90,0,blurry,train,full_2023_2024
CAMHDA301-20241209T061500,2024-12-09,/home/jovyan/ooi/san_data/RS03ASHS-PN03B-06-CAMHDA301/2024/12/09/CAMHDA301-20241209T061500.mp4,660,0,blurry,train,full_2023_2024
CAMHDA301-20241209T061500,2024-12-09,/home/jovyan/ooi/san_data/RS03ASHS-PN03B-06-CAMHDA301/2024/12/09/CAMHDA301-20241209T061500.mp4,480,0,blurry,train,full_2023_2024
CAMHDA301-20241209T091500,2024-12-09,/home/jovyan/ooi/san_data/RS03ASHS-PN03B-06-CAMHDA301/2024/12/09/CAMHDA301-20241209T091500.mp4,570,0,blurry,train,full_2023_2024
CAMHDA301-20241209T091500,2024-12-09,/home/jovyan/ooi/san_data/RS03ASHS-PN03B-06-CAMHDA301/2024/12/09/CAMHDA301-20241209T091500.mp4,210,0,blurry,train,full_2023_2024
CAMHDA301-20241209T091500,2024-12-09,/home/jovyan/ooi/san_data/RS03ASHS-PN03B-06-CAMHDA301/2024/12/09/CAMHDA301-20241209T091500.mp4,720,0,blurry,train,full_2023_2024
CAMHDA301-20241209T091500,2024-12-09,/home/jovyan/ooi/san_data/RS03ASHS-PN03B-06-CAMHDA301/2024/12/09/CAMHDA301-20241209T091500.mp4,240,0,blurry,train,full_2023_2024
CAMHDA301-20241209T121500,2024-12-09,/home/jovyan/ooi/san_data/RS03ASHS-PN03B-06-CAMHDA301/2024/12/09/CAMHDA301-20241209T121500.mp4,480,0,blurry,train,full_2023_2024
CAMHDA301-20241209T121500,2024-12-09,/home/jovyan/ooi/san_data/RS03ASHS-PN03B-06-CAMHDA301/2024/12/09/CAMHDA301-20241209T121500.mp4,270,0,blurry,train,full_2023_2024
CAMHDA301-20241209T121500,2024-12-09,/home/jovyan/ooi/san_data/RS03ASHS-PN03B-06-CAMHDA301/2024/12/09/CAMHDA301-20241209T121500.mp4,90,0,blurry,train,full_2023_2024
CAMHDA301-20241209T121500,2024-12-09,/home/jovyan/ooi/san_data/RS03ASHS-PN03B-06-CAMHDA301/2024/12/09/CAMHDA301-20241209T121500.mp4,840,0,blurry,train,full_2023_2024
CAMHDA301-20241209T151500,2024-12-09,/home/jovyan/ooi/san_data/RS03ASHS-PN03B-06-CAMHDA301/2024/12/09/CAMHDA301-20241209T151500.mp4,60,0,blurry,train,full_2023_2024
CAMHDA301-20241209T151500,2024-12-09,/home/jovyan/ooi/san_data/RS03ASHS-PN03B-06-CAMHDA301/2024/12/09/CAMHDA301-20241209T151500.mp4,630,0,blurry,train,full_2023_2024
CAMHDA301-20241209T151500,2024-12-09,/home/jovyan/ooi/san_data/RS03ASHS-PN03B-06-CAMHDA301/2024/12/09/CAMHDA301-20241209T151500.mp4,90,0,blurry,train,full_2023_2024
CAMHDA301-20241209T151500,2024-12-09,/home/jovyan/ooi/san_data/RS03ASHS-PN03B-06-CAMHDA301/2024/12/09/CAMHDA301-20241209T151500.mp4,570,0,blurry,train,full_2023_2024
CAMHDA301-20241209T181500,2024-12-09,/home/jovyan/ooi/san_data/RS03ASHS-PN03B-06-CAMHDA301/2024/12/09/CAMHDA301-20241209T181500.mp4,450,0,blurry,train,full_2023_2024
CAMHDA301-20241209T181500,2024-12-09,/home/jovyan/ooi/san_data/RS03ASHS-PN03B-06-CAMHDA301/2024/12/09/CAMHDA301-20241209T181500.mp4,630,0,blurry,train,full_2023_2024
CAMHDA301-20241209T181500,2024-12-09,/home/jovyan/ooi/san_data/RS03ASHS-PN03B-06-CAMHDA301/2024/12/09/CAMHDA301-20241209T181500.mp4,330,0,blurry,train,full_2023_2024
CAMHDA301-20241209T181500,2024-12-09,/home/jovyan/ooi/san_data/RS03ASHS-PN03B-06-CAMHDA301/2024/12/09/CAMHDA301-20241209T181500.mp4,570,0,blurry,train,full_2023_2024
CAMHDA301-20241209T211500,2024-12-09,/home/jovyan/ooi/san_data/RS03ASHS-PN03B-06-CAMHDA301/2024/12/09/CAMHDA301-20241209T211500.mp4,330,0,blurry,train,full_2023_2024
CAMHDA301-20241209T211500,2024-12-09,/home/jovyan/ooi/san_data/RS03ASHS-PN03B-06-CAMHDA301/2024/12/09/CAMHDA301-20241209T211500.mp4,540,0,blurry,train,full_2023_2024
CAMHDA301-20241209T211500,2024-12-09,/home/jovyan/ooi/san_data/RS03ASHS-PN03B-06-CAMHDA301/2024/12/09/CAMHDA301-20241209T211500.mp4,600,0,blurry,train,full_2023_2024
CAMHDA301-20241209T211500,2024-12-09,/home/jovyan/ooi/san_data/RS03ASHS-PN03B-06-CAMHDA301/2024/12/09/CAMHDA301-20241209T211500.mp4,210,0,blurry,train,full_2023_2024
CAMHDA301-20241216T001500,2024-12-16,/home/jovyan/ooi/san_data/RS03ASHS-PN03B-06-CAMHDA301/2024/12/16/CAMHDA301-20241216T001500.mp4,780,0,blurry,train,full_2023_2024
CAMHDA301-20241216T001500,2024-12-16,/home/jovyan/ooi/san_data/RS03ASHS-PN03B-06-CAMHDA301/2024/12/16/CAMHDA301-20241216T001500.mp4,120,0,blurry,train,full_2023_2024
CAMHDA301-20241216T001500,2024-12-16,/home/jovyan/ooi/san_data/RS03ASHS-PN03B-06-CAMHDA301/2024/12/16/CAMHDA301-20241216T001500.mp4,480,0,blurry,train,full_2023_2024
CAMHDA301-20241216T001500,2024-12-16,/home/jovyan/ooi/san_data/RS03ASHS-PN03B-06-CAMHDA301/2024/12/16/CAMHDA301-20241216T001500.mp4,360,0,blurry,train,full_2023_2024
CAMHDA301-20241216T031500,2024-12-16,/home/jovyan/ooi/san_data/RS03ASHS-PN03B-06-CAMHDA301/2024/12/16/CAMHDA301-20241216T031500.mp4,240,0,blurry,train,full_2023_2024
CAMHDA301-20241216T031500,2024-12-16,/home/jovyan/ooi/san_data/RS03ASHS-PN03B-06-CAMHDA301/2024/12/16/CAMHDA301-20241216T031500.mp4,570,0,blurry,train,full_2023_2024
CAMHDA301-20241216T031500,2024-12-16,/home/jovyan/ooi/san_data/RS03ASHS-PN03B-06-CAMHDA301/2024/12/16/CAMHDA301-20241216T031500.mp4,390,0,blurry,train,full_2023_2024
CAMHDA301-20241216T031500,2024-12-16,/home/jovyan/ooi/san_data/RS03ASHS-PN03B-06-CAMHDA301/2024/12/16/CAMHDA301-20241216T031500.mp4,750,0,blurry,train,full_2023_2024
CAMHDA301-20241216T061500,2024-12-16,/home/jovyan/ooi/san_data/RS03ASHS-PN03B-06-CAMHDA301/2024/12/16/CAMHDA301-20241216T061500.mp4,810,1,blurry,train,full_2023_2024
CAMHDA301-20241216T091500,2024-12-16,/home/jovyan/ooi/san_data/RS03ASHS-PN03B-06-CAMHDA301/2024/12/16/CAMHDA301-20241216T091500.mp4,240,0,blurry,train,full_2023_2024
CAMHDA301-20241216T091500,2024-12-16,/home/jovyan/ooi/san_data/RS03ASHS-PN03B-06-CAMHDA301/2024/12/16/CAMHDA301-20241216T091500.mp4,510,0,blurry,train,full_2023_2024
CAMHDA301-20241216T091500,2024-12-16,/home/jovyan/ooi/san_data/RS03ASHS-PN03B-06-CAMHDA301/2024/12/16/CAMHDA301-20241216T091500.mp4,750,0,blurry,train,full_2023_2024
CAMHDA301-20241216T091500,2024-12-16,/home/jovyan/ooi/san_data/RS03ASHS-PN03B-06-CAMHDA301/2024/12/16/CAMHDA301-20241216T091500.mp4,90,0,blurry,train,full_2023_2024
CAMHDA301-20241216T121500,2024-12-16,/home/jovyan/ooi/san_data/RS03ASHS-PN03B-06-CAMHDA301/2024/12/16/CAMHDA301-20241216T121500.mp4,750,0,blurry,train,full_2023_2024
CAMHDA301-20241216T121500,2024-12-16,/home/jovyan/ooi/san_data/RS03ASHS-PN03B-06-CAMHDA301/2024/12/16/CAMHDA301-20241216T121500.mp4,360,0,blurry,train,full_2023_2024
CAMHDA301-20241216T121500,2024-12-16,/home/jovyan/ooi/san_data/RS03ASHS-PN03B-06-CAMHDA301/2024/12/16/CAMHDA301-20241216T121500.mp4,60,0,blurry,train,full_2023_2024
CAMHDA301-20241216T121500,2024-12-16,/home/jovyan/ooi/san_data/RS03ASHS-PN03B-06-CAMHDA301/2024/12/16/CAMHDA301-20241216T121500.mp4,570,0,blurry,train,full_2023_2024
CAMHDA301-20241216T151500,2024-12-16,/home/jovyan/ooi/san_data/RS03ASHS-PN03B-06-CAMHDA301/2024/12/16/CAMHDA301-20241216T151500.mp4,570,0,blurry,train,full_2023_2024
CAMHDA301-20241216T151500,2024-12-16,/home/jovyan/ooi/san_data/RS03ASHS-PN03B-06-CAMHDA301/2024/12/16/CAMHDA301-20241216T151500.mp4,510,0,blurry,train,full_2023_2024
CAMHDA301-20241216T151500,2024-12-16,/home/jovyan/ooi/san_data/RS03ASHS-PN03B-06-CAMHDA301/2024/12/16/CAMHDA301-20241216T151500.mp4,180,0,blurry,train,full_2023_2024
CAMHDA301-20241216T151500,2024-12-16,/home/jovyan/ooi/san_data/RS03ASHS-PN03B-06-CAMHDA301/2024/12/16/CAMHDA301-20241216T151500.mp4,690,0,blurry,train,full_2023_2024
CAMHDA301-20241216T181500,2024-12-16,/home/jovyan/ooi/san_data/RS03ASHS-PN03B-06-CAMHDA301/2024/12/16/CAMHDA301-20241216T181500.mp4,600,0,blurry,train,full_2023_2024
CAMHDA301-20241216T181500,2024-12-16,/home/jovyan/ooi/san_data/RS03ASHS-PN03B-06-CAMHDA301/2024/12/16/CAMHDA301-20241216T181500.mp4,690,0,blurry,train,full_2023_2024
CAMHDA301-20241216T181500,2024-12-16,/home/jovyan/ooi/san_data/RS03ASHS-PN03B-06-CAMHDA301/2024/12/16/CAMHDA301-20241216T181500.mp4,120,0,blurry,train,full_2023_2024
CAMHDA301-20241216T181500,2024-12-16,/home/jovyan/ooi/san_data/RS03ASHS-PN03B-06-CAMHDA301/2024/12/16/CAMHDA301-20241216T181500.mp4,570,0,blurry,train,full_2023_2024
CAMHDA301-20241216T211500,2024-12-16,/home/jovyan/ooi/san_data/RS03ASHS-PN03B-06-CAMHDA301/2024/12/16/CAMHDA301-20241216T211500.mp4,750,0,blurry,train,full_2023_2024
CAMHDA301-20241216T211500,2024-12-16,/home/jovyan/ooi/san_data/RS03ASHS-PN03B-06-CAMHDA301/2024/12/16/CAMHDA301-20241216T211500.mp4,420,0,blurry,train,full_2023_2024
CAMHDA301-20241216T211500,2024-12-16,/home/jovyan/ooi/san_data/RS03ASHS-PN03B-06-CAMHDA301/2024/12/16/CAMHDA301-20241216T211500.mp4,570,0,blurry,train,full_2023_2024
CAMHDA301-20241216T211500,2024-12-16,/home/jovyan/ooi/san_data/RS03ASHS-PN03B-06-CAMHDA301/2024/12/16/CAMHDA301-20241216T211500.mp4,810,0,blurry,train,full_2023_2024
CAMHDA301-20241223T001500,2024-12-23,/home/jovyan/ooi/san_data/RS03ASHS-PN03B-06-CAMHDA301/2024/12/23/CAMHDA301-20241223T001500.mp4,660,0,blurry,train,full_2023_2024
CAMHDA301-20241223T001500,2024-12-23,/home/jovyan/ooi/san_data/RS03ASHS-PN03B-06-CAMHDA301/2024/12/23/CAMHDA301-20241223T001500.mp4,600,0,blurry,train,full_2023_2024
CAMHDA301-20241223T001500,2024-12-23,/home/jovyan/ooi/san_data/RS03ASHS-PN03B-06-CAMHDA301/2024/12/23/CAMHDA301-20241223T001500.mp4,150,0,blurry,train,full_2023_2024
CAMHDA301-20241223T001500,2024-12-23,/home/jovyan/ooi/san_data/RS03ASHS-PN03B-06-CAMHDA301/2024/12/23/CAMHDA301-20241223T001500.mp4,30,0,blurry,train,full_2023_2024
CAMHDA301-20241223T031500,2024-12-23,/home/jovyan/ooi/san_data/RS03ASHS-PN03B-06-CAMHDA301/2024/12/23/CAMHDA301-20241223T031500.mp4,240,0,blurry,train,full_2023_2024
CAMHDA301-20241223T031500,2024-12-23,/home/jovyan/ooi/san_data/RS03ASHS-PN03B-06-CAMHDA301/2024/12/23/CAMHDA301-20241223T031500.mp4,780,0,blurry,train,full_2023_2024
CAMHDA301-20241223T031500,2024-12-23,/home/jovyan/ooi/san_data/RS03ASHS-PN03B-06-CAMHDA301/2024/12/23/CAMHDA301-20241223T031500.mp4,600,0,blurry,train,full_2023_2024
CAMHDA301-20241223T031500,2024-12-23,/home/jovyan/ooi/san_data/RS03ASHS-PN03B-06-CAMHDA301/2024/12/23/CAMHDA301-20241223T031500.mp4,300,0,blurry,train,full_2023_2024
CAMHDA301-20241223T061500,2024-12-23,/home/jovyan/ooi/san_data/RS03ASHS-PN03B-06-CAMHDA301/2024/12/23/CAMHDA301-20241223T061500.mp4,510,0,blurry,train,full_2023_2024
CAMHDA301-20241223T061500,2024-12-23,/home/jovyan/ooi/san_data/RS03ASHS-PN03B-06-CAMHDA301/2024/12/23/CAMHDA301-20241223T061500.mp4,390,0,blurry,train,full_2023_2024
CAMHDA301-20241223T061500,2024-12-23,/home/jovyan/ooi/san_data/RS03ASHS-PN03B-06-CAMHDA301/2024/12/23/CAMHDA301-20241223T061500.mp4,810,0,blurry,train,full_2023_2024
CAMHDA301-20241223T061500,2024-12-23,/home/jovyan/ooi/san_data/RS03ASHS-PN03B-06-CAMHDA301/2024/12/23/CAMHDA301-20241223T061500.mp4,300,0,blurry,train,full_2023_2024
CAMHDA301-20241223T091500,2024-12-23,/home/jovyan/ooi/san_data/RS03ASHS-PN03B-06-CAMHDA301/2024/12/23/CAMHDA301-20241223T091500.mp4,600,0,blurry,train,full_2023_2024
CAMHDA301-20241223T091500,2024-12-23,/home/jovyan/ooi/san_data/RS03ASHS-PN03B-06-CAMHDA301/2024/12/23/CAMHDA301-20241223T091500.mp4,720,0,blurry,train,full_2023_2024
CAMHDA301-20241223T091500,2024-12-23,/home/jovyan/ooi/san_data/RS03ASHS-PN03B-06-CAMHDA301/2024/12/23/CAMHDA301-20241223T091500.mp4,660,0,blurry,train,full_2023_2024
CAMHDA301-20241223T091500,2024-12-23,/home/jovyan/ooi/san_data/RS03ASHS-PN03B-06-CAMHDA301/2024/12/23/CAMHDA301-20241223T091500.mp4,210,0,blurry,train,full_2023_2024
CAMHDA301-20241223T121500,2024-12-23,/home/jovyan/ooi/san_data/RS03ASHS-PN03B-06-CAMHDA301/2024/12/23/CAMHDA301-20241223T121500.mp4,780,0,blurry,train,full_2023_2024
CAMHDA301-20241223T121500,2024-12-23,/home/jovyan/ooi/san_data/RS03ASHS-PN03B-06-CAMHDA301/2024/12/23/CAMHDA301-20241223T121500.mp4,720,0,blurry,train,full_2023_2024
CAMHDA301-20241223T121500,2024-12-23,/home/jovyan/ooi/san_data/RS03ASHS-PN03B-06-CAMHDA301/2024/12/23/CAMHDA301-20241223T121500.mp4,150,0,blurry,train,full_2023_2024
CAMHDA301-20241223T121500,2024-12-23,/home/jovyan/ooi/san_data/RS03ASHS-PN03B-06-CAMHDA301/2024/12/23/CAMHDA301-20241223T121500.mp4,840,0,blurry,train,full_2023_2024
CAMHDA301-20241223T151500,2024-12-23,/home/jovyan/ooi/san_data/RS03ASHS-PN03B-06-CAMHDA301/2024/12/23/CAMHDA301-20241223T151500.mp4,810,1,blurry,train,full_2023_2024
CAMHDA301-20241223T181500,2024-12-23,/home/jovyan/ooi/san_data/RS03ASHS-PN03B-06-CAMHDA301/2024/12/23/CAMHDA301-20241223T181500.mp4,720,0,blurry,train,full_2023_2024
CAMHDA301-20241223T181500,2024-12-23,/home/jovyan/ooi/san_data/RS03ASHS-PN03B-06-CAMHDA301/2024/12/23/CAMHDA301-20241223T181500.mp4,270,0,blurry,train,full_2023_2024
CAMHDA301-20241223T181500,2024-12-23,/home/jovyan/ooi/san_data/RS03ASHS-PN03B-06-CAMHDA301/2024/12/23/CAMHDA301-20241223T181500.mp4,210,0,blurry,train,full_2023_2024
CAMHDA301-20241223T181500,2024-12-23,/home/jovyan/ooi/san_data/RS03ASHS-PN03B-06-CAMHDA301/2024/12/23/CAMHDA301-20241223T181500.mp4,750,0,blurry,train,full_2023_2024
CAMHDA301-20241223T211500,2024-12-23,/home/jovyan/ooi/san_data/RS03ASHS-PN03B-06-CAMHDA301/2024/12/23/CAMHDA301-20241223T211500.mp4,810,1,blurry,train,full_2023_2024
CAMHDA301-20241230T001500,2024-12-30,/home/jovyan/ooi/san_data/RS03ASHS-PN03B-06-CAMHDA301/2024/12/30/CAMHDA301-20241230T001500.mp4,30,0,blurry,train,full_2023_2024
CAMHDA301-20241230T001500,2024-12-30,/home/jovyan/ooi/san_data/RS03ASHS-PN03B-06-CAMHDA301/2024/12/30/CAMHDA301-20241230T001500.mp4,810,0,blurry,train,full_2023_2024
CAMHDA301-20241230T001500,2024-12-30,/home/jovyan/ooi/san_data/RS03ASHS-PN03B-06-CAMHDA301/2024/12/30/CAMHDA301-20241230T001500.mp4,360,0,blurry,train,full_2023_2024
CAMHDA301-20241230T001500,2024-12-30,/home/jovyan/ooi/san_data/RS03ASHS-PN03B-06-CAMHDA301/2024/12/30/CAMHDA301-20241230T001500.mp4,210,0,blurry,train,full_2023_2024
CAMHDA301-20241230T031500,2024-12-30,/home/jovyan/ooi/san_data/RS03ASHS-PN03B-06-CAMHDA301/2024/12/30/CAMHDA301-20241230T031500.mp4,480,0,blurry,train,full_2023_2024
CAMHDA301-20241230T031500,2024-12-30,/home/jovyan/ooi/san_data/RS03ASHS-PN03B-06-CAMHDA301/2024/12/30/CAMHDA301-20241230T031500.mp4,750,0,blurry,train,full_2023_2024
CAMHDA301-20241230T031500,2024-12-30,/home/jovyan/ooi/san_data/RS03ASHS-PN03B-06-CAMHDA301/2024/12/30/CAMHDA301-20241230T031500.mp4,240,0,blurry,train,full_2023_2024
CAMHDA301-20241230T031500,2024-12-30,/home/jovyan/ooi/san_data/RS03ASHS-PN03B-06-CAMHDA301/2024/12/30/CAMHDA301-20241230T031500.mp4,90,0,blurry,train,full_2023_2024
CAMHDA301-20241230T061500,2024-12-30,/home/jovyan/ooi/san_data/RS03ASHS-PN03B-06-CAMHDA301/2024/12/30/CAMHDA301-20241230T061500.mp4,840,0,blurry,train,full_2023_2024
CAMHDA301-20241230T061500,2024-12-30,/home/jovyan/ooi/san_data/RS03ASHS-PN03B-06-CAMHDA301/2024/12/30/CAMHDA301-20241230T061500.mp4,480,0,blurry,train,full_2023_2024
CAMHDA301-20241230T061500,2024-12-30,/home/jovyan/ooi/san_data/RS03ASHS-PN03B-06-CAMHDA301/2024/12/30/CAMHDA301-20241230T061500.mp4,720,0,blurry,train,full_2023_2024
CAMHDA301-20241230T061500,2024-12-30,/home/jovyan/ooi/san_data/RS03ASHS-PN03B-06-CAMHDA301/2024/12/30/CAMHDA301-20241230T061500.mp4,210,0,blurry,train,full_2023_2024
CAMHDA301-20241230T091500,2024-12-30,/home/jovyan/ooi/san_data/RS03ASHS-PN03B-06-CAMHDA301/2024/12/30/CAMHDA301-20241230T091500.mp4,600,0,blurry,train,full_2023_2024
CAMHDA301-20241230T091500,2024-12-30,/home/jovyan/ooi/san_data/RS03ASHS-PN03B-06-CAMHDA301/2024/12/30/CAMHDA301-20241230T091500.mp4,270,0,blurry,train,full_2023_2024
CAMHDA301-20241230T091500,2024-12-30,/home/jovyan/ooi/san_data/RS03ASHS-PN03B-06-CAMHDA301/2024/12/30/CAMHDA301-20241230T091500.mp4,720,0,blurry,train,full_2023_2024
CAMHDA301-20241230T091500,2024-12-30,/home/jovyan/ooi/san_data/RS03ASHS-PN03B-06-CAMHDA301/2024/12/30/CAMHDA301-20241230T091500.mp4,210,0,blurry,train,full_2023_2024
CAMHDA301-20241230T121500,2024-12-30,/home/jovyan/ooi/san_data/RS03ASHS-PN03B-06-CAMHDA301/2024/12/30/CAMHDA301-20241230T121500.mp4,330,0,blurry,train,full_2023_2024
CAMHDA301-20241230T121500,2024-12-30,/home/jovyan/ooi/san_data/RS03ASHS-PN03B-06-CAMHDA301/2024/12/30/CAMHDA301-20241230T121500.mp4,360,0,blurry,train,full_2023_2024
CAMHDA301-20241230T121500,2024-12-30,/home/jovyan/ooi/san_data/RS03ASHS-PN03B-06-CAMHDA301/2024/12/30/CAMHDA301-20241230T121500.mp4,90,0,blurry,train,full_2023_2024
CAMHDA301-20241230T121500,2024-12-30,/home/jovyan/ooi/san_data/RS03ASHS-PN03B-06-CAMHDA301/2024/12/30/CAMHDA301-20241230T121500.mp4,690,0,blurry,train,full_2023_2024
CAMHDA301-20241230T151500,2024-12-30,/home/jovyan/ooi/san_data/RS03ASHS-PN03B-06-CAMHDA301/2024/12/30/CAMHDA301-20241230T151500.mp4,480,0,blurry,train,full_2023_2024
CAMHDA301-20241230T151500,2024-12-30,/home/jovyan/ooi/san_data/RS03ASHS-PN03B-06-CAMHDA301/2024/12/30/CAMHDA301-20241230T151500.mp4,570,0,blurry,train,full_2023_2024
CAMHDA301-20241230T151500,2024-12-30,/home/jovyan/ooi/san_data/RS03ASHS-PN03B-06-CAMHDA301/2024/12/30/CAMHDA301-20241230T151500.mp4,360,0,blurry,train,full_2023_2024
CAMHDA301-20241230T151500,2024-12-30,/home/jovyan/ooi/san_data/RS03ASHS-PN03B-06-CAMHDA301/2024/12/30/CAMHDA301-20241230T151500.mp4,120,0,blurry,train,full_2023_2024
CAMHDA301-20241230T181500,2024-12-30,/home/jovyan/ooi/san_data/RS03ASHS-PN03B-06-CAMHDA301/2024/12/30/CAMHDA301-20241230T181500.mp4,120,0,blurry,train,full_2023_2024
CAMHDA301-20241230T181500,2024-12-30,/home/jovyan/ooi/san_data/RS03ASHS-PN03B-06-CAMHDA301/2024/12/30/CAMHDA301-20241230T181500.mp4,390,0,blurry,train,full_2023_2024
CAMHDA301-20241230T181500,2024-12-30,/home/jovyan/ooi/san_data/RS03ASHS-PN03B-06-CAMHDA301/2024/12/30/CAMHDA301-20241230T181500.mp4,30,0,blurry,train,full_2023_2024
CAMHDA301-20241230T181500,2024-12-30,/home/jovyan/ooi/san_data/RS03ASHS-PN03B-06-CAMHDA301/2024/12/30/CAMHDA301-20241230T181500.mp4,840,0,blurry,train,full_2023_2024
CAMHDA301-20241230T211500,2024-12-30,/home/jovyan/ooi/san_data/RS03ASHS-PN03B-06-CAMHDA301/2024/12/30/CAMHDA301-20241230T211500.mp4,660,0,blurry,train,full_2023_2024
CAMHDA301-20241230T211500,2024-12-30,/home/jovyan/ooi/san_data/RS03ASHS-PN03B-06-CAMHDA301/2024/12/30/CAMHDA301-20241230T211500.mp4,450,0,blurry,train,full_2023_2024
CAMHDA301-20241230T211500,2024-12-30,/home/jovyan/ooi/san_data/RS03ASHS-PN03B-06-CAMHDA301/2024/12/30/CAMHDA301-20241230T211500.mp4,90,0,blurry,train,full_2023_2024
CAMHDA301-20241230T211500,2024-12-30,/home/jovyan/ooi/san_data/RS03ASHS-PN03B-06-CAMHDA301/2024/12/30/CAMHDA301-20241230T211500.mp4,270,0,blurry,train,full_2023_2024
