week_start,temperature01,temperature02,temperature03,temperature04,temperature05,temperature06,temperature07,temperature08,temperature09,temperature10,temperature11,temperature12,temperature13,temperature14,temperature15,temperature16,temperature17,temperature18,temperature19,temperature20,temperature21,temperature22,temperature23,temperature24,_n,array_mean,array_max,array_p90
2016-12-26 00:00:00+00:00,4.8894753,3.7923248,3.3751514,2.7693193,2.902498,2.766909,5.5968614,3.714231,2.6513765,2.796798,2.83505,3.752303,4.9813375,3.249095,2.8834157,3.853862,3.1732414,2.613547,2.5893934,2.5114148,2.8737276,2.4617941,2.4702005,2.7752619,7200,3.2616081,5.5968614,4.578791
2017-01-02 00:00:00+00:00,5.038175,4.2368255,3.6527941,2.8747573,3.0075846,2.888334,5.582456,3.8873734,2.6892467,2.892048,3.0203621,4.2290416,4.482574,3.4956424,2.8263667,3.4071674,2.9884946,2.7322168,2.628949,2.5197513,2.7646797,2.4476836,2.4919343,2.6884594,50400,3.3113716,5.582456,4.4088492
2017-01-09 00:00:00+00:00,4.605432,4.0271688,3.6960309,2.8575864,2.968119,2.8832164,5.4964466,3.6098473,2.6905224,2.8118737,2.9219894,4.009539,4.8747053,3.2342966,2.8261409,3.6563208,2.9531593,2.666984,2.6082468,2.540091,2.804518,2.4803205,2.5124454,2.7130976,34241,3.2686708,5.4964466,4.431953
2017-01-16 00:00:00+00:00,4.6746,3.9732006,3.634995,2.8277159,2.9646628,2.8735054,5.574156,3.6884072,2.6973882,2.811973,2.8966231,3.908682,4.6372495,3.2677262,2.8708289,3.6685178,3.05323,2.6570587,2.6212475,2.5549967,2.8588881,2.486551,2.508706,2.739933,50270,3.2687848,5.574156,4.438035
2017-01-23 00:00:00+00:00,4.4709353,4.222348,3.788958,2.8256884,2.9502363,19.341312,5.2407207,3.5468626,2.6331666,2.776055,2.918327,4.021616,4.6739855,3.2337685,2.7755353,3.4717002,2.9243274,2.6336148,2.556755,2.488727,2.7429795,2.428619,2.4598608,2.6620436,50400,3.9078395,19.341312,4.6130705
2017-01-30 00:00:00+00:00,4.688712,4.086878,3.856418,2.7974472,2.9574149,42.25005,5.465165,3.7123382,2.6743746,2.8224378,2.9215722,4.134967,4.620679,3.370932,2.8377807,3.5612693,3.0695136,2.6698124,2.6133215,2.5163543,2.7886386,2.4345117,2.477397,2.6820745,50278,4.9170856,42.25005,4.668302
2017-02-06 00:00:00+00:00,4.751153,4.2852626,4.000571,2.8185675,2.9637341,,5.469832,3.633028,2.6656647,2.7983353,2.9354045,4.1655936,4.558768,3.2875714,2.8073688,3.4239557,2.9566996,2.6331384,2.5673473,2.5036738,2.7955098,2.4340875,2.4580224,2.6686223,50334,3.28617,5.469832,4.504067
2017-02-13 00:00:00+00:00,4.749296,4.2703032,4.121853,2.8284576,2.9885464,46.619133,5.525693,3.837468,2.6499214,2.8737326,2.9903822,4.202619,4.641169,3.4260495,2.8771706,3.4392233,3.126304,2.7314675,2.632016,2.5045946,2.809274,2.4369793,2.4909825,2.6889868,40803,5.144234,46.619133,4.716858
2017-02-20 00:00:00+00:00,5.0840545,4.4051514,4.2582207,2.9052896,3.0800998,,5.6865215,4.0729313,2.715046,2.9444754,3.0881393,4.4889383,4.310412,3.635333,2.9513102,3.320809,3.1544602,2.820842,2.6879337,2.560808,2.8848813,2.4807236,2.5290368,2.685763,50400,3.423964,5.6865215,4.472181
2017-02-27 00:00:00+00:00,4.8532763,4.121873,4.0236106,2.814015,2.968261,,5.733591,3.8508468,2.6756382,2.8262432,2.9362469,4.147684,4.5824394,3.4206662,2.9567866,3.5157402,3.1589046,2.7370367,2.6478045,2.5379398,2.9170902,2.4770927,2.5181825,2.7056336,44129,3.3533306,5.733591,4.495488
2017-03-06 00:00:00+00:00,4.9854074,4.3911853,4.4852285,2.9184997,3.1090717,,5.633851,4.097755,2.6706712,2.92876,3.1064918,4.7068973,4.157665,3.584003,2.9650803,3.2821605,3.1564133,2.8249521,2.6747782,2.531549,2.9268894,2.4653342,2.5187225,2.6625972,117552,3.4253898,5.633851,4.6625633
2017-03-13 00:00:00+00:00,4.8113027,4.2301188,4.3105974,2.8529131,3.0369961,,5.7196465,3.9486914,2.6670914,2.8643408,2.9782398,4.438733,4.3391886,3.4331198,2.9807649,3.6516538,3.384225,2.7929485,2.6648607,2.5263278,2.917693,2.4607341,2.5195568,2.738094,120947,3.4029496,5.7196465,4.418824
2017-03-20 00:00:00+00:00,4.6930685,4.3262997,4.560737,2.8705812,3.054605,,5.43295,3.7048285,2.6179993,2.7852423,3.0107214,4.580465,4.25065,3.2732885,2.8382306,3.5553262,3.0370176,2.707462,2.5789099,2.4858766,2.8218486,2.430706,2.4506876,2.6527774,120960,3.3356643,5.43295,4.5765195
2017-03-27 00:00:00+00:00,4.876545,4.3530116,5.1159687,2.8925884,3.0876794,,5.4895577,3.8286762,2.624678,2.8105164,3.0564394,4.748006,4.1104555,3.365405,2.8528228,3.47818,3.1172526,2.7398043,2.5910213,2.487161,2.8343515,2.4187367,2.4469643,2.66153,120947,3.3907545,5.4895577,4.850837
2017-04-03 00:00:00+00:00,5.1247478,4.544222,5.032879,2.9539013,3.165111,,5.4724655,4.0334253,2.6906173,2.904108,3.136935,4.949092,3.9065804,3.5450394,2.9254236,3.3640847,3.2391574,2.8607075,2.6531563,2.5304282,2.8618507,2.4555929,2.4908671,2.662487,120960,3.4566467,5.4724655,5.0161214
2017-04-10 00:00:00+00:00,5.20042,4.448891,4.5410585,2.8898861,3.1007044,,5.5476594,3.9662354,2.6716821,2.8330235,3.0074282,4.54988,3.988065,3.4794903,2.9267504,3.505168,3.361872,2.7969668,2.632246,2.5221972,2.933321,2.44996,2.4818745,2.7001076,120960,3.4145603,5.5476594,4.5481157
2017-04-17 00:00:00+00:00,5.140317,4.500904,4.335828,2.8184268,3.0135357,,5.6538467,3.7509725,2.6659179,2.723086,2.845763,4.117217,4.133285,3.2865465,2.918886,3.9698985,3.4806883,2.6840396,2.5872087,2.5282333,2.972931,2.456333,2.477765,2.7838914,120960,3.3845878,5.6538467,4.467889
2017-04-24 00:00:00+00:00,5.417855,4.7616086,4.6727057,2.956672,3.185245,,5.4309196,3.9259186,2.5835593,2.8719099,3.1275947,4.9702764,3.8728797,3.4638512,2.8755074,3.4455636,3.4412742,2.8303862,2.5941672,2.4661663,2.8460438,2.4228537,2.447767,2.6636083,120960,3.44671,5.4309196,4.9285426
2017-05-01 00:00:00+00:00,5.2623367,4.6509304,4.662115,2.9313989,3.1241846,,5.6075907,4.054617,2.6398869,2.8540545,3.0450249,4.8101206,3.771764,3.537778,2.9416108,3.3711078,3.3566618,2.7995276,2.6381812,2.5261807,2.9713154,2.4512157,2.482181,2.696642,120960,3.4428883,5.6075907,4.7805195
2017-05-08 00:00:00+00:00,5.2780313,4.194182,4.862116,2.9021163,3.0739148,,5.7622457,3.8359334,2.659757,2.7825296,2.9405637,4.6466575,4.0597467,3.2788322,2.8751144,3.9913533,3.321215,2.6968732,2.6004426,2.5260549,2.940711,2.4605637,2.4862096,2.7974489,120960,3.4335918,5.7622457,4.819024
2017-05-15 00:00:00+00:00,5.4065666,3.9133546,4.941977,2.8622189,2.96404,,5.9424996,3.8155937,2.64971,2.7637143,2.8367991,4.5230684,4.0785947,3.2676213,2.9869487,4.120031,3.510708,2.692664,2.6321294,2.523084,3.0588033,2.473606,2.4976916,2.8178635,120934,3.4469256,5.9424996,4.8581953
2017-05-22 00:00:00+00:00,4.918954,4.0816884,4.8416367,2.8263993,2.9473066,,5.54416,3.6021957,2.6785903,2.7378068,2.8488479,4.5219126,4.3432283,3.148161,2.8528905,3.9970531,3.3009965,2.6258326,2.5837233,2.5378647,2.9419441,2.4670978,2.4757972,2.7486353,120764,3.3727272,5.54416,4.777692
2017-05-29 00:00:00+00:00,4.8586097,4.040618,4.9354744,2.787392,2.936483,,5.738358,3.8284993,2.699002,2.8064573,2.8544097,4.496359,4.3251777,3.3054683,2.9107423,4.0760283,3.4550526,2.7325635,2.6554248,2.5492182,2.945024,2.4660144,2.5040917,2.7445645,120960,3.41961,5.738358,4.7861595
2017-06-05 00:00:00+00:00,4.8023267,4.2548013,5.1448936,2.8896427,3.045396,,6.068785,4.072148,2.6906986,2.9286149,3.015863,4.8314834,4.009226,3.501942,2.9988744,3.691868,3.5305715,2.8620534,2.7167456,2.5594862,3.0144722,2.4804,2.5390673,2.7403026,120960,3.4952028,6.068785,4.825652
2017-06-12 00:00:00+00:00,4.4543867,5.3785696,5.4070706,2.7620597,2.8834887,,5.900861,3.7681556,2.6809328,2.785137,2.8205905,4.345807,4.6390877,3.2030418,2.9751136,4.3096304,3.5819254,2.7041547,2.6603034,2.5483186,3.062176,2.4721754,2.5194914,2.7745562,120960,3.5059578,5.900861,5.2306733
2017-06-19 00:00:00+00:00,4.2501316,42.102043,5.7713113,2.7923484,2.868213,,5.4507227,3.4513917,2.6327488,2.6947684,2.853379,4.6402903,4.732233,3.032917,2.8351533,4.0722294,3.2101364,2.6546998,2.5471544,2.4936023,2.8688946,2.4420848,2.4635668,2.6882262,120960,5.023837,42.102043,5.307025
2017-06-26 00:00:00+00:00,4.4364786,,5.626326,2.8747885,3.0054255,,5.6731224,3.9985378,2.6342227,2.903797,3.0116823,4.9957476,4.084503,3.4839575,3.0260205,3.8112607,3.6812952,2.8814213,2.6758263,2.5332053,3.0229368,2.4692612,2.5162556,2.7015493,120960,3.45671,5.6731224,4.939821
2017-07-03 00:00:00+00:00,4.3253007,,5.948665,2.8549623,2.983721,,5.717934,4.0682855,2.6394184,2.9097383,2.9798312,5.104458,4.225958,3.45878,3.0871747,4.1142473,3.97313,2.8663633,2.695149,2.5433383,3.105718,2.472192,2.538164,2.758019,120931,3.5168428,5.948665,5.026542
2017-07-10 00:00:00+00:00,4.3067617,,5.0163307,2.8585482,2.9610987,,5.786729,3.918016,2.7211056,2.862385,2.9606876,4.8487234,4.4248943,3.4500291,3.0635593,4.0374293,3.5449672,2.7900825,2.6756597,2.6054971,3.067049,2.5201826,2.54016,2.7393427,120960,3.4408746,5.786729,4.8063407
2017-07-17 00:00:00+00:00,4.353996,,4.87191,2.8740656,2.9953597,,5.597834,3.876598,2.658448,2.8709266,2.9901798,5.0581284,4.3171086,3.4999237,3.072558,3.8913124,3.6432655,2.8503458,2.6649618,2.566749,3.0535705,2.4977365,2.51335,2.6942022,120936,3.4278421,5.597834,4.820119
2017-07-24 00:00:00+00:00,4.1907797,,4.932014,2.8692484,2.974851,,5.5432158,3.891424,2.6497247,2.8674953,2.985822,5.1010633,4.449389,3.493102,3.043285,4.014635,3.687078,2.8512175,2.6880789,2.5580814,3.0276592,2.4774773,2.5330875,2.7117321,120956,3.4336576,5.5432158,4.8837514
2017-07-31 00:00:00+00:00,4.510193,,5.2151165,2.9435456,3.0706868,,5.726695,4.0750084,2.6352167,2.9481626,3.1440077,6.0221233,4.0264764,3.6589804,3.0410073,3.5366135,3.617835,2.9440558,2.7154713,2.5391903,2.9805174,2.4715495,2.5388982,2.6735115,120960,3.5015845,6.0221233,5.144624
2017-08-07 00:00:00+00:00,4.3333054,,4.9637885,2.9204857,3.0420659,10.441907,5.7365685,3.845136,2.6769507,2.8898122,3.06917,5.3944364,4.078323,3.4972522,3.0028484,3.682891,3.4289148,2.8371017,2.6886075,2.5666757,2.9604683,2.4978218,2.540646,2.712921,120487,3.7307868,10.441907,5.3083067
2017-08-14 00:00:00+00:00,4.245004,2.6829493,7.450246,3.2194397,3.8277357,2.8943367,3.5525396,3.4846075,2.8677592,2.9305995,3.0804439,3.758767,2.7980945,3.3941972,2.91821,2.9452233,3.1101482,2.9385123,2.6850839,2.6766067,2.837035,2.639931,2.5068412,2.6150367,51647,3.2524729,7.450246,3.807045
2017-08-21 00:00:00+00:00,4.3634667,2.7740602,6.467895,2.9353194,4.163751,2.9274032,3.9384031,3.833905,2.8996909,3.0054653,2.8484275,3.316297,2.8461876,3.5380883,2.9026833,2.8367934,2.8244283,2.7615452,2.6985772,2.667259,2.8776474,2.5923007,2.5133398,2.591164,60408,3.213504,6.467895,4.0961466
2017-08-28 00:00:00+00:00,4.344849,2.7271707,7.121936,3.1360602,4.066847,2.9502,3.7961621,3.7685559,2.9561253,3.0040708,2.9551613,3.6113608,2.8927212,3.576699,2.9832542,3.0033073,2.978557,2.824698,2.7023795,2.6825883,2.946553,2.6251245,2.5161579,2.6656234,60480,3.2848403,7.121936,3.9856415
2017-09-04 00:00:00+00:00,4.199085,2.713072,7.7050614,3.3126647,3.9031448,2.987147,3.6875608,3.572503,2.9432874,2.9841802,3.1805577,4.0946865,2.987403,3.5917606,3.0684404,3.053069,3.2274215,2.987296,2.744114,2.7063506,2.9153588,2.7053223,2.5352898,2.650506,60480,3.3523035,7.7050614,4.037224
2017-09-11 00:00:00+00:00,4.4455047,2.7308357,6.9146814,3.026794,4.1643333,3.0189342,4.02836,4.0190673,2.9929152,2.9668627,2.9400315,3.7365255,2.9197786,3.741575,2.9602814,2.946278,2.9277103,2.7893696,2.693911,2.6951487,3.0122542,2.6264658,2.5198054,2.6040862,60445,3.3092296,6.9146814,4.1235414
2017-09-18 00:00:00+00:00,4.229131,2.7181938,7.4870443,3.3051777,3.856916,2.9510434,3.6915603,3.6413333,2.923904,2.95905,3.2099812,4.2010922,2.9749377,3.7808015,3.0470757,3.1092727,3.177779,2.9853604,2.768576,2.7075849,2.9461212,2.717217,2.533173,2.638256,60481,3.3566911,7.4870443,4.0978394
2017-09-25 00:00:00+00:00,4.4701486,2.7432034,7.022479,3.1814592,4.1371975,2.9954612,3.93956,3.9594514,3.0045917,2.9878485,3.0241265,4.0250616,3.027284,3.921168,3.0170465,3.198751,3.0642774,2.8762994,2.7416368,2.7425756,3.088413,2.6749544,2.5421891,2.6560457,60480,3.3767178,7.022479,4.1035566
2017-10-02 00:00:00+00:00,4.4594564,2.778396,7.2355647,3.2056732,4.024129,3.031883,4.03295,3.8912811,3.0124807,2.9788742,3.1138105,4.2082715,3.0936527,3.8228464,2.9798636,3.1878793,3.1268368,2.9098816,2.7286959,2.730196,3.0148263,2.6796842,2.5437007,2.6378922,60480,3.3928635,7.2355647,4.155675
2017-10-09 00:00:00+00:00,4.2050295,2.7005172,8.084086,3.4321852,3.687944,3.0005474,3.5299773,3.4963646,2.9346344,2.9415948,3.2973313,4.5729456,3.0495093,3.8704448,3.0584135,3.3637235,3.3685763,3.0160074,2.7361333,2.7106705,2.9728703,2.7119997,2.518161,2.6547046,60480,3.4130986,8.084086,4.1046543
2017-10-16 00:00:00+00:00,4.416428,2.7264335,7.2199383,3.2131908,3.8851864,3.081891,3.8658485,3.828047,3.0011919,2.9558344,3.1413097,4.1052117,2.959029,4.0135565,3.0630002,3.190213,3.1235194,2.9009259,2.7266803,2.701648,3.035074,2.6703477,2.517265,2.6280706,60480,3.3737433,7.2199383,4.077715
2017-10-23 00:00:00+00:00,4.144807,2.701235,7.8836064,3.356139,3.686711,3.0741558,3.5882437,3.5056243,2.947186,2.9534194,3.2770712,4.426863,2.9235616,3.9910874,3.143122,3.265743,3.3020632,3.0271304,2.752454,2.6925921,2.9898982,2.7310843,2.518671,2.6451159,60480,3.396983,7.8836064,4.098691
2017-10-30 00:00:00+00:00,4.2045345,2.7234156,7.755996,3.35555,3.77328,3.0955958,3.727447,3.6434565,3.0125847,2.9667728,3.2434607,4.3787675,2.960342,3.9414468,3.1201046,3.3431134,3.2805943,3.0014389,2.7634177,2.7344284,3.0235264,2.7410388,2.5459952,2.66429,60480,3.4166915,7.755996,4.1256084
2017-11-06 00:00:00+00:00,3.5773146,2.7092776,9.758105,3.6912565,3.3168092,2.9613602,3.1216607,3.0139647,2.8175273,2.9233756,3.6569896,5.155049,3.0274513,3.691485,3.1304178,3.4370465,3.6003366,3.242812,2.7786486,2.673269,2.8454084,2.7958171,2.534006,2.640986,60480,3.4625156,9.758105,3.6914165
2017-11-13 00:00:00+00:00,4.0963655,2.7178688,8.101396,3.2577195,3.71135,3.0259953,3.6892562,3.602732,2.9430072,2.9714265,3.234594,4.3743196,2.8883862,3.9309323,3.0480647,3.162098,3.1685903,2.961318,2.7345395,2.6653137,2.964517,2.6793618,2.5025089,2.6097226,51416,3.3767242,8.101396,4.0467353
2017-11-20 00:00:00+00:00,3.8117034,2.7301145,8.867823,3.4476995,3.5602996,3.0004847,3.428755,3.3632503,2.8984993,2.9871373,3.452105,4.437162,2.998168,3.8382292,3.0250201,3.2277966,3.3669906,3.1007948,2.7072816,2.6719737,2.8745174,2.7391934,2.5122292,2.5967212,60480,3.4018314,8.867823,3.8302715
2017-11-27 00:00:00+00:00,3.805777,2.6816034,8.875624,3.446671,3.485919,2.890455,3.2271924,3.2096248,2.8125343,2.9988818,3.479445,4.4527364,2.9478498,3.8635306,3.0349426,3.236188,3.3813028,3.11199,2.6686494,2.6583333,2.8739047,2.7435613,2.4954934,2.6210747,60405,3.375137,8.875624,3.8462045
2017-12-04 00:00:00+00:00,3.9063756,2.694618,8.0374775,3.3354592,3.5198998,2.9716182,3.4893744,3.384696,2.859454,2.921962,3.2491503,4.073796,2.8924186,3.7903576,2.9362645,3.2822037,3.177981,2.9379914,2.6166053,2.6492667,2.8971643,2.638924,2.4899457,2.5978408,51840,3.3062851,8.0374775,3.87157
2017-12-11 00:00:00+00:00,3.9981904,2.6657698,7.8344665,3.268433,3.6128252,2.9437332,3.4334087,3.4206915,2.8465705,3.0077875,3.313475,4.050665,2.7617278,3.8736417,2.980575,3.1563466,3.1717176,3.0005581,2.6540027,2.649199,2.9220805,2.6446562,2.4915056,2.5722418,60467,3.3030941,7.8344665,3.960826
2017-12-18 00:00:00+00:00,4.0926833,2.6276047,8.229631,3.2952669,3.7177274,2.936514,3.418113,3.4984848,2.860522,3.0083458,3.3007524,4.135848,2.7760932,3.899947,3.06224,3.279516,3.2580845,3.0363052,2.6483562,2.6524606,3.0580685,2.6397376,2.4732623,2.5935378,60480,3.354129,8.229631,4.0348625
2017-12-25 00:00:00+00:00,4.335101,2.6336477,7.5375705,3.1699715,3.92512,3.0124862,3.7342038,3.7797294,2.944488,2.96993,3.0783703,3.8681486,2.7635694,3.931492,3.0388422,3.276636,3.1236281,2.8912327,2.643085,2.6697426,3.1382146,2.614014,2.4619946,2.6037526,60480,3.3393736,7.5375705,3.9295805
2018-01-01 00:00:00+00:00,3.9521077,2.6612217,8.8929205,3.5058374,3.7439125,2.9011626,3.2973876,3.284703,2.787664,2.9819763,3.4986196,4.472718,2.8831048,3.8845227,3.094448,3.4672096,3.517163,3.1832929,2.7746663,2.635112,3.0258977,2.7292736,2.4772642,2.585884,60480,3.4265862,8.8929205,3.931832
2018-01-08 00:00:00+00:00,4.3231497,2.551998,7.41481,3.0036294,4.1359415,2.9537392,3.7943041,3.8223426,2.9016547,2.9872742,3.0716066,3.7085543,2.6633883,3.9308312,2.9693708,3.0331364,3.0985885,2.8745573,2.6881588,2.6308224,3.1781042,2.580705,2.4313989,2.5120814,60480,3.3025062,7.41481,4.0744085
2018-01-15 00:00:00+00:00,4.1592407,2.5709224,8.060491,3.2467442,3.909964,2.9376469,3.6796567,3.4977345,2.8391824,3.025539,3.2229233,3.9867196,2.790938,3.7913256,2.9601068,3.3249178,3.2590802,2.9280252,2.6586103,2.5768867,3.0246022,2.590497,2.401955,2.5179682,54148,3.3317366,8.060491,3.963693
2018-01-22 00:00:00+00:00,4.1423197,2.6067975,7.879649,3.2572293,3.9525938,3.016138,3.7416813,3.5230563,2.9044762,3.064155,3.250926,3.9119885,2.8440325,3.8564978,2.9770129,3.2735085,3.2697139,2.9477017,2.7260835,2.6084623,2.96429,2.6258416,2.4321873,2.522939,60480,3.3458035,7.879649,3.9404123
2018-01-29 00:00:00+00:00,4.1097307,2.593656,6.951329,3.1759915,3.8953445,2.9444237,3.9824514,3.5558577,2.8326764,3.0214956,3.158853,3.7196708,2.8042994,3.7975266,2.94055,3.1194293,3.1129534,2.8203747,2.6785378,2.5673046,2.8657167,2.5925486,2.4184813,2.4903429,60480,3.2562313,6.951329,3.9563193
2018-02-05 00:00:00+00:00,4.415501,2.5463006,2.9825668,2.9993792,3.5909274,2.8512406,6.9910407,5.1596656,2.8133302,3.122216,2.9332185,3.032759,2.5823455,4.1089516,3.0457823,2.6706967,2.8147776,2.7599149,2.8692997,2.597937,2.8375442,2.6327498,2.4869285,2.5502534,60480,3.224805,6.9910407,4.3235364
2018-02-12 00:00:00+00:00,4.3256273,2.5998425,3.2080266,3.197785,3.6956115,2.7716925,6.021145,5.267333,2.7132072,3.2098773,3.1343925,3.2807932,2.6520414,4.31464,3.1588871,2.7347534,2.9430792,2.8902893,2.9927964,2.5600286,2.8158844,2.7207105,2.489542,2.5754044,60480,3.2613914,6.021145,4.322331
2018-02-19 00:00:00+00:00,4.2806525,2.5654807,2.9889286,2.8640344,3.5931678,2.8561006,6.6116443,4.973727,2.7260394,3.0465157,2.815067,2.9701753,2.602117,3.7427552,2.894872,2.6624534,2.7321472,2.66977,2.8088007,2.563985,2.7640407,2.5915027,2.4632356,2.518066,59433,3.13772,6.6116443,4.119283
2018-02-26 00:00:00+00:00,4.4861183,2.6210802,3.1421297,3.0380654,3.5426729,2.8318322,6.8387203,5.412226,2.6994,3.1223052,2.939213,3.1542916,2.6845117,3.9906895,2.9838908,2.7672637,2.8662188,2.7648492,2.8881502,2.5832481,2.862964,2.6635437,2.5139444,2.5993912,60480,3.2498634,6.8387203,4.3374896
2018-03-05 00:00:00+00:00,4.485621,2.5889587,3.0300426,3.0035052,3.5930738,2.8651156,6.7181315,5.3686824,2.710378,3.1407037,2.9353757,3.0977457,2.626403,3.9882927,3.0201628,2.6906915,2.8578086,2.7703965,2.9374228,2.600615,2.852,2.67969,2.5207098,2.5758154,50421,3.2357228,6.7181315,4.3364224
2018-03-12 00:00:00+00:00,4.5965595,2.5828028,2.9944553,2.8985772,3.7039757,2.8929498,6.7749143,4.826233,2.7458763,3.1846871,2.8846297,3.0014966,2.5961227,3.9191933,2.9180691,2.6311016,2.7949429,2.7515454,2.879967,2.6143503,2.785777,2.658153,2.510212,2.5373435,54553,3.1951637,6.7749143,4.3933496
2018-03-19 00:00:00+00:00,4.431661,2.6298037,3.2082016,2.9787016,3.5328848,2.837839,6.8017282,5.419887,2.779359,3.2027223,2.954643,3.1711934,2.6655164,4.002331,3.0266008,2.7284396,2.9105294,2.7890544,2.925413,2.6219783,2.8350918,2.6873217,2.533889,2.6073754,60480,3.261757,6.8017282,4.302862
2018-03-26 00:00:00+00:00,4.458587,2.5764132,3.1057293,2.9676323,3.544007,2.807773,6.9307313,5.4974794,2.7515879,3.2480185,2.975691,3.102604,2.608357,3.9391308,2.9977634,2.6723096,2.8708987,2.774724,2.9042134,2.5771124,2.7864962,2.6647704,2.4884355,2.5650442,60480,3.2423127,6.9307313,4.30275
2018-04-02 00:00:00+00:00,4.40447,2.545326,3.0335486,2.8533516,3.4207225,2.7839453,6.4295583,4.6521263,2.6909387,3.1281185,2.856949,2.985545,2.5620947,3.7235405,2.8372545,2.5690422,2.7302198,2.6963577,2.801198,2.5246105,2.691827,2.584385,2.4518592,2.4967158,60480,3.1022377,6.4295583,4.200191
2018-04-09 00:00:00+00:00,4.281501,2.5441806,2.988094,2.758983,3.2567592,2.7554517,6.5872674,4.531187,2.6300952,2.9793537,2.7282963,2.8736775,2.5731578,3.4562976,2.7637181,2.5718613,2.6883817,2.614141,2.7105417,2.483612,2.6859663,2.5319786,2.4294116,2.49353,60480,3.038227,6.5872674,4.03394
2018-04-16 00:00:00+00:00,4.211286,2.6394837,3.308838,3.0913143,3.471872,2.7478004,6.3643303,4.721061,2.6828709,3.2317195,3.0750444,3.2712758,2.668451,3.9255495,2.9837704,2.6906922,2.9309452,2.875001,2.922689,2.5628989,2.7516325,2.6926632,2.5051684,2.587769,60476,3.2047555,6.3643303,4.125565
2018-04-23 00:00:00+00:00,4.5438876,2.614573,3.169767,3.078243,3.5838861,2.7395127,6.5698667,5.2174587,2.710011,3.4061365,3.0825942,3.2516768,2.6468337,4.1035814,3.077598,2.6877973,2.9784565,2.902978,2.9399242,2.574549,2.8424683,2.7081347,2.5100284,2.6056242,60475,3.2727327,6.5698667,4.4117956
2018-04-30 00:00:00+00:00,4.4386272,2.6171122,3.1138587,3.0766902,3.3947053,2.7815866,6.4995713,4.7342772,2.7088432,3.1147594,2.9523232,3.1127758,2.6377873,3.8688722,2.9476147,2.6561832,2.8369067,2.812328,2.8455086,2.5669909,2.8077674,2.652195,2.5106606,2.5762582,60480,3.1776752,6.4995713,4.2677007
2018-05-07 00:00:00+00:00,4.5628233,2.6588802,3.3542414,3.4236002,3.4303105,2.7377653,5.709237,5.507962,2.6901608,3.2410445,3.139483,3.442488,2.6981425,4.3006735,3.1690414,2.765525,3.0807128,2.9637113,2.9809813,2.5736444,2.951984,2.7422004,2.5392694,2.6891942,60480,3.3063781,5.709237,4.4841785
2018-05-14 00:00:00+00:00,4.450284,2.6422343,3.2793794,3.156996,3.3460007,2.7633348,5.674932,4.9045467,2.7026987,3.0865252,2.961597,3.1626754,2.6622036,3.9555902,2.9851897,2.6844563,2.8799133,2.837945,2.851178,2.5602362,2.8616745,2.6662679,2.5133643,2.61233,60468,3.1750648,5.674932,4.301876
2018-05-21 00:00:00+00:00,4.667016,2.6191337,3.0946379,3.1423368,3.4807959,2.8071911,6.141086,5.3206325,2.781723,3.2405536,3.0289278,3.1630824,2.6380606,4.081909,3.086364,2.6776674,2.9229047,2.9065123,2.9541602,2.6062236,2.9527004,2.7159,2.5495448,2.6187887,60480,3.2582438,6.141086,4.491484
2018-05-28 00:00:00+00:00,4.398778,2.6539934,3.249163,3.2205215,3.4289935,2.7685204,5.450658,4.96878,2.7329001,3.151372,3.0437047,3.2125044,2.673265,4.0107746,3.0543714,2.7033513,2.9255922,2.9001176,2.9147832,2.5913706,2.8554165,2.7079294,2.5366824,2.6232142,60480,3.1990318,5.450658,4.282377
2018-06-04 00:00:00+00:00,4.559996,2.6154034,3.1653097,3.2157679,3.508535,2.7623756,6.1158223,5.458337,2.7500985,3.1486394,3.0663931,3.134856,2.6405828,4.048945,3.070184,2.6734943,2.9107468,2.8969152,2.9031446,2.5875094,2.9228551,2.683771,2.5208685,2.6080003,60480,3.2486897,6.1158223,4.4066806
2018-06-11 00:00:00+00:00,4.2474337,2.644463,3.2143855,3.1829817,3.4096737,2.7523506,5.367326,4.643521,2.6952937,3.0330365,2.99659,3.1329925,2.6564837,3.839147,2.9858572,2.6646583,2.8722644,2.8507156,2.8558083,2.564534,2.8037016,2.665262,2.503507,2.5898087,60470,3.132158,5.367326,4.1249475
2018-06-18 00:00:00+00:00,4.56573,2.6448972,3.186522,3.179278,3.5325637,2.7926512,5.845209,5.368272,2.761942,3.1137943,2.9858289,3.125324,2.6771712,3.8149896,3.0419211,2.7066154,2.8887768,2.858903,2.9341283,2.6372347,2.9702406,2.6893885,2.565907,2.634214,60480,3.2300627,5.845209,4.340508
2018-06-25 00:00:00+00:00,4.4718776,2.6286404,3.2664216,3.3241053,3.4328263,2.7405345,5.2476897,5.067249,2.7293508,3.1861224,3.1349406,3.2464542,2.6435106,4.0461936,3.135532,2.669637,2.968394,2.973731,3.035042,2.617876,2.8975165,2.7327585,2.5410354,2.6125536,60480,3.2229164,5.2476897,4.3441725
2018-07-02 00:00:00+00:00,3.8630404,2.6138587,2.7849095,2.9627802,4.2655625,3.1718194,10.583677,5.218913,2.9817429,3.4703217,2.9249768,2.8585625,2.6679566,3.5386546,3.0906806,2.715248,2.8260853,2.8522756,3.073067,2.705386,3.2797642,2.6741393,2.550078,2.6085927,50733,3.4284203,10.583677,4.144806
2018-07-09 00:00:00+00:00,3.6326396,2.6589868,2.693765,2.8127623,4.405745,3.2194033,12.736992,4.539437,3.0169885,3.544824,2.8100312,2.7468262,2.6958375,3.3320565,2.9985197,2.673847,2.740069,2.75949,3.0826015,2.778065,3.2211835,2.6476254,2.5846047,2.5702724,60480,3.454274,12.736992,4.1738133
2018-07-16 00:00:00+00:00,3.3500817,2.6408863,2.6886754,2.806335,4.3109856,3.411895,12.171072,4.5745544,3.1259127,3.5238194,2.8030257,2.7430146,2.688715,3.3526976,2.9997466,2.6814656,2.7361536,2.7532103,3.0745976,2.7831838,3.246366,2.6382017,2.589179,2.5889864,60404,3.4284484,12.171072,4.074836
2018-07-23 00:00:00+00:00,3.722523,2.6607127,2.7291145,2.8732347,4.471484,3.2574906,11.796864,4.519162,3.0357373,3.7596827,2.8809772,2.7998228,2.7102215,3.4834595,3.1423473,2.7077072,2.812941,2.8174436,3.2672276,2.834676,3.2907972,2.688615,2.619587,2.6082032,60480,3.4787514,11.796864,4.2579436
2018-07-30 00:00:00+00:00,3.867219,2.6077607,2.6753583,2.8525593,4.58091,3.2636433,12.061659,4.726111,3.0353734,3.7987611,2.8811524,2.7438908,2.650098,3.5357983,3.216996,2.67155,2.7950122,2.829654,3.3441372,2.8200138,3.4112587,2.6813161,2.5836377,2.583338,60480,3.5090504,12.061659,4.3668027
2018-08-06 00:00:00+00:00,3.6816807,2.627711,2.6779046,2.8178475,4.4303784,3.2410338,11.0385065,4.44834,3.0101585,3.7726114,2.841546,2.7317283,2.6671917,3.5040565,3.1187277,2.6670377,2.7508857,2.7842827,3.3165913,2.8228953,3.3050892,2.6693306,2.5646546,2.5660343,53492,3.4190094,11.0385065,4.2330484
2018-08-13 00:00:00+00:00,3.7449155,2.6518474,2.6681345,2.7347436,3.9410856,3.4685767,9.504806,4.4208097,3.0414445,3.2867389,2.729949,2.70623,2.7050016,3.4435241,2.942754,2.66749,2.681437,2.6802745,2.9502187,2.7084293,3.2007842,2.5906823,2.5229573,2.5443494,60480,3.2723827,9.504806,3.8822346
2018-08-20 00:00:00+00:00,3.8642533,2.6720207,2.7203224,2.844525,4.2643666,3.3693545,10.780648,4.5586815,3.0699098,3.7724037,2.8661463,2.7858124,2.7284622,3.6019247,3.183452,2.7276897,2.8051445,2.8156683,3.2786684,2.8400743,3.413445,2.6948516,2.607877,2.6097176,41930,3.453143,10.780648,4.1443324
2018-08-27 00:00:00+00:00,3.77495,2.6809385,2.7051258,2.7557676,4.012357,3.5234976,9.656215,4.5076284,3.0960207,3.4589648,2.7627342,2.7640603,2.7301054,3.4520032,3.0357192,2.728424,2.7330155,2.721558,3.0221167,2.776664,3.400337,2.636337,2.5806274,2.5936968,40771,3.3378694,9.656215,3.9411352
2018-09-03 00:00:00+00:00,3.9099295,2.6774392,2.7265782,2.812485,4.156339,3.5760741,10.0728,4.653247,3.113966,3.6179273,2.82847,2.8030193,2.7461548,3.5184891,3.174261,2.7546682,2.7870626,2.7773912,3.0983334,2.8186905,3.5230985,2.6533482,2.6113484,2.61909,35179,3.4179256,10.0728,4.082416
2018-09-10 00:00:00+00:00,4.071593,2.6674778,2.7387094,2.8907022,4.575468,3.4256608,11.927291,4.6678133,3.0422118,4.4204326,2.922214,2.8147392,2.75352,3.651745,3.4957166,2.7644975,2.879278,2.873999,3.597681,2.9074135,3.6775672,2.7779503,2.6661885,2.620193,37323,3.6179192,11.927291,4.5289574
2018-09-17 00:00:00+00:00,3.9520063,2.648582,2.7222703,2.8284361,4.4503183,3.5585194,10.679351,4.667576,3.0574403,4.0041347,2.8541307,2.818057,2.7354589,3.606406,3.3767686,2.7436283,2.8264794,2.801179,3.3279314,2.8392053,3.6662169,2.690566,2.6186826,2.594241,60430,3.502816,10.679351,4.3164635
2018-09-24 00:00:00+00:00,3.93447,2.6481192,2.6772475,2.671162,3.959602,3.754402,9.224708,4.2532315,3.0857155,3.3573208,2.6643562,2.7129476,2.6865108,3.3460371,2.9800692,2.6485293,2.6422968,2.632675,2.9619384,2.7651033,3.2736459,2.5709178,2.5631542,2.540779,35162,3.2731228,9.224708,3.9520624
2018-10-01 00:00:00+00:00,4.2529507,2.706173,2.7651434,2.8532631,4.3954306,3.6650126,10.586132,4.438789,3.0958502,3.9112654,2.8621979,2.8327143,2.778887,3.550934,3.3552532,2.7676842,2.8293135,2.822925,3.4200792,2.9371724,3.6305468,2.7357795,2.69128,2.6367662,45688,3.5217311,10.586132,4.3526864
2018-10-08 00:00:00+00:00,4.2879095,2.6790516,2.7487895,2.8293107,4.2905335,3.706082,10.63023,4.405761,3.0877852,3.8619442,2.8248317,2.7997391,2.7424204,3.5571342,3.3372178,2.7149076,2.7891948,2.7891192,3.3591735,2.8901677,3.564344,2.7085667,2.6505363,2.5872657,60480,3.493417,10.63023,4.2897463
2018-10-15 00:00:00+00:00,4.2176456,2.6788309,2.7275367,2.7914722,4.3846407,3.8463264,10.19968,4.415807,3.1782117,3.7544003,2.8045912,2.7647524,2.7175982,3.5679584,3.241674,2.7219179,2.751792,2.7656538,3.2599664,2.9207463,3.566606,2.6709197,2.6685834,2.6136928,47556,3.4679585,10.19968,4.3345423
2018-10-22 00:00:00+00:00,4.1591253,2.7262254,2.7454064,2.776461,4.4647756,3.896341,9.766584,4.247204,3.21511,3.8237677,2.7826555,2.753325,2.741066,3.5579245,3.1691008,2.714997,2.7212093,2.752027,3.3064497,2.9705095,3.4959297,2.686504,2.684114,2.6124194,60480,3.448718,9.766584,4.2207804
2018-10-29 00:00:00+00:00,4.2162695,2.6440692,2.6975262,2.8055832,4.672166,3.9627118,10.182785,4.4005113,3.2224314,3.9089532,2.8174968,2.7208152,2.6693883,3.5993457,3.2179174,2.682265,2.7243183,2.7796926,3.3058875,2.9226406,3.6975052,2.6643138,2.6515982,2.5800498,60467,3.4894269,10.182785,4.3452387
2018-11-05 00:00:00+00:00,4.2020254,2.6713114,2.697719,2.7381086,4.3788085,3.9244683,9.744064,4.179322,3.1879933,3.6769884,2.7260885,2.7011912,2.6986184,3.4811199,3.0234942,2.6583388,2.6613805,2.6838043,3.1215794,2.8538764,3.3782856,2.613998,2.6256003,2.5685227,60425,3.383196,9.744064,4.1952143
2018-11-12 00:00:00+00:00,4.443686,2.6768079,2.7545018,2.90855,5.150907,3.935998,11.384564,4.8286924,3.312777,4.245563,2.918499,2.806608,2.7359412,3.7824986,3.336235,2.7747095,2.807585,2.8509066,3.4023042,3.015175,4.014002,2.7074852,2.7280064,2.6593294,60480,3.6742222,11.384564,4.7131906
2018-11-19 00:00:00+00:00,4.0364413,2.6600173,2.6724868,2.7332425,4.436723,3.9795833,9.572584,4.4654355,3.237784,3.6938658,2.7222924,2.6740704,2.6605353,3.5182853,3.024353,2.6553335,2.6436312,2.6856608,3.1441631,2.8870964,3.5435188,2.622017,2.6297712,2.5716813,60078,3.3946068,9.572584,4.3166385
2018-11-26 00:00:00+00:00,4.3000193,2.6579843,2.7089417,2.8488028,5.0402045,3.8469608,10.955525,4.40158,3.241732,4.2929163,2.8345742,2.7273173,2.6722493,3.6297026,3.274379,2.6878176,2.7357972,2.7786891,3.4910166,3.004385,3.7658103,2.7044232,2.7073724,2.6000865,60480,3.579512,10.955525,4.371112
2018-12-03 00:00:00+00:00,4.119083,2.6592672,2.6828141,2.7690408,4.7690578,3.80389,10.440513,4.363139,3.1653292,4.0046606,2.7613091,2.7036724,2.6697564,3.594381,3.1310515,2.6792836,2.6919656,2.7160497,3.308922,2.9331896,3.6244426,2.6534128,2.6435857,2.579692,60361,3.4778128,10.440513,4.289922
2018-12-10 00:00:00+00:00,4.0062823,2.622406,2.6420064,2.7482708,4.9261146,3.752139,10.8308735,4.2680354,3.2422452,4.3387394,2.7533894,2.6493454,2.603512,3.5581255,3.1992168,2.6235008,2.6682224,2.7560012,3.545034,3.047748,3.6526759,2.7019322,2.6592813,2.557334,60480,3.5146847,10.8308735,4.3175282
2018-12-17 00:00:00+00:00,4.0408163,2.6260595,2.6543505,2.7358794,4.864403,3.7268605,10.703658,4.5991526,3.1314113,3.8766346,2.7188857,2.6690352,2.623842,3.5527787,3.1032429,2.6446457,2.658083,2.6859376,3.2253673,2.8664699,3.6536245,2.6367457,2.5965004,2.5466697,60480,3.4642105,10.703658,4.4316516
2018-12-24 00:00:00+00:00,4.2094126,2.6338885,2.6863644,2.8255365,5.5406775,3.698516,11.199782,4.700768,3.0626929,4.084373,2.8241847,2.711558,2.6475189,3.7447093,3.2438998,2.6602652,2.7255461,2.7830021,3.459895,2.9084158,3.6499453,2.690279,2.6176827,2.5662568,60480,3.578132,11.199782,4.5533614
2018-12-31 00:00:00+00:00,4.221737,2.6506503,2.6858432,2.7591727,5.0126934,3.9133031,10.420319,4.77212,3.092608,3.7120261,2.7534702,2.6994395,2.6613917,3.8162825,3.0901983,2.6648674,2.6830795,2.7166348,3.1780832,2.805056,3.45835,2.6471856,2.577138,2.5644643,60480,3.4815047,10.420319,4.607005
2019-01-07 00:00:00+00:00,4.153034,2.6417766,2.6677995,2.7333024,4.692755,3.8937426,9.737004,4.2535377,3.0903854,3.5027432,2.7436883,2.6981287,2.6544447,3.5324132,2.9642248,2.6428916,2.6717691,2.6820257,3.028777,2.7620428,3.1483886,2.6044636,2.5590332,2.560586,60480,3.3591232,9.737004,4.223387
2019-01-14 00:00:00+00:00,4.0980086,2.6385581,2.636564,2.6873133,4.540325,3.9696846,10.161668,4.574362,3.0694718,3.3420558,2.684448,2.6353962,2.631508,3.484833,2.9618604,2.6023097,2.624048,2.6647868,3.0087912,2.719686,3.1316981,2.5964766,2.5381138,2.5260353,60480,3.3553333,10.161668,4.40763
2019-01-21 00:00:00+00:00,4.055611,2.630798,2.6352136,2.7046394,4.7280087,3.8781445,10.398923,4.526078,3.0362594,3.5548108,2.7105653,2.6555557,2.6333382,3.4313617,3.007557,2.6070294,2.651618,2.6902494,3.1454282,2.7369795,3.1411436,2.6191535,2.5598202,2.537677,60451,3.3864987,10.398923,4.3849382
2019-01-28 00:00:00+00:00,4.1252394,2.6469889,2.6484525,2.6843882,4.443837,3.9476938,9.669008,4.435603,3.0708613,3.336688,2.6779282,2.6516356,2.661275,3.2882967,2.8609967,2.6091566,2.6195269,2.6433659,2.958847,2.69136,2.9964542,2.580851,2.5428853,2.526922,60466,3.3049276,9.669008,4.342494
2019-02-04 00:00:00+00:00,4.234081,2.6308258,2.6574638,2.749876,4.676552,3.7603128,10.254941,4.3291345,3.0578554,3.5836303,2.7544997,2.6861773,2.6442604,3.3080077,3.000057,2.6196558,2.6816866,2.7111428,3.1348412,2.7423496,3.1019888,2.6307209,2.565672,2.5440903,60480,3.3774927,10.254941,4.300618
2019-02-11 00:00:00+00:00,4.4087443,2.649458,2.6808836,2.7821898,4.772189,3.5746174,10.075574,4.272289,2.9827623,3.5529003,2.7892194,2.714297,2.6675775,3.31687,3.0108137,2.6427574,2.7087889,2.741497,3.0932465,2.6972618,3.0776138,2.6467128,2.55373,2.5545883,60480,3.3736076,10.075574,4.367808
2019-02-18 00:00:00+00:00,4.1638417,2.6390138,2.6382458,2.7116287,4.4605465,3.6618507,9.850971,4.179362,3.0687122,3.3609517,2.7174222,2.6534162,2.6433194,3.147565,2.9271069,2.6103745,2.650481,2.6956458,2.99626,2.7360508,3.0525765,2.6358202,2.565452,2.5494592,60480,3.3048363,9.850971,4.174706
2019-02-25 00:00:00+00:00,4.381152,2.6538985,2.6667035,2.7424555,4.5530887,3.5687668,9.628636,4.3131685,2.9594204,3.2763677,2.7490218,2.692284,2.6692324,3.226816,2.9796321,2.6376169,2.6929712,2.7117171,2.938946,2.6625574,3.069155,2.638392,2.549757,2.563412,60480,3.3135488,9.628636,4.360757
2019-03-04 00:00:00+00:00,4.549897,2.6844838,2.6858492,2.7068515,4.1796494,3.6899548,9.353885,4.145921,3.0086048,3.096676,2.6869957,2.6943343,2.6924386,3.1291175,2.829078,2.6395564,2.648971,2.6396906,2.796159,2.6666985,2.9586716,2.595854,2.5524046,2.5565324,60480,3.257845,9.353885,4.169531
2019-03-11 00:00:00+00:00,4.5948873,2.6373987,2.633754,2.6729302,4.261822,3.5658858,9.50769,4.1109514,2.9595642,3.1037507,2.6803408,2.6508849,2.6435719,3.0974658,2.844668,2.6025155,2.6302776,2.6370177,2.7957814,2.6473508,2.952951,2.5684466,2.5144267,2.5317779,60139,3.2435877,9.50769,4.216561
2019-03-18 00:00:00+00:00,4.916981,2.6693692,2.6782138,2.7298114,4.5069838,3.4205616,9.521656,4.006065,2.9122365,3.2680478,2.7179224,2.701622,2.6744053,3.1734927,2.9030094,2.6208303,2.675709,2.6634443,2.899141,2.667752,2.94263,2.6066148,2.5364916,2.5370982,60480,3.289587,9.521656,4.356708
2019-03-25 00:00:00+00:00,5.0106125,2.6308117,2.634551,2.6795743,4.418619,3.45826,10.107948,4.149783,2.925553,3.1446571,2.6764238,2.6530616,2.6439564,3.107983,2.8505025,2.5896835,2.628737,2.6242619,2.8081937,2.6344748,2.92724,2.5687912,2.5141087,2.5182035,60480,3.2877495,10.107948,4.3379683
2019-04-01 00:00:00+00:00,5.011905,2.670082,2.6880374,2.7647774,4.529693,3.3824558,10.513897,4.138886,2.9441545,3.2891498,2.7588677,2.708083,2.6711788,3.1710725,2.9604294,2.6363947,2.700124,2.714482,2.9508562,2.7066429,3.0155437,2.6605177,2.5869524,2.573127,59656,3.3644714,10.513897,4.412451
2019-04-08 00:00:00+00:00,4.9321966,2.6671553,2.6873868,2.7602744,4.57294,3.2765732,10.720213,4.1350794,2.923281,3.3409832,2.756298,2.7073014,2.6654873,3.1707246,2.9482234,2.6467397,2.697493,2.7157784,2.9569125,2.7070408,3.0697963,2.6631634,2.5878685,2.582154,60480,3.3704612,10.720213,4.4415817
2019-04-15 00:00:00+00:00,4.243726,2.6738758,2.6715515,2.732658,4.3138947,3.2925112,10.641983,4.13081,2.917736,3.2044132,2.725038,2.6933866,2.670086,3.1632466,2.933872,2.6188915,2.678696,2.6898456,2.9173691,2.6944346,2.9799309,2.6498444,2.5732863,2.5592608,60480,3.3070977,10.641983,4.209851
2019-04-22 00:00:00+00:00,4.193633,2.6743402,2.7028003,2.7430663,4.3115435,3.337099,10.806942,4.153372,2.938922,3.1104007,2.7173023,2.7361455,2.7001235,3.195745,2.8914642,2.6440983,2.690112,2.6601186,2.822186,2.6744576,2.9371827,2.6105328,2.5603201,2.5599215,54470,3.3071594,10.806942,4.181555
2019-04-29 00:00:00+00:00,4.2089825,2.680753,2.7020345,2.7653208,4.5576453,3.3849895,10.61856,4.2400045,2.958999,3.207003,2.757888,2.73818,2.6931136,3.2173018,2.952145,2.6616075,2.7175915,2.707066,2.8775957,2.7054052,2.997278,2.6541626,2.5971847,2.5965853,60480,3.3415582,10.61856,4.230698
2019-05-06 00:00:00+00:00,4.163328,2.668641,2.6842184,2.755554,4.7927322,3.2475374,10.309576,3.9845161,2.9351497,3.4185586,2.751441,2.7177076,2.6651244,3.1838405,2.9457877,2.627726,2.6896338,2.7147565,3.016894,2.749753,2.9769425,2.6701157,2.6051607,2.5749142,60480,3.3270671,10.309576,4.1096845
2019-05-13 00:00:00+00:00,4.1921935,2.6620994,2.6666396,2.7308748,4.6481395,3.3414207,10.299623,4.204313,2.9153278,3.1898558,2.7317982,2.7000556,2.664638,3.212115,2.933737,2.6289284,2.6817522,2.6869438,2.8490098,2.667522,2.96871,2.6299474,2.5603874,2.5640147,60480,3.3054187,10.299623,4.200677
2019-05-20 00:00:00+00:00,4.1922092,2.671119,2.6694496,2.7312117,4.6191707,3.3597136,10.083202,4.2069073,2.9456463,3.1710436,2.7274346,2.6975782,2.6745017,3.1807637,2.9101093,2.636948,2.6757045,2.6859758,2.8606365,2.6919322,3.0014987,2.637643,2.5786629,2.574138,60257,3.2993,10.083202,4.202498
2019-05-27 00:00:00+00:00,4.2184715,2.6756601,2.6900256,2.7807004,4.9025035,3.279433,10.282177,4.3872514,2.9335353,3.3389068,2.7848694,2.718324,2.6747384,3.262202,3.0186577,2.6562464,2.7164438,2.7464628,2.9727137,2.7161863,3.0791657,2.6927202,2.6122193,2.5999064,60480,3.3641465,10.282177,4.3366175
2019-06-03 00:00:00+00:00,4.27178,2.645926,2.6724837,2.7631292,4.82415,3.1366582,10.033955,4.085264,2.8446524,3.374968,2.7592428,2.7147934,2.6559565,3.2384555,2.9601939,2.6235032,2.6955693,2.6962764,2.941499,2.6807728,2.963369,2.6418757,2.576553,2.554397,60480,3.3064759,10.033955,4.215825
2019-06-10 00:00:00+00:00,4.099513,2.6736398,2.661138,2.6889172,4.425893,3.4539306,9.814978,4.247196,2.9735072,3.059519,2.6887925,2.6760068,2.679405,3.1060703,2.8770022,2.627765,2.655215,2.6518328,2.789885,2.681562,2.956079,2.6150193,2.56567,2.563182,60480,3.259655,9.814978,4.2028913
2019-06-17 00:00:00+00:00,3.4279256,2.657977,2.8005948,2.9237304,3.885671,2.9147909,8.25782,3.2907698,2.7000954,3.1816914,2.9725053,3.0233161,2.6143513,3.7658465,2.9799848,2.576854,2.809304,2.912268,2.8689702,2.568004,2.62248,2.657349,2.5296838,2.5391712,60480,3.1450481,8.25782,3.6644702
2019-06-24 00:00:00+00:00,3.2666373,2.6324668,2.7393079,2.8249047,3.8954546,3.068633,8.669615,3.4783278,2.8026948,3.1134977,2.8619084,2.9232311,2.6081712,3.5560405,2.965736,2.5819461,2.7761204,2.84193,2.853736,2.604425,2.69378,2.6491175,2.5351577,2.5418158,60470,3.145194,8.669615,3.5327268
2019-07-01 00:00:00+00:00,3.377539,2.6523898,2.7637827,2.8637304,3.7798615,2.965475,8.101916,3.3088815,2.7254667,3.0855792,2.9056134,2.926328,2.6171515,3.563807,2.8648553,2.5833867,2.7434478,2.8179908,2.799972,2.5738654,2.6389008,2.6197326,2.5189283,2.536197,60480,3.0972831,8.101916,3.5079265
2019-07-08 00:00:00+00:00,3.2202573,2.60084,2.692336,2.7751057,3.7250113,3.067914,8.403331,3.4389703,2.7797575,3.0135565,2.810079,2.8636074,2.5799003,3.492953,2.9178147,2.5636778,2.7574441,2.773519,2.7646034,2.5721228,2.662271,2.6026824,2.5050917,2.512087,60480,3.0872889,8.403331,3.4767582
2019-07-15 00:00:00+00:00,3.4301548,2.6272311,2.7540047,2.8611524,3.7990906,2.9437654,7.463093,3.2169924,2.710362,3.089637,2.9080527,2.9835973,2.5959716,3.6843605,2.8821728,2.5706577,2.7659693,2.8223186,2.7747471,2.5543106,2.6206527,2.6108015,2.5088248,2.525226,60480,3.0709646,7.463093,3.6080987
2019-07-22 00:00:00+00:00,3.611096,2.6185734,2.8047783,2.9332108,3.971079,2.831462,7.9024878,3.2979581,2.6523294,3.1674664,2.9943695,3.137622,2.5893354,4.087214,3.0905333,2.569943,2.898458,2.9343996,2.8575788,2.5347204,2.618652,2.6544092,2.491958,2.5195425,37070,3.1570492,7.9024878,3.863084
2019-07-29 00:00:00+00:00,3.5492454,2.6522408,2.7897456,2.9124122,3.8080163,2.8808503,6.939528,3.1899855,2.6791553,3.1176174,2.9680898,3.0341685,2.6139562,3.7574143,2.885103,2.5834136,2.7610931,2.8395708,2.8085055,2.5508852,2.616045,2.6254933,2.512067,2.5348113,46550,3.0670593,6.939528,3.6949637
2019-08-05 00:00:00+00:00,3.328377,2.6043236,2.7153368,2.8006992,3.8077962,2.974461,7.608116,3.289223,2.7487822,3.057118,2.8465652,2.9207203,2.5789483,3.573959,2.9397628,2.559151,2.7642674,2.790552,2.7998297,2.5675893,2.6534226,2.6099865,2.5014446,2.5111225,59779,3.0646484,7.608116,3.5002844
2019-08-12 00:00:00+00:00,3.2272139,2.619203,2.6995776,2.7504485,3.656093,3.0694137,7.6776333,3.3353467,2.8029463,2.977712,2.7750444,2.847275,2.6046355,3.3872964,2.8821924,2.585678,2.7262845,2.725176,2.7486322,2.5950174,2.6995013,2.6053033,2.5237405,2.53455,60480,3.0439968,7.6776333,3.3717115
2019-08-19 00:00:00+00:00,3.1796043,2.6269565,2.6860685,2.7333198,3.5020037,3.1361022,7.180786,3.2742481,2.8253372,2.9359193,2.7599454,2.821362,2.6066432,3.2876728,2.84779,2.5825143,2.713852,2.7276926,2.7434225,2.6051571,2.6784883,2.6152866,2.5331964,2.5374842,60480,3.005869,7.180786,3.2836454
2019-08-26 00:00:00+00:00,3.517198,2.6383333,2.7498505,2.824671,3.6880121,2.9758446,7.398398,3.2069564,2.7351372,3.0667763,2.8956265,2.9707494,2.6067872,3.569852,2.8665905,2.5754566,2.7387033,2.8301947,2.8151026,2.5788612,2.6458735,2.6268375,2.5241487,2.5378745,60480,3.0659933,7.398398,3.554056
2019-09-02 00:00:00+00:00,3.2035165,2.6081347,2.6684153,2.7193878,3.5823607,3.0776927,7.576279,3.4195743,2.7834842,2.9805467,2.737331,2.808154,2.5917773,3.2945287,2.8675842,2.5705254,2.7163079,2.6991038,2.7313087,2.5709045,2.6764283,2.5968883,2.5111122,2.521993,59487,3.021389,7.576279,3.3820605
2019-09-09 00:00:00+00:00,3.2776442,2.615598,2.6782126,2.740915,3.5751207,3.0786417,7.4599094,3.3623135,2.7953188,3.0128953,2.782287,2.8484724,2.595431,3.3895729,2.8929071,2.5731115,2.7336743,2.7620428,2.7843478,2.5809462,2.6733825,2.630323,2.5191119,2.5305328,54962,3.0371964,7.4599094,3.381395
2019-09-16 00:00:00+00:00,3.128906,2.6111255,2.6377726,2.661175,3.2783709,3.1639364,7.110256,3.415484,2.8074012,2.8561873,2.6903336,2.7263732,2.600423,3.125206,2.7511575,2.5668464,2.6351857,2.6639936,2.6781409,2.5820837,2.6775599,2.5758007,2.514175,2.5232983,60385,2.9575498,7.110256,3.2440405
2019-09-23 00:00:00+00:00,3.4627912,2.6395552,2.7360575,2.8013914,3.5914495,3.0076015,7.1603875,3.3716927,2.7413905,3.0570338,2.8600712,2.9138064,2.6179152,3.4792917,2.8562167,2.586006,2.730201,2.7834003,2.7732038,2.5756547,2.662613,2.6168544,2.521745,2.5380573,60480,3.0451825,7.1603875,3.4743416
2019-09-30 00:00:00+00:00,3.5961578,2.6543117,2.7630188,2.8517935,3.8287654,2.9541776,7.37884,3.4111025,2.737918,3.2153683,2.926306,3.0130923,2.6319783,3.7017047,2.963894,2.6046813,2.8075652,2.8583682,2.8620696,2.5844638,2.6655674,2.6549766,2.5346167,2.5489252,60480,3.1145694,7.37884,3.6700406
2019-10-07 00:00:00+00:00,3.620298,2.6306996,2.739851,2.8388615,3.8203044,2.9535675,7.4237537,3.3452725,2.724653,3.1730092,2.9324384,3.0246582,2.6053026,3.74509,2.9451382,2.5735066,2.7721026,2.8461013,2.8370345,2.5674427,2.6463542,2.6264317,2.508126,2.5210242,57455,3.1008759,7.4237537,3.7076523
2019-10-14 00:00:00+00:00,3.1901789,2.5524008,2.5951693,2.6364534,3.340446,3.0715895,7.263024,3.3558097,2.7412248,2.897981,2.6868596,2.763859,2.5276911,3.2482533,2.7578967,2.4987988,2.6262171,2.6759026,2.682898,2.5277328,2.594186,2.5462427,2.4618583,2.4604235,60396,2.9459622,7.263024,3.3127882
2019-10-21 00:00:00+00:00,3.5480356,2.6052349,2.7010868,2.793272,3.6939385,2.9652457,7.950953,3.3780844,2.6906424,3.1104257,2.8789005,2.975501,2.5782518,3.6596866,2.9341614,2.5512805,2.7577233,2.838394,2.810849,2.538223,2.6208978,2.6220381,2.4926054,2.5071826,52075,3.0917757,7.950953,3.6261914
2019-10-28 00:00:00+00:00,3.459378,2.6321084,2.720011,2.806776,3.7659757,3.0412018,7.413004,3.2838364,2.742055,3.1976507,2.8801634,2.9726179,2.6037233,3.6051104,2.9131835,2.5784473,2.7604532,2.8222227,2.8281422,2.581121,2.6458294,2.6363795,2.531554,2.538845,54536,3.0816581,7.413004,3.5613906
2019-11-04 00:00:00+00:00,3.62191,2.6152985,2.722379,2.823793,3.9113324,3.0264714,7.6321507,3.3398802,2.7313967,3.2097414,2.9291751,3.083916,2.5939813,3.8249393,2.966342,2.5604002,2.7907224,2.8852415,2.848992,2.5652387,2.6305344,2.6410072,2.5078695,2.516345,60480,3.1241274,7.6321507,3.7640305
2019-11-11 00:00:00+00:00,3.3976147,2.5847507,2.6563697,2.732059,3.700002,3.1079996,7.4189587,3.27483,2.750599,3.1396675,2.809331,2.9327452,2.5548267,3.5154357,2.854476,2.5263054,2.7083497,2.7757761,2.7887266,2.5574636,2.6146405,2.5977106,2.493327,2.4915621,60480,3.0409803,7.4189587,3.4800894
2019-11-18 00:00:00+00:00,3.4854093,2.5908082,2.6676662,2.7425916,3.83671,3.1285744,7.483616,3.2717943,2.7312055,3.2118912,2.8396323,3.006625,2.563858,3.6159067,2.8643599,2.531566,2.7333014,2.809032,2.8086236,2.5466194,2.6042154,2.6002872,2.4867263,2.4922638,60480,3.0688865,7.483616,3.5767574
2019-11-25 00:00:00+00:00,3.5343885,2.6399982,2.726575,2.7940514,3.7902179,3.1007242,6.974727,3.3265235,2.733991,3.2658134,2.8850613,3.0377114,2.6217618,3.592826,2.8978376,2.5769105,2.762799,2.8293061,2.8603022,2.5693986,2.635635,2.6371043,2.518329,2.5269246,60480,3.0766213,6.974727,3.5752947
2019-12-02 00:00:00+00:00,3.4085143,2.6160278,2.6920905,2.7556615,3.8375626,3.2168994,7.0918107,3.3178637,2.7742574,3.3300133,2.8581614,3.0024056,2.6010628,3.5394337,2.8685963,2.5579987,2.732047,2.802202,2.8641934,2.5745964,2.63761,2.6228347,2.5126228,2.517118,60392,3.0721493,7.0918107,3.5001578
2019-12-09 00:00:00+00:00,3.5717144,2.6324246,2.753989,2.8275867,4.002478,3.0995286,6.9252677,3.362079,2.7302916,3.3912864,2.9398935,3.144329,2.640354,3.6610963,2.8925645,2.577694,2.769699,2.8200743,2.8747816,2.564709,2.6320925,2.622042,2.5027766,2.516235,60127,3.102291,6.9252677,3.6342816
2019-12-16 00:00:00+00:00,3.3466828,2.621487,2.6865923,2.740873,4.018,3.2609518,6.9090457,3.4285269,2.814345,3.3666403,2.8499432,3.0094967,2.6354225,3.4471133,2.819521,2.5725684,2.7132277,2.7912846,2.874794,2.5838084,2.6616101,2.6116767,2.5040202,2.5138721,60480,3.0742295,6.9090457,3.4415374
2019-12-23 00:00:00+00:00,3.5060296,2.649753,2.7498953,2.8176756,4.106426,3.1539912,6.8141527,3.4787788,2.777976,3.407174,2.9495666,3.1270015,2.6737335,3.599901,2.8728528,2.6032617,2.775614,2.8452492,2.903031,2.598732,2.6865597,2.6371686,2.533129,2.5420752,60480,3.1170719,6.8141527,3.5717397
2019-12-30 00:00:00+00:00,3.556579,2.6399314,2.7542388,2.8462882,4.309735,3.1036248,6.980554,3.535997,2.737911,3.4837923,2.9837763,3.1783028,2.6861868,3.7613814,2.939551,2.5944867,2.827127,2.8864481,2.938496,2.565012,2.6476247,2.6306555,2.502636,2.5217597,60480,3.150504,6.980554,3.6999407
2020-01-06 00:00:00+00:00,3.2046862,2.581374,2.6340816,2.6802795,3.9257543,3.26526,7.061848,3.4828494,2.8037384,3.2417803,2.7586944,2.8654778,2.5889392,3.3353584,2.7582142,2.5305243,2.6533184,2.7001925,2.8136723,2.5643888,2.6346922,2.5507543,2.468471,2.4723957,60405,3.024031,7.061848,3.438602
2020-01-13 00:00:00+00:00,3.6229465,2.6037786,2.7446501,2.8144653,4.383741,3.0939672,6.9492755,3.4718792,2.7228932,3.467562,2.9432495,3.1781983,2.631483,3.748087,2.8345535,2.5401952,2.7296367,2.8157344,2.9494674,2.5416276,2.6177666,2.585378,2.4709904,2.4799156,60284,3.1225598,6.9492755,3.7105448
2020-01-20 00:00:00+00:00,3.493222,2.6245346,2.7191591,2.783193,4.2590427,3.1199298,6.8178067,3.5058415,2.7340908,3.48613,2.891157,3.032847,2.6571522,3.6428273,2.845404,2.5719244,2.7308278,2.7845185,2.9387608,2.5553362,2.636737,2.590729,2.4894836,2.5020547,60480,3.1005294,6.8178067,3.6017315
2020-01-27 00:00:00+00:00,3.6822512,2.637425,2.7687678,2.8453856,4.3990555,3.0266948,7.133515,3.6449971,2.7067513,3.5589828,2.9719877,3.2321439,2.6884325,3.9657216,2.9375124,2.5805879,2.8147025,2.8768842,3.002716,2.559748,2.6484761,2.6106195,2.4901266,2.4989085,60416,3.1784332,7.133515,3.8806806
2020-02-03 00:00:00+00:00,3.4568527,2.6025596,2.7036757,2.7581735,4.077796,3.0032523,6.964725,3.6243937,2.6865904,3.3161335,2.8388274,3.015465,2.6298137,3.676811,2.8834164,2.5680861,2.737514,2.7714045,2.9075751,2.5257618,2.6471405,2.572303,2.4678757,2.4853594,60480,3.0800629,6.964725,3.6610858
2020-02-10 00:00:00+00:00,3.3206537,2.6388123,2.6796868,2.7071517,3.9491167,3.1235683,6.9158993,3.6613173,2.7782338,3.237051,2.7636392,2.8742764,2.6175122,3.4728546,2.8257298,2.5705469,2.6883523,2.720572,2.885221,2.580305,2.7035577,2.589064,2.5016954,2.5081189,60480,3.0547056,6.9158993,3.6047785
2020-02-17 00:00:00+00:00,3.7505512,2.689422,2.7870977,2.8492572,4.4491124,2.973043,7.6639233,3.7791708,2.6793942,3.4990091,2.9671745,3.2016048,2.6840715,4.0623913,3.01159,2.6050324,2.8422394,2.8815455,3.0307672,2.5514147,2.6793075,2.6341631,2.4941912,2.5093646,60408,3.219785,7.6639233,3.977425
2020-02-24 00:00:00+00:00,3.5223181,2.6374574,2.7080472,2.767054,4.135145,3.0158489,7.347203,3.7215726,2.7053878,3.2228348,2.823818,2.9804509,2.6140893,3.7166314,2.9217126,2.5604093,2.7276049,2.7479782,2.8503194,2.533008,2.6717,2.573542,2.463671,2.4760058,60431,3.1018255,7.347203,3.7200904
2020-03-02 00:00:00+00:00,3.4827716,2.6712735,2.7348125,2.786003,4.2759056,3.1148677,7.480279,3.7190306,2.7623818,3.3084972,2.850916,3.0017238,2.6342523,3.7482517,2.9497082,2.58722,2.7359507,2.7964332,2.90637,2.577161,2.7316892,2.6073372,2.503535,2.513239,60480,3.144984,7.480279,3.7394853
2020-03-09 00:00:00+00:00,3.5911329,2.697895,2.7661352,2.8294933,4.184778,3.129442,7.0521073,3.5846956,2.7778053,3.2606378,2.9005585,3.043765,2.6552079,3.7728238,2.9030666,2.5964434,2.7292612,2.8127017,2.9121668,2.5974665,2.6993983,2.6226573,2.5309746,2.535428,60404,3.1327517,7.0521073,3.7183166
2020-03-16 00:00:00+00:00,3.6663678,2.672482,2.7590833,2.823503,4.3740716,3.1229622,7.359649,3.6836526,2.7395906,3.2710962,2.9103208,3.074196,2.648231,3.8901608,2.980788,2.5882776,2.7524354,2.8375442,2.9394443,2.5665214,2.700715,2.6136453,2.5037987,2.5083995,60480,3.1661224,7.359649,3.8282084
2020-03-23 00:00:00+00:00,3.2843542,2.6635993,2.68883,2.724165,4.054443,3.1845493,7.2417655,3.7684255,2.8142557,3.1530142,2.7642334,2.8691537,2.6335855,3.5520146,2.9151797,2.589001,2.6984408,2.739532,2.8463588,2.5946538,2.7378755,2.6038501,2.5240335,2.5172024,60385,3.0901048,7.2417655,3.7035022
2020-03-30 00:00:00+00:00,3.8467476,2.7099578,2.8150632,2.8944418,4.614322,3.0341465,7.739485,3.8461874,2.7280562,3.339009,2.9893608,3.2012336,2.708747,4.2010803,3.098171,2.6426938,2.845623,2.905349,2.9555552,2.579776,2.7185035,2.658437,2.5347567,2.5493908,60480,3.256504,7.739485,4.0947804
2020-04-06 00:00:00+00:00,3.3656983,2.6441581,2.6923056,2.7461758,4.210536,3.1370986,7.6190104,3.847416,2.786377,3.1820178,2.7919338,2.9073832,2.6257522,3.6874495,2.9463344,2.5889452,2.7379134,2.7768316,2.8672235,2.5786967,2.7105844,2.6094887,2.5167897,2.5137832,60480,3.128746,7.6190104,3.799426
2020-04-13 00:00:00+00:00,3.4621935,2.6910298,2.7511468,2.8008928,4.4114704,3.171439,8.003533,4.085239,2.8398004,3.3073814,2.8425207,2.9958427,2.676251,3.8440268,3.0624375,2.6481736,2.8221247,2.825037,2.934611,2.6215208,2.7979827,2.657921,2.5596426,2.5630004,60480,3.2239676,8.003533,4.012875
2020-04-20 00:00:00+00:00,3.5693848,2.679089,2.7691262,2.8261151,4.467225,3.0883274,7.8616705,3.9640446,2.794499,3.2833266,2.9038901,3.0683243,2.6668646,3.8625696,3.008896,2.620419,2.8010132,2.842782,2.8996089,2.5999565,2.7352743,2.6358354,2.5454435,2.5425243,60480,3.209842,7.8616705,3.933602
2020-04-27 00:00:00+00:00,3.4983687,2.632391,2.7125533,2.7682111,4.46285,3.090654,7.510061,3.8089824,2.7276788,3.168821,2.829769,2.9935472,2.6199384,3.7532046,2.9282322,2.569589,2.7406125,2.7832236,2.783918,2.5347054,2.65819,2.5876133,2.4851391,2.4944923,60480,3.1309478,7.510061,3.792249
2020-05-04 00:00:00+00:00,3.3083491,2.639158,2.6745439,2.7136137,4.22882,3.068409,7.064792,3.6100297,2.746837,3.1691282,2.7630005,2.8733587,2.6063523,3.476994,2.8341358,2.5664492,2.6711574,2.718342,2.8029203,2.5526686,2.6537223,2.585747,2.5008588,2.5023563,44625,3.0554893,7.064792,3.570119
2020-05-11 00:00:00+00:00,,,,,,,,,,,,,,,,,,,,,,,,,0,,,
2020-05-18 00:00:00+00:00,,,,,,,,,,,,,,,,,,,,,,,,,0,,,
2020-05-25 00:00:00+00:00,,,,,,,,,,,,,,,,,,,,,,,,,0,,,
2020-06-01 00:00:00+00:00,3.6795306,2.6460006,2.7321515,2.8195791,4.382309,2.9201837,8.265892,3.726038,2.7184062,3.1727552,2.8857403,3.0165925,2.6048403,3.821538,2.892817,2.56109,2.7443488,2.805644,2.7957098,2.5460181,2.6372528,2.6017346,2.494719,2.5042844,52829,3.1656322,8.265892,3.792888
2020-06-08 00:00:00+00:00,3.416036,2.6046324,2.6566446,2.725929,4.0695806,2.8900168,8.326034,3.5645711,2.6651685,3.0016835,2.7587624,2.8314464,2.5728822,3.432347,2.778091,2.5281804,2.6558847,2.6886914,2.7076702,2.4957747,2.5880044,2.5450246,2.4517863,2.4653022,60427,3.0591726,8.326034,3.524904
2020-06-15 00:00:00+00:00,3.492948,2.6224368,2.6854086,2.7555308,4.158257,2.9183922,8.292274,3.716626,2.7042508,3.0385928,2.7918599,2.8933575,2.5920541,3.574054,2.8042812,2.550126,2.6852891,2.7236183,2.7313352,2.5262992,2.6246915,2.5673647,2.476885,2.486458,60480,3.100516,8.292274,3.6738544
2020-06-22 00:00:00+00:00,3.6765263,2.6289175,2.7334003,2.820778,4.125474,2.8301249,8.411679,3.6493902,2.65023,3.04059,2.8750217,2.9754698,2.5880983,3.7221475,2.8018394,2.5436983,2.6806924,2.7787786,2.7478619,2.508286,2.603555,2.568526,2.4670944,2.489022,60480,3.1215503,8.411679,3.708461
2020-06-29 00:00:00+00:00,3.560546,2.6350539,2.7165096,2.8141348,4.0290666,2.8790119,8.279091,3.6941612,2.6705635,2.9416306,2.8409305,2.9230254,2.6079912,3.658261,2.8214283,2.559665,2.6971354,2.7544117,2.7079556,2.5273788,2.6317177,2.5734117,2.4805677,2.4952753,60480,3.104122,8.279091,3.683391
2020-07-06 00:00:00+00:00,3.5151694,2.6106875,2.680361,2.7550008,4.0048265,2.8834257,8.167483,3.6460624,2.658164,2.9480696,2.8154204,2.8848016,2.5761228,3.500412,2.78048,2.5312736,2.6728942,2.7442513,2.7014294,2.5103288,2.615086,2.5641606,2.4701028,2.4803262,60480,3.0715141,8.167483,3.6067944
2020-07-13 00:00:00+00:00,3.2421453,2.593808,2.622413,2.6619618,3.7726367,2.9840155,7.7576933,3.5590212,2.7171302,2.8381264,2.6922631,2.7366257,2.5611918,3.2823622,2.7411735,2.531082,2.6193242,2.64827,2.6381493,2.5360017,2.6517563,2.5438116,2.4787536,2.482838,60480,2.9955232,7.7576933,3.4760234
2020-07-20 00:00:00+00:00,3.4825845,2.6533127,2.7282586,2.838334,4.0046506,2.8179584,7.3524437,3.3684368,2.635796,2.918436,2.8647895,2.8979073,2.612708,3.65318,2.8052554,2.565198,2.694995,2.731269,2.6845043,2.5325122,2.6141028,2.5793357,2.497096,2.5136385,60480,3.0436127,7.3524437,3.6020012
2020-07-27 00:00:00+00:00,3.6757941,2.6349995,2.7314038,2.8442037,4.200518,2.7967606,8.021812,3.5755496,2.6184528,2.9233809,2.8875952,3.023733,2.5914316,4.0414367,2.8733568,2.5403142,2.7632833,2.7701669,2.6785896,2.5064206,2.5941305,2.574361,2.4703226,2.4856725,60480,3.1176536,8.021812,3.9317439
2020-08-03 00:00:00+00:00,3.3733623,2.6105442,2.6546888,2.7140753,3.928592,2.9347093,7.5459247,3.545878,2.683371,2.8670373,2.7400868,2.8220468,2.577922,3.5236819,2.7669349,2.5352771,2.6743424,2.6644769,2.628921,2.5208676,2.6044796,2.545553,2.4699736,2.4783077,60479,3.0171273,7.5459247,3.5392191
2020-08-10 00:00:00+00:00,3.3306997,2.6244252,2.653386,2.6977801,3.937991,3.0057971,7.5274343,3.6042762,2.760766,2.9249923,2.734767,2.8027246,2.586852,3.4473898,2.8001285,2.5599132,2.682052,2.6882713,2.6795354,2.5659587,2.6696255,2.5778744,2.5018797,2.5084074,60433,3.036372,7.5274343,3.5572102
2020-08-17 00:00:00+00:00,3.4611857,2.6277065,2.6754286,2.722156,3.9006462,2.9833374,7.348214,3.4066765,2.7268274,2.8606055,2.763533,2.8619683,2.5943153,3.506396,2.7270784,2.5481172,2.6619422,2.6766524,2.63247,2.5532591,2.61869,2.5528028,2.4914615,2.4956195,60480,3.0165455,7.348214,3.492833
2020-08-24 00:00:00+00:00,3.5158167,2.6245818,2.6787593,2.7471848,3.9607594,2.882167,7.4253774,3.377601,2.6545343,2.9477582,2.8189893,2.8943746,2.5814447,3.6626983,2.7635188,2.5368645,2.681513,2.7235427,2.664927,2.5135598,2.5896556,2.559145,2.473212,2.4892986,60426,3.0319703,7.4253774,3.6186337
2020-08-31 00:00:00+00:00,3.5594938,2.632526,2.6970453,2.7752542,4.218775,2.870353,8.128182,3.533041,2.6636686,2.9959528,2.850881,2.9573689,2.5985594,3.8957279,2.839991,2.553661,2.7434046,2.7608764,2.698121,2.528066,2.6070087,2.5784113,2.4844346,2.496162,60275,3.1111233,8.128182,3.7948577
2020-09-07 00:00:00+00:00,3.619853,2.6427245,2.7010741,2.7830963,4.4778013,2.7891312,8.302293,3.433469,2.6311898,3.0946994,2.8815846,2.9787693,2.5978713,4.056979,2.9057965,2.5519955,2.767859,2.802486,2.7496955,2.516973,2.5827909,2.600473,2.483304,2.4999661,56167,3.1438282,8.302293,3.9258413
2020-09-14 00:00:00+00:00,3.4021063,2.6157348,2.650433,2.7075918,4.311345,2.9175458,8.049291,3.523242,2.6912816,2.9297302,2.7536192,2.8041227,2.5725944,3.5738332,2.8022902,2.534119,2.6741629,2.6872504,2.6719472,2.5247307,2.6104372,2.557318,2.4759483,2.4880242,60480,3.063696,8.049291,3.5586557
2020-09-21 00:00:00+00:00,3.5320497,2.6296484,2.6790245,2.7224596,4.5038147,2.9461875,8.943685,3.8009744,2.7164323,2.9387286,2.779544,2.870408,2.5880687,3.7124033,2.8819194,2.5555687,2.7380443,2.7365668,2.6951404,2.551956,2.6644516,2.5857582,2.4934096,2.506225,57329,3.1571863,8.943685,3.774403
2020-09-28 00:00:00+00:00,3.3520265,2.6181543,2.640207,2.6541972,4.1055584,3.0083995,8.108804,3.6461575,2.7408595,2.816882,2.6936681,2.7510977,2.5775986,3.3410187,2.7702563,2.5458186,2.6647382,2.6534555,2.635286,2.5582886,2.6593368,2.5584178,2.4973793,2.5041184,60480,3.045905,8.108804,3.557918
2020-10-05 00:00:00+00:00,3.6268792,2.6604824,2.7192018,2.785709,4.3354177,2.9123232,8.4170685,3.7124908,2.7003152,2.9703593,2.8599982,2.9311535,2.6294303,3.8231506,2.9217613,2.5816038,2.7797492,2.8040829,2.7434876,2.5567808,2.653293,2.6156743,2.5130181,2.5289826,60480,3.1576004,8.4170685,3.7899528
2020-10-12 00:00:00+00:00,3.3548236,2.6243148,2.6528387,2.6990263,3.7989945,2.8715315,7.1448674,3.2939384,2.6572592,2.8368611,2.7373478,2.7646093,2.5797105,3.3666675,2.7191174,2.5244725,2.6206124,2.6620674,2.6448784,2.5151823,2.5860467,2.5399199,2.4716651,2.478816,60480,2.9643986,7.1448674,3.3631144
2020-10-19 00:00:00+00:00,3.4418201,2.6429393,2.6889598,2.7355742,3.962783,2.8813322,7.5925765,3.491665,2.6684706,2.8770611,2.7737343,2.8312497,2.6108787,3.4997299,2.7981107,2.5534017,2.6848135,2.7066555,2.6760473,2.5305862,2.6283174,2.569711,2.4862547,2.4993763,60480,3.0346687,7.5925765,3.4973104
2020-10-26 00:00:00+00:00,3.3309534,2.6348164,2.6587167,2.6796064,3.7945938,2.9470658,7.5092716,3.3452058,2.7132792,2.88524,2.729475,2.755457,2.591278,3.2742486,2.7037458,2.5456352,2.6147113,2.6737535,2.681206,2.5476806,2.6293778,2.5646749,2.5001922,2.506741,54920,2.9923718,7.5092716,3.34093
2020-11-02 00:00:00+00:00,3.7311907,2.6696286,2.7705798,2.8689258,3.9780743,2.7658682,7.6631885,3.2291648,2.6145978,2.9556353,2.9315045,2.9859724,2.6195405,3.792778,2.7833211,2.5573933,2.7008483,2.7665873,2.7085347,2.5246475,2.586055,2.5756428,2.4911454,2.509885,54054,3.074196,7.6631885,3.7743018
2020-11-09 00:00:00+00:00,3.344344,2.6142404,2.6363378,2.6704443,3.7225432,2.8961997,7.549065,3.4271936,2.67868,2.7953393,2.6994364,2.7415435,2.5772362,3.2490354,2.709567,2.5311227,2.6230543,2.6378756,2.6305258,2.5271065,2.6175115,2.5405781,2.477168,2.4824176,60480,2.974107,7.549065,3.4023387
2020-11-16 00:00:00+00:00,3.5046666,2.6209793,2.6809213,2.7595286,3.7656002,2.8199706,7.5182366,3.480301,2.6381128,2.8579414,2.8024821,2.8383482,2.5800414,3.4789908,2.7495446,2.5322802,2.6574297,2.699495,2.6692116,2.5114613,2.5874505,2.5536978,2.470001,2.4841952,60480,3.0108702,7.5182366,3.497357
2020-11-23 00:00:00+00:00,3.4474216,2.6207857,2.6735852,2.7397614,4.037523,2.857652,7.356324,3.5253375,2.6736028,2.8990884,2.7839916,2.8432283,2.5848057,3.5132504,2.784942,2.5311751,2.666405,2.7267823,2.7137208,2.5324984,2.606727,2.5713046,2.4839737,2.4866152,60480,3.027521,7.356324,3.5217113
2020-11-30 00:00:00+00:00,3.6018019,2.6470623,2.720856,2.811061,3.921031,2.7631023,7.2802157,3.3841755,2.605228,2.8940828,2.842145,2.9016342,2.6026428,3.6611383,2.7762156,2.5300221,2.683657,2.7407727,2.6929429,2.5012817,2.5638852,2.5623403,2.4686193,2.4861884,60480,3.0267544,7.2802157,3.6433372
2020-12-07 00:00:00+00:00,3.4441726,2.6366608,2.6838117,2.7260988,3.7510264,2.8578944,7.1196237,3.4464595,2.6480815,2.8365188,2.7500248,2.7746868,2.5762804,3.4052231,2.751523,2.5157568,2.6312788,2.6821284,2.6518865,2.5072331,2.5862062,2.5398495,2.4598475,2.4684634,60338,2.977114,7.1196237,3.4457734
2020-12-14 00:00:00+00:00,3.5933483,2.6648712,2.7262573,2.7831972,3.8033164,2.7705457,6.9427056,3.3308218,2.6000006,2.8651621,2.795372,2.8237283,2.5947022,3.5159187,2.728337,2.5181732,2.6283724,2.6759925,2.6425498,2.4875548,2.557743,2.5275095,2.4467192,2.4637816,60480,2.9786117,6.9427056,3.5701194
2020-12-21 00:00:00+00:00,3.6334734,2.6774373,2.7419434,2.807909,4.0632224,2.8017516,7.617796,3.534971,2.6227934,2.9477444,2.8497694,2.912659,2.6155324,3.80821,2.8667605,2.5335872,2.721901,2.7901397,2.72334,2.5036511,2.5928283,2.5756774,2.4666214,2.4808497,60480,3.0787737,7.617796,3.755789
2020-12-28 00:00:00+00:00,3.5878093,2.6849046,2.741901,2.7848883,4.01566,2.8526082,7.5294433,3.5421176,2.6629047,2.9226573,2.8336813,2.8683424,2.6248693,3.5954745,2.764232,2.556365,2.653407,2.7363293,2.696811,2.531001,2.6385832,2.564818,2.4857585,2.5057182,60480,3.0575116,7.5294433,3.593175
2021-01-04 00:00:00+00:00,3.5507956,2.6834757,2.7465417,2.7910125,3.8753066,2.8506231,7.90882,3.5880675,2.6601787,2.9540153,2.839387,2.888753,2.6335206,3.633419,2.7881207,2.5534632,2.6815178,2.7486377,2.7121525,2.5315502,2.6262043,2.5757635,2.4911177,2.5067115,60480,3.075798,7.90882,3.6198137
2021-01-11 00:00:00+00:00,3.6267488,2.6887019,2.7652423,2.8351684,3.8756297,2.785722,7.9029922,3.5736127,2.60733,2.943533,2.884103,2.9326572,2.6556585,3.7176902,2.8012865,2.5545921,2.7049265,2.739605,2.684044,2.5058563,2.5740716,2.567826,2.4736183,2.4967208,39821,3.0790558,7.9029922,3.6904078
2021-01-18 00:00:00+00:00,3.366212,2.638285,2.6525612,2.6637816,3.6829765,2.9296622,8.514234,3.7492304,2.6825502,2.8396144,2.6906786,2.734413,2.6057699,3.24868,2.7104068,2.5332,2.6121745,2.6295192,2.6245522,2.5191967,2.6252103,2.5241554,2.4624507,2.4767904,60480,3.0298462,8.514234,3.5879471
2021-01-25 00:00:00+00:00,3.6657293,2.6819196,2.7476773,2.8119106,3.9033442,2.8461802,8.471785,3.5092547,2.6566663,3.0122068,2.8938587,2.9674244,2.6236007,3.671794,2.7436488,2.5577428,2.6640933,2.7392561,2.691772,2.5414953,2.6253886,2.5660412,2.4986463,2.5131888,60480,3.108526,8.471785,3.6699746
2021-02-01 00:00:00+00:00,3.6559937,2.7026093,2.767223,2.8138049,4.0197506,2.8676076,8.503608,3.6155148,2.6558266,3.0083327,2.8623393,2.9817128,2.6765006,3.8065205,2.8147912,2.5843823,2.7293246,2.7378972,2.7008991,2.5420413,2.6270308,2.5791595,2.4985704,2.5153773,60480,3.1361172,8.503608,3.7613626
2021-02-08 00:00:00+00:00,3.556381,2.6746786,2.7202137,2.75962,3.915819,2.8988805,8.450592,3.5655162,2.6637223,2.9885216,2.8299453,2.932123,2.6315203,3.5970197,2.7428992,2.5547566,2.6617935,2.7057252,2.6735287,2.5342565,2.6239238,2.562425,2.4887235,2.5057192,60480,3.0932627,8.450592,3.5875688
2021-02-15 00:00:00+00:00,3.6728334,2.6809921,2.7425175,2.8102882,4.1854777,2.8143659,8.636068,3.5356774,2.623336,3.168157,2.903501,3.0345569,2.624762,3.7878659,2.823957,2.561358,2.7262452,2.7686481,2.757738,2.5264106,2.6082323,2.5806684,2.4854898,2.5123768,60480,3.1488135,8.636068,3.7533562
2021-02-22 00:00:00+00:00,3.7213206,2.6791277,2.7499166,2.8398955,4.159827,2.805498,8.463305,3.276419,2.6177428,3.1422315,2.939882,3.09676,2.6185186,3.8001692,2.767776,2.5512288,2.6914248,2.7632787,2.6964002,2.5265424,2.5832577,2.573871,2.490763,2.5083282,60480,3.1276453,8.463305,3.7765145
2021-03-01 00:00:00+00:00,3.5210476,2.6797874,2.7044196,2.7449594,4.174065,2.9473581,9.350113,3.5613127,2.7036672,3.0524335,2.8198915,2.9925532,2.6245408,3.5477238,2.7620728,2.5642068,2.6654449,2.7278361,2.699125,2.5573556,2.6580808,2.5773704,2.502128,2.5205631,60480,3.152419,9.350113,3.557236
2021-03-08 00:00:00+00:00,3.4949756,2.6780365,2.6993132,2.735782,4.348201,2.9572508,9.417734,3.5973666,2.697379,3.0032299,2.8033993,2.9933083,2.6325703,3.544072,2.770811,2.5660954,2.6860623,2.7138693,2.6631796,2.5486934,2.6301365,2.5723343,2.4995434,2.513008,60480,3.1569316,9.417734,3.5813782
2021-03-15 00:00:00+00:00,3.4131367,2.6881776,2.7009187,2.7260711,4.3553753,3.0260673,9.948831,3.673558,2.75363,3.0616353,2.7895734,2.9321718,2.6379569,3.4733317,2.8005178,2.589059,2.7005308,2.7261877,2.7138643,2.595062,2.662175,2.5971754,2.5265677,2.5387094,60480,3.1929283,9.948831,3.61349
2021-03-22 00:00:00+00:00,3.6161318,2.6675577,2.711,2.7817483,4.929361,2.8957865,11.119629,3.7048523,2.6481748,3.1812122,2.901944,3.138491,2.6177294,3.7958727,2.8286057,2.55317,2.71376,2.7826545,2.705451,2.5272195,2.6215928,2.575556,2.4803462,2.4996994,54820,3.2915642,11.119629,3.7685666
2021-03-29 00:00:00+00:00,3.3054507,2.6564736,2.6503491,2.6644056,4.5474257,3.0450327,11.785302,3.8729508,2.747423,3.0881877,2.7236023,2.8410716,2.5979135,3.3634841,2.79647,2.552868,2.6590788,2.686385,2.7021258,2.5709922,2.6755445,2.571447,2.4965234,2.505607,60480,3.2544212,11.785302,3.720111
2021-04-05 00:00:00+00:00,3.5078888,2.6821861,2.689075,2.726728,5.017286,2.908896,11.9888115,3.7501736,2.653983,3.2861536,2.8737464,3.0460892,2.5996647,3.7407544,2.812517,2.545195,2.6988351,2.7742531,2.7235377,2.5331793,2.6103978,2.5805287,2.4833102,2.500606,60480,3.3222415,11.9888115,3.7473478
2021-04-12 00:00:00+00:00,3.4201107,2.6879587,2.678718,2.7203977,4.890961,2.9777033,12.579935,3.8259058,2.7091093,3.255522,2.8055148,2.9185536,2.606818,3.4649496,2.787905,2.5557578,2.6770573,2.7232792,2.7193832,2.5603511,2.641343,2.5751245,2.4966588,2.5072942,60480,3.3244298,12.579935,3.717619
2021-04-19 00:00:00+00:00,3.4408321,2.7100031,2.6985083,2.7595952,5.0146847,3.0210118,12.318681,3.678544,2.7691035,3.354477,2.8719492,2.9909253,2.6097662,3.5042596,2.7902687,2.564475,2.6820145,2.7690904,2.7542467,2.5894585,2.6662762,2.5914721,2.514866,2.5233982,60480,3.341163,12.318681,3.6262586
2021-04-26 00:00:00+00:00,3.3810148,2.7276764,2.6967158,2.774456,4.762329,2.904416,10.264178,3.4752338,2.6988597,3.3468537,2.8657885,2.9592216,2.611173,3.4893854,2.7729955,2.5618343,2.6775079,2.7635098,2.7448056,2.5636663,2.6301203,2.5868335,2.5077386,2.5135763,60480,3.2199955,10.264178,3.4851398
2021-05-03 00:00:00+00:00,3.3551133,2.71385,2.6942809,2.7859328,5.21554,2.8821518,10.889945,3.686489,2.682477,3.5633636,2.8948243,2.9902227,2.6044068,3.5969102,2.826822,2.5598643,2.7053564,2.795404,2.8033054,2.5434144,2.6213758,2.601266,2.4975727,2.50669,60480,3.2923574,10.889945,3.6596155
2021-05-10 00:00:00+00:00,2.895556,2.5900261,2.6313064,2.6912751,3.4813507,2.7294533,5.8634644,2.9747138,2.5935988,2.8329387,2.6804981,2.6785617,2.5511227,2.8538196,2.6485355,2.525009,2.5878525,2.6352723,2.6105752,2.5160797,2.5516832,2.5639875,2.4836142,2.4946382,60481,2.8193722,5.8634644,2.9509664
2021-05-17 00:00:00+00:00,2.6509728,2.5461085,2.6446986,2.7658331,2.7038217,2.582247,2.5454452,2.5411847,2.5102785,2.5731702,2.6940517,2.6120906,2.5331411,2.5816538,2.5696075,2.5225573,2.5467916,2.6271472,2.561822,2.4961596,2.5211508,2.5780978,2.4873796,2.5081758,60480,2.5793161,2.7658331,2.681128
2021-05-24 00:00:00+00:00,2.6279614,2.56356,2.645212,2.7345371,2.6721156,2.5788825,2.5452878,2.5401134,2.510727,2.5547948,2.6660788,2.6081011,2.5481098,2.5673385,2.568819,2.535734,2.5580127,2.6189573,2.5509531,2.4972289,2.5257862,2.5850234,2.4917955,2.5212963,60480,2.5756845,2.7345371,2.6598186
2021-05-31 00:00:00+00:00,2.6715164,2.5420957,2.6545663,2.7484555,2.7218351,2.588029,2.5528421,2.541944,2.5132778,2.5818267,2.68758,2.6142592,2.527647,2.5914297,2.5774474,2.514804,2.5521142,2.6351619,2.5665689,2.4972343,2.5205739,2.5840535,2.4867387,2.5002003,60480,2.582175,2.7484555,2.682761
2021-06-07 00:00:00+00:00,2.6567023,2.5528514,2.6556747,2.7482185,2.7084224,2.5851195,2.5517557,2.5428221,2.5168183,2.5740254,2.6830254,2.613266,2.539131,2.581734,2.57646,2.5265474,2.5606337,2.6366537,2.559251,2.4998362,2.5259714,2.5890088,2.4916685,2.51348,53781,2.582878,2.7482185,2.6751285
2021-06-14 00:00:00+00:00,2.6169324,2.536993,2.6137881,2.690402,2.6748998,2.5681105,2.5295842,2.5188603,2.5013652,2.551043,2.6324935,2.5781684,2.5226326,2.555327,2.553281,2.5086458,2.5344987,2.5980334,2.533365,2.48313,2.505402,2.5640352,2.4759462,2.4972668,60433,2.5560086,2.690402,2.6278253
2021-06-21 00:00:00+00:00,2.6526299,2.577967,2.6513846,2.71463,2.707175,2.6029167,2.5690455,2.5597806,2.5381544,2.5890043,2.6630461,2.6166418,2.562986,2.59271,2.592652,2.549433,2.5763035,2.6299703,2.5708973,2.5199578,2.5460632,2.6012733,2.514529,2.5386276,53452,2.5932407,2.71463,2.6599212
2021-06-28 00:00:00+00:00,2.6465263,2.5920196,2.6452398,2.7270918,2.7095656,2.6141984,2.5744543,2.5609467,2.5487025,2.5919068,2.6708324,2.6156304,2.57495,2.5936675,2.5946376,2.5607162,2.578784,2.6355588,2.574299,2.5294743,2.5513651,2.6063833,2.5236917,2.5490856,60480,2.5987387,2.7270918,2.6635406
2021-07-05 00:00:00+00:00,2.6621587,2.5799856,2.6494484,2.7635763,2.7255745,2.6033092,2.5651329,2.5517678,2.537154,2.5969312,2.689622,2.6190534,2.5653553,2.5987833,2.5920181,2.55071,2.5749025,2.646089,2.5734682,2.5176969,2.5417502,2.6047144,2.5112858,2.5381804,60480,2.5982778,2.7635763,2.681383
2021-07-12 00:00:00+00:00,2.64015,2.539214,2.6140125,2.7245948,2.7015445,2.5711744,2.5398037,2.5233088,2.506291,2.571742,2.6606205,2.5825572,2.5256395,2.5737855,2.5614252,2.5119405,2.5374575,2.612621,2.5424538,2.4849193,2.5099778,2.5658686,2.477292,2.500008,60480,2.5657666,2.7245948,2.6544793
2021-07-19 00:00:00+00:00,2.617625,2.5473025,2.6117973,2.715858,2.6800172,2.5645077,2.5279143,2.5154026,2.5003495,2.5551949,2.6502526,2.579901,2.5312443,2.5565047,2.5533688,2.517863,2.538602,2.6038852,2.532958,2.4797704,2.5062337,2.5668519,2.4741323,2.504311,60480,2.5596602,2.715858,2.6404643
2021-07-26 00:00:00+00:00,2.6012754,2.5170681,2.5826144,2.6536665,2.6551416,2.5507007,2.5159233,2.4992352,2.4863348,2.5376832,2.6094377,2.5549517,2.502137,2.5416365,2.5352244,2.489351,2.515314,2.5737524,2.5145202,2.4641607,2.4864998,2.5428958,2.4560065,2.4776099,60480,2.5359643,2.6551416,2.606989
2021-08-02 00:00:00+00:00,2.6449013,2.5391302,2.613813,2.7429712,2.7095091,2.5627666,2.5322948,2.512985,2.4985604,2.565097,2.672801,2.5821567,2.5237951,2.5689845,2.5547428,2.5097468,2.5350237,2.6180205,2.5361278,2.4766462,2.5011973,2.5665517,2.4695435,2.4966133,60480,2.563916,2.7429712,2.664431
2021-08-09 00:00:00+00:00,2.621111,2.5380065,2.6048331,2.6864493,2.6843643,2.5661135,2.5319018,2.5141428,2.5018563,2.5545843,2.6387653,2.5759737,2.5248933,2.557556,2.5508118,2.5108552,2.5351026,2.597286,2.5305278,2.4798503,2.502321,2.5639853,2.4720573,2.4996414,60480,2.5559578,2.6864493,2.633469
2021-08-16 00:00:00+00:00,2.6461132,2.550586,2.625362,2.7179325,2.7056198,2.574838,2.5471175,2.5332167,2.5118856,2.571695,2.6633554,2.5934196,2.5374596,2.5762544,2.5679686,2.5236595,2.5490153,2.6149256,2.5461235,2.4899957,2.5186248,2.576392,2.4835,2.5110853,60480,2.5723393,2.7179325,2.6581826
2021-08-23 00:00:00+00:00,2.6515777,2.5554078,2.6346574,2.7318044,2.708472,2.5796964,2.5509648,2.5350354,2.5166223,2.5755045,2.6768165,2.5996497,2.5404158,2.577159,2.5695977,2.5258038,2.551994,2.6247087,2.5483897,2.4938536,2.5203323,2.5796707,2.4863122,2.512118,60477,2.5769403,2.7318044,2.6692448
2021-08-30 00:00:00+00:00,3.968391,2.6987858,3.1659338,2.5461016,2.610812,2.6429415,3.3041675,3.0285203,2.6063712,2.520892,2.5116947,3.1351933,2.7846406,3.253351,2.5647132,2.788361,2.73385,2.4849367,2.4971542,2.524787,2.6501977,2.4709005,2.4469361,2.5189228,26396,2.7691066,3.968391,3.227126
2021-09-06 00:00:00+00:00,4.671021,2.759607,3.2221792,2.5506446,2.654115,2.681186,3.5949302,3.303503,2.6502628,2.5946803,2.520807,3.26548,2.8977053,3.7598977,2.636525,2.9457319,2.705364,2.4832313,2.5611227,2.559661,2.7418969,2.4687166,2.4653409,2.5641918,60411,2.8857415,4.671021,3.507502
2021-09-13 00:00:00+00:00,4.254863,2.8587396,3.3046079,2.5536633,2.6500294,2.6528656,3.570063,3.3237598,2.5993361,2.5894656,2.5284925,3.1915925,2.9819646,3.4585419,2.6113448,2.9704092,2.6565857,2.495249,2.5700166,2.5481765,2.7024772,2.4842129,2.4761958,2.5442355,60451,2.8573704,4.254863,3.4181073
2021-09-20 00:00:00+00:00,4.7271214,2.8024724,3.583856,2.596429,2.7047265,2.704753,3.6974485,3.370352,2.6570768,2.6818366,2.5745451,3.362131,2.9144082,3.721762,2.7501335,2.9536223,2.7547824,2.5226088,2.6797285,2.593254,2.740951,2.4999838,2.5075128,2.5678928,60466,2.944558,4.7271214,3.6633708
2021-09-27 00:00:00+00:00,4.5652404,2.8494964,3.656684,2.594921,2.6991005,2.7078867,3.7530375,3.3746169,2.6692142,2.657862,2.569627,3.3881645,2.9144123,3.5998683,2.6953995,2.9082317,2.7608626,2.5183797,2.63645,2.602854,2.7377236,2.4956703,2.5049267,2.5746305,60480,2.9348023,4.5652404,3.6396391
2021-10-04 00:00:00+00:00,4.07519,2.9935763,4.2337313,2.6382852,2.6902754,2.6709025,3.5388188,3.0752432,2.6133935,2.6172087,2.5989187,3.479773,2.9542015,3.2454782,2.6399658,2.8477063,2.7488794,2.5237083,2.5988016,2.546266,2.5906131,2.4867435,2.46864,2.511362,49450,2.8911533,4.2337313,3.521105
2021-10-11 00:00:00+00:00,4.7457113,3.1298378,4.0199404,2.5850973,2.609692,2.601522,3.67732,3.3894231,2.5394177,2.5169294,2.5523303,3.7395666,3.175825,3.319576,2.6341128,3.171829,2.9599547,2.499476,2.514721,2.5026767,2.6418765,2.4807172,2.4623654,2.5278783,60480,2.9582417,4.7457113,3.7208927
2021-10-18 00:00:00+00:00,4.4365435,3.0123289,4.0731907,2.5943692,2.6281695,2.6048505,3.5325985,3.1640756,2.5418189,2.5405946,2.5513911,3.4507585,3.0303829,3.1792102,2.6060107,2.9400396,2.7207136,2.489057,2.5388362,2.4979334,2.5840318,2.4658093,2.4487274,2.4932227,60480,2.8801944,4.4365435,3.5080464
2021-10-25 00:00:00+00:00,4.1824317,2.8006904,4.044809,2.575391,2.641047,2.5909245,3.3240223,2.9611475,2.5350642,2.5719087,2.5224228,3.3162096,2.812138,3.1012263,2.5592961,2.6961174,2.6044977,2.4226341,2.5586994,2.4689982,2.5248892,2.3943841,2.389725,2.3941224,60410,2.7913666,4.1824317,3.3216784
2021-11-01 00:00:00+00:00,4.058406,2.9413793,3.8053706,2.577526,2.5846894,2.5327902,3.1939902,2.8967068,2.4722812,2.4873545,2.5036533,3.438208,2.9406931,2.9157329,2.5095181,2.7740297,2.677443,2.4270751,2.4734735,2.4328845,2.487489,2.4088457,2.3918226,2.41156,22554,2.7642887,4.058406,3.3649428
2021-11-08 00:00:00+00:00,4.2056284,2.912973,3.9097047,2.598751,2.6321015,2.5615773,3.4583158,3.0815773,2.5022912,2.5172467,2.5385776,3.4484744,2.96783,3.0604968,2.569192,2.8855262,2.6549177,2.4449248,2.505168,2.4568117,2.5365586,2.4129846,2.3951535,2.4577456,60480,2.8214386,4.2056284,3.4553635
2021-11-15 00:00:00+00:00,3.8977978,2.847591,3.657785,2.7244382,2.6922848,2.6185355,3.591926,3.0931194,2.563461,2.5926175,2.611301,3.0684896,2.8719308,3.0234842,2.5942888,2.764104,2.5458944,2.4961278,2.5640671,2.511228,2.5889359,2.458089,2.4439497,2.4709911,60480,2.8038514,3.8977978,3.442284
2021-11-22 00:00:00+00:00,4.332156,3.2002327,3.7806523,2.4898875,2.5262752,2.4885347,3.67635,3.0214531,2.4245908,2.4224296,2.4406972,3.239911,3.393536,2.8715048,2.4841306,3.0573983,2.5288374,2.3994455,2.4114234,2.3932848,2.4661057,2.3945124,2.3676178,2.4385407,60480,2.802063,4.332156,3.591506
2021-11-29 00:00:00+00:00,4.28039,2.8047538,3.5057235,2.5508437,2.6644025,2.60094,3.7025924,3.087955,2.5665324,2.5721424,2.4967878,3.0691376,2.8561676,3.1698453,2.6167653,2.8041122,2.567233,2.4379108,2.5393133,2.503742,2.5814161,2.419396,2.410404,2.4727323,60480,2.8033848,4.28039,3.40496
2021-12-06 00:00:00+00:00,4.1402154,2.9274867,3.7379832,2.6015863,2.6773179,2.601616,3.5163367,2.9698098,2.5517538,2.5758498,2.5368786,3.225746,3.017481,3.0500445,2.6282663,2.8644314,2.627765,2.469294,2.557887,2.4966261,2.55058,2.4453123,2.4350545,2.4726171,60480,2.819914,4.1402154,3.4291594
2021-12-13 00:00:00+00:00,4.2580237,3.0397577,4.0536222,2.5804174,2.6563702,2.601805,3.5350294,2.9652731,2.5541573,2.558466,2.532122,3.3698466,3.16667,3.032386,2.6176147,2.945668,2.6514149,2.4806583,2.5421247,2.4971533,2.5615826,2.4616683,2.4432042,2.5001323,60480,2.8585489,4.2580237,3.4854746
2021-12-20 00:00:00+00:00,4.7439723,3.12829,4.210832,2.5523329,2.603591,2.5453074,3.9827828,3.174524,2.4908621,2.4983945,2.4960072,3.6827624,3.3444996,3.1577864,2.6138682,3.2086368,2.7654984,2.4535997,2.4872956,2.4607534,2.5687356,2.4458387,2.4232213,2.4964519,60454,2.9389935,4.7439723,3.8927767
2021-12-27 00:00:00+00:00,3.7471774,3.4706738,3.4860232,2.589253,2.6717758,2.6037533,3.8759165,3.1508021,2.553069,2.5763974,2.5381846,3.0056248,3.294162,3.032056,2.6210666,2.921433,2.5340245,2.4705293,2.557473,2.4943821,2.6056995,2.4478858,2.4365404,2.5093756,60480,2.8413866,3.8759165,3.4814184
2022-01-03 00:00:00+00:00,3.4109547,3.4683347,3.620564,2.533995,2.5887706,2.5459967,3.5688558,2.8566349,2.4757998,2.475867,2.4810505,3.1752439,3.440158,2.7624948,2.5049787,2.9825623,2.591572,2.444148,2.451949,2.4411235,2.505362,2.4420066,2.4131975,2.4567332,60456,2.776598,3.620564,3.4598815
2022-01-10 00:00:00+00:00,4.022178,3.1809702,3.5650225,2.561655,2.662193,2.649421,4.382395,3.2870457,2.603111,2.5893404,2.5242565,3.2772799,3.1651545,3.0604537,2.621155,2.9686005,2.6733892,2.4916325,2.5574017,2.5460804,2.6626346,2.4793708,2.4672632,2.5214126,60480,2.8966424,4.382395,3.4816294
2022-01-17 00:00:00+00:00,3.915633,3.4608335,3.9991791,2.4955747,2.5844774,2.5658474,3.9577172,2.9874904,2.5133507,2.50266,2.471906,3.5057387,3.3889942,2.849523,2.55194,2.9465814,2.6808662,2.45053,2.4838688,2.4839644,2.54721,2.4489708,2.4378386,2.4607322,60480,2.8621428,3.9991791,3.7926648
2022-01-24 00:00:00+00:00,4.23055,3.126198,3.6267083,2.566812,2.6753821,2.649204,4.4548597,3.3335621,2.613144,2.6066315,2.5396314,3.2394676,3.1675723,3.0339568,2.5958729,2.962633,2.6264548,2.4885778,2.5598633,2.536009,2.6316938,2.4618065,2.4517508,2.497636,60480,2.9031658,4.4548597,3.5387645
2022-01-31 00:00:00+00:00,3.8811119,3.3955202,3.8184683,2.5674582,2.619791,2.5725663,3.5872934,2.9320307,2.5051749,2.5263417,2.530584,3.31275,3.3235452,2.8789382,2.5437467,2.8870673,2.5952976,2.4809957,2.5057893,2.472989,2.538366,2.4651315,2.440252,2.4703138,60481,2.8271465,3.8811119,3.5297613
2022-02-07 00:00:00+00:00,4.3902345,3.2316523,3.657766,2.6982462,2.7235045,2.6330092,3.8750646,3.2029681,2.564028,2.6088617,2.6334555,3.3005807,3.2541356,3.0579686,2.6205378,2.9714737,2.685234,2.5361521,2.555255,2.5213542,2.600527,2.4896202,2.4675465,2.5124817,48119,2.9079857,4.3902345,3.5506105
2022-02-14 00:00:00+00:00,4.5268073,3.0697422,3.5610693,2.7002368,2.7682548,2.6594222,3.6715958,3.1672873,2.58256,2.6229868,2.6099544,3.2345521,3.1441886,3.0461128,2.5807855,2.8857074,2.573805,2.4999342,2.5583088,2.512611,2.541038,2.461703,2.4431973,2.4687593,34249,2.8704424,4.5268073,3.463114
2022-02-21 00:00:00+00:00,3.7248788,2.9589,3.3680334,2.6445007,2.729547,2.6539931,3.4802659,2.911283,2.5845952,2.6014059,2.58978,3.0228043,2.9467535,2.8549426,2.566042,2.6877186,2.5909114,2.5066364,2.5538678,2.523868,2.5436938,2.485766,2.465109,2.4819276,32958,2.7698843,3.7248788,3.2644646
2022-02-28 00:00:00+00:00,2.7320583,3.083008,2.652131,2.5959282,2.7305086,2.703598,2.9514012,2.6547422,2.6458585,2.5672665,2.5438592,2.5640326,2.7184305,2.615902,2.5060048,2.4997802,2.4798925,2.49042,2.4946187,2.539618,2.5048437,2.4701388,2.4454005,2.4471579,43947,2.6098583,3.083008,2.7315934
2022-03-07 00:00:00+00:00,2.7266755,3.0180886,2.6297424,2.595901,2.7037208,2.7148895,2.981211,2.7589614,2.6807003,2.5852718,2.5543628,2.5818877,2.7575746,2.661795,2.541777,2.5241547,2.5074084,2.510673,2.5178459,2.583931,2.5575845,2.4906027,2.468654,2.4652605,60480,2.6299448,3.0180886,2.7585454
2022-03-14 00:00:00+00:00,2.7005951,3.3237848,2.6164312,2.5489748,2.6602705,2.6672301,2.9763558,2.6747007,2.6314647,2.537421,2.4964697,2.5447907,2.8716478,2.6115084,2.49533,2.500963,2.462086,2.4615083,2.480544,2.5317066,2.4951174,2.4549985,2.4310572,2.430697,60480,2.608569,3.3237848,2.820332
2022-03-21 00:00:00+00:00,2.8349335,3.3494308,2.6486282,2.524227,2.6670449,2.6498692,3.134875,2.803702,2.5970848,2.561201,2.4809606,2.536082,3.2547603,2.715419,2.498193,2.6371987,2.4428613,2.447347,2.493341,2.5189261,2.5103774,2.4419322,2.4245517,2.423895,60480,2.6498685,3.3494308,3.0448925
2022-03-28 00:00:00+00:00,2.6080682,2.7988353,2.537937,2.4987433,2.6192753,2.6379929,2.788175,2.6416616,2.630699,2.51271,2.4804952,2.501891,2.5560057,2.5510979,2.4818344,2.455767,2.4564435,2.4601228,2.4659996,2.5471385,2.4920743,2.458634,2.436415,2.4307568,60480,2.543699,2.7988353,2.640561
2022-04-04 00:00:00+00:00,2.575062,3.0946567,2.5071099,2.4879324,2.6219983,2.6027997,2.7746634,2.5977855,2.5784497,2.4664547,2.4538958,2.4621534,2.6931336,2.5124505,2.458332,2.4651334,2.4272413,2.4281762,2.4351873,2.501573,2.4674277,2.4326167,2.4107132,2.4108162,60480,2.5360734,3.0946567,2.671793
2022-04-11 00:00:00+00:00,2.7278142,3.3970847,2.6352293,2.5696473,2.729567,2.7077913,2.9330542,2.6680558,2.659939,2.5558248,2.5225265,2.5405655,2.861059,2.6309893,2.5022361,2.5157602,2.4654717,2.4766095,2.490377,2.5425177,2.4983552,2.4629154,2.438099,2.4397407,60480,2.6238012,3.3970847,2.8216114
2022-04-18 00:00:00+00:00,2.605184,3.5295815,2.6022491,2.5512033,2.612716,2.5391226,2.7241583,2.5410576,2.4665341,2.4705749,2.5177157,2.527273,3.1084688,2.529921,2.4638133,2.5457337,2.4445708,2.4575207,2.4376364,2.4298465,2.447505,2.4312072,2.4004838,2.4130592,60452,2.5748806,3.5295815,2.6907256
2022-04-25 00:00:00+00:00,2.7148674,3.245064,2.6140354,2.5317383,2.6382818,2.592801,2.9737945,2.6694236,2.5277765,2.5127811,2.4957922,2.5352542,3.1155446,2.631001,2.503195,2.639918,2.456938,2.4550433,2.476674,2.4782722,2.4994597,2.4492757,2.4288387,2.43507,60454,2.6092017,3.245064,2.8961163
2022-05-02 00:00:00+00:00,2.8247654,3.0900388,2.8506455,2.6349435,2.7554362,2.6142447,3.018096,2.66487,2.5290043,2.5473917,2.558741,2.6232502,3.072637,2.6320412,2.512448,2.6972945,2.4822211,2.4960694,2.49738,2.4790316,2.4989016,2.4663706,2.441545,2.461473,60480,2.6437018,3.0900388,2.967861
2022-05-09 00:00:00+00:00,2.9111147,2.7656455,2.9078968,2.632986,2.7705626,2.6457205,2.9948907,2.635361,2.5381799,2.5487921,2.5863056,2.6678565,2.693316,2.641292,2.5121083,2.5647938,2.5048978,2.523023,2.4951446,2.4745798,2.4870956,2.4661565,2.4373763,2.4465537,60480,2.6188188,2.9948907,2.8666966
2022-05-16 00:00:00+00:00,2.7310653,2.6589642,2.799236,2.6912277,2.868773,2.728089,2.6770258,2.5152228,2.5190158,2.5267756,2.586428,2.5701141,2.5520625,2.5409698,2.4933038,2.4764268,2.4803207,2.5261605,2.47443,2.449016,2.4609542,2.4585958,2.4234564,2.4305344,60480,2.568257,2.868773,2.7301724
2022-05-23 00:00:00+00:00,2.8737886,2.644241,2.797755,2.672406,2.9849935,2.7894373,2.7467358,2.6013536,2.5855985,2.571722,2.5846162,2.6147983,2.5817418,2.6385512,2.5178144,2.505838,2.4954143,2.5242312,2.4998837,2.4843194,2.4957619,2.4780962,2.4447448,2.4522817,60480,2.6077552,2.9849935,2.7952597
2022-05-30 00:00:00+00:00,2.9946778,2.7912662,2.9536371,2.7223508,3.0886288,2.6971354,2.8593073,2.6125374,2.5535975,2.583346,2.6133304,2.6636105,2.6880538,2.6613503,2.5143313,2.550748,2.497182,2.52762,2.491795,2.4698853,2.4874008,2.463605,2.432985,2.4455206,60480,2.6401625,3.0886288,2.9253383
2022-06-06 00:00:00+00:00,3.2401912,2.8551204,3.0807772,2.6856306,2.879141,2.7548828,3.186,2.7432883,2.644916,2.6504388,2.6098597,2.7352345,2.7638988,2.763136,2.5375233,2.6116285,2.5170379,2.5285978,2.5480378,2.5249434,2.515597,2.4728432,2.4520755,2.4568174,60479,2.6982338,3.2401912,3.0202863
2022-06-13 00:00:00+00:00,3.2030864,3.2135608,3.576066,2.7106404,2.760707,2.6118274,2.8813462,2.5838943,2.517693,2.5766933,2.6070588,2.9288228,2.9566956,2.7125294,2.5245557,2.721346,2.5373497,2.5060086,2.5110145,2.467886,2.4756365,2.4705281,2.4415686,2.4691348,39126,2.7069023,3.576066,3.1291692
2022-06-20 00:00:00+00:00,3.508642,3.1950672,3.5341208,2.6067855,2.7253609,2.6806693,2.9952013,2.676143,2.5543144,2.583248,2.5526454,2.9974508,3.0469296,2.8253922,2.5591354,2.8323867,2.554586,2.4935358,2.536158,2.4890308,2.4943125,2.4619381,2.442953,2.45658,60480,2.7417743,3.5341208,3.150626
2022-06-27 00:00:00+00:00,3.4937737,3.1318376,3.5599265,2.6411474,2.7872999,2.6794682,2.9538293,2.6405976,2.536349,2.5528467,2.5390463,2.9399762,3.073043,2.7625563,2.5266492,2.8474784,2.5333495,2.476161,2.4902751,2.4657996,2.4711568,2.4589105,2.4318008,2.4687285,60480,2.7275836,3.5599265,3.1141992
2022-07-04 00:00:00+00:00,2.6010334,2.7265568,2.563834,2.545831,2.662393,2.6204088,2.7221954,2.5860991,2.5515285,2.5067098,2.5290723,2.5199828,2.6104465,2.5389013,2.4877038,2.5110273,2.4571688,2.461137,2.4629898,2.4958582,2.4919267,2.4528842,2.43218,2.4352248,59701,2.5405457,2.7265568,2.649798
2022-07-11 00:00:00+00:00,2.6089861,2.8394954,2.5661123,2.5401092,2.6171656,2.6041949,2.6873682,2.6126862,2.55372,2.513493,2.4958544,2.5023837,2.5559216,2.564038,2.4900079,2.466676,2.4444113,2.4525516,2.4701505,2.497539,2.4977531,2.4553995,2.4337611,2.432072,60480,2.537577,2.8394954,2.6158218
2022-07-18 00:00:00+00:00,2.6395524,2.7484891,2.562512,2.5330448,2.6628244,2.666939,2.7909112,2.671446,2.6254015,2.5404563,2.5052853,2.5145392,2.5577416,2.5906405,2.5073934,2.4787893,2.4629588,2.467702,2.4867537,2.540462,2.5165646,2.4644852,2.441358,2.4389336,60480,2.558966,2.7909112,2.670094
2022-07-25 00:00:00+00:00,2.6286137,2.9109297,2.575465,2.543937,2.6517258,2.6426094,2.74228,2.6161468,2.5835483,2.533985,2.5177155,2.5274386,2.5829957,2.5740793,2.5169146,2.4820373,2.4772997,2.485856,2.4952984,2.5180745,2.5061455,2.48123,2.4532335,2.453136,60478,2.5625288,2.9109297,2.6489909
2022-08-01 00:00:00+00:00,2.6159117,3.0949712,2.5647833,2.5374408,2.6443934,2.6623485,2.771428,2.6111848,2.6065767,2.5257735,2.5135937,2.5168796,2.6705356,2.5618298,2.5082228,2.4971557,2.467623,2.4733539,2.4855134,2.526593,2.5111578,2.4705849,2.4494007,2.446289,60266,2.572231,3.0949712,2.6680794
2022-08-08 00:00:00+00:00,2.5977979,3.6346378,2.5740268,2.555548,2.6400862,2.6782174,2.7529511,2.5560832,2.6248848,2.519181,2.5334744,2.5237756,2.8661811,2.5355299,2.501729,2.547149,2.4771962,2.483307,2.4829829,2.5313983,2.4933102,2.4816089,2.4549665,2.4621477,59559,2.6045072,3.6346378,2.730531
2022-08-15 00:00:00+00:00,2.6689246,3.9115787,2.6802936,2.5707848,2.6737912,2.6507463,2.7973788,2.5760078,2.5767994,2.5326412,2.5315874,2.5671477,3.0644045,2.570341,2.5211039,2.6043262,2.4979036,2.4937832,2.4959674,2.5142865,2.5088449,2.4904141,2.4639022,2.47295,60480,2.6431627,3.9115787,2.7622533
2022-08-22 00:00:00+00:00,2.6942465,3.417985,2.7182648,2.5808995,2.659279,2.6278424,2.9226515,2.5829835,2.5507393,2.5159092,2.523292,2.6067939,3.1662107,2.574974,2.5153456,2.7630975,2.496807,2.4803145,2.4824343,2.4954665,2.5008435,2.4781141,2.452133,2.4697266,60480,2.636515,3.417985,2.8747854
2022-08-29 00:00:00+00:00,2.856459,3.3783228,2.9014928,2.6373293,2.748532,2.6419454,3.190004,2.6473298,2.5676172,2.5605836,2.5526073,2.698401,3.0941572,2.6877892,2.5431762,2.8175967,2.515613,2.4893064,2.5114815,2.5016286,2.5100756,2.4746854,2.4498615,2.4874754,60357,2.685978,3.3783228,3.0363579
2022-09-05 00:00:00+00:00,2.9342027,3.3109448,3.1621764,2.5685782,2.6563947,2.574145,3.110303,2.6415796,2.502907,2.5203986,2.5037858,2.77483,3.0750601,2.663512,2.51529,2.7122812,2.4882886,2.4502568,2.486856,2.4634945,2.488996,2.4395516,2.419269,2.4329183,60480,2.6623342,3.3109448,3.09973
2022-09-12 00:00:00+00:00,3.6878524,2.920158,3.3560002,2.6147254,2.735686,2.5938392,3.4537227,3.0078015,2.5245214,2.5996194,2.5486996,2.9834492,2.9093063,3.0194287,2.627,2.90488,2.6034765,2.4635215,2.5450387,2.4834094,2.574494,2.4486592,2.4359071,2.484456,60480,2.771902,3.6878524,3.2550287
2022-09-19 00:00:00+00:00,3.6348476,3.2087245,4.00603,2.640959,2.7208436,2.6108458,3.1100519,2.8463473,2.5391393,2.6220953,2.5833745,3.162413,3.1162264,2.9523697,2.6767004,3.020779,2.6322448,2.5056705,2.5805118,2.5090556,2.5728803,2.4906917,2.4716706,2.5263104,60480,2.8225327,4.00603,3.194831
2022-09-26 00:00:00+00:00,3.8325639,3.0725925,3.8103535,2.5879452,2.6809986,2.6108685,3.1760995,2.9010465,2.554715,2.6068227,2.5581622,3.1806483,3.0608702,3.0043075,2.6611857,3.074125,2.6521864,2.4995496,2.5688064,2.5175815,2.5728302,2.4832196,2.4616694,2.523719,60480,2.8188694,3.8325639,3.1792836
2022-10-03 00:00:00+00:00,3.924803,3.0181146,3.583112,2.648749,2.7712426,2.603915,3.294594,3.0835571,2.5449078,2.6838346,2.5951695,2.8458781,2.9646451,3.0376713,2.6308231,2.859469,2.5172942,2.4978433,2.6058264,2.5134742,2.6291358,2.4713893,2.460786,2.4807425,60480,2.8027909,3.924803,3.231283
2022-10-10 00:00:00+00:00,4.0786963,2.9598677,3.6344228,2.6081777,2.693887,2.6300318,3.3096125,3.1007357,2.572269,2.5895936,2.5795436,3.111481,3.066023,3.1267276,2.6753771,3.191648,2.6238308,2.5151925,2.5530918,2.5240464,2.6353567,2.4899285,2.4678833,2.5630844,60480,2.8458545,4.0786963,3.274223
2022-10-17 00:00:00+00:00,4.064717,2.9415338,3.4533045,2.6675262,2.902387,2.7139106,3.3264813,3.0876577,2.6006167,2.5934181,2.5755558,3.1291,3.0255377,3.14101,2.7054253,3.0949144,2.6485713,2.5194538,2.5461056,2.5384963,2.6501884,2.5012941,2.4796762,2.541046,60432,2.8519971,4.064717,3.27084
2022-10-24 00:00:00+00:00,4.020497,2.98523,3.5154452,2.750331,3.0754635,2.6566753,3.2055821,2.9496415,2.5146542,2.5158606,2.5229328,3.0160186,3.0091684,2.9745152,2.567308,2.9938986,2.5363066,2.465901,2.4690275,2.4647818,2.5469935,2.4654212,2.4368196,2.469541,58719,2.7970006,4.020497,3.1665466
2022-10-31 00:00:00+00:00,4.114272,2.9102545,3.5370026,2.686194,2.9107358,2.776129,3.1960263,2.9516742,2.6126354,2.6497993,2.5682175,3.2863162,2.9650574,3.1106958,2.7444549,3.0953374,2.6932821,2.4934628,2.5740483,2.5282195,2.6022573,2.4764192,2.4531178,2.5102408,53743,2.8519104,4.114272,3.2592292
2022-11-07 00:00:00+00:00,4.412126,3.0580385,3.510463,2.5621166,2.7431734,2.6370747,3.2493596,3.0660443,2.5255036,2.5554216,2.5023336,3.3922126,3.1453881,3.082444,2.714884,3.2419891,2.752804,2.4646325,2.523558,2.484014,2.571184,2.4565504,2.433634,2.5111103,60480,2.8581693,4.412126,3.3493567
2022-11-14 00:00:00+00:00,3.6640236,3.003693,3.5288744,2.6644273,2.7558217,2.6568475,3.275654,3.0358047,2.5665982,2.638023,2.6093218,3.085823,3.0057611,2.9522607,2.7019405,3.0086746,2.6210806,2.536917,2.6051497,2.5381007,2.644138,2.5075321,2.4861023,2.5205352,60480,2.8172123,3.6640236,3.2187047
2022-11-21 00:00:00+00:00,3.9310164,3.1032944,3.7194698,2.629547,2.6866064,2.6038191,3.2371693,2.9833982,2.522634,2.581315,2.5742588,3.3193674,3.1288817,2.9634151,2.7078638,3.0816264,2.721457,2.5128305,2.552929,2.4987183,2.6038413,2.4966798,2.4626565,2.5233078,60481,2.839421,3.9310164,3.294708
2022-11-28 00:00:00+00:00,4.1213245,2.9906304,3.7767282,2.5971873,2.658747,2.5843368,3.2412367,3.0757277,2.5099776,2.571699,2.5543995,3.4115477,3.0694928,3.0027792,2.7118368,3.1449397,2.6970973,2.5006237,2.5684044,2.484112,2.6136367,2.477807,2.44147,2.4896607,42188,2.845642,4.1213245,3.3604543
2022-12-05 00:00:00+00:00,4.116678,3.1189175,3.462531,2.6047986,2.6728942,2.620722,3.267975,3.0737052,2.525052,2.5779734,2.5397732,3.1159532,3.1452115,2.9135783,2.6455188,3.0313191,2.612422,2.481803,2.5434809,2.4876845,2.5907338,2.4704149,2.4374669,2.4840572,60480,2.8141944,4.116678,3.231146
2022-12-12 00:00:00+00:00,3.8873153,3.1008606,3.2771068,2.5301013,2.627909,2.610626,3.274055,3.0305898,2.5041592,2.532232,2.4781053,3.011077,3.1404476,2.8332694,2.599194,2.9874918,2.5741751,2.4362817,2.5035093,2.4589794,2.5828047,2.4332068,2.4107428,2.4504771,60480,2.7614467,3.8873153,3.2339728
2022-12-19 00:00:00+00:00,3.4183886,3.1329696,3.3975968,2.570177,2.646668,2.6021872,3.092901,2.898222,2.5407224,2.55856,2.5255342,2.8887792,2.9960933,2.7979438,2.6055665,2.7648115,2.5429716,2.4727879,2.5281477,2.4885278,2.5995345,2.4590156,2.4347382,2.4587536,60480,2.7259,3.4183886,3.120949
2022-12-26 00:00:00+00:00,3.3453646,3.132999,3.555349,2.5127401,2.6184635,2.5319142,2.9447675,2.7951345,2.4576879,2.452295,2.4592752,2.8893173,3.0332348,2.7041478,2.5234187,2.7479362,2.480956,2.4279087,2.4399672,2.4243026,2.5021563,2.4165657,2.3877215,2.4066777,60191,2.6745958,3.555349,3.1030698
2023-01-02 00:00:00+00:00,3.82986,2.9296203,3.414029,2.5753493,2.7053137,2.5774748,3.137583,2.9793959,2.515398,2.5536456,2.481451,2.9371998,2.9478006,2.9995437,2.6387973,2.799194,2.5079112,2.4187014,2.505523,2.4575317,2.574308,2.4091284,2.3884041,2.4366755,60480,2.7383268,3.82986,3.0961711
2023-01-09 00:00:00+00:00,3.798847,2.849328,3.4408643,2.6108472,2.725839,2.5867355,3.1505697,2.9944193,2.529415,2.5925188,2.5220234,2.989859,2.840755,3.0381193,2.660553,2.7540255,2.520632,2.434947,2.5582209,2.4689078,2.5899475,2.4088368,2.394555,2.433791,49885,2.7456067,3.798847,3.1168346
2023-01-16 00:00:00+00:00,3.5153203,3.1653569,3.5269456,2.5513825,2.7072093,2.5731702,3.1728485,2.9921193,2.5122113,2.561451,2.5117831,3.0094275,3.0858123,2.9173079,2.6281228,2.8130207,2.522868,2.4582229,2.544169,2.472037,2.587234,2.4402957,2.420135,2.4543133,60480,2.7559483,3.5269456,3.170601
2023-01-23 00:00:00+00:00,3.1792896,3.333928,3.7934206,2.5585823,2.7084465,2.5709362,2.9147441,2.7161605,2.5166492,2.579026,2.535754,2.937017,3.1725743,2.7761765,2.610241,2.7056177,2.4922163,2.4728491,2.5551903,2.4761133,2.5215936,2.449025,2.4215667,2.429693,60480,2.7261174,3.7934206,3.177275
2023-01-30 00:00:00+00:00,3.2606783,3.3396566,3.8206227,2.5947332,2.6912699,2.5768993,3.0070035,2.824629,2.521599,2.562866,2.5489445,3.0406592,3.2799816,2.8336437,2.6416628,2.9116018,2.5511463,2.489222,2.5435889,2.4944599,2.5690491,2.4706454,2.4456365,2.5032744,60480,2.7718112,3.8206227,3.2741907
2023-02-06 00:00:00+00:00,3.1782327,3.6887631,3.7325058,2.5074651,2.6124394,2.538068,3.0218666,2.8623717,2.4763954,2.4912071,2.4861677,2.8963523,3.7091281,2.790653,2.5832288,3.0247118,2.4828935,2.4563627,2.4896252,2.4626603,2.5646024,2.4461658,2.423992,2.4673529,60443,2.766384,3.7325058,3.535604
2023-02-13 00:00:00+00:00,3.0994122,3.478799,3.6142614,2.5147972,2.5840464,2.541439,2.9915419,2.8426363,2.4845078,2.5096097,2.5127451,2.9782898,3.3478274,2.8242033,2.6273093,2.7891653,2.521539,2.472893,2.525105,2.471101,2.5940588,2.4577005,2.4274976,2.4576225,60480,2.736171,3.6142614,3.2733028
2023-02-20 00:00:00+00:00,2.966771,3.1571758,3.3018494,2.4818137,2.5553217,2.537845,3.0630789,2.8611085,2.4746602,2.4840708,2.486001,2.929804,3.1842859,2.80212,2.60871,2.735711,2.519524,2.4547427,2.4982598,2.457525,2.5822458,2.4442115,2.4178038,2.4308195,58410,2.6848106,3.3018494,3.1289468
2023-02-27 00:00:00+00:00,2.9899673,3.7190485,3.5037336,2.5346487,2.6188343,2.5783937,3.0029042,2.796883,2.5112996,2.5581625,2.5312276,3.0206077,3.5349216,2.8450937,2.6463096,2.7638986,2.5398757,2.4736476,2.5679893,2.47706,2.549852,2.455229,2.426799,2.4289014,60480,2.7531369,3.7190485,3.358796
2023-03-06 00:00:00+00:00,2.8967717,3.97114,3.4304335,2.5056329,2.5866783,2.5814223,3.0132895,2.850963,2.518951,2.5186574,2.4994214,3.073486,3.7776723,2.766436,2.6190078,2.9403586,2.5776975,2.4707057,2.5295749,2.4919374,2.5888941,2.4689941,2.4541662,2.4689825,60480,2.775053,3.97114,3.3233492
2023-03-13 00:00:00+00:00,2.9207478,3.9865842,3.327916,2.4869666,2.564332,2.5543745,3.1039152,2.9385092,2.4817939,2.481196,2.4858518,2.996509,3.9857204,2.6963277,2.5476747,3.0429208,2.5290923,2.4592304,2.4862013,2.4507122,2.5562968,2.4519954,2.420322,2.4585137,60480,2.767238,3.9865842,3.2607157
2023-03-20 00:00:00+00:00,3.1379821,3.4293077,3.4638526,2.5378242,2.6179495,2.6169508,3.4598742,3.1970263,2.5288491,2.5394177,2.5362365,3.1628137,3.6407754,2.9303694,2.6645503,3.147542,2.6072652,2.4989278,2.5491939,2.5010207,2.6961741,2.4862242,2.4582124,2.5146694,60480,2.8301256,3.6407754,3.450704
2023-03-27 00:00:00+00:00,3.0239823,3.4621572,3.4742749,2.559416,2.6022255,2.5896053,3.1640153,2.9551988,2.5055287,2.529439,2.5490263,3.0409048,3.378386,2.8475301,2.620415,2.846483,2.5668287,2.5031698,2.5301867,2.4781735,2.6053398,2.4845068,2.4456336,2.4913003,60480,2.7605717,3.4742749,3.3140748
2023-04-03 00:00:00+00:00,3.0262308,3.6539714,3.359309,2.5488899,2.6141658,2.6089828,3.0570097,2.8554833,2.515173,2.543829,2.5354636,2.96886,3.4149585,2.840504,2.5935984,2.7615218,2.5148985,2.477949,2.5351014,2.4786172,2.5609891,2.4585834,2.4344773,2.466882,60480,2.7427273,3.6539714,3.268619
2023-04-10 00:00:00+00:00,2.9494216,3.8185093,3.4780412,2.5234628,2.5687675,2.596973,2.8958445,2.7998152,2.4829283,2.4902015,2.5167186,2.9198978,3.4375253,2.7225199,2.5367265,2.758534,2.4913611,2.4760652,2.482679,2.455478,2.5302324,2.454545,2.4256926,2.4511833,60481,2.7192967,3.8185093,3.291094
2023-04-17 00:00:00+00:00,3.0954657,3.8654675,3.3967261,2.4669495,2.5622706,2.5906801,3.018711,2.9165688,2.4798799,2.5002193,2.46722,2.895184,3.665884,2.820174,2.5668192,2.9249203,2.479757,2.4399605,2.4954352,2.4569294,2.5477102,2.4370828,2.419788,2.4542394,60480,2.7485018,3.8654675,3.306348
2023-04-24 00:00:00+00:00,3.1351924,3.6541636,3.4888434,2.5027351,2.557821,2.5720701,3.0352666,2.9259782,2.4823277,2.4901092,2.5326042,3.0731294,3.3648906,2.8674092,2.5953095,2.7986565,2.5381682,2.500802,2.4952435,2.4597707,2.5755987,2.4630086,2.4190931,2.4433584,60456,2.7488146,3.6541636,3.2959812
2023-05-01 00:00:00+00:00,3.417797,3.1722007,3.333333,2.547985,2.629775,2.622051,3.3393552,3.1987035,2.530126,2.5752065,2.5388112,3.112082,3.0967884,3.1240597,2.7011886,2.8170328,2.5418198,2.4789944,2.588335,2.4956372,2.689793,2.4500146,2.4428782,2.4712112,60479,2.7881324,3.417797,3.2929442
2023-05-08 00:00:00+00:00,3.1817877,3.6210353,3.614808,2.5096798,2.544004,2.564563,3.278343,3.0767753,2.4461164,2.4565594,2.491397,3.2437806,3.3590734,2.822258,2.5293872,2.8245182,2.5761585,2.4577408,2.4540288,2.4221644,2.5539544,2.4482818,2.4047072,2.4456923,60364,2.7636173,3.6210353,3.3348544
2023-05-15 00:00:00+00:00,3.5220597,3.60426,3.3860354,2.4579728,2.5555634,2.5883265,3.40118,3.1798346,2.4719017,2.475247,2.458758,3.167907,3.3814626,2.9468772,2.5569587,2.8738725,2.5647402,2.4396055,2.4642205,2.4409037,2.6186464,2.4373207,2.4078517,2.4559731,60480,2.7857285,3.60426,3.3966367
2023-05-22 00:00:00+00:00,3.6724272,3.190264,3.8085308,2.5002823,2.6223264,2.61371,3.1591547,2.9492683,2.524134,2.5365984,2.5142722,3.227844,3.1221085,3.0789554,2.6689403,2.8654902,2.5586839,2.4749634,2.51813,2.4749749,2.551692,2.4453597,2.4127,2.4566972,60480,2.7894795,3.8085308,3.21657
2023-05-29 00:00:00+00:00,3.7431364,2.9826496,3.7727902,2.4691558,2.6278348,2.5984156,2.9738545,2.8199341,2.517256,2.5365655,2.4619632,3.580394,3.0324214,3.032668,2.6503165,2.9738705,2.6497655,2.4315243,2.507705,2.4486098,2.4905505,2.4231925,2.3889222,2.4747446,60480,2.7745101,3.7727902,3.4160762
2023-06-05 00:00:00+00:00,3.5952806,3.2044494,4.3027816,2.408683,2.5211751,2.5340369,2.784394,2.6280453,2.4462814,2.4155974,2.4107654,3.501685,3.3172777,2.7235384,2.4938765,2.9102256,2.534712,2.4004977,2.4000063,2.4013221,2.4267943,2.4039323,2.3694532,2.4102607,60381,2.7310448,4.3027816,3.4463627
2023-06-12 00:00:00+00:00,3.730288,3.13569,3.5976186,2.509402,2.6476417,2.6162927,3.0765142,2.9314756,2.5121458,2.5227182,2.488437,3.2276073,3.1245396,2.7783086,2.5601976,2.8726218,2.5798802,2.4587755,2.4861326,2.4504318,2.5213308,2.4429898,2.4030268,2.444665,54157,2.754947,3.730288,3.200032
2023-06-19 00:00:00+00:00,4.1685777,3.213935,4.116112,2.4827318,2.5998979,2.5823205,3.210164,3.18856,2.4973662,2.4746044,2.4526522,3.3197823,3.319156,2.8970568,2.5377104,3.0742948,2.558972,2.4249084,2.4535062,2.4392517,2.549888,2.422676,2.3881767,2.4598815,44193,2.826341,4.1685777,3.3195944
2023-06-26 00:00:00+00:00,3.8217735,3.1081586,3.7113605,2.4952018,2.5950286,2.5792608,3.1466928,3.0529528,2.4975536,2.4759135,2.4901738,3.1050727,3.1114447,2.8164425,2.522662,2.8320296,2.5420008,2.4624803,2.4690585,2.4447968,2.5428934,2.4415865,2.4078846,2.4365423,60448,2.7545402,3.8217735,3.1361184
2023-07-03 00:00:00+00:00,3.6233165,3.1110535,3.895852,2.4726505,2.61024,2.5996368,2.9255483,2.7873864,2.5171256,2.492597,2.465856,3.08261,3.0921826,2.7623677,2.5178514,2.7534502,2.5436587,2.444611,2.466931,2.456166,2.4822938,2.436147,2.4045262,2.4255369,60480,2.723733,3.895852,3.1053922
2023-07-10 00:00:00+00:00,3.721939,3.0696194,3.6240165,2.539844,2.639348,2.617963,3.0536807,2.9502237,2.5269847,2.525982,2.5313468,3.1387978,3.0268254,2.8315048,2.565264,2.8558695,2.6087904,2.5001957,2.509,2.4764113,2.5165539,2.4764469,2.4387274,2.4778051,59959,2.7592976,3.721939,3.1180444
2023-07-17 00:00:00+00:00,3.760003,3.2148495,3.6765568,2.5347655,2.605693,2.570065,2.934257,2.807737,2.474782,2.492671,2.506722,3.1014044,3.1892178,2.755582,2.5128357,2.848935,2.5432017,2.4708002,2.466904,2.4433148,2.4630072,2.4496782,2.4195035,2.4581432,48081,2.7375262,3.760003,3.20716
2023-07-24 00:00:00+00:00,3.981522,3.316989,3.5986655,2.4689214,2.5779743,2.5883749,3.21238,3.1289032,2.518814,2.4924357,2.455914,3.1717691,3.2580154,2.9193661,2.5381236,3.0437863,2.5806694,2.4290195,2.47228,2.459543,2.502221,2.4290116,2.4120984,2.469422,36575,2.792759,3.981522,3.2992969
2023-07-31 00:00:00+00:00,3.6171682,3.3337429,3.8888958,2.5119905,2.6372316,2.576457,2.8829455,2.7440393,2.4962432,2.558213,2.5017607,3.014992,3.2347493,2.8108377,2.5762706,2.7412426,2.5591133,2.467655,2.5321074,2.461152,2.4774637,2.4610202,2.4339185,2.4480772,60436,2.748637,3.8888958,3.3040447
2023-08-07 00:00:00+00:00,3.88789,3.1874418,3.6098263,2.498509,2.6177013,2.5867581,2.9966276,2.903109,2.5087833,2.5386112,2.506699,3.096194,3.1047719,2.908187,2.5739477,2.8646967,2.5944073,2.4878516,2.5104704,2.4624887,2.4752743,2.4593914,2.4225855,2.4638462,60392,2.7610865,3.88789,3.1626408
2023-08-14 00:00:00+00:00,4.133168,3.1778097,3.4824967,2.506832,2.6374958,2.6345887,3.121884,2.9970224,2.554764,2.5499403,2.5091035,2.9967325,3.0306094,2.976637,2.6179767,2.7911808,2.5886474,2.4871855,2.516468,2.4885678,2.503128,2.4702199,2.434147,2.4686198,60470,2.7781343,4.133168,3.161032
2023-08-21 00:00:00+00:00,4.3621464,3.19765,3.454261,2.5937781,2.777502,2.7348318,3.0016565,2.8922882,2.5565882,2.6130822,2.5429826,2.9972644,3.0713325,2.954707,2.632349,2.7942338,2.6024818,2.5010667,2.5478625,2.490828,2.5014963,2.4797149,2.4453835,2.4951901,60480,2.8016949,4.3621464,3.1597548
2023-08-28 00:00:00+00:00,3.617489,2.9717517,3.0392468,2.5848062,2.893456,2.927448,2.895621,2.704397,2.5697205,2.5861762,2.5128338,2.7899733,2.8319662,2.7209144,2.5118525,2.5749326,2.5091658,2.4744768,2.4796827,2.4614666,2.4817257,2.4649527,2.430881,2.4448419,60480,2.6866572,3.617489,2.9584606
2023-09-04 00:00:00+00:00,3.402595,2.8505037,2.9673219,2.6621845,2.9614358,2.9188817,2.9045978,2.7157598,2.6017523,2.6358502,2.5601645,2.7330713,2.7771285,2.7474844,2.5266476,2.5771804,2.5037315,2.4826102,2.4930816,2.4765372,2.499071,2.469371,2.4355967,2.4481802,60480,2.6812809,3.402595,2.9486694
2023-09-11 00:00:00+00:00,2.909912,2.6721535,2.877695,2.7924488,3.0517325,2.7542617,2.6737225,2.575021,2.5463276,2.5854583,2.6316268,2.6882665,2.623198,2.6436589,2.5283713,2.5269575,2.5123935,2.532754,2.4940877,2.4696035,2.4943464,2.4788618,2.4424665,2.453419,60428,2.6232812,3.0517325,2.852121
2023-09-18 00:00:00+00:00,2.8555396,2.6235132,2.7538755,2.664025,3.154853,2.7729757,2.6893666,2.573328,2.5604863,2.5695796,2.5739293,2.6381624,2.583832,2.6299756,2.5208704,2.5088289,2.5010824,2.513745,2.491446,2.477486,2.4967687,2.4855444,2.4492507,2.4572117,60480,2.6060698,3.154853,2.7672455
2023-09-25 00:00:00+00:00,2.7206445,2.5510032,2.733078,2.6182997,2.941007,2.699772,2.5947573,2.4917445,2.5136256,2.525234,2.5226443,2.5579348,2.5175405,2.5276458,2.4828384,2.4599798,2.4584053,2.4778302,2.4640849,2.4466813,2.4545736,2.4624693,2.4261427,2.4297407,60023,2.5449033,2.941007,2.7143826
2023-10-02 00:00:00+00:00,2.8036497,2.5930393,2.7465699,2.5859284,2.9314017,2.6278825,2.6235805,2.5042481,2.4797475,2.5035837,2.516009,2.5735672,2.5510912,2.5450697,2.4768288,2.4702826,2.4545631,2.4679222,2.4498231,2.434688,2.4516795,2.4545653,2.4217367,2.4287407,60480,2.545675,2.9314017,2.7109637
2023-10-09 00:00:00+00:00,2.6616368,2.517334,2.6098015,2.5560935,2.840946,2.6293151,2.58253,2.4688387,2.4731336,2.4840639,2.4931488,2.5041275,2.4766934,2.4965153,2.456291,2.4368033,2.4337964,2.446087,2.43548,2.4237561,2.4330063,2.4401333,2.4115388,2.414536,60480,2.5052335,2.840946,2.623461
2023-10-16 00:00:00+00:00,2.7534168,2.5715942,2.7095063,2.6555784,2.9402752,2.6474319,2.6131206,2.512864,2.4948547,2.515132,2.5352032,2.5577178,2.5311933,2.5471494,2.487097,2.4718316,2.4627469,2.472227,2.4616437,2.4512253,2.4647572,2.4694421,2.4401634,2.4435217,58596,2.5504038,2.9402752,2.693328
2023-10-23 00:00:00+00:00,2.7582433,2.615368,2.7640932,2.6822474,2.9525805,2.7133033,2.6756997,2.547078,2.5399563,2.5702648,2.5798337,2.618993,2.5850635,2.59896,2.5236926,2.5160677,2.5003734,2.5081606,2.4951487,2.4826677,2.4958322,2.5063639,2.4728513,2.479103,60480,2.5909145,2.9525805,2.7447612
2023-10-30 00:00:00+00:00,2.7629206,2.5995014,2.7671845,2.6913204,2.980223,2.6367304,2.6158886,2.5019937,2.4811664,2.512223,2.5328157,2.5544226,2.5428185,2.5549266,2.484131,2.4714258,2.4587,2.4671006,2.4573119,2.4454978,2.457812,2.4668677,2.4371324,2.4397535,60480,2.5549943,2.980223,2.7414405
2023-11-06 00:00:00+00:00,2.7047338,2.5349224,2.6585603,2.5918145,2.8564665,2.709661,2.6276965,2.5201004,2.5169678,2.5287678,2.5206852,2.544717,2.5012538,2.5552332,2.485,2.462853,2.45669,2.4691815,2.4626298,2.4518628,2.4620094,2.4622178,2.4335532,2.4371479,59161,2.5397804,2.8564665,2.6908817
2023-11-13 00:00:00+00:00,2.8183677,2.6277184,2.7282205,2.5934148,2.8635495,2.6832278,2.682946,2.5571969,2.5171723,2.5284746,2.527064,2.564841,2.5719523,2.6133785,2.5035102,2.4959955,2.4728866,2.4840965,2.4808776,2.4734993,2.4838278,2.4848838,2.4588673,2.4620826,60167,2.5699186,2.8635495,2.7147226
2023-11-20 00:00:00+00:00,2.7605944,2.5686808,2.7071087,2.5913072,2.8967438,2.6596694,2.6436796,2.5400207,2.5110486,2.5226746,2.5296001,2.558722,2.528204,2.5666194,2.4946759,2.4790485,2.469527,2.4849832,2.4736018,2.4640093,2.4757285,2.4819865,2.4506843,2.4545183,57137,2.5547266,2.8967438,2.6928768
2023-11-27 00:00:00+00:00,,,,,,,,,,,,,,,,,,,,,,,,,0,,,
2023-12-04 00:00:00+00:00,,,,,,,,,,,,,,,,,,,,,,,,,0,,,
2023-12-11 00:00:00+00:00,2.67842,2.5961435,2.6537445,2.5811152,2.8338962,2.6623957,2.6045802,2.4834256,2.4765759,2.4830897,2.491405,2.491107,2.4942915,2.503387,2.4686284,2.4470544,2.4418619,2.4553645,2.4494245,2.441311,2.4490354,2.457006,2.4285862,2.4310927,25767,2.520956,2.8338962,2.6598003
2023-12-18 00:00:00+00:00,2.7026052,2.6069226,2.6971643,2.6223807,2.948506,2.6996665,2.6158342,2.5123985,2.510832,2.5284042,2.5310168,2.5535347,2.5238392,2.557767,2.4892418,2.4677227,2.4619057,2.4748561,2.466809,2.4552138,2.4647164,2.4665468,2.4377775,2.440207,60480,2.5514944,2.948506,2.698916
2023-12-25 00:00:00+00:00,2.6882367,2.575425,2.700974,2.617406,2.9297688,2.6506276,2.5834775,2.479365,2.47856,2.4876704,2.4984043,2.5137374,2.497355,2.5098796,2.4676113,2.4462924,2.440958,2.4513102,2.4449933,2.4370484,2.4457731,2.452627,2.4235177,2.4268413,60480,2.526994,2.9297688,2.676954
2024-01-01 00:00:00+00:00,2.6611485,2.524572,2.6306021,2.6109676,2.9630275,2.6914668,2.5886443,2.488433,2.4964094,2.5064287,2.5107594,2.5139782,2.4775825,2.5187685,2.464548,2.4399822,2.4381883,2.4551287,2.446032,2.4342506,2.4410625,2.4491765,2.417286,2.4201472,60480,2.5245245,2.9630275,2.6519847
2024-01-08 00:00:00+00:00,2.6150885,2.5261652,2.609628,2.5682006,2.8033702,2.6151075,2.5534618,2.4620275,2.46518,2.4661882,2.4853518,2.4863377,2.469182,2.4774733,2.4559643,2.4337957,2.431104,2.445431,2.4363217,2.4291186,2.4358153,2.4433298,2.4145498,2.4162116,60480,2.4976835,2.8033702,2.6134503
2024-01-15 00:00:00+00:00,2.597875,2.5247357,2.6221309,2.5687685,2.7468483,2.6235092,2.5627291,2.472674,2.479624,2.4818912,2.5000813,2.497543,2.4777346,2.48831,2.4647746,2.4438984,2.4408274,2.4550753,2.445124,2.4372108,2.4446082,2.452739,2.4226277,2.4257972,60480,2.5032141,2.7468483,2.614854
2024-01-22 00:00:00+00:00,2.6009207,2.5405874,2.6584244,2.5508714,2.7167945,2.5675786,2.5360682,2.4592102,2.4597733,2.4620354,2.4871244,2.486109,2.4783652,2.4670584,2.4597852,2.4379625,2.4348059,2.4498498,2.4404135,2.4314663,2.4393692,2.4512634,2.4216588,2.420869,57955,2.4940984,2.7167945,2.590918
2024-01-29 00:00:00+00:00,2.5443938,2.4810486,2.568383,2.5290878,2.6262429,2.573808,2.5268462,2.4400022,2.4476595,2.4531395,2.4786117,2.462107,2.442996,2.4485965,2.4411714,2.4171293,2.4163668,2.432976,2.421469,2.412105,2.4196708,2.4288232,2.400131,2.4023757,60480,2.4672976,2.6262429,2.5611863
2024-02-05 00:00:00+00:00,2.5304859,2.4606285,2.6072893,2.4795918,2.6077192,2.545401,2.4680657,2.3990822,2.4090974,2.4082372,2.424813,2.429068,2.411087,2.403831,2.4091,2.3842907,2.384256,2.3988776,2.39077,2.381393,2.3885524,2.4017153,2.3692627,2.3732846,60470,2.4360793,2.6077192,2.5409265
2024-02-12 00:00:00+00:00,2.5703745,2.491527,2.6251867,2.5307593,2.6357265,2.56483,2.5092223,2.4366095,2.4404645,2.4430397,2.4652674,2.4695275,2.4482286,2.4452982,2.4401722,2.4193077,2.41466,2.4293404,2.4183927,2.4094353,2.4179492,2.4292977,2.3980758,2.402449,60431,2.4689643,2.6357265,2.5687113
2024-02-19 00:00:00+00:00,2.5633564,2.480275,2.6410885,2.5336163,2.7152,2.5542023,2.4868116,2.4228542,2.427155,2.4271472,2.444517,2.4505713,2.4365366,2.42981,2.428274,2.4071553,2.4031513,2.4174428,2.4077547,2.3992648,2.407755,2.419169,2.3882365,2.3922296,59267,2.4618156,2.7152,2.5606103
2024-02-26 00:00:00+00:00,2.6072564,2.5153365,2.6452143,2.5621603,2.7606852,2.5902605,2.5406265,2.4512336,2.4471774,2.451455,2.4778328,2.487021,2.468711,2.4641001,2.4481585,2.4330568,2.424767,2.4383724,2.4261684,2.4162517,2.4260542,2.441125,2.4099195,2.4138193,60480,2.4894485,2.7606852,2.6021576
2024-03-04 00:00:00+00:00,2.5566368,2.5306852,2.5720649,2.5601556,2.702494,2.6049132,2.532866,2.4621482,2.4702718,2.4727163,2.4915764,2.478058,2.466303,2.4696596,2.4687922,2.4431117,2.4435916,2.4585366,2.4502594,2.4397316,2.4482145,2.4603622,2.4297779,2.4328089,60480,2.4935725,2.702494,2.5684922
2024-03-11 00:00:00+00:00,2.537043,2.4931521,2.5534365,2.524339,2.683482,2.5858755,2.5140364,2.4358463,2.4502785,2.4542344,2.4626682,2.447864,2.433962,2.444011,2.43764,2.4104123,2.4110086,2.4294558,2.4213347,2.4112375,2.417221,2.4287596,2.399427,2.4016,60480,2.4661803,2.683482,2.5485184
2024-03-18 00:00:00+00:00,2.606618,2.5504131,2.5912604,2.5944626,2.799116,2.6342764,2.5741656,2.4858792,2.4944756,2.5007918,2.5191267,2.5031214,2.488786,2.495946,2.480568,2.4548616,2.4549267,2.4743662,2.4625332,2.4518342,2.459851,2.4651825,2.4372652,2.4386575,60480,2.5174367,2.799116,2.6029713
2024-03-25 00:00:00+00:00,2.5828323,2.542315,2.589991,2.5706036,2.795646,2.560463,2.546875,2.4638922,2.4585602,2.4678311,2.488714,2.4818373,2.4742951,2.4717996,2.4619663,2.440732,2.4378242,2.4549959,2.443069,2.4315634,2.441924,2.4532855,2.4220963,2.4239404,60480,2.4961271,2.795646,2.5791638
2024-04-01 00:00:00+00:00,2.5739164,2.5307255,2.5641391,2.5598183,2.7756734,2.605298,2.5460541,2.463418,2.4729369,2.4761214,2.4884596,2.4795802,2.464342,2.471325,2.4626286,2.4369829,2.4371865,2.452697,2.4447865,2.4348385,2.4427483,2.4499714,2.4208717,2.4232614,43153,2.4949076,2.7756734,2.5709832
2024-04-08 00:00:00+00:00,2.6375747,2.5565403,2.613746,2.6139061,2.871223,2.696539,2.5947795,2.495986,2.4953027,2.4952686,2.516356,2.5219965,2.4958649,2.5074902,2.486227,2.4638615,2.4612234,2.4742966,2.463253,2.4538822,2.4650216,2.4755573,2.4462364,2.4488907,59052,2.5312927,2.871223,2.630474
2024-04-15 00:00:00+00:00,2.631641,2.533154,2.597585,2.622905,2.9280128,2.7097814,2.5851877,2.5096457,2.5251195,2.5284622,2.537987,2.5255423,2.4924614,2.523418,2.502581,2.4743085,2.4755216,2.4955263,2.48413,2.4764705,2.4822614,2.489453,2.4606874,2.4628408,60480,2.543945,2.9280128,2.6290202
2024-04-22 00:00:00+00:00,2.6675093,2.578909,2.6520278,2.6303775,2.923439,2.6763406,2.6023808,2.5059602,2.504277,2.5055447,2.5247517,2.5380023,2.5083249,2.5165415,2.4978573,2.4750736,2.473909,2.488723,2.4786398,2.4690216,2.478529,2.488586,2.4566824,2.4598603,60480,2.545886,2.923439,2.662865
2024-04-29 00:00:00+00:00,2.6618454,2.5736334,2.639665,2.623526,2.9026089,2.666536,2.593855,2.4928176,2.4934628,2.5038917,2.5210383,2.526769,2.4997127,2.5076463,2.4833715,2.4612153,2.4602916,2.4771512,2.4659817,2.4530392,2.4634936,2.4730935,2.439746,2.444049,60441,2.5345185,2.9026089,2.6551912
2024-05-06 00:00:00+00:00,2.6798985,2.585511,2.6558545,2.6341066,2.9376714,2.6670184,2.6064787,2.5201046,2.5186598,2.5257945,2.5441818,2.5556567,2.5233102,2.5302854,2.5163646,2.4930513,2.4936557,2.5085309,2.498013,2.4888215,2.4975991,2.5088065,2.477004,2.4794502,55382,2.5602427,2.9376714,2.663669
2024-05-13 00:00:00+00:00,2.710397,2.607902,2.7128928,2.6493347,3.0654588,2.679041,2.6371167,2.5095913,2.4946177,2.5078433,2.5420063,2.5769918,2.5294383,2.5352561,2.4966972,2.4804003,2.476903,2.4876244,2.4732485,2.4620414,2.4743319,2.4846158,2.4534628,2.457201,60480,2.562684,3.0654588,2.7009902
2024-05-20 00:00:00+00:00,2.7276855,2.620889,2.7564101,2.6781077,2.988642,2.7245724,2.6545882,2.5281436,2.5305488,2.5374947,2.5665548,2.5930293,2.5517004,2.5521452,2.5162635,2.498803,2.4953017,2.5103347,2.4977317,2.4862072,2.4944026,2.5010562,2.4696608,2.4732535,60480,2.581397,2.988642,2.7267516
2024-05-27 00:00:00+00:00,2.738193,2.6032882,2.7128642,2.6408508,2.9680576,2.6864944,2.6237195,2.515469,2.5058565,2.5127428,2.5432255,2.585968,2.5359645,2.5469584,2.5063012,2.4874048,2.4861171,2.4983923,2.482063,2.471496,2.4847474,2.4893684,2.4571178,2.4634545,51136,2.5644214,2.9680576,2.7049532
2024-06-03 00:00:00+00:00,2.7070193,2.5702734,2.6698823,2.6401882,2.872808,2.6874745,2.5871866,2.5121355,2.5174732,2.5218163,2.5440135,2.565178,2.519917,2.5414715,2.5101323,2.4849439,2.48666,2.5063558,2.4895658,2.4762454,2.487804,2.493588,2.4584975,2.464099,60480,2.5547802,2.872808,2.6821969
2024-06-10 00:00:00+00:00,2.7286694,2.6068158,2.7000275,2.6616917,2.8972476,2.6860952,2.6112797,2.5180182,2.5120115,2.5253131,2.564555,2.58311,2.5484726,2.5609741,2.5099843,2.4912348,2.4907994,2.5192564,2.4890804,2.4707842,2.483499,2.4873004,2.449863,2.4551542,60480,2.564635,2.8972476,2.6958477
2024-06-17 00:00:00+00:00,2.6913505,2.5894804,2.6918788,2.6527054,2.8890533,2.6421318,2.5965803,2.5095153,2.5040762,2.5128767,2.547542,2.564468,2.5270357,2.5378044,2.5089233,2.4868789,2.4877372,2.509441,2.4872744,2.4734309,2.4857688,2.4915483,2.4579291,2.4636867,60258,2.5545466,2.8890533,2.6797569
2024-06-24 00:00:00+00:00,2.6540444,2.5391002,2.6202626,2.5823898,2.8489077,2.6139762,2.5537772,2.470756,2.4641445,2.4752204,2.4911447,2.515827,2.4843993,2.5044186,2.4671621,2.4442508,2.442624,2.4591098,2.4450743,2.4348953,2.4452436,2.450746,2.422077,2.425148,60480,2.5106125,2.8489077,2.6183767
2024-07-01 00:00:00+00:00,2.6285584,2.5461147,2.6397233,2.5881014,2.8345444,2.6113927,2.538204,2.4702346,2.4672692,2.4751437,2.4941654,2.5175836,2.4865167,2.497094,2.473111,2.4494696,2.4488575,2.4654973,2.451236,2.4400184,2.4510965,2.4596627,2.4267783,2.4315243,40552,2.5121624,2.8345444,2.6234088
2024-07-08 00:00:00+00:00,2.6619864,2.5877566,2.6663077,2.6278493,2.8052125,2.68733,2.5830274,2.510148,2.5207028,2.5185287,2.5387447,2.5484624,2.5296545,2.5373857,2.5109916,2.4878924,2.4858084,2.5068429,2.4904332,2.4802427,2.4899006,2.493501,2.4621093,2.466334,60424,2.5498812,2.8052125,2.6650114
2024-07-15 00:00:00+00:00,2.687835,2.5818014,2.6626976,2.6377313,2.849796,2.72768,2.594385,2.5181983,2.5249064,2.5181556,2.5363996,2.5538344,2.5292668,2.5453649,2.5122256,2.4900327,2.486917,2.5064538,2.489021,2.4770002,2.49088,2.4916341,2.4601104,2.4662635,60480,2.5557747,2.849796,2.6802938
2024-07-22 00:00:00+00:00,2.7066028,2.5954363,2.6806245,2.64375,2.8661017,2.747694,2.5983193,2.5170155,2.5216284,2.517432,2.5418057,2.5605774,2.5430558,2.5565646,2.5093844,2.4903321,2.486012,2.505352,2.4848475,2.4710307,2.4843144,2.4871776,2.4550102,2.460332,60480,2.5596,2.8661017,2.6988094
2024-07-29 00:00:00+00:00,2.6888995,2.681555,2.7868853,2.6691794,2.8016567,2.7176924,2.6067505,2.5171497,2.5219474,2.5212197,2.550894,2.5585618,2.579061,2.5418878,2.5179403,2.499751,2.4946408,2.5112848,2.495964,2.4820619,2.4932413,2.4995663,2.4674978,2.4720361,60480,2.5698888,2.8016567,2.7090545
2024-08-05 00:00:00+00:00,2.6730716,2.659819,2.7703571,2.6703367,2.7383933,2.7977836,2.6937287,2.5291352,2.5505702,2.5319278,2.571225,2.5763211,2.5856736,2.5530937,2.5214481,2.5097146,2.4964728,2.5222237,2.4992964,2.4822865,2.4953594,2.4907503,2.4592316,2.4652624,60418,2.5768118,2.7977836,2.724994
2024-08-12 00:00:00+00:00,2.934499,2.9318876,2.911539,2.8445425,3.037545,5.1412616,2.9478366,2.9377089,4.148684,2.8738325,2.7648535,2.8251646,2.818798,2.8761296,2.874754,2.8154,2.7662492,2.7231185,2.8383725,3.1043706,2.9815776,2.7104368,2.8817644,2.7943134,60421,3.0201933,5.1412616,3.084323
2024-08-19 00:00:00+00:00,2.9825058,2.9489563,2.9437451,2.865587,3.0758605,5.143526,2.9930065,2.979186,6.1303344,2.8932395,2.7823546,2.8420725,2.818749,2.8997605,2.8846781,2.8062325,2.7743835,2.7234588,2.8190804,3.1508212,3.0130062,2.7046542,2.9099188,2.8017673,60480,3.120287,6.1303344,3.128333
2024-08-26 00:00:00+00:00,2.9691103,2.9814305,2.9326572,2.863399,3.060238,5.5524173,3.003368,2.9674199,6.685003,2.8764102,2.7691426,2.8363082,2.8335664,2.8882275,2.872479,2.8121712,2.7754576,2.7158701,2.8087378,3.376544,2.9964252,2.7042,2.882675,2.7913687,51279,3.164776,6.685003,3.2816522
2024-09-02 00:00:00+00:00,3.0138624,3.0218503,2.9741046,2.9052677,3.1197212,4.4033365,3.0421572,3.0350761,4.3033304,2.9312446,2.8139157,2.8903296,2.8979068,2.9571495,2.9440622,2.870504,2.8253887,2.7563176,2.8595734,3.4977257,3.0769005,2.7436197,2.9067159,2.8311338,60480,3.0675497,4.4033365,3.3843243
2024-09-09 00:00:00+00:00,3.009076,3.0443113,2.98356,2.9102874,3.1199386,4.3923144,3.0305722,3.0109003,4.553563,2.928454,2.8184247,2.8944077,2.9047813,2.9467359,2.9168925,2.8674452,2.822857,2.7609334,2.8490894,3.2401755,3.0110111,2.7425053,2.8428044,2.7992864,60480,3.058347,4.553563,3.2041044
2024-09-16 00:00:00+00:00,3.0236447,2.9723,2.966309,2.923534,3.1646209,3.7401333,3.0596943,3.0674508,3.8596113,2.9562302,2.8310018,2.8991709,2.879758,2.96216,2.952374,2.8883924,2.8424838,2.7778893,2.8800979,3.0518973,3.0985062,2.7742448,2.9093394,2.8736806,52447,3.0147717,3.8596113,3.1447864
2024-09-23 00:00:00+00:00,2.9952521,2.9684436,2.938883,2.8825,3.1059666,3.5298123,3.0362833,3.020557,3.2766333,2.9155433,2.8001885,2.8621726,2.8568237,2.9264715,2.9070292,2.8541787,2.7938962,2.7475333,2.853183,3.0317612,3.0327904,2.7448313,2.9022968,2.8540876,60481,2.9515464,3.5298123,3.0850616
2024-09-30 00:00:00+00:00,3.0238483,3.0781476,2.9893885,2.9310153,3.1589203,3.4643135,3.0741968,2.9921036,3.1562095,2.9034917,2.8082652,2.8828523,2.8492491,2.9287546,2.8564663,2.8288012,2.788919,2.7287607,2.7987037,2.9445505,2.9131765,2.71214,2.769266,2.751767,60215,2.9305544,3.4643135,3.132791
2024-10-07 00:00:00+00:00,2.98643,2.99142,2.9436677,2.864783,3.100949,3.308798,3.023488,2.9880018,3.1129138,2.8796358,2.7813077,2.855898,2.8507192,2.9007013,2.8560712,2.8446717,2.7768614,2.719111,2.806451,2.9765673,2.9592764,2.7150917,2.8780558,2.8316412,60460,2.914688,3.308798,3.0777106
2024-10-14 00:00:00+00:00,2.9829137,3.007808,2.9520564,2.8664572,3.0970783,3.3376663,3.010106,2.9763088,3.097682,2.8790238,2.7803547,2.853944,2.847507,2.901326,2.830782,2.8159273,2.7591085,2.7181704,2.7903733,2.9352114,2.8997614,2.7127316,2.8026915,2.765916,60433,2.9008713,3.3376663,3.0709867
2024-10-21 00:00:00+00:00,2.9942741,3.000944,2.9655225,2.8813217,3.1401503,3.3385363,3.0068843,2.9820569,3.0911074,2.9136271,2.7927618,2.8677604,2.8352082,2.927094,2.851606,2.8147671,2.7718613,2.7306783,2.8122683,2.9364789,2.9199364,2.7132063,2.777576,2.768407,60480,2.9097512,3.3385363,3.0658405
2024-10-28 00:00:00+00:00,3.0718138,3.1224577,3.0205612,2.9395092,3.1962705,3.4596431,3.1212494,3.0665877,3.1338499,2.9682806,2.836305,2.924446,2.890586,3.0057151,2.883508,2.829166,2.807459,2.7641149,2.8421066,2.955413,2.9401066,2.7341845,2.7673814,2.7521942,60356,2.9597044,3.4596431,3.1304321
2024-11-04 00:00:00+00:00,2.9764771,3.025322,2.9366832,2.8690653,3.0842128,3.2484324,2.996821,2.9697242,3.061547,2.894616,2.786018,2.8639424,2.8599496,2.9195688,2.866137,2.8274486,2.7744977,2.728894,2.8224363,2.9808223,2.9501367,2.7251074,2.8908734,2.8282115,60480,2.911956,3.2484324,3.0506794
2024-11-11 00:00:00+00:00,3.0075648,3.0359564,2.9662461,2.888676,3.1072137,3.230516,3.0429566,2.9790864,3.045885,2.8912585,2.7945032,2.8754764,2.8545175,2.935467,2.8486447,2.8043933,2.767436,2.7275405,2.8011281,2.9384327,2.9128885,2.71072,2.8058796,2.7670312,60480,2.9058087,3.230516,3.0450065
2024-11-18 00:00:00+00:00,2.897724,2.968098,2.8747668,2.799549,2.9828105,3.0890636,2.9302402,2.8807104,2.9587364,2.7941732,2.7144186,2.796536,2.7803605,2.8385177,2.7721963,2.7250907,2.6933346,2.6535654,2.7227664,2.879357,2.8371017,2.6393414,2.7508123,2.689972,60480,2.8195522,3.0890636,2.9652896
2024-11-25 00:00:00+00:00,2.9095097,3.0129483,2.894497,2.8159091,3.002623,3.1045766,2.9487727,2.885981,2.9605474,2.8080685,2.7164595,2.8022566,2.7863123,2.8449922,2.771629,2.7276502,2.6894841,2.6550918,2.7320304,2.8974514,2.8436153,2.64465,2.7545547,2.6833258,60480,2.8288727,3.1045766,2.9900005
2024-12-02 00:00:00+00:00,2.8918672,2.9528277,2.8713865,2.8116617,2.9896111,3.089694,2.9181976,2.9109108,2.9694657,2.818162,2.7261846,2.8049064,2.786176,2.8570452,2.8108695,2.778681,2.719853,2.67187,2.7565649,2.9141586,2.9211416,2.6648092,2.7816737,2.7321544,60480,2.839578,3.089694,2.9644742
2024-12-09 00:00:00+00:00,2.9306624,3.0323577,2.912154,2.8417633,3.0203352,3.1137807,2.9500606,2.934955,2.9970505,2.8439724,2.7446659,2.8355894,2.8213863,2.886613,2.8212507,2.7967563,2.7340186,2.6847205,2.7715194,2.933916,2.9209661,2.6741421,2.7842507,2.74009,52243,2.8636239,3.1137807,3.0133498
2024-12-16 00:00:00+00:00,2.9253352,2.9890902,2.8939254,2.8175254,2.9932432,3.0828648,2.9414937,2.9249938,2.957266,2.826879,2.7329082,2.8231006,2.8114362,2.881636,2.8198304,2.787579,2.7246928,2.674509,2.7592394,2.9132288,2.9201717,2.6616423,2.7772036,2.7199838,60480,2.848324,3.0828648,2.979543
2024-12-23 00:00:00+00:00,2.905459,2.9755855,2.892205,2.8082423,2.9609342,3.0250285,2.909681,2.8643248,2.9034626,2.7858548,2.7128756,2.8030853,2.7714138,2.8370807,2.7713249,2.7378054,2.6956537,2.6491683,2.723694,2.873773,2.8462658,2.6334395,2.7358332,2.6800432,60480,2.8125927,3.0250285,2.9455583
2024-12-30 00:00:00+00:00,2.8767695,2.9131742,2.8699064,2.7878678,2.9310184,3.00441,2.8835256,2.832165,2.878059,2.762426,2.7083516,2.7889225,2.7594113,2.808215,2.7551358,2.7245138,2.6938972,2.647249,2.7045574,2.8467674,2.8171704,2.61981,2.7172246,2.6789553,17280,2.7920628,3.00441,2.9042797
