frame_id,datetime_utc,best_time_s,count_raw,count_corrected,max_count,n_frames,all_counts
CAMHDA301-20210907T001500,2021-09-07T00:15:00+00:00,600.0,4,5.56,8,9,0;0;0;0;0;0;3;8;4
CAMHDA301-20210907T031500,2021-09-07T03:15:00+00:00,480.0,2,2.78,8,9,0;0;1;0;0;0;2;0;8
CAMHDA301-20210907T061500,2021-09-07T06:15:00+00:00,240.0,2,2.78,8,9,0;0;2;0;0;0;0;0;8
CAMHDA301-20210907T091500,2021-09-07T09:15:00+00:00,600.0,2,2.78,3,9,0;0;0;0;0;0;3;0;2
CAMHDA301-20210907T121500,2021-09-07T12:15:00+00:00,240.0,2,2.78,7,9,0;0;2;0;0;0;1;7;0
CAMHDA301-20210907T151500,2021-09-07T15:15:00+00:00,540.0,2,2.78,3,9,0;0;0;0;0;0;3;2;1
CAMHDA301-20210907T181500,2021-09-07T18:15:00+00:00,240.0,3,4.17,5,9,0;0;3;0;0;0;3;0;5
CAMHDA301-20210907T211500,2021-09-07T21:15:00+00:00,480.0,4,5.56,4,9,0;3;0;0;0;0;4;0;4
CAMHDA301-20210908T001500,2021-09-08T00:15:00+00:00,480.0,2,2.78,6,9,0;0;0;0;0;0;2;6;0
CAMHDA301-20210908T031500,2021-09-08T03:15:00+00:00,480.0,2,2.78,9,9,0;0;0;0;0;0;2;9;2
CAMHDA301-20210908T061500,2021-09-08T06:15:00+00:00,240.0,2,2.78,5,9,0;1;2;0;0;0;0;0;5
CAMHDA301-20210908T091500,2021-09-08T09:15:00+00:00,480.0,1,1.39,5,9,0;0;0;0;0;0;1;0;5
CAMHDA301-20210908T121500,2021-09-08T12:15:00+00:00,480.0,2,2.78,6,9,0;0;1;0;0;0;2;6;0
CAMHDA301-20210908T151500,2021-09-08T15:15:00+00:00,480.0,4,5.56,4,9,0;0;1;0;0;0;4;4;0
CAMHDA301-20210908T181500,2021-09-08T18:15:00+00:00,240.0,1,1.39,9,9,0;0;1;0;0;0;0;0;9
CAMHDA301-20210908T211500,2021-09-08T21:15:00+00:00,600.0,2,2.78,6,9,0;0;0;0;0;0;6;0;2
CAMHDA301-20210909T001500,2021-09-09T00:15:00+00:00,480.0,3,4.17,4,9,0;0;0;0;0;0;3;4;0
CAMHDA301-20210909T031500,2021-09-09T03:15:00+00:00,600.0,2,2.78,6,9,0;0;0;0;0;0;0;6;2
CAMHDA301-20210909T061500,2021-09-09T06:15:00+00:00,240.0,7,9.72,11,9,0;0;7;0;0;0;1;0;11
CAMHDA301-20210909T091500,2021-09-09T09:15:00+00:00,480.0,2,2.78,11,9,0;0;0;0;0;0;2;0;11
CAMHDA301-20210909T121500,2021-09-09T12:15:00+00:00,540.0,4,5.56,4,9,0;0;0;0;0;0;2;4;4
CAMHDA301-20210909T151500,2021-09-09T15:15:00+00:00,540.0,2,2.78,3,9,0;0;1;0;0;0;3;2;0
CAMHDA301-20210909T181500,2021-09-09T18:15:00+00:00,540.0,4,5.56,5,9,0;0;0;0;0;0;5;4;2
CAMHDA301-20210909T211500,2021-09-09T21:15:00+00:00,480.0,2,2.78,10,9,0;0;1;0;0;0;2;0;10
CAMHDA301-20210910T001500,2021-09-10T00:15:00+00:00,360.0,2,2.78,3,9,1;3;0;1;2;0;0;1;1
CAMHDA301-20210910T031500,2021-09-10T03:15:00+00:00,600.0,9,12.5,10,9,0;0;0;0;0;10;7;6;9
CAMHDA301-20210910T061500,2021-09-10T06:15:00+00:00,120.0,0,0.0,0,9,0;0;0;0;0;0;0;0;0
CAMHDA301-20210910T091500,2021-09-10T09:15:00+00:00,120.0,0,0.0,0,9,0;0;0;0;0;0;0;0;0
CAMHDA301-20210910T121500,2021-09-10T12:15:00+00:00,240.0,1,1.39,2,9,0;0;1;2;0;1;0;0;0
CAMHDA301-20210910T151500,2021-09-10T15:15:00+00:00,180.0,1,1.39,1,9,0;1;1;1;0;1;1;0;0
CAMHDA301-20210910T181500,2021-09-10T18:15:00+00:00,240.0,5,6.94,5,9,2;2;5;4;5;3;2;4;3
CAMHDA301-20210910T211500,2021-09-10T21:15:00+00:00,180.0,17,23.61,17,9,13;17;8;7;17;12;14;9;16
CAMHDA301-20210914T001500,2021-09-14T00:15:00+00:00,540.0,8,11.11,8,9,0;0;0;0;0;0;0;8;8
CAMHDA301-20210914T031500,2021-09-14T03:15:00+00:00,600.0,4,5.56,5,9,0;0;0;0;0;0;3;5;4
CAMHDA301-20210914T061500,2021-09-14T06:15:00+00:00,120.0,0,0.0,6,9,0;0;0;0;0;0;0;6;0
CAMHDA301-20210914T091500,2021-09-14T09:15:00+00:00,480.0,1,1.39,10,9,0;0;0;0;0;0;1;10;0
CAMHDA301-20210914T121500,2021-09-14T12:15:00+00:00,600.0,4,5.56,10,9,0;0;2;0;0;0;3;10;4
CAMHDA301-20210914T151500,2021-09-14T15:15:00+00:00,480.0,3,4.17,8,9,0;0;0;0;0;0;3;2;8
CAMHDA301-20210914T181500,2021-09-14T18:15:00+00:00,600.0,5,6.94,7,9,0;0;0;0;0;0;0;7;5
CAMHDA301-20210914T211500,2021-09-14T21:15:00+00:00,480.0,4,5.56,8,9,0;0;1;0;0;0;4;4;8
CAMHDA301-20210915T001500,2021-09-15T00:15:00+00:00,600.0,5,6.94,6,9,0;0;2;0;0;0;3;6;5
CAMHDA301-20210915T031500,2021-09-15T03:15:00+00:00,540.0,2,2.78,5,9,0;0;1;0;0;0;0;2;5
CAMHDA301-20210915T061500,2021-09-15T06:15:00+00:00,480.0,2,2.78,5,9,0;0;0;0;0;0;2;5;0
CAMHDA301-20210915T091500,2021-09-15T09:15:00+00:00,480.0,2,2.78,7,9,0;0;0;0;0;0;2;7;1
CAMHDA301-20210915T121500,2021-09-15T12:15:00+00:00,480.0,1,1.39,12,9,0;0;0;0;0;0;1;12;1
CAMHDA301-20210915T151500,2021-09-15T15:15:00+00:00,180.0,2,2.78,7,9,0;2;0;0;0;0;2;7;0
CAMHDA301-20210915T181500,2021-09-15T18:15:00+00:00,240.0,2,2.78,9,9,0;0;2;0;0;0;1;9;0
CAMHDA301-20210915T211500,2021-09-15T21:15:00+00:00,480.0,3,4.17,8,9,0;2;0;0;0;0;3;8;1
CAMHDA301-20210916T001500,2021-09-16T00:15:00+00:00,600.0,4,5.56,6,9,0;0;1;0;0;0;0;6;4
CAMHDA301-20210916T031500,2021-09-16T03:15:00+00:00,600.0,5,6.94,7,9,0;0;0;0;0;0;2;7;5
CAMHDA301-20210916T061500,2021-09-16T06:15:00+00:00,480.0,1,1.39,11,9,0;0;0;0;0;0;1;11;1
CAMHDA301-20210916T091500,2021-09-16T09:15:00+00:00,240.0,2,2.78,15,9,0;0;2;0;0;0;2;15;1
CAMHDA301-20210916T121500,2021-09-16T12:15:00+00:00,480.0,4,5.56,14,9,0;0;1;1;0;0;4;14;1
CAMHDA301-20210916T151500,2021-09-16T15:15:00+00:00,120.0,0,0.0,14,9,0;0;0;0;0;0;0;14;0
CAMHDA301-20210916T181500,2021-09-16T18:15:00+00:00,240.0,1,1.39,9,9,0;0;1;0;0;0;1;9;0
CAMHDA301-20210916T211500,2021-09-16T21:15:00+00:00,180.0,5,6.94,10,9,0;5;0;0;0;0;3;10;2
CAMHDA301-20210917T001500,2021-09-17T00:15:00+00:00,240.0,2,2.78,4,9,0;0;2;0;0;0;1;0;4
CAMHDA301-20210917T031500,2021-09-17T03:15:00+00:00,540.0,6,8.33,10,9,0;0;0;0;0;0;2;6;10
CAMHDA301-20210917T061500,2021-09-17T06:15:00+00:00,540.0,3,4.17,7,9,0;0;0;0;0;0;2;3;7
CAMHDA301-20210917T091500,2021-09-17T09:15:00+00:00,540.0,9,12.5,9,9,0;0;6;0;0;0;1;9;9
CAMHDA301-20210917T121500,2021-09-17T12:15:00+00:00,600.0,5,6.94,12,9,0;0;2;0;0;0;0;12;5
CAMHDA301-20210917T151500,2021-09-17T15:15:00+00:00,480.0,1,1.39,9,9,0;0;0;0;0;0;1;9;0
CAMHDA301-20210917T181500,2021-09-17T18:15:00+00:00,540.0,4,5.56,6,9,0;0;0;0;0;0;6;4;2
CAMHDA301-20210917T211500,2021-09-17T21:15:00+00:00,240.0,2,2.78,9,9,0;0;2;0;0;0;0;9;0
CAMHDA301-20210921T001500,2021-09-21T00:15:00+00:00,240.0,5,6.94,9,9,0;0;5;0;0;0;0;9;0
CAMHDA301-20210921T031500,2021-09-21T03:15:00+00:00,120.0,0,0.0,13,9,0;0;0;0;0;0;0;13;0
CAMHDA301-20210921T061500,2021-09-21T06:15:00+00:00,540.0,9,12.5,12,9,0;1;6;0;0;0;2;9;12
CAMHDA301-20210921T091500,2021-09-21T09:15:00+00:00,240.0,2,2.78,2,9,0;0;2;0;0;0;1;0;2
CAMHDA301-20210921T121500,2021-09-21T12:15:00+00:00,600.0,6,8.33,12,9,0;0;2;0;0;0;1;12;6
CAMHDA301-20210921T151500,2021-09-21T15:15:00+00:00,480.0,3,4.17,7,9,0;0;0;0;0;0;3;7;0
CAMHDA301-20210921T181500,2021-09-21T18:15:00+00:00,240.0,2,2.78,7,9,0;0;2;0;0;0;1;2;7
CAMHDA301-20210921T211500,2021-09-21T21:15:00+00:00,600.0,3,4.17,6,9,0;0;1;0;0;0;6;2;3
CAMHDA301-20210922T001500,2021-09-22T00:15:00+00:00,480.0,3,4.17,9,9,0;0;0;0;0;0;3;9;0
CAMHDA301-20210922T031500,2021-09-22T03:15:00+00:00,240.0,5,6.94,9,9,0;0;5;0;0;0;2;9;0
CAMHDA301-20210922T061500,2021-09-22T06:15:00+00:00,480.0,1,1.39,4,9,0;0;0;0;0;0;1;0;4
CAMHDA301-20210922T091500,2021-09-22T09:15:00+00:00,540.0,5,6.94,9,9,0;0;1;0;0;0;1;5;9
CAMHDA301-20210922T121500,2021-09-22T12:15:00+00:00,240.0,3,4.17,7,9,0;0;3;0;0;0;3;0;7
CAMHDA301-20210922T151500,2021-09-22T15:15:00+00:00,480.0,3,4.17,6,9,0;0;1;0;0;0;3;0;6
CAMHDA301-20210922T181500,2021-09-22T18:15:00+00:00,240.0,1,1.39,6,9,0;0;1;0;0;0;6;1;0
CAMHDA301-20210922T211500,2021-09-22T21:15:00+00:00,600.0,5,6.94,8,9,0;0;1;0;0;0;1;8;5
CAMHDA301-20210923T001500,2021-09-23T00:15:00+00:00,600.0,1,1.39,2,9,0;0;0;0;0;0;2;0;1
CAMHDA301-20210923T031500,2021-09-23T03:15:00+00:00,480.0,3,4.17,6,9,0;0;1;0;0;0;3;2;6
CAMHDA301-20210923T061500,2021-09-23T06:15:00+00:00,600.0,4,5.56,8,9,0;0;0;0;0;0;3;8;4
CAMHDA301-20210923T091500,2021-09-23T09:15:00+00:00,600.0,6,8.33,7,9,0;0;0;0;0;0;4;7;6
CAMHDA301-20210923T121500,2021-09-23T12:15:00+00:00,480.0,2,2.78,2,9,0;0;1;0;0;0;2;1;2
CAMHDA301-20210923T151500,2021-09-23T15:15:00+00:00,480.0,1,1.39,7,9,0;0;0;0;0;0;1;7;0
CAMHDA301-20210923T181500,2021-09-23T18:15:00+00:00,600.0,4,5.56,6,9,0;1;1;0;0;0;3;6;4
CAMHDA301-20210923T211500,2021-09-23T21:15:00+00:00,480.0,4,5.56,7,9,0;0;0;0;0;0;4;7;3
CAMHDA301-20210924T001500,2021-09-24T00:15:00+00:00,480.0,3,4.17,6,9,0;0;1;0;0;0;3;6;0
CAMHDA301-20210924T031500,2021-09-24T03:15:00+00:00,480.0,3,4.17,9,9,0;0;2;0;0;0;3;9;0
CAMHDA301-20210924T061500,2021-09-24T06:15:00+00:00,240.0,1,1.39,15,9,0;0;1;0;0;0;0;15;0
CAMHDA301-20210924T091500,2021-09-24T09:15:00+00:00,600.0,4,5.56,9,9,0;0;1;0;0;0;1;9;4
CAMHDA301-20210924T121500,2021-09-24T12:15:00+00:00,480.0,1,1.39,14,9,0;0;0;0;0;0;1;14;0
CAMHDA301-20210924T151500,2021-09-24T15:15:00+00:00,240.0,1,1.39,9,9,0;0;1;0;0;0;0;9;0
CAMHDA301-20210924T181500,2021-09-24T18:15:00+00:00,540.0,7,9.72,7,9,0;0;1;0;0;0;3;7;7
CAMHDA301-20210924T211500,2021-09-24T21:15:00+00:00,600.0,5,6.94,7,9,0;0;0;0;0;0;3;7;5
CAMHDA301-20210928T001500,2021-09-28T00:15:00+00:00,480.0,3,4.17,13,9,0;0;0;0;0;0;3;13;3
CAMHDA301-20210928T031500,2021-09-28T03:15:00+00:00,600.0,2,2.78,9,9,0;0;0;0;0;0;1;9;2
CAMHDA301-20210928T061500,2021-09-28T06:15:00+00:00,480.0,2,2.78,12,9,0;0;0;0;0;0;2;12;0
CAMHDA301-20210928T091500,2021-09-28T09:15:00+00:00,480.0,2,2.78,6,9,0;0;1;0;0;0;2;6;2
CAMHDA301-20210928T121500,2021-09-28T12:15:00+00:00,540.0,7,9.72,17,9,0;0;1;0;0;0;2;7;17
CAMHDA301-20210928T151500,2021-09-28T15:15:00+00:00,540.0,5,6.94,8,9,0;0;0;0;0;0;2;5;8
CAMHDA301-20210928T181500,2021-09-28T18:15:00+00:00,480.0,6,8.33,8,9,0;0;0;0;0;0;6;4;8
CAMHDA301-20210928T211500,2021-09-28T21:15:00+00:00,480.0,4,5.56,6,9,0;0;1;0;0;0;4;2;6
CAMHDA301-20210929T001500,2021-09-29T00:15:00+00:00,600.0,6,8.33,7,9,0;0;1;0;0;0;2;7;6
CAMHDA301-20210929T031500,2021-09-29T03:15:00+00:00,600.0,5,6.94,6,9,0;0;1;0;0;0;2;6;5
CAMHDA301-20210929T061500,2021-09-29T06:15:00+00:00,480.0,3,4.17,6,9,0;0;0;0;0;0;3;0;6
CAMHDA301-20210929T091500,2021-09-29T09:15:00+00:00,480.0,2,2.78,8,9,0;0;0;0;0;0;2;8;0
CAMHDA301-20210929T121500,2021-09-29T12:15:00+00:00,480.0,6,8.33,8,9,0;0;0;0;0;0;6;4;8
CAMHDA301-20210929T151500,2021-09-29T15:15:00+00:00,480.0,2,2.78,12,9,0;0;0;0;0;0;2;12;0
CAMHDA301-20210929T181500,2021-09-29T18:15:00+00:00,120.0,0,0.0,10,9,0;0;0;0;0;0;0;10;0
CAMHDA301-20210929T211500,2021-09-29T21:15:00+00:00,480.0,2,2.78,6,9,0;0;0;0;0;0;2;6;0
CAMHDA301-20210930T001500,2021-09-30T00:15:00+00:00,600.0,3,4.17,5,9,0;0;5;0;0;0;0;0;3
CAMHDA301-20210930T031500,2021-09-30T03:15:00+00:00,480.0,3,4.17,7,9,0;0;2;0;0;0;3;0;7
CAMHDA301-20210930T061500,2021-09-30T06:15:00+00:00,120.0,0,0.0,6,9,0;0;0;0;0;0;0;0;6
CAMHDA301-20210930T091500,2021-09-30T09:15:00+00:00,240.0,5,6.94,7,9,0;0;5;0;0;0;1;7;1
CAMHDA301-20210930T121500,2021-09-30T12:15:00+00:00,240.0,1,1.39,9,9,0;0;1;0;0;0;1;9;0
CAMHDA301-20210930T151500,2021-09-30T15:15:00+00:00,240.0,4,5.56,12,9,0;0;4;0;0;0;0;12;0
CAMHDA301-20210930T181500,2021-09-30T18:15:00+00:00,600.0,2,2.78,9,9,0;0;1;0;0;0;1;9;2
CAMHDA301-20210930T211500,2021-09-30T21:15:00+00:00,240.0,6,8.33,8,9,0;0;6;0;0;0;1;8;0
CAMHDA301-20211001T031500,2021-10-01T03:15:00+00:00,540.0,3,4.17,4,9,2;1;1;4;1;2;0;3;2
CAMHDA301-20211001T061500,2021-10-01T06:15:00+00:00,120.0,3,4.17,5,9,3;3;1;0;3;5;1;1;1
CAMHDA301-20211001T091500,2021-10-01T09:15:00+00:00,120.0,3,4.17,4,9,3;3;3;4;3;2;3;3;2
CAMHDA301-20211001T121500,2021-10-01T12:15:00+00:00,240.0,4,5.56,4,9,2;3;4;4;3;3;2;3;4
CAMHDA301-20211001T151500,2021-10-01T15:15:00+00:00,240.0,3,4.17,4,9,4;2;3;3;3;3;2;3;3
CAMHDA301-20211001T181500,2021-10-01T18:15:00+00:00,300.0,4,5.56,5,9,3;3;3;4;2;2;4;5;2
CAMHDA301-20211001T211500,2021-10-01T21:15:00+00:00,120.0,4,5.56,4,9,4;4;4;3;2;3;4;2;2
CAMHDA301-20211005T001500,2021-10-05T00:15:00+00:00,480.0,3,4.17,9,9,0;0;0;0;0;0;3;9;0
CAMHDA301-20211005T031500,2021-10-05T03:15:00+00:00,540.0,8,11.11,8,9,0;0;1;0;0;0;3;8;8
CAMHDA301-20211005T061500,2021-10-05T06:15:00+00:00,600.0,5,6.94,6,9,0;0;1;0;0;0;4;6;5
CAMHDA301-20211005T091500,2021-10-05T09:15:00+00:00,240.0,2,2.78,8,9,0;0;2;0;0;0;2;8;2
CAMHDA301-20211005T121500,2021-10-05T12:15:00+00:00,480.0,3,4.17,9,9,0;0;2;0;0;0;3;9;3
CAMHDA301-20211005T151500,2021-10-05T15:15:00+00:00,120.0,0,0.0,0,9,0;0;0;0;0;0;0;0;0
CAMHDA301-20211005T181500,2021-10-05T18:15:00+00:00,120.0,0,0.0,0,9,0;0;0;0;0;0;0;0;0
CAMHDA301-20211005T211500,2021-10-05T21:15:00+00:00,120.0,0,0.0,0,9,0;0;0;0;0;0;0;0;0
CAMHDA301-20211006T001500,2021-10-06T00:15:00+00:00,120.0,0,0.0,0,9,0;0;0;0;0;0;0;0;0
CAMHDA301-20211006T031500,2021-10-06T03:15:00+00:00,120.0,0,0.0,0,9,0;0;0;0;0;0;0;0;0
CAMHDA301-20211006T061500,2021-10-06T06:15:00+00:00,120.0,0,0.0,0,9,0;0;0;0;0;0;0;0;0
CAMHDA301-20211006T091500,2021-10-06T09:15:00+00:00,120.0,0,0.0,0,9,0;0;0;0;0;0;0;0;0
CAMHDA301-20211006T121500,2021-10-06T12:15:00+00:00,120.0,0,0.0,0,9,0;0;0;0;0;0;0;0;0
CAMHDA301-20211006T151500,2021-10-06T15:15:00+00:00,120.0,0,0.0,0,9,0;0;0;0;0;0;0;0;0
CAMHDA301-20211006T181500,2021-10-06T18:15:00+00:00,120.0,0,0.0,0,9,0;0;0;0;0;0;0;0;0
CAMHDA301-20211006T211500,2021-10-06T21:15:00+00:00,120.0,0,0.0,0,9,0;0;0;0;0;0;0;0;0
CAMHDA301-20211007T001500,2021-10-07T00:15:00+00:00,240.0,4,5.56,11,9,0;0;4;0;0;0;0;11;0
CAMHDA301-20211007T031500,2021-10-07T03:15:00+00:00,480.0,4,5.56,9,9,0;0;1;0;0;0;4;9;0
CAMHDA301-20211007T061500,2021-10-07T06:15:00+00:00,480.0,4,5.56,7,9,0;0;3;0;0;0;4;2;7
CAMHDA301-20211007T091500,2021-10-07T09:15:00+00:00,600.0,2,2.78,3,9,0;0;0;0;0;0;3;0;2
CAMHDA301-20211007T121500,2021-10-07T12:15:00+00:00,240.0,2,2.78,8,9,0;0;2;0;0;0;0;8;0
CAMHDA301-20211007T151500,2021-10-07T15:15:00+00:00,480.0,2,2.78,10,9,0;0;0;0;0;0;2;0;10
CAMHDA301-20211007T181500,2021-10-07T18:15:00+00:00,540.0,7,9.72,10,9,0;0;1;0;0;0;0;7;10
CAMHDA301-20211007T211500,2021-10-07T21:15:00+00:00,480.0,2,2.78,7,9,0;0;0;0;0;0;2;7;0
CAMHDA301-20211008T001500,2021-10-08T00:15:00+00:00,180.0,1,1.39,8,9,0;1;0;0;0;0;1;8;0
CAMHDA301-20211008T031500,2021-10-08T03:15:00+00:00,540.0,2,2.78,3,9,0;0;3;0;0;0;0;2;0
CAMHDA301-20211008T061500,2021-10-08T06:15:00+00:00,600.0,2,2.78,9,9,0;0;0;0;0;0;0;9;2
CAMHDA301-20211008T091500,2021-10-08T09:15:00+00:00,540.0,7,9.72,10,9,0;0;4;0;0;0;4;7;10
CAMHDA301-20211008T121500,2021-10-08T12:15:00+00:00,240.0,5,6.94,11,9,0;0;5;0;0;0;2;11;0
CAMHDA301-20211008T151500,2021-10-08T15:15:00+00:00,480.0,2,2.78,7,9,0;0;0;0;0;0;2;7;0
CAMHDA301-20211008T181500,2021-10-08T18:15:00+00:00,480.0,2,2.78,5,9,0;0;0;0;0;0;2;5;0
CAMHDA301-20211008T211500,2021-10-08T21:15:00+00:00,120.0,0,0.0,8,9,0;0;0;0;0;0;0;8;0
CAMHDA301-20211012T001500,2021-10-12T00:15:00+00:00,540.0,3,4.17,9,9,0;0;1;0;0;0;2;3;9
CAMHDA301-20211012T031500,2021-10-12T03:15:00+00:00,240.0,3,4.17,6,9,0;0;3;0;0;0;2;6;0
CAMHDA301-20211012T061500,2021-10-12T06:15:00+00:00,240.0,3,4.17,7,9,0;0;3;0;0;0;2;7;1
CAMHDA301-20211012T091500,2021-10-12T09:15:00+00:00,240.0,5,6.94,12,9,0;0;5;0;0;0;0;12;0
CAMHDA301-20211012T121500,2021-10-12T12:15:00+00:00,240.0,2,2.78,10,9,0;0;2;0;0;0;0;10;0
CAMHDA301-20211012T151500,2021-10-12T15:15:00+00:00,240.0,2,2.78,7,9,0;0;2;0;0;0;1;7;0
CAMHDA301-20211012T181500,2021-10-12T18:15:00+00:00,600.0,4,5.56,5,9,0;0;3;0;0;0;5;1;4
CAMHDA301-20211012T211500,2021-10-12T21:15:00+00:00,240.0,2,2.78,4,9,0;0;2;0;0;0;2;0;4
CAMHDA301-20211013T001500,2021-10-13T00:15:00+00:00,240.0,5,6.94,8,9,0;0;5;0;0;0;1;0;8
CAMHDA301-20211013T031500,2021-10-13T03:15:00+00:00,600.0,5,6.94,7,9,0;0;2;0;0;0;1;7;5
CAMHDA301-20211013T061500,2021-10-13T06:15:00+00:00,480.0,5,6.94,6,9,0;0;0;0;0;0;5;6;2
CAMHDA301-20211013T091500,2021-10-13T09:15:00+00:00,240.0,3,4.17,10,9,0;0;3;1;0;0;2;10;0
CAMHDA301-20211013T121500,2021-10-13T12:15:00+00:00,240.0,3,4.17,8,9,0;0;3;0;0;0;2;8;0
CAMHDA301-20211013T151500,2021-10-13T15:15:00+00:00,240.0,3,4.17,9,9,0;1;3;0;0;0;3;9;0
CAMHDA301-20211013T181500,2021-10-13T18:15:00+00:00,480.0,3,4.17,5,9,0;0;2;0;0;0;3;0;5
CAMHDA301-20211013T211500,2021-10-13T21:15:00+00:00,480.0,2,2.78,9,9,0;0;0;0;0;0;2;9;2
CAMHDA301-20211014T001500,2021-10-14T00:15:00+00:00,240.0,5,6.94,16,9,0;0;5;0;0;0;2;16;1
CAMHDA301-20211014T031500,2021-10-14T03:15:00+00:00,480.0,6,8.33,8,9,0;0;1;0;0;0;6;4;8
CAMHDA301-20211014T061500,2021-10-14T06:15:00+00:00,480.0,5,6.94,7,9,0;0;0;0;0;0;5;0;7
CAMHDA301-20211014T091500,2021-10-14T09:15:00+00:00,480.0,3,4.17,16,9,0;0;2;0;0;0;3;16;0
CAMHDA301-20211014T121500,2021-10-14T12:15:00+00:00,480.0,2,2.78,11,9,0;1;0;0;0;0;2;11;0
CAMHDA301-20211014T151500,2021-10-14T15:15:00+00:00,240.0,5,6.94,9,9,0;1;5;0;0;0;1;9;3
CAMHDA301-20211014T181500,2021-10-14T18:15:00+00:00,240.0,7,9.72,13,9,0;0;7;0;0;0;3;13;0
CAMHDA301-20211014T211500,2021-10-14T21:15:00+00:00,240.0,5,6.94,12,9,0;0;5;0;0;0;1;12;0
CAMHDA301-20211015T001500,2021-10-15T00:15:00+00:00,480.0,2,2.78,7,9,0;0;0;0;0;0;2;7;0
CAMHDA301-20211015T031500,2021-10-15T03:15:00+00:00,240.0,6,8.33,7,9,0;0;6;0;0;0;0;3;7
CAMHDA301-20211015T061500,2021-10-15T06:15:00+00:00,240.0,3,4.17,3,9,0;0;3;0;0;0;2;1;3
CAMHDA301-20211015T091500,2021-10-15T09:15:00+00:00,240.0,9,12.5,11,9,0;0;9;0;0;0;3;11;2
CAMHDA301-20211015T121500,2021-10-15T12:15:00+00:00,540.0,8,11.11,9,9,0;0;9;0;0;0;1;8;0
CAMHDA301-20211015T151500,2021-10-15T15:15:00+00:00,480.0,1,1.39,8,9,0;0;0;0;0;0;1;8;0
CAMHDA301-20211015T181500,2021-10-15T18:15:00+00:00,540.0,5,6.94,8,9,0;0;2;0;0;0;1;5;8
CAMHDA301-20211015T211500,2021-10-15T21:15:00+00:00,480.0,5,6.94,13,9,0;0;1;0;0;0;5;13;0
CAMHDA301-20211019T001500,2021-10-19T00:15:00+00:00,540.0,5,6.94,17,9,0;0;17;0;0;0;2;5;0
CAMHDA301-20211019T031500,2021-10-19T03:15:00+00:00,480.0,2,2.78,4,9,0;0;0;0;0;0;2;4;2
CAMHDA301-20211019T061500,2021-10-19T06:15:00+00:00,480.0,3,4.17,6,9,0;0;1;0;0;0;3;0;6
CAMHDA301-20211019T091500,2021-10-19T09:15:00+00:00,480.0,2,2.78,3,9,0;0;1;0;0;0;2;0;3
CAMHDA301-20211019T121500,2021-10-19T12:15:00+00:00,480.0,3,4.17,13,9,0;0;0;0;0;0;3;13;0
CAMHDA301-20211019T151500,2021-10-19T15:15:00+00:00,480.0,5,6.94,6,9,0;0;6;0;0;0;5;3;5
CAMHDA301-20211019T181500,2021-10-19T18:15:00+00:00,480.0,4,5.56,4,9,0;0;2;0;0;0;4;0;4
CAMHDA301-20211019T211500,2021-10-19T21:15:00+00:00,600.0,3,4.17,7,9,0;0;2;0;0;0;7;0;3
CAMHDA301-20211020T001500,2021-10-20T00:15:00+00:00,120.0,2,2.78,2,9,2;0;0;0;0;2;2;1;1
CAMHDA301-20211020T031500,2021-10-20T03:15:00+00:00,120.0,0,0.0,0,9,0;0;0;0;0;0;0;0;0
CAMHDA301-20211020T061500,2021-10-20T06:15:00+00:00,120.0,0,0.0,0,9,0;0;0;0;0;0;0;0;0
CAMHDA301-20211020T091500,2021-10-20T09:15:00+00:00,120.0,0,0.0,0,9,0;0;0;0;0;0;0;0;0
CAMHDA301-20211020T121500,2021-10-20T12:15:00+00:00,300.0,8,11.11,9,9,9;5;6;8;4;5;6;4;5
CAMHDA301-20211020T151500,2021-10-20T15:15:00+00:00,120.0,0,0.0,0,9,0;0;0;0;0;0;0;0;0
CAMHDA301-20211020T181500,2021-10-20T18:15:00+00:00,480.0,7,9.72,8,9,2;2;3;5;8;6;7;6;1
CAMHDA301-20211020T211500,2021-10-20T21:15:00+00:00,480.0,9,12.5,11,9,2;3;11;7;6;4;9;8;3
CAMHDA301-20211021T001500,2021-10-21T00:15:00+00:00,480.0,3,4.17,7,9,0;0;2;0;0;0;3;7;1
CAMHDA301-20211021T031500,2021-10-21T03:15:00+00:00,480.0,5,6.94,11,9,0;4;0;0;0;0;5;11;0
CAMHDA301-20211021T061500,2021-10-21T06:15:00+00:00,240.0,3,4.17,11,9,0;0;3;0;0;0;3;1;11
CAMHDA301-20211021T091500,2021-10-21T09:15:00+00:00,240.0,2,2.78,5,9,0;0;2;0;0;0;2;0;5
CAMHDA301-20211021T121500,2021-10-21T12:15:00+00:00,480.0,2,2.78,10,9,0;0;1;0;0;0;2;1;10
CAMHDA301-20211021T151500,2021-10-21T15:15:00+00:00,540.0,3,4.17,6,9,0;0;0;0;0;0;2;3;6
CAMHDA301-20211021T181500,2021-10-21T18:15:00+00:00,480.0,3,4.17,9,9,0;0;0;0;0;0;3;3;9
CAMHDA301-20211021T211500,2021-10-21T21:15:00+00:00,480.0,3,4.17,6,9,0;0;0;0;0;0;3;1;6
CAMHDA301-20211022T001500,2021-10-22T00:15:00+00:00,540.0,4,5.56,5,9,0;1;5;0;0;0;3;4;0
CAMHDA301-20211022T031500,2021-10-22T03:15:00+00:00,480.0,1,1.39,2,9,0;0;0;0;0;0;1;1;2
CAMHDA301-20211022T061500,2021-10-22T06:15:00+00:00,600.0,3,4.17,5,9,0;0;0;0;0;0;2;5;3
CAMHDA301-20211022T091500,2021-10-22T09:15:00+00:00,240.0,5,6.94,10,9,0;0;5;0;0;0;2;10;0
CAMHDA301-20211022T121500,2021-10-22T12:15:00+00:00,480.0,3,4.17,6,9,0;0;2;0;0;0;3;6;0
CAMHDA301-20211022T151500,2021-10-22T15:15:00+00:00,240.0,2,2.78,9,9,0;0;2;0;0;0;2;9;0
CAMHDA301-20211022T181500,2021-10-22T18:15:00+00:00,480.0,5,6.94,6,9,0;0;4;0;0;0;5;6;0
CAMHDA301-20211022T211500,2021-10-22T21:15:00+00:00,540.0,6,8.33,7,9,0;0;0;0;0;0;7;6;0
CAMHDA301-20211026T001500,2021-10-26T00:15:00+00:00,240.0,6,8.33,8,9,0;0;6;0;0;0;1;8;0
CAMHDA301-20211026T031500,2021-10-26T03:15:00+00:00,240.0,10,13.89,10,9,0;0;10;0;0;0;0;10;0
CAMHDA301-20211026T061500,2021-10-26T06:15:00+00:00,240.0,5,6.94,6,9,0;0;5;0;0;0;0;6;0
CAMHDA301-20211026T091500,2021-10-26T09:15:00+00:00,240.0,8,11.11,11,9,0;0;8;0;0;0;1;11;0
CAMHDA301-20211026T121500,2021-10-26T12:15:00+00:00,240.0,4,5.56,9,9,0;0;4;0;0;0;2;9;0
CAMHDA301-20211026T151500,2021-10-26T15:15:00+00:00,240.0,5,6.94,11,9,0;0;5;0;0;0;0;11;0
CAMHDA301-20211026T181500,2021-10-26T18:15:00+00:00,480.0,1,1.39,8,9,0;0;0;0;0;0;1;8;1
CAMHDA301-20211026T211500,2021-10-26T21:15:00+00:00,600.0,3,4.17,8,9,0;0;0;0;0;0;2;8;3
CAMHDA301-20211027T001500,2021-10-27T00:15:00+00:00,600.0,4,5.56,11,9,0;0;0;0;0;0;3;11;4
CAMHDA301-20211027T031500,2021-10-27T03:15:00+00:00,600.0,4,5.56,9,9,0;0;1;0;0;0;1;9;4
CAMHDA301-20211027T061500,2021-10-27T06:15:00+00:00,540.0,7,9.72,8,9,0;0;0;0;0;0;8;7;6
CAMHDA301-20211027T091500,2021-10-27T09:15:00+00:00,600.0,6,8.33,8,9,0;0;1;0;0;0;5;8;6
CAMHDA301-20211027T121500,2021-10-27T12:15:00+00:00,540.0,8,11.11,8,9,0;0;3;0;0;0;4;8;8
CAMHDA301-20211027T151500,2021-10-27T15:15:00+00:00,480.0,7,9.72,12,9,0;0;3;0;0;0;7;12;1
CAMHDA301-20211027T181500,2021-10-27T18:15:00+00:00,540.0,9,12.5,12,9,0;0;0;0;0;0;12;9;4
CAMHDA301-20211027T211500,2021-10-27T21:15:00+00:00,240.0,3,4.17,8,9,0;0;3;0;0;0;3;8;2
CAMHDA301-20211028T001500,2021-10-28T00:15:00+00:00,120.0,0,0.0,4,9,0;0;0;0;0;0;0;4;0
CAMHDA301-20211028T031500,2021-10-28T03:15:00+00:00,480.0,5,6.94,6,9,0;0;4;0;0;0;5;6;5
CAMHDA301-20211028T061500,2021-10-28T06:15:00+00:00,480.0,1,1.39,13,9,0;0;0;0;0;0;1;13;0
CAMHDA301-20211028T091500,2021-10-28T09:15:00+00:00,480.0,3,4.17,4,9,0;0;0;0;0;0;3;4;0
CAMHDA301-20211028T121500,2021-10-28T12:15:00+00:00,540.0,5,6.94,8,9,0;0;8;0;0;0;0;5;0
CAMHDA301-20211028T151500,2021-10-28T15:15:00+00:00,240.0,2,2.78,8,9,0;0;2;0;0;0;1;8;0
CAMHDA301-20211028T181500,2021-10-28T18:15:00+00:00,480.0,2,2.78,8,9,0;0;0;0;0;0;2;8;0
CAMHDA301-20211028T211500,2021-10-28T21:15:00+00:00,120.0,0,0.0,7,9,0;0;0;0;0;0;0;7;0
CAMHDA301-20211029T001500,2021-10-29T00:15:00+00:00,480.0,3,4.17,3,9,0;0;1;0;0;0;3;0;3
CAMHDA301-20211029T031500,2021-10-29T03:15:00+00:00,240.0,3,4.17,8,9,0;0;3;0;0;0;1;8;0
CAMHDA301-20211029T061500,2021-10-29T06:15:00+00:00,240.0,4,5.56,8,9,0;0;4;0;0;0;0;8;0
CAMHDA301-20211029T091500,2021-10-29T09:15:00+00:00,240.0,3,4.17,7,9,0;0;3;0;0;0;1;7;0
CAMHDA301-20211029T121500,2021-10-29T12:15:00+00:00,240.0,6,8.33,7,9,0;0;6;0;0;0;0;7;0
CAMHDA301-20211029T151500,2021-10-29T15:15:00+00:00,120.0,0,0.0,7,9,0;0;0;0;0;0;0;7;0
CAMHDA301-20211029T181500,2021-10-29T18:15:00+00:00,540.0,5,6.94,5,9,0;0;0;0;0;0;3;5;5
CAMHDA301-20211029T211500,2021-10-29T21:15:00+00:00,480.0,2,2.78,13,9,0;0;1;0;0;0;2;13;2
CAMHDA301-20211109T001500,2021-11-09T00:15:00+00:00,480.0,5,6.94,10,9,0;0;3;0;0;0;5;10;2
CAMHDA301-20211109T031500,2021-11-09T03:15:00+00:00,480.0,4,5.56,5,9,0;0;0;0;0;0;4;5;0
CAMHDA301-20211109T061500,2021-11-09T06:15:00+00:00,480.0,1,1.39,9,9,0;0;0;0;0;0;1;9;0
CAMHDA301-20211109T091500,2021-11-09T09:15:00+00:00,480.0,2,2.78,12,9,0;0;1;0;0;0;2;12;1
CAMHDA301-20211109T121500,2021-11-09T12:15:00+00:00,480.0,4,5.56,11,9,0;0;1;0;0;0;4;11;0
CAMHDA301-20211109T151500,2021-11-09T15:15:00+00:00,480.0,2,2.78,5,9,0;0;0;0;0;0;2;5;0
CAMHDA301-20211109T181500,2021-11-09T18:15:00+00:00,540.0,4,5.56,4,9,0;0;0;0;0;0;2;4;4
CAMHDA301-20211109T211500,2021-11-09T21:15:00+00:00,240.0,2,2.78,9,9,0;0;2;0;0;0;0;9;0
CAMHDA301-20211110T001500,2021-11-10T00:15:00+00:00,240.0,1,1.39,1,9,0;0;1;0;0;1;0;0;0
CAMHDA301-20211110T031500,2021-11-10T03:15:00+00:00,120.0,5,6.94,6,9,5;5;4;3;3;6;4;2;4
CAMHDA301-20211110T061500,2021-11-10T06:15:00+00:00,120.0,0,0.0,0,9,0;0;0;0;0;0;0;0;0
CAMHDA301-20211110T091500,2021-11-10T09:15:00+00:00,120.0,0,0.0,0,9,0;0;0;0;0;0;0;0;0
CAMHDA301-20211110T121500,2021-11-10T12:15:00+00:00,300.0,11,15.28,11,9,5;8;6;11;8;10;8;11;11
CAMHDA301-20211110T151500,2021-11-10T15:15:00+00:00,120.0,0,0.0,0,9,0;0;0;0;0;0;0;0;0
CAMHDA301-20211110T181500,2021-11-10T18:15:00+00:00,120.0,0,0.0,0,9,0;0;0;0;0;0;0;0;0
CAMHDA301-20211110T211500,2021-11-10T21:15:00+00:00,180.0,4,5.56,6,9,2;4;0;2;6;4;4;3;2
CAMHDA301-20211111T001500,2021-11-11T00:15:00+00:00,540.0,5,6.94,11,9,0;0;2;0;0;0;3;5;11
CAMHDA301-20211111T031500,2021-11-11T03:15:00+00:00,600.0,6,8.33,8,9,0;0;1;0;0;0;4;8;6
CAMHDA301-20211111T061500,2021-11-11T06:15:00+00:00,240.0,3,4.17,15,9,0;0;3;0;0;0;0;15;1
CAMHDA301-20211111T091500,2021-11-11T09:15:00+00:00,180.0,1,1.39,7,9,0;1;0;0;0;0;1;7;0
CAMHDA301-20211111T121500,2021-11-11T12:15:00+00:00,480.0,1,1.39,10,9,0;0;0;0;0;0;1;10;0
CAMHDA301-20211111T151500,2021-11-11T15:15:00+00:00,480.0,2,2.78,3,9,0;0;1;0;0;0;2;0;3
CAMHDA301-20211111T181500,2021-11-11T18:15:00+00:00,480.0,3,4.17,7,9,0;0;0;0;0;0;3;7;0
CAMHDA301-20211111T211500,2021-11-11T21:15:00+00:00,480.0,4,5.56,5,9,0;0;3;0;0;0;4;5;3
CAMHDA301-20211112T001500,2021-11-12T00:15:00+00:00,240.0,2,2.78,6,9,0;0;2;0;0;0;2;1;6
CAMHDA301-20211112T031500,2021-11-12T03:15:00+00:00,480.0,3,4.17,6,9,0;0;0;0;0;0;3;0;6
CAMHDA301-20211112T061500,2021-11-12T06:15:00+00:00,120.0,0,0.0,11,9,0;0;0;0;0;0;0;11;0
CAMHDA301-20211112T091500,2021-11-12T09:15:00+00:00,600.0,5,6.94,10,9,0;0;3;0;0;0;3;10;5
CAMHDA301-20211112T121500,2021-11-12T12:15:00+00:00,540.0,5,6.94,6,9,0;0;1;0;0;0;1;5;6
CAMHDA301-20211112T151500,2021-11-12T15:15:00+00:00,120.0,0,0.0,5,9,0;0;0;0;0;0;0;5;0
CAMHDA301-20211112T181500,2021-11-12T18:15:00+00:00,240.0,4,5.56,9,9,0;0;4;0;0;0;0;9;0
CAMHDA301-20211112T211500,2021-11-12T21:15:00+00:00,480.0,4,5.56,9,9,0;0;3;0;0;0;4;9;3
CAMHDA301-20211116T001500,2021-11-16T00:15:00+00:00,480.0,6,8.33,9,9,0;0;2;0;0;0;6;9;0
CAMHDA301-20211116T031500,2021-11-16T03:15:00+00:00,480.0,4,5.56,7,9,0;0;1;0;0;0;4;4;7
CAMHDA301-20211116T061500,2021-11-16T06:15:00+00:00,480.0,2,2.78,4,9,0;0;0;0;0;0;2;4;2
CAMHDA301-20211116T091500,2021-11-16T09:15:00+00:00,480.0,2,2.78,8,9,0;0;0;0;0;0;2;0;8
CAMHDA301-20211116T121500,2021-11-16T12:15:00+00:00,480.0,6,8.33,10,9,0;0;1;0;0;0;6;0;10
CAMHDA301-20211116T151500,2021-11-16T15:15:00+00:00,480.0,10,13.89,11,9,0;0;1;0;0;0;10;8;11
CAMHDA301-20211116T181500,2021-11-16T18:15:00+00:00,600.0,7,9.72,8,9,0;0;0;0;0;0;0;8;7
CAMHDA301-20211116T211500,2021-11-16T21:15:00+00:00,480.0,1,1.39,8,9,0;0;0;0;0;0;1;8;0
CAMHDA301-20211117T001500,2021-11-17T00:15:00+00:00,540.0,6,8.33,7,9,0;0;0;0;0;0;4;6;7
CAMHDA301-20211117T031500,2021-11-17T03:15:00+00:00,240.0,4,5.56,13,9,0;0;4;0;0;0;0;13;1
CAMHDA301-20211117T061500,2021-11-17T06:15:00+00:00,600.0,4,5.56,6,9,0;0;0;0;0;0;6;0;4
CAMHDA301-20211117T091500,2021-11-17T09:15:00+00:00,600.0,5,6.94,10,9,0;0;3;0;0;0;3;10;5
CAMHDA301-20211117T121500,2021-11-17T12:15:00+00:00,480.0,1,1.39,13,9,0;0;0;0;0;0;1;13;0
CAMHDA301-20211117T151500,2021-11-17T15:15:00+00:00,600.0,5,6.94,8,9,0;0;2;0;0;0;3;8;5
CAMHDA301-20211117T181500,2021-11-17T18:15:00+00:00,600.0,8,11.11,9,9,0;0;1;0;0;0;3;9;8
CAMHDA301-20211117T211500,2021-11-17T21:15:00+00:00,540.0,8,11.11,9,9,0;0;1;0;0;0;4;8;9
CAMHDA301-20211118T001500,2021-11-18T00:15:00+00:00,240.0,4,5.56,14,9,0;0;4;0;0;0;2;14;4
CAMHDA301-20211118T031500,2021-11-18T03:15:00+00:00,600.0,6,8.33,7,9,0;1;2;0;0;0;1;7;6
CAMHDA301-20211118T061500,2021-11-18T06:15:00+00:00,600.0,6,8.33,8,9,0;0;1;0;0;0;3;8;6
CAMHDA301-20211118T091500,2021-11-18T09:15:00+00:00,600.0,5,6.94,10,9,0;0;4;0;0;0;1;10;5
CAMHDA301-20211118T121500,2021-11-18T12:15:00+00:00,540.0,6,8.33,10,9,0;0;10;0;0;0;0;6;4
CAMHDA301-20211118T151500,2021-11-18T15:15:00+00:00,480.0,3,4.17,4,9,0;0;0;0;0;0;3;3;4
CAMHDA301-20211118T181500,2021-11-18T18:15:00+00:00,540.0,7,9.72,10,9,0;0;6;0;0;0;2;7;10
CAMHDA301-20211118T211500,2021-11-18T21:15:00+00:00,600.0,4,5.56,5,9,0;0;3;0;0;0;2;5;4
CAMHDA301-20211119T001500,2021-11-19T00:15:00+00:00,480.0,3,4.17,5,9,0;0;0;0;0;0;3;5;3
CAMHDA301-20211119T031500,2021-11-19T03:15:00+00:00,600.0,5,6.94,9,9,0;0;3;0;0;0;1;9;5
CAMHDA301-20211119T061500,2021-11-19T06:15:00+00:00,480.0,5,6.94,6,9,0;0;2;0;0;0;5;0;6
CAMHDA301-20211119T091500,2021-11-19T09:15:00+00:00,480.0,6,8.33,7,9,0;0;0;0;0;0;6;1;7
CAMHDA301-20211119T121500,2021-11-19T12:15:00+00:00,480.0,2,2.78,4,9,0;1;0;0;0;0;2;4;0
CAMHDA301-20211119T151500,2021-11-19T15:15:00+00:00,600.0,8,11.11,9,9,0;0;3;0;0;0;2;9;8
CAMHDA301-20211119T181500,2021-11-19T18:15:00+00:00,540.0,7,9.72,7,9,0;0;1;0;0;0;1;7;7
CAMHDA301-20211119T211500,2021-11-19T21:15:00+00:00,480.0,1,1.39,9,9,0;0;0;0;0;0;1;9;0
CAMHDA301-20211123T001500,2021-11-23T00:15:00+00:00,480.0,1,1.39,1,9,0;0;0;0;0;0;1;1;0
CAMHDA301-20211123T031500,2021-11-23T03:15:00+00:00,600.0,4,5.56,6,9,0;0;3;0;0;0;2;6;4
CAMHDA301-20211123T061500,2021-11-23T06:15:00+00:00,600.0,5,6.94,10,9,0;0;3;0;0;0;2;10;5
CAMHDA301-20211123T091500,2021-11-23T09:15:00+00:00,120.0,0,0.0,5,9,0;0;0;0;0;0;0;0;5
CAMHDA301-20211123T121500,2021-11-23T12:15:00+00:00,480.0,3,4.17,5,9,0;0;0;0;0;0;3;0;5
CAMHDA301-20211123T151500,2021-11-23T15:15:00+00:00,600.0,3,4.17,5,9,0;0;0;0;0;0;2;5;3
CAMHDA301-20211123T181500,2021-11-23T18:15:00+00:00,600.0,3,4.17,5,9,0;0;0;0;0;0;0;5;3
CAMHDA301-20211123T211500,2021-11-23T21:15:00+00:00,480.0,2,2.78,7,9,0;0;0;0;0;0;2;7;0
CAMHDA301-20211124T001500,2021-11-24T00:15:00+00:00,480.0,2,2.78,6,9,0;0;0;0;0;0;2;6;0
CAMHDA301-20211124T031500,2021-11-24T03:15:00+00:00,480.0,2,2.78,10,9,0;0;0;0;0;0;2;10;0
CAMHDA301-20211124T061500,2021-11-24T06:15:00+00:00,480.0,2,2.78,6,9,0;0;0;0;0;0;2;6;0
CAMHDA301-20211124T091500,2021-11-24T09:15:00+00:00,240.0,1,1.39,9,9,0;0;1;0;0;0;1;9;0
CAMHDA301-20211124T121500,2021-11-24T12:15:00+00:00,540.0,6,8.33,9,9,0;0;0;0;1;0;3;6;9
CAMHDA301-20211124T151500,2021-11-24T15:15:00+00:00,480.0,2,2.78,12,9,0;0;0;0;0;0;2;12;0
CAMHDA301-20211124T181500,2021-11-24T18:15:00+00:00,240.0,1,1.39,4,9,0;0;1;0;0;0;0;0;4
CAMHDA301-20211124T211500,2021-11-24T21:15:00+00:00,600.0,3,4.17,6,9,0;0;1;0;0;0;1;6;3
CAMHDA301-20211125T001500,2021-11-25T00:15:00+00:00,240.0,2,2.78,4,9,0;0;2;0;0;0;4;0;0
CAMHDA301-20211125T031500,2021-11-25T03:15:00+00:00,240.0,6,8.33,6,9,0;0;6;0;0;0;1;6;2
CAMHDA301-20211125T061500,2021-11-25T06:15:00+00:00,600.0,6,8.33,9,9,0;0;3;0;0;0;1;9;6
CAMHDA301-20211125T091500,2021-11-25T09:15:00+00:00,480.0,2,2.78,10,9,0;0;1;0;0;0;2;10;0
CAMHDA301-20211125T121500,2021-11-25T12:15:00+00:00,240.0,4,5.56,5,9,0;0;4;0;0;0;2;5;0
CAMHDA301-20211125T151500,2021-11-25T15:15:00+00:00,480.0,1,1.39,7,9,0;0;0;0;0;0;1;7;0
CAMHDA301-20211125T181500,2021-11-25T18:15:00+00:00,480.0,2,2.78,13,9,0;0;0;0;0;0;2;13;0
CAMHDA301-20211125T211500,2021-11-25T21:15:00+00:00,240.0,4,5.56,9,9,0;0;4;0;0;0;1;9;0
CAMHDA301-20211126T001500,2021-11-26T00:15:00+00:00,480.0,2,2.78,7,9,0;0;0;0;0;0;2;7;0
CAMHDA301-20211126T031500,2021-11-26T03:15:00+00:00,240.0,4,5.56,7,9,0;0;4;0;0;0;1;7;0
CAMHDA301-20211126T061500,2021-11-26T06:15:00+00:00,480.0,3,4.17,9,9,0;0;0;0;0;0;3;9;0
CAMHDA301-20211126T091500,2021-11-26T09:15:00+00:00,240.0,3,4.17,10,9,0;0;3;0;0;0;3;10;0
CAMHDA301-20211126T121500,2021-11-26T12:15:00+00:00,240.0,1,1.39,11,9,0;0;1;0;0;0;1;11;0
CAMHDA301-20211126T151500,2021-11-26T15:15:00+00:00,240.0,6,8.33,14,9,0;0;6;0;0;0;0;14;0
CAMHDA301-20211126T181500,2021-11-26T18:15:00+00:00,480.0,5,6.94,7,9,0;0;0;0;0;0;5;7;1
CAMHDA301-20211126T211500,2021-11-26T21:15:00+00:00,240.0,5,6.94,8,9,0;0;5;0;0;0;4;0;8
CAMHDA301-20211130T001500,2021-11-30T00:15:00+00:00,480.0,1,1.39,9,9,0;0;0;0;0;0;1;0;9
CAMHDA301-20211130T031500,2021-11-30T03:15:00+00:00,180.0,2,2.78,7,9,0;2;0;0;0;0;2;0;7
CAMHDA301-20211130T061500,2021-11-30T06:15:00+00:00,120.0,0,0.0,4,9,0;0;0;0;0;0;0;0;4
CAMHDA301-20211130T091500,2021-11-30T09:15:00+00:00,480.0,5,6.94,5,9,0;0;0;0;0;0;5;0;5
CAMHDA301-20211130T121500,2021-11-30T12:15:00+00:00,480.0,2,2.78,11,9,0;0;0;0;0;0;2;0;11
CAMHDA301-20211130T151500,2021-11-30T15:15:00+00:00,240.0,2,2.78,3,9,0;0;2;0;0;0;1;0;3
CAMHDA301-20211130T181500,2021-11-30T18:15:00+00:00,180.0,1,1.39,6,9,0;1;0;0;0;0;1;0;6
CAMHDA301-20211130T211500,2021-11-30T21:15:00+00:00,480.0,1,1.39,8,9,0;0;0;0;0;0;1;8;0
CAMHDA301-20211201T031500,2021-12-01T03:15:00+00:00,120.0,1,1.39,2,9,1;0;0;0;1;0;0;1;2
CAMHDA301-20211201T061500,2021-12-01T06:15:00+00:00,540.0,2,2.78,3,9,0;0;1;0;3;0;1;2;0
CAMHDA301-20211201T091500,2021-12-01T09:15:00+00:00,180.0,4,5.56,6,9,1;4;1;2;4;2;2;4;6
CAMHDA301-20211201T121500,2021-12-01T12:15:00+00:00,120.0,6,8.33,6,9,6;0;0;2;6;4;6;5;0
CAMHDA301-20211201T151500,2021-12-01T15:15:00+00:00,120.0,6,8.33,6,9,6;5;3;3;4;5;5;6;5
CAMHDA301-20211201T181500,2021-12-01T18:15:00+00:00,120.0,0,0.0,0,9,0;0;0;0;0;0;0;0;0
CAMHDA301-20211201T211500,2021-12-01T21:15:00+00:00,120.0,0,0.0,0,9,0;0;0;0;0;0;0;0;0
CAMHDA301-20211202T001500,2021-12-02T00:15:00+00:00,120.0,0,0.0,0,9,0;0;0;0;0;0;0;0;0
CAMHDA301-20211202T031500,2021-12-02T03:15:00+00:00,120.0,0,0.0,0,9,0;0;0;0;0;0;0;0;0
CAMHDA301-20211202T061500,2021-12-02T06:15:00+00:00,120.0,0,0.0,0,9,0;0;0;0;0;0;0;0;0
CAMHDA301-20211202T091500,2021-12-02T09:15:00+00:00,120.0,0,0.0,0,9,0;0;0;0;0;0;0;0;0
CAMHDA301-20211202T121500,2021-12-02T12:15:00+00:00,240.0,12,16.67,13,9,8;11;12;8;8;7;10;13;12
CAMHDA301-20211202T151500,2021-12-02T15:15:00+00:00,240.0,11,15.28,11,9,8;10;11;7;11;11;6;10;7
CAMHDA301-20211202T181500,2021-12-02T18:15:00+00:00,360.0,5,6.94,6,9,4;3;3;4;5;4;6;4;3
CAMHDA301-20211202T211500,2021-12-02T21:15:00+00:00,120.0,4,5.56,4,9,4;4;2;4;4;4;4;2;4
CAMHDA301-20211203T001500,2021-12-03T00:15:00+00:00,120.0,0,0.0,0,9,0;0;0;0;0;0;0;0;0
CAMHDA301-20211203T031500,2021-12-03T03:15:00+00:00,300.0,3,4.17,4,9,0;1;2;3;2;0;0;2;4
CAMHDA301-20211203T061500,2021-12-03T06:15:00+00:00,480.0,5,6.94,5,9,4;2;3;4;3;2;5;4;5
CAMHDA301-20211203T091500,2021-12-03T09:15:00+00:00,240.0,5,6.94,8,9,8;3;5;0;3;0;3;4;4
CAMHDA301-20211203T121500,2021-12-03T12:15:00+00:00,120.0,0,0.0,0,9,0;0;0;0;0;0;0;0;0
CAMHDA301-20211203T151500,2021-12-03T15:15:00+00:00,120.0,10,13.89,16,9,10;16;9;7;10;9;10;8;5
CAMHDA301-20211203T181500,2021-12-03T18:15:00+00:00,360.0,9,12.5,9,9,7;5;8;7;9;9;7;4;4
CAMHDA301-20211203T211500,2021-12-03T21:15:00+00:00,360.0,9,12.5,10,9,5;4;4;7;9;7;7;10;8
CAMHDA301-20211207T001500,2021-12-07T00:15:00+00:00,600.0,4,5.56,7,9,0;0;0;0;0;0;7;0;4
CAMHDA301-20211207T031500,2021-12-07T03:15:00+00:00,240.0,1,1.39,12,9,0;0;1;0;0;0;0;12;0
CAMHDA301-20211207T061500,2021-12-07T06:15:00+00:00,240.0,4,5.56,8,9,0;0;4;0;0;0;1;8;0
CAMHDA301-20211207T091500,2021-12-07T09:15:00+00:00,240.0,4,5.56,13,9,0;0;4;0;0;0;2;13;3
CAMHDA301-20211207T121500,2021-12-07T12:15:00+00:00,180.0,1,1.39,7,9,0;1;0;0;0;0;0;7;0
CAMHDA301-20211207T151500,2021-12-07T15:15:00+00:00,480.0,5,6.94,7,9,0;0;2;0;0;0;5;3;7
CAMHDA301-20211207T181500,2021-12-07T18:15:00+00:00,600.0,4,5.56,6,9,0;0;1;0;0;0;3;6;4
CAMHDA301-20211207T211500,2021-12-07T21:15:00+00:00,600.0,2,2.78,3,9,0;0;1;0;0;0;3;1;2
CAMHDA301-20211208T001500,2021-12-08T00:15:00+00:00,600.0,3,4.17,4,9,0;0;2;0;0;0;2;4;3
CAMHDA301-20211208T031500,2021-12-08T03:15:00+00:00,240.0,2,2.78,4,9,0;0;2;0;0;0;0;4;0
CAMHDA301-20211208T061500,2021-12-08T06:15:00+00:00,240.0,2,2.78,17,9,0;0;2;0;0;0;2;17;0
CAMHDA301-20211208T091500,2021-12-08T09:15:00+00:00,480.0,6,8.33,8,9,0;0;1;0;0;0;6;0;8
CAMHDA301-20211208T121500,2021-12-08T12:15:00+00:00,120.0,0,0.0,8,9,0;0;0;0;0;0;0;8;0
CAMHDA301-20211208T151500,2021-12-08T15:15:00+00:00,240.0,6,8.33,8,9,0;0;6;0;0;0;2;8;0
CAMHDA301-20211208T181500,2021-12-08T18:15:00+00:00,240.0,5,6.94,17,9,0;0;5;0;1;0;4;17;1
CAMHDA301-20211208T211500,2021-12-08T21:15:00+00:00,600.0,6,8.33,8,9,0;0;3;0;0;0;4;8;6
CAMHDA301-20211209T001500,2021-12-09T00:15:00+00:00,480.0,3,4.17,6,9,0;0;1;0;0;0;3;0;6
CAMHDA301-20211209T031500,2021-12-09T03:15:00+00:00,480.0,1,1.39,6,9,0;0;0;0;0;0;1;0;6
CAMHDA301-20211209T061500,2021-12-09T06:15:00+00:00,240.0,4,5.56,6,9,0;0;4;0;0;0;2;6;0
CAMHDA301-20211209T091500,2021-12-09T09:15:00+00:00,240.0,1,1.39,5,9,0;0;1;0;0;0;0;5;0
CAMHDA301-20211209T121500,2021-12-09T12:15:00+00:00,240.0,2,2.78,8,9,0;0;2;0;0;0;2;8;0
CAMHDA301-20211209T151500,2021-12-09T15:15:00+00:00,480.0,2,2.78,4,9,0;0;0;0;0;0;2;0;4
CAMHDA301-20211209T181500,2021-12-09T18:15:00+00:00,600.0,5,6.94,10,9,0;0;2;0;0;0;0;10;5
CAMHDA301-20211209T211500,2021-12-09T21:15:00+00:00,600.0,6,8.33,13,9,0;0;3;0;0;0;2;13;6
CAMHDA301-20211210T001500,2021-12-10T00:15:00+00:00,360.0,4,5.56,6,9,1;2;3;1;4;2;3;3;6
CAMHDA301-20211210T031500,2021-12-10T03:15:00+00:00,120.0,0,0.0,0,9,0;0;0;0;0;0;0;0;0
CAMHDA301-20211210T061500,2021-12-10T06:15:00+00:00,120.0,0,0.0,0,9,0;0;0;0;0;0;0;0;0
CAMHDA301-20211210T091500,2021-12-10T09:15:00+00:00,120.0,0,0.0,0,9,0;0;0;0;0;0;0;0;0
CAMHDA301-20211210T121500,2021-12-10T12:15:00+00:00,120.0,9,12.5,9,9,9;9;6;4;5;7;4;5;6
CAMHDA301-20211210T151500,2021-12-10T15:15:00+00:00,120.0,0,0.0,0,9,0;0;0;0;0;0;0;0;0
CAMHDA301-20211210T181500,2021-12-10T18:15:00+00:00,120.0,0,0.0,1,9,0;0;0;0;0;0;0;1;0
CAMHDA301-20211210T211500,2021-12-10T21:15:00+00:00,120.0,15,20.83,15,9,15;15;11;7;11;8;8;6;9
CAMHDA301-20211214T001500,2021-12-14T00:15:00+00:00,240.0,6,8.33,11,9,0;0;6;0;0;0;1;11;0
CAMHDA301-20211214T031500,2021-12-14T03:15:00+00:00,240.0,6,8.33,12,9,0;0;6;0;0;0;1;12;0
CAMHDA301-20211214T061500,2021-12-14T06:15:00+00:00,600.0,4,5.56,9,9,0;0;0;0;0;0;0;9;4
CAMHDA301-20211214T091500,2021-12-14T09:15:00+00:00,240.0,3,4.17,9,9,0;0;3;0;0;0;1;9;0
CAMHDA301-20211214T121500,2021-12-14T12:15:00+00:00,240.0,4,5.56,9,9,0;0;4;0;0;0;0;9;0
CAMHDA301-20211214T151500,2021-12-14T15:15:00+00:00,240.0,2,2.78,5,9,0;1;2;0;0;0;2;0;5
CAMHDA301-20211214T181500,2021-12-14T18:15:00+00:00,540.0,8,11.11,8,9,0;0;3;0;0;0;4;8;8
CAMHDA301-20211214T211500,2021-12-14T21:15:00+00:00,600.0,3,4.17,12,9,0;0;2;0;0;0;0;12;3
CAMHDA301-20211215T001500,2021-12-15T00:15:00+00:00,240.0,5,6.94,10,9,0;0;5;0;0;0;2;10;2
CAMHDA301-20211215T031500,2021-12-15T03:15:00+00:00,240.0,6,8.33,7,9,0;0;6;0;0;0;1;7;0
CAMHDA301-20211215T061500,2021-12-15T06:15:00+00:00,480.0,4,5.56,10,9,0;0;3;0;0;0;4;10;3
CAMHDA301-20211215T091500,2021-12-15T09:15:00+00:00,600.0,2,2.78,9,9,0;0;0;0;0;0;1;9;2
CAMHDA301-20211215T121500,2021-12-15T12:15:00+00:00,180.0,2,2.78,6,9,0;2;0;1;0;0;0;6;0
CAMHDA301-20211215T151500,2021-12-15T15:15:00+00:00,540.0,7,9.72,9,9,0;0;0;0;0;0;5;7;9
CAMHDA301-20211215T181500,2021-12-15T18:15:00+00:00,480.0,3,4.17,7,9,0;1;2;0;0;0;3;7;3
CAMHDA301-20211215T211500,2021-12-15T21:15:00+00:00,480.0,4,5.56,8,9,0;0;0;0;0;0;4;8;3
CAMHDA301-20211216T001500,2021-12-16T00:15:00+00:00,240.0,3,4.17,4,9,0;0;3;0;0;0;0;4;0
CAMHDA301-20211216T031500,2021-12-16T03:15:00+00:00,480.0,8,11.11,8,9,0;2;1;0;1;0;8;8;0
CAMHDA301-20211216T061500,2021-12-16T06:15:00+00:00,360.0,3,4.17,10,9,0;2;0;0;3;0;1;10;0
CAMHDA301-20211216T091500,2021-12-16T09:15:00+00:00,480.0,5,6.94,7,9,0;7;0;0;2;0;5;5;2
CAMHDA301-20211216T121500,2021-12-16T12:15:00+00:00,540.0,5,6.94,8,9,0;0;0;0;4;0;8;5;1
CAMHDA301-20211216T151500,2021-12-16T15:15:00+00:00,480.0,3,4.17,14,9,0;0;0;0;1;0;3;14;0
CAMHDA301-20211216T181500,2021-12-16T18:15:00+00:00,600.0,7,9.72,10,9,0;0;5;0;0;0;2;10;7
CAMHDA301-20211216T211500,2021-12-16T21:15:00+00:00,120.0,0,0.0,3,9,0;0;0;0;0;0;3;0;0
CAMHDA301-20211217T001500,2021-12-17T00:15:00+00:00,120.0,0,0.0,9,9,0;0;0;0;0;0;0;9;0
CAMHDA301-20211217T031500,2021-12-17T03:15:00+00:00,120.0,0,0.0,9,9,0;0;0;0;0;0;0;9;0
CAMHDA301-20211217T061500,2021-12-17T06:15:00+00:00,240.0,3,4.17,6,9,0;0;3;0;1;0;1;1;6
CAMHDA301-20211217T091500,2021-12-17T09:15:00+00:00,540.0,8,11.11,10,9,0;1;0;0;10;0;6;8;1
CAMHDA301-20211217T121500,2021-12-17T12:15:00+00:00,480.0,1,1.39,10,9,0;0;0;0;0;0;1;10;0
CAMHDA301-20211217T151500,2021-12-17T15:15:00+00:00,540.0,5,6.94,6,9,0;0;0;0;0;0;3;5;6
CAMHDA301-20211217T181500,2021-12-17T18:15:00+00:00,600.0,4,5.56,6,9,0;0;1;0;0;0;3;6;4
CAMHDA301-20211217T211500,2021-12-17T21:15:00+00:00,480.0,5,6.94,8,9,0;0;1;0;0;0;5;1;8
CAMHDA301-20211221T001500,2021-12-21T00:15:00+00:00,180.0,1,1.39,14,9,0;1;0;0;0;0;0;14;0
CAMHDA301-20211221T031500,2021-12-21T03:15:00+00:00,180.0,2,2.78,6,9,0;2;0;0;1;0;0;6;0
CAMHDA301-20211221T061500,2021-12-21T06:15:00+00:00,240.0,4,5.56,7,9,0;0;4;0;0;0;0;7;0
CAMHDA301-20211221T091500,2021-12-21T09:15:00+00:00,480.0,2,2.78,13,9,0;0;0;0;0;0;2;13;0
CAMHDA301-20211221T121500,2021-12-21T12:15:00+00:00,240.0,3,4.17,5,9,0;0;3;0;0;0;5;0;3
CAMHDA301-20211221T151500,2021-12-21T15:15:00+00:00,240.0,6,8.33,7,9,0;0;6;0;0;0;1;7;5
CAMHDA301-20211221T181500,2021-12-21T18:15:00+00:00,120.0,0,0.0,7,9,0;0;0;0;0;0;0;7;0
CAMHDA301-20211221T211500,2021-12-21T21:15:00+00:00,480.0,3,4.17,6,9,0;1;0;0;6;0;3;2;2
CAMHDA301-20211222T001500,2021-12-22T00:15:00+00:00,360.0,2,2.78,5,9,0;1;0;0;2;0;5;1;1
CAMHDA301-20211222T031500,2021-12-22T03:15:00+00:00,180.0,8,11.11,8,9,0;8;0;0;1;0;2;8;0
CAMHDA301-20211222T061500,2021-12-22T06:15:00+00:00,240.0,7,9.72,9,9,0;0;7;0;0;0;0;9;0
CAMHDA301-20211222T091500,2021-12-22T09:15:00+00:00,180.0,2,2.78,8,9,0;2;0;0;0;0;2;8;0
CAMHDA301-20211222T121500,2021-12-22T12:15:00+00:00,240.0,1,1.39,5,9,0;0;1;0;0;0;1;5;0
CAMHDA301-20211222T151500,2021-12-22T15:15:00+00:00,540.0,5,6.94,12,9,0;2;0;0;2;0;12;5;0
CAMHDA301-20211222T181500,2021-12-22T18:15:00+00:00,540.0,6,8.33,6,9,0;0;0;0;0;0;1;6;6
CAMHDA301-20211222T211500,2021-12-22T21:15:00+00:00,540.0,6,8.33,12,9,0;0;0;0;0;0;4;6;12
CAMHDA301-20211223T001500,2021-12-23T00:15:00+00:00,540.0,4,5.56,4,9,0;0;0;0;0;0;1;4;4
CAMHDA301-20211223T031500,2021-12-23T03:15:00+00:00,240.0,6,8.33,6,9,0;0;6;0;0;0;5;6;0
CAMHDA301-20211223T061500,2021-12-23T06:15:00+00:00,240.0,1,1.39,6,9,0;0;1;0;0;0;1;6;0
CAMHDA301-20211223T091500,2021-12-23T09:15:00+00:00,600.0,3,4.17,8,9,0;0;0;0;1;0;1;8;3
CAMHDA301-20211223T121500,2021-12-23T12:15:00+00:00,600.0,5,6.94,6,9,0;0;0;0;2;0;6;2;5
CAMHDA301-20211223T151500,2021-12-23T15:15:00+00:00,540.0,2,2.78,4,9,0;0;0;0;0;0;4;2;0
CAMHDA301-20211223T181500,2021-12-23T18:15:00+00:00,540.0,3,4.17,5,9,0;0;0;0;2;0;5;3;0
CAMHDA301-20211223T211500,2021-12-23T21:15:00+00:00,600.0,8,11.11,9,9,0;0;2;0;0;0;4;9;8
CAMHDA301-20211224T001500,2021-12-24T00:15:00+00:00,480.0,6,8.33,9,9,0;1;0;0;4;0;6;9;5
CAMHDA301-20211224T031500,2021-12-24T03:15:00+00:00,360.0,2,2.78,4,9,0;0;0;0;2;0;1;4;0
CAMHDA301-20211224T061500,2021-12-24T06:15:00+00:00,480.0,3,4.17,6,9,0;1;0;0;0;0;3;6;2
CAMHDA301-20211224T091500,2021-12-24T09:15:00+00:00,240.0,3,4.17,10,9,0;0;3;0;0;0;0;10;0
CAMHDA301-20211224T121500,2021-12-24T12:15:00+00:00,120.0,0,0.0,1,9,0;0;0;0;0;0;0;1;0
CAMHDA301-20211224T151500,2021-12-24T15:15:00+00:00,480.0,4,5.56,10,9,0;0;0;0;1;0;4;10;0
CAMHDA301-20211224T181500,2021-12-24T18:15:00+00:00,480.0,3,4.17,3,9,0;0;0;0;0;0;3;3;1
CAMHDA301-20211224T211500,2021-12-24T21:15:00+00:00,480.0,2,2.78,6,9,0;0;0;0;0;0;2;0;6
CAMHDA301-20211228T001500,2021-12-28T00:15:00+00:00,480.0,3,4.17,4,9,0;0;0;0;1;0;3;3;4
CAMHDA301-20211228T031500,2021-12-28T03:15:00+00:00,600.0,5,6.94,15,9,0;0;2;0;0;0;4;15;5
CAMHDA301-20211228T061500,2021-12-28T06:15:00+00:00,540.0,10,13.89,12,9,0;0;0;0;0;0;1;10;12
CAMHDA301-20211228T091500,2021-12-28T09:15:00+00:00,600.0,2,2.78,4,9,0;1;0;0;0;0;4;0;2
CAMHDA301-20211228T121500,2021-12-28T12:15:00+00:00,540.0,6,8.33,8,9,0;0;4;0;0;0;4;6;8
CAMHDA301-20211228T151500,2021-12-28T15:15:00+00:00,540.0,8,11.11,9,9,0;0;0;0;9;0;6;8;3
CAMHDA301-20211228T181500,2021-12-28T18:15:00+00:00,540.0,8,11.11,8,9,0;0;1;0;0;0;3;8;8
CAMHDA301-20211228T211500,2021-12-28T21:15:00+00:00,600.0,6,8.33,8,9,0;0;1;0;0;0;1;8;6
CAMHDA301-20211229T001500,2021-12-29T00:15:00+00:00,480.0,1,1.39,7,9,0;0;0;0;0;0;1;7;0
CAMHDA301-20211229T031500,2021-12-29T03:15:00+00:00,180.0,5,6.94,8,9,0;5;0;0;2;0;8;5;1
CAMHDA301-20211229T061500,2021-12-29T06:15:00+00:00,360.0,3,4.17,10,9,0;0;0;0;3;0;2;10;2
CAMHDA301-20211229T091500,2021-12-29T09:15:00+00:00,240.0,4,5.56,5,9,0;1;4;0;0;0;3;5;3
CAMHDA301-20211229T121500,2021-12-29T12:15:00+00:00,180.0,1,1.39,3,9,0;1;0;0;0;0;1;3;1
CAMHDA301-20211229T151500,2021-12-29T15:15:00+00:00,480.0,1,1.39,3,9,0;0;0;0;0;0;1;3;0
CAMHDA301-20211229T181500,2021-12-29T18:15:00+00:00,240.0,2,2.78,6,9,0;0;2;0;0;0;0;2;6
CAMHDA301-20211229T211500,2021-12-29T21:15:00+00:00,600.0,1,1.39,9,9,0;0;0;0;0;0;0;9;1
CAMHDA301-20211230T001500,2021-12-30T00:15:00+00:00,540.0,6,8.33,8,9,0;8;0;0;0;0;3;6;0
CAMHDA301-20211230T031500,2021-12-30T03:15:00+00:00,180.0,1,1.39,6,9,0;1;0;0;0;0;0;6;0
CAMHDA301-20211230T061500,2021-12-30T06:15:00+00:00,480.0,1,1.39,1,9,0;0;0;0;0;0;1;0;1
CAMHDA301-20211230T091500,2021-12-30T09:15:00+00:00,120.0,0,0.0,8,9,0;0;0;0;0;0;0;8;0
CAMHDA301-20211230T121500,2021-12-30T12:15:00+00:00,240.0,2,2.78,2,9,0;1;2;0;0;0;1;2;2
CAMHDA301-20211230T151500,2021-12-30T15:15:00+00:00,600.0,6,8.33,8,9,0;1;1;0;0;0;1;8;6
CAMHDA301-20211230T181500,2021-12-30T18:15:00+00:00,540.0,9,12.5,9,9,0;0;0;0;0;0;4;9;9
CAMHDA301-20211230T211500,2021-12-30T21:15:00+00:00,480.0,8,11.11,10,9,0;1;0;0;4;0;8;10;2
CAMHDA301-20211231T001500,2021-12-31T00:15:00+00:00,480.0,2,2.78,7,9,0;0;0;0;0;0;2;7;0
CAMHDA301-20211231T031500,2021-12-31T03:15:00+00:00,540.0,5,6.94,6,9,0;0;6;0;0;0;0;5;0
CAMHDA301-20211231T061500,2021-12-31T06:15:00+00:00,480.0,5,6.94,10,9,0;0;0;0;4;0;5;10;0
CAMHDA301-20211231T091500,2021-12-31T09:15:00+00:00,180.0,4,5.56,5,9,0;4;0;0;4;0;5;1;4
CAMHDA301-20211231T121500,2021-12-31T12:15:00+00:00,240.0,7,9.72,7,9,0;0;7;0;0;0;6;7;4
CAMHDA301-20211231T151500,2021-12-31T15:15:00+00:00,480.0,5,6.94,8,9,0;1;0;0;8;0;5;5;3
CAMHDA301-20211231T181500,2021-12-31T18:15:00+00:00,600.0,4,5.56,11,9,0;0;0;0;0;0;2;11;4
CAMHDA301-20211231T211500,2021-12-31T21:15:00+00:00,180.0,1,1.39,2,9,0;1;0;0;0;0;1;0;2
CAMHDA301-20220104T001500,2022-01-04T00:15:00+00:00,180.0,1,1.39,1,9,0;1;0;0;0;0;0;1;0
CAMHDA301-20220104T031500,2022-01-04T03:15:00+00:00,540.0,8,11.11,9,9,0;6;0;0;6;0;9;8;2
CAMHDA301-20220104T061500,2022-01-04T06:15:00+00:00,240.0,7,9.72,7,9,0;0;7;0;0;0;2;7;4
CAMHDA301-20220104T091500,2022-01-04T09:15:00+00:00,120.0,0,0.0,9,9,0;0;0;0;0;0;0;9;0
CAMHDA301-20220104T121500,2022-01-04T12:15:00+00:00,120.0,0,0.0,8,9,0;0;0;0;0;0;0;8;0
CAMHDA301-20220104T151500,2022-01-04T15:15:00+00:00,240.0,7,9.72,9,9,0;0;7;0;0;0;2;9;1
CAMHDA301-20220104T181500,2022-01-04T18:15:00+00:00,360.0,1,1.39,5,9,0;0;0;0;1;0;1;5;0
CAMHDA301-20220104T211500,2022-01-04T21:15:00+00:00,480.0,4,5.56,11,9,0;0;0;0;0;0;4;11;4
CAMHDA301-20220105T001500,2022-01-05T00:15:00+00:00,480.0,2,2.78,8,9,0;0;0;0;0;0;2;8;0
CAMHDA301-20220105T031500,2022-01-05T03:15:00+00:00,240.0,6,8.33,13,9,0;0;6;0;0;0;0;13;0
CAMHDA301-20220105T061500,2022-01-05T06:15:00+00:00,240.0,5,6.94,8,9,0;0;5;0;0;0;3;8;3
CAMHDA301-20220105T091500,2022-01-05T09:15:00+00:00,240.0,3,4.17,11,9,0;0;3;0;0;0;0;11;0
CAMHDA301-20220105T121500,2022-01-05T12:15:00+00:00,480.0,2,2.78,5,9,0;0;0;0;0;0;2;0;5
CAMHDA301-20220105T151500,2022-01-05T15:15:00+00:00,480.0,2,2.78,6,9,0;0;1;0;0;0;2;1;6
CAMHDA301-20220105T181500,2022-01-05T18:15:00+00:00,600.0,5,6.94,12,9,0;0;0;0;0;0;2;12;5
CAMHDA301-20220105T211500,2022-01-05T21:15:00+00:00,600.0,3,4.17,8,9,0;0;0;0;0;0;2;8;3
CAMHDA301-20220106T001500,2022-01-06T00:15:00+00:00,120.0,0,0.0,1,9,0;0;0;0;0;0;1;0;0
CAMHDA301-20220106T031500,2022-01-06T03:15:00+00:00,480.0,2,2.78,6,9,0;0;1;0;0;0;2;6;0
CAMHDA301-20220106T061500,2022-01-06T06:15:00+00:00,240.0,4,5.56,5,9,0;1;4;0;0;0;1;5;0
CAMHDA301-20220106T091500,2022-01-06T09:15:00+00:00,540.0,6,8.33,8,9,0;1;8;0;0;0;3;6;0
CAMHDA301-20220106T121500,2022-01-06T12:15:00+00:00,120.0,0,0.0,9,9,0;0;0;0;0;0;0;9;0
CAMHDA301-20220106T151500,2022-01-06T15:15:00+00:00,600.0,2,2.78,9,9,0;0;0;0;0;0;0;9;2
CAMHDA301-20220106T181500,2022-01-06T18:15:00+00:00,240.0,3,4.17,7,9,0;0;3;0;0;0;1;7;0
CAMHDA301-20220106T211500,2022-01-06T21:15:00+00:00,600.0,5,6.94,9,9,0;0;4;0;0;0;9;4;5
CAMHDA301-20220107T001500,2022-01-07T00:15:00+00:00,480.0,2,2.78,7,9,0;0;1;0;0;0;2;7;1
CAMHDA301-20220107T031500,2022-01-07T03:15:00+00:00,480.0,3,4.17,15,9,0;0;2;0;0;0;3;15;2
CAMHDA301-20220107T061500,2022-01-07T06:15:00+00:00,540.0,6,8.33,11,9,0;0;11;0;0;0;1;6;2
CAMHDA301-20220107T091500,2022-01-07T09:15:00+00:00,480.0,3,4.17,8,9,0;0;0;0;0;0;3;0;8
CAMHDA301-20220107T121500,2022-01-07T12:15:00+00:00,480.0,1,1.39,11,9,0;0;0;0;0;0;1;11;0
CAMHDA301-20220107T151500,2022-01-07T15:15:00+00:00,240.0,6,8.33,8,9,0;0;6;0;0;0;3;8;0
CAMHDA301-20220107T181500,2022-01-07T18:15:00+00:00,480.0,2,2.78,10,9,0;0;0;0;0;0;2;10;0
CAMHDA301-20220107T211500,2022-01-07T21:15:00+00:00,540.0,5,6.94,8,9,0;0;3;0;0;0;4;5;8
CAMHDA301-20220111T001500,2022-01-11T00:15:00+00:00,240.0,2,2.78,10,9,0;0;2;0;0;0;1;10;0
CAMHDA301-20220111T031500,2022-01-11T03:15:00+00:00,120.0,0,0.0,6,9,0;0;0;0;0;0;0;6;0
CAMHDA301-20220111T061500,2022-01-11T06:15:00+00:00,180.0,1,1.39,5,9,0;1;1;0;0;0;1;0;5
CAMHDA301-20220111T091500,2022-01-11T09:15:00+00:00,480.0,2,2.78,9,9,0;0;0;0;0;0;2;9;0
CAMHDA301-20220111T121500,2022-01-11T12:15:00+00:00,540.0,5,6.94,9,9,0;0;2;0;0;0;3;5;9
CAMHDA301-20220111T151500,2022-01-11T15:15:00+00:00,540.0,11,15.28,11,9,0;0;3;0;0;0;3;11;11
CAMHDA301-20220111T181500,2022-01-11T18:15:00+00:00,540.0,2,2.78,6,9,0;0;1;0;0;0;1;2;6
CAMHDA301-20220111T211500,2022-01-11T21:15:00+00:00,120.0,0,0.0,19,9,0;0;0;0;0;0;0;19;0
CAMHDA301-20220112T001500,2022-01-12T00:15:00+00:00,240.0,5,6.94,9,9,0;0;5;0;0;0;0;9;0
CAMHDA301-20220112T031500,2022-01-12T03:15:00+00:00,480.0,1,1.39,6,9,0;0;0;0;0;0;1;6;0
CAMHDA301-20220112T061500,2022-01-12T06:15:00+00:00,540.0,3,4.17,5,9,0;0;2;0;0;0;1;3;5
CAMHDA301-20220112T091500,2022-01-12T09:15:00+00:00,120.0,0,0.0,4,9,0;0;0;0;0;0;0;4;0
CAMHDA301-20220112T121500,2022-01-12T12:15:00+00:00,480.0,2,2.78,3,9,0;0;0;0;0;0;2;3;1
CAMHDA301-20220112T151500,2022-01-12T15:15:00+00:00,480.0,2,2.78,14,9,0;0;0;0;0;0;2;14;1
CAMHDA301-20220112T181500,2022-01-12T18:15:00+00:00,600.0,5,6.94,7,9,0;0;2;0;0;0;4;7;5
CAMHDA301-20220112T211500,2022-01-12T21:15:00+00:00,480.0,4,5.56,4,9,0;0;0;0;0;0;4;4;3
CAMHDA301-20220113T001500,2022-01-13T00:15:00+00:00,240.0,4,5.56,6,9,0;0;4;0;0;0;0;6;0
CAMHDA301-20220113T031500,2022-01-13T03:15:00+00:00,540.0,3,4.17,4,9,0;0;0;0;0;0;4;3;1
CAMHDA301-20220113T061500,2022-01-13T06:15:00+00:00,240.0,7,9.72,9,9,0;0;7;0;0;0;1;9;2
CAMHDA301-20220113T091500,2022-01-13T09:15:00+00:00,540.0,5,6.94,7,9,0;0;7;0;0;0;1;5;1
CAMHDA301-20220113T121500,2022-01-13T12:15:00+00:00,120.0,0,0.0,3,9,0;0;0;0;0;0;0;3;0
CAMHDA301-20220113T151500,2022-01-13T15:15:00+00:00,540.0,7,9.72,7,9,0;0;6;0;0;0;2;7;7
CAMHDA301-20220113T181500,2022-01-13T18:15:00+00:00,480.0,3,4.17,4,9,0;0;0;0;0;0;3;3;4
CAMHDA301-20220113T211500,2022-01-13T21:15:00+00:00,240.0,4,5.56,8,9,0;0;4;0;0;0;3;8;0
CAMHDA301-20220114T001500,2022-01-14T00:15:00+00:00,240.0,6,8.33,13,9,0;0;6;0;0;0;1;13;0
CAMHDA301-20220114T031500,2022-01-14T03:15:00+00:00,240.0,3,4.17,7,9,0;0;3;0;0;0;0;7;0
CAMHDA301-20220114T061500,2022-01-14T06:15:00+00:00,240.0,4,5.56,4,9,0;0;4;0;0;0;2;4;2
CAMHDA301-20220114T091500,2022-01-14T09:15:00+00:00,540.0,2,2.78,2,9,0;0;1;0;0;0;1;2;2
CAMHDA301-20220114T121500,2022-01-14T12:15:00+00:00,240.0,3,4.17,9,9,0;0;3;0;0;0;2;9;3
CAMHDA301-20220114T151500,2022-01-14T15:15:00+00:00,540.0,6,8.33,8,9,0;0;1;0;0;0;4;6;8
CAMHDA301-20220114T181500,2022-01-14T18:15:00+00:00,600.0,6,8.33,10,9,0;0;0;0;0;0;3;10;6
CAMHDA301-20220114T211500,2022-01-14T21:15:00+00:00,600.0,6,8.33,9,9,0;0;0;0;0;0;2;9;6
CAMHDA301-20220118T001500,2022-01-18T00:15:00+00:00,240.0,4,5.56,9,9,0;0;4;0;0;0;0;9;0
CAMHDA301-20220118T031500,2022-01-18T03:15:00+00:00,240.0,4,5.56,7,9,0;0;4;0;0;0;1;7;0
CAMHDA301-20220118T061500,2022-01-18T06:15:00+00:00,240.0,5,6.94,14,9,0;0;5;0;0;0;1;14;0
CAMHDA301-20220118T091500,2022-01-18T09:15:00+00:00,120.0,0,0.0,4,9,0;0;0;0;0;0;0;0;4
CAMHDA301-20220118T121500,2022-01-18T12:15:00+00:00,540.0,5,6.94,7,9,0;0;7;0;0;0;0;5;0
CAMHDA301-20220118T151500,2022-01-18T15:15:00+00:00,540.0,1,1.39,3,9,0;0;0;0;0;0;3;1;0
CAMHDA301-20220118T181500,2022-01-18T18:15:00+00:00,600.0,6,8.33,7,9,0;0;2;0;0;0;3;7;6
CAMHDA301-20220118T211500,2022-01-18T21:15:00+00:00,540.0,3,4.17,3,9,0;0;2;0;0;0;1;3;3
CAMHDA301-20220119T001500,2022-01-19T00:15:00+00:00,240.0,3,4.17,9,9,0;0;3;0;0;0;0;9;0
CAMHDA301-20220119T031500,2022-01-19T03:15:00+00:00,540.0,4,5.56,9,9,0;0;9;0;0;0;0;4;0
CAMHDA301-20220119T061500,2022-01-19T06:15:00+00:00,480.0,1,1.39,4,9,0;0;0;0;0;0;1;4;0
CAMHDA301-20220119T091500,2022-01-19T09:15:00+00:00,540.0,2,2.78,3,9,0;0;0;0;0;0;1;2;3
CAMHDA301-20220119T121500,2022-01-19T12:15:00+00:00,540.0,3,4.17,8,9,0;0;8;0;0;0;1;3;1
CAMHDA301-20220119T151500,2022-01-19T15:15:00+00:00,480.0,2,2.78,2,9,0;0;0;0;0;0;2;2;0
CAMHDA301-20220119T181500,2022-01-19T18:15:00+00:00,480.0,4,5.56,9,9,0;0;3;0;0;0;4;3;9
CAMHDA301-20220119T211500,2022-01-19T21:15:00+00:00,600.0,5,6.94,6,9,0;0;6;0;0;0;1;3;5
CAMHDA301-20220120T001500,2022-01-20T00:15:00+00:00,120.0,0,0.0,2,9,0;0;0;0;0;0;2;0;0
CAMHDA301-20220120T031500,2022-01-20T03:15:00+00:00,120.0,5,6.94,5,9,5;4;4;3;4;0;5;4;2
CAMHDA301-20220120T061500,2022-01-20T06:15:00+00:00,120.0,0,0.0,0,9,0;0;0;0;0;0;0;0;0
CAMHDA301-20220120T091500,2022-01-20T09:15:00+00:00,120.0,0,0.0,0,9,0;0;0;0;0;0;0;0;0
CAMHDA301-20220120T121500,2022-01-20T12:15:00+00:00,300.0,1,1.39,3,9,0;3;0;1;0;0;1;0;1
CAMHDA301-20220120T151500,2022-01-20T15:15:00+00:00,360.0,2,2.78,2,9,0;0;0;1;2;2;2;2;0
CAMHDA301-20220120T181500,2022-01-20T18:15:00+00:00,120.0,12,16.67,14,9,12;11;11;12;6;8;12;14;9
CAMHDA301-20220120T211500,2022-01-20T21:15:00+00:00,480.0,14,19.44,15,9,9;7;9;10;10;15;14;11;14
CAMHDA301-20220121T001500,2022-01-21T00:15:00+00:00,240.0,4,5.56,5,9,0;0;4;0;0;0;0;5;0
CAMHDA301-20220121T031500,2022-01-21T03:15:00+00:00,240.0,1,1.39,3,9,0;0;1;0;0;0;0;3;0
CAMHDA301-20220121T061500,2022-01-21T06:15:00+00:00,240.0,1,1.39,3,9,0;0;1;0;0;0;0;3;0
CAMHDA301-20220121T091500,2022-01-21T09:15:00+00:00,240.0,5,6.94,5,9,0;0;5;0;0;0;1;2;5
CAMHDA301-20220121T121500,2022-01-21T12:15:00+00:00,540.0,1,1.39,2,9,0;0;2;0;0;0;0;1;0
CAMHDA301-20220121T151500,2022-01-21T15:15:00+00:00,600.0,2,2.78,6,9,0;0;1;0;0;0;0;6;2
CAMHDA301-20220121T181500,2022-01-21T18:15:00+00:00,480.0,1,1.39,7,9,0;0;0;0;0;0;1;7;0
CAMHDA301-20220121T211500,2022-01-21T21:15:00+00:00,240.0,1,1.39,5,9,0;0;1;0;0;0;1;0;5
CAMHDA301-20220125T001500,2022-01-25T00:15:00+00:00,540.0,1,1.39,4,9,0;0;0;0;0;0;0;1;4
CAMHDA301-20220125T031500,2022-01-25T03:15:00+00:00,540.0,1,1.39,8,9,0;0;0;0;0;0;8;1;1
CAMHDA301-20220125T061500,2022-01-25T06:15:00+00:00,540.0,5,6.94,6,9,0;0;0;0;0;0;6;5;2
CAMHDA301-20220125T091500,2022-01-25T09:15:00+00:00,480.0,5,6.94,7,9,0;0;0;0;0;0;5;0;7
CAMHDA301-20220125T121500,2022-01-25T12:15:00+00:00,240.0,3,4.17,6,9,0;0;3;0;0;0;1;0;6
CAMHDA301-20220125T151500,2022-01-25T15:15:00+00:00,480.0,2,2.78,4,9,0;0;0;0;0;0;2;4;0
CAMHDA301-20220125T181500,2022-01-25T18:15:00+00:00,240.0,5,6.94,8,9,0;0;5;0;0;0;1;8;0
CAMHDA301-20220125T211500,2022-01-25T21:15:00+00:00,480.0,1,1.39,8,9,0;0;0;0;0;0;1;8;0
CAMHDA301-20220126T001500,2022-01-26T00:15:00+00:00,240.0,3,4.17,9,9,0;0;3;0;0;0;0;9;0
CAMHDA301-20220126T031500,2022-01-26T03:15:00+00:00,480.0,3,4.17,6,9,0;0;0;0;0;0;3;6;2
CAMHDA301-20220126T061500,2022-01-26T06:15:00+00:00,540.0,4,5.56,5,9,0;0;5;0;0;0;3;4;0
CAMHDA301-20220126T091500,2022-01-26T09:15:00+00:00,480.0,3,4.17,3,9,0;0;0;0;0;0;3;3;3
CAMHDA301-20220126T121500,2022-01-26T12:15:00+00:00,480.0,5,6.94,6,9,0;0;1;0;0;0;5;0;6
CAMHDA301-20220126T151500,2022-01-26T15:15:00+00:00,540.0,2,2.78,7,9,0;0;1;0;0;0;0;2;7
CAMHDA301-20220126T181500,2022-01-26T18:15:00+00:00,540.0,5,6.94,9,9,0;0;2;0;0;0;1;5;9
CAMHDA301-20220126T211500,2022-01-26T21:15:00+00:00,480.0,1,1.39,13,9,0;0;0;0;0;0;1;13;0
CAMHDA301-20220127T001500,2022-01-27T00:15:00+00:00,240.0,5,6.94,8,9,0;0;5;0;0;0;0;8;0
CAMHDA301-20220127T031500,2022-01-27T03:15:00+00:00,240.0,3,4.17,3,9,0;0;3;0;0;0;1;0;3
CAMHDA301-20220127T061500,2022-01-27T06:15:00+00:00,540.0,5,6.94,9,9,0;1;2;0;0;0;4;5;9
CAMHDA301-20220127T091500,2022-01-27T09:15:00+00:00,600.0,2,2.78,4,9,0;0;0;0;0;0;4;0;2
CAMHDA301-20220127T121500,2022-01-27T12:15:00+00:00,600.0,4,5.56,8,9,0;0;2;0;0;0;0;8;4
CAMHDA301-20220127T151500,2022-01-27T15:15:00+00:00,600.0,6,8.33,9,9,0;0;0;0;0;0;3;9;6
CAMHDA301-20220127T181500,2022-01-27T18:15:00+00:00,600.0,2,2.78,9,9,0;0;0;0;0;0;1;9;2
CAMHDA301-20220127T211500,2022-01-27T21:15:00+00:00,480.0,3,4.17,4,9,0;0;1;0;0;0;3;0;4
CAMHDA301-20220128T001500,2022-01-28T00:15:00+00:00,600.0,6,8.33,8,9,0;0;1;0;0;0;3;8;6
CAMHDA301-20220128T031500,2022-01-28T03:15:00+00:00,540.0,5,6.94,6,9,0;0;1;0;0;0;1;5;6
CAMHDA301-20220128T061500,2022-01-28T06:15:00+00:00,480.0,4,5.56,9,9,0;0;1;0;0;0;4;9;4
CAMHDA301-20220128T091500,2022-01-28T09:15:00+00:00,480.0,3,4.17,7,9,0;0;0;0;0;0;3;7;3
CAMHDA301-20220128T121500,2022-01-28T12:15:00+00:00,540.0,6,8.33,9,9,0;1;3;0;0;0;3;6;9
CAMHDA301-20220128T151500,2022-01-28T15:15:00+00:00,480.0,3,4.17,5,9,0;0;0;0;0;0;3;1;5
CAMHDA301-20220128T181500,2022-01-28T18:15:00+00:00,600.0,8,11.11,10,9,0;0;1;0;0;0;1;10;8
CAMHDA301-20220128T211500,2022-01-28T21:15:00+00:00,240.0,2,2.78,10,9,0;0;2;0;0;0;0;10;0
CAMHDA301-20220201T031500,2022-02-01T03:15:00+00:00,420.0,1,1.39,1,9,0;0;0;0;0;1;0;1;1
CAMHDA301-20220201T061500,2022-02-01T06:15:00+00:00,120.0,0,0.0,1,9,0;0;0;1;0;0;0;0;0
CAMHDA301-20220201T091500,2022-02-01T09:15:00+00:00,120.0,5,6.94,6,9,5;3;3;3;2;3;3;4;6
CAMHDA301-20220201T121500,2022-02-01T12:15:00+00:00,120.0,11,15.28,11,9,11;9;10;11;9;8;11;9;6
CAMHDA301-20220201T151500,2022-02-01T15:15:00+00:00,120.0,0,0.0,0,9,0;0;0;0;0;0;0;0;0
CAMHDA301-20220201T181500,2022-02-01T18:15:00+00:00,120.0,0,0.0,0,9,0;0;0;0;0;0;0;0;0
CAMHDA301-20220201T211500,2022-02-01T21:15:00+00:00,120.0,0,0.0,0,9,0;0;0;0;0;0;0;0;0
CAMHDA301-20220202T001500,2022-02-02T00:15:00+00:00,120.0,0,0.0,0,9,0;0;0;0;0;0;0;0;0
CAMHDA301-20220202T031500,2022-02-02T03:15:00+00:00,120.0,0,0.0,0,9,0;0;0;0;0;0;0;0;0
CAMHDA301-20220202T061500,2022-02-02T06:15:00+00:00,120.0,0,0.0,0,9,0;0;0;0;0;0;0;0;0
CAMHDA301-20220202T091500,2022-02-02T09:15:00+00:00,120.0,0,0.0,0,9,0;0;0;0;0;0;0;0;0
CAMHDA301-20220202T121500,2022-02-02T12:15:00+00:00,360.0,7,9.72,8,9,5;6;6;6;7;7;4;8;7
CAMHDA301-20220202T151500,2022-02-02T15:15:00+00:00,120.0,5,6.94,5,9,5;5;3;3;2;4;3;4;5
CAMHDA301-20220202T181500,2022-02-02T18:15:00+00:00,120.0,0,0.0,0,9,0;0;0;0;0;0;0;0;0
CAMHDA301-20220202T211500,2022-02-02T21:15:00+00:00,180.0,10,13.89,10,9,6;10;10;8;7;8;8;8;6
CAMHDA301-20220203T001500,2022-02-03T00:15:00+00:00,300.0,1,1.39,2,9,0;2;0;1;0;0;0;0;0
CAMHDA301-20220203T031500,2022-02-03T03:15:00+00:00,360.0,1,1.39,1,9,0;0;0;0;1;0;1;0;0
CAMHDA301-20220203T061500,2022-02-03T06:15:00+00:00,180.0,2,2.78,3,9,0;2;1;1;3;0;0;1;1
CAMHDA301-20220203T091500,2022-02-03T09:15:00+00:00,120.0,1,1.39,1,9,1;0;0;1;0;0;0;1;0
CAMHDA301-20220203T121500,2022-02-03T12:15:00+00:00,120.0,1,1.39,3,9,1;0;0;3;1;0;1;0;1
CAMHDA301-20220203T151500,2022-02-03T15:15:00+00:00,540.0,12,16.67,14,9,7;7;2;7;5;14;9;12;6
CAMHDA301-20220203T181500,2022-02-03T18:15:00+00:00,240.0,11,15.28,13,9,13;8;11;7;11;9;6;8;7
CAMHDA301-20220203T211500,2022-02-03T21:15:00+00:00,360.0,12,16.67,12,9,6;10;7;11;12;6;7;12;8
CAMHDA301-20220204T001500,2022-02-04T00:15:00+00:00,600.0,1,1.39,6,9,0;0;0;0;0;0;0;6;1
CAMHDA301-20220204T031500,2022-02-04T03:15:00+00:00,180.0,4,5.56,15,9,0;4;0;0;0;0;3;15;0
CAMHDA301-20220204T061500,2022-02-04T06:15:00+00:00,600.0,3,4.17,4,9,0;0;0;0;0;0;1;4;3
CAMHDA301-20220204T091500,2022-02-04T09:15:00+00:00,600.0,4,5.56,7,9,0;0;3;0;0;0;3;7;4
CAMHDA301-20220204T121500,2022-02-04T12:15:00+00:00,540.0,4,5.56,6,9,0;0;6;0;0;0;0;4;0
CAMHDA301-20220204T151500,2022-02-04T15:15:00+00:00,180.0,1,1.39,8,9,0;1;1;0;0;0;1;8;0
CAMHDA301-20220204T181500,2022-02-04T18:15:00+00:00,240.0,3,4.17,7,9,0;0;3;0;0;0;0;7;0
CAMHDA301-20220204T211500,2022-02-04T21:15:00+00:00,600.0,5,6.94,7,9,0;0;0;0;0;0;4;7;5
CAMHDA301-20220208T001500,2022-02-08T00:15:00+00:00,240.0,4,5.56,7,9,0;0;4;0;0;0;0;7;0
CAMHDA301-20220208T031500,2022-02-08T03:15:00+00:00,240.0,4,5.56,7,9,0;0;4;0;0;0;0;7;0
CAMHDA301-20220208T061500,2022-02-08T06:15:00+00:00,240.0,6,8.33,8,9,0;0;6;0;0;0;4;8;5
CAMHDA301-20220208T091500,2022-02-08T09:15:00+00:00,480.0,3,4.17,6,9,0;1;1;0;0;0;3;3;6
CAMHDA301-20220208T121500,2022-02-08T12:15:00+00:00,540.0,8,11.11,9,9,0;0;1;0;0;0;5;8;9
CAMHDA301-20220208T151500,2022-02-08T15:15:00+00:00,600.0,6,8.33,8,9,0;0;2;0;0;0;4;8;6
CAMHDA301-20220208T181500,2022-02-08T18:15:00+00:00,480.0,3,4.17,9,9,0;0;0;0;0;0;3;1;9
CAMHDA301-20220208T211500,2022-02-08T21:15:00+00:00,240.0,2,2.78,6,9,0;0;2;0;0;0;1;6;0
CAMHDA301-20220209T001500,2022-02-09T00:15:00+00:00,120.0,0,0.0,6,9,0;0;0;0;0;0;0;6;0
CAMHDA301-20220209T031500,2022-02-09T03:15:00+00:00,480.0,3,4.17,7,9,0;0;0;0;0;0;3;0;7
CAMHDA301-20220209T061500,2022-02-09T06:15:00+00:00,480.0,3,4.17,4,9,0;0;0;0;0;0;3;0;4
CAMHDA301-20220209T091500,2022-02-09T09:15:00+00:00,480.0,1,1.39,4,9,0;0;0;0;0;0;1;1;4
CAMHDA301-20220209T121500,2022-02-09T12:15:00+00:00,480.0,2,2.78,7,9,0;0;0;0;0;0;2;1;7
CAMHDA301-20220209T151500,2022-02-09T15:15:00+00:00,540.0,4,5.56,6,9,0;0;2;0;0;0;0;4;6
CAMHDA301-20220209T181500,2022-02-09T18:15:00+00:00,600.0,5,6.94,6,9,0;0;0;0;0;0;2;6;5
CAMHDA301-20220209T211500,2022-02-09T21:15:00+00:00,240.0,4,5.56,9,9,0;0;4;0;0;0;0;9;0
CAMHDA301-20220210T001500,2022-02-10T00:15:00+00:00,120.0,0,0.0,0,9,0;0;0;0;0;0;0;0;0
CAMHDA301-20220210T031500,2022-02-10T03:15:00+00:00,120.0,4,5.56,5,9,4;4;5;3;4;3;1;2;2
CAMHDA301-20220210T061500,2022-02-10T06:15:00+00:00,120.0,0,0.0,0,9,0;0;0;0;0;0;0;0;0
CAMHDA301-20220210T091500,2022-02-10T09:15:00+00:00,120.0,0,0.0,0,9,0;0;0;0;0;0;0;0;0
CAMHDA301-20220210T121500,2022-02-10T12:15:00+00:00,120.0,1,1.39,1,9,1;1;0;0;0;0;0;0;0
CAMHDA301-20220210T151500,2022-02-10T15:15:00+00:00,120.0,2,2.78,3,9,2;1;1;0;0;2;0;1;3
CAMHDA301-20220210T181500,2022-02-10T18:15:00+00:00,540.0,11,15.28,15,9,8;8;8;9;7;9;15;11;8
CAMHDA301-20220210T211500,2022-02-10T21:15:00+00:00,180.0,10,13.89,11,9,8;10;4;3;5;1;11;8;6
CAMHDA301-20220211T001500,2022-02-11T00:15:00+00:00,240.0,3,4.17,8,9,0;0;3;0;0;0;0;8;0
CAMHDA301-20220211T031500,2022-02-11T03:15:00+00:00,480.0,1,1.39,4,9,0;0;0;0;0;0;1;4;0
CAMHDA301-20220211T061500,2022-02-11T06:15:00+00:00,240.0,4,5.56,7,9,0;0;4;0;0;0;2;3;7
CAMHDA301-20220211T091500,2022-02-11T09:15:00+00:00,480.0,1,1.39,7,9,0;0;0;0;0;0;1;0;7
CAMHDA301-20220211T121500,2022-02-11T12:15:00+00:00,540.0,4,5.56,5,9,0;0;0;0;0;0;5;4;1
CAMHDA301-20220211T151500,2022-02-11T15:15:00+00:00,480.0,2,2.78,4,9,0;0;0;0;0;0;2;0;4
CAMHDA301-20220211T181500,2022-02-11T18:15:00+00:00,180.0,1,1.39,4,9,0;1;1;0;0;0;1;0;4
CAMHDA301-20220211T211500,2022-02-11T21:15:00+00:00,480.0,3,4.17,8,9,0;0;0;0;0;0;3;8;1
CAMHDA301-20220215T001500,2022-02-15T00:15:00+00:00,240.0,5,6.94,9,9,0;0;5;0;0;0;1;9;1
CAMHDA301-20220215T031500,2022-02-15T03:15:00+00:00,240.0,3,4.17,7,9,0;0;3;0;0;0;1;7;0
CAMHDA301-20220215T061500,2022-02-15T06:15:00+00:00,120.0,0,0.0,4,9,0;0;0;0;0;0;4;0;0
CAMHDA301-20220215T091500,2022-02-15T09:15:00+00:00,240.0,1,1.39,9,9,0;0;1;0;0;0;0;9;0
CAMHDA301-20220215T121500,2022-02-15T12:15:00+00:00,120.0,0,0.0,2,9,0;0;0;0;0;0;2;0;0
CAMHDA301-20220215T151500,2022-02-15T15:15:00+00:00,600.0,7,9.72,9,9,0;0;0;0;0;0;4;9;7
CAMHDA301-20220215T181500,2022-02-15T18:15:00+00:00,540.0,4,5.56,8,9,0;0;0;0;0;0;3;4;8
CAMHDA301-20220215T211500,2022-02-15T21:15:00+00:00,480.0,7,9.72,7,9,0;0;1;0;0;0;7;2;7
CAMHDA301-20220216T001500,2022-02-16T00:15:00+00:00,240.0,3,4.17,5,9,0;0;3;0;0;0;0;5;0
CAMHDA301-20220216T031500,2022-02-16T03:15:00+00:00,240.0,3,4.17,8,9,0;0;3;0;0;0;1;8;0
CAMHDA301-20220216T061500,2022-02-16T06:15:00+00:00,240.0,2,2.78,6,9,0;0;2;0;0;0;2;6;1
CAMHDA301-20220216T091500,2022-02-16T09:15:00+00:00,540.0,3,4.17,3,9,0;0;0;0;0;0;2;3;3
CAMHDA301-20220216T121500,2022-02-16T12:15:00+00:00,240.0,3,4.17,11,9,0;0;3;0;0;0;0;11;0
CAMHDA301-20220216T151500,2022-02-16T15:15:00+00:00,540.0,4,5.56,5,9,0;0;5;0;0;0;1;4;0
CAMHDA301-20220216T181500,2022-02-16T18:15:00+00:00,540.0,4,5.56,8,9,0;0;0;0;0;0;2;4;8
CAMHDA301-20220216T211500,2022-02-16T21:15:00+00:00,480.0,5,6.94,5,9,0;0;0;0;0;0;5;0;5
CAMHDA301-20220217T001500,2022-02-17T00:15:00+00:00,480.0,2,2.78,2,9,0;0;1;0;0;0;2;2;2
CAMHDA301-20220217T031500,2022-02-17T03:15:00+00:00,240.0,5,6.94,6,9,0;1;5;0;0;0;2;6;3
CAMHDA301-20220217T061500,2022-02-17T06:15:00+00:00,120.0,0,0.0,5,9,0;0;0;0;0;0;0;5;0
CAMHDA301-20220217T091500,2022-02-17T09:15:00+00:00,540.0,4,5.56,10,9,0;0;1;0;0;0;2;4;10
CAMHDA301-20220217T121500,2022-02-17T12:15:00+00:00,480.0,4,5.56,11,9,0;0;0;0;0;0;4;11;0
CAMHDA301-20220217T151500,2022-02-17T15:15:00+00:00,480.0,2,2.78,9,9,0;1;0;0;0;0;2;9;2
CAMHDA301-20220217T181500,2022-02-17T18:15:00+00:00,540.0,4,5.56,8,9,0;0;1;0;0;0;3;4;8
CAMHDA301-20220217T211500,2022-02-17T21:15:00+00:00,480.0,3,4.17,4,9,0;0;1;0;0;0;3;4;1
CAMHDA301-20220218T001500,2022-02-18T00:15:00+00:00,120.0,0,0.0,9,9,0;0;0;0;0;0;0;9;0
CAMHDA301-20220218T031500,2022-02-18T03:15:00+00:00,120.0,0,0.0,8,9,0;0;0;0;0;0;0;8;0
CAMHDA301-20220218T061500,2022-02-18T06:15:00+00:00,480.0,2,2.78,5,9,0;0;0;0;0;0;2;0;5
CAMHDA301-20220218T091500,2022-02-18T09:15:00+00:00,480.0,4,5.56,9,9,0;0;0;0;0;0;4;4;9
CAMHDA301-20220218T121500,2022-02-18T12:15:00+00:00,120.0,0,0.0,6,9,0;0;0;0;0;0;0;6;0
CAMHDA301-20220218T151500,2022-02-18T15:15:00+00:00,240.0,2,2.78,11,9,0;0;2;0;0;0;0;11;1
CAMHDA301-20220218T181500,2022-02-18T18:15:00+00:00,480.0,4,5.56,15,9,0;0;1;0;0;0;4;3;15
CAMHDA301-20220218T211500,2022-02-18T21:15:00+00:00,540.0,5,6.94,12,9,0;0;2;0;0;0;3;5;12
CAMHDA301-20220222T001500,2022-02-22T00:15:00+00:00,180.0,1,1.39,4,9,0;1;0;0;0;0;1;4;0
CAMHDA301-20220222T031500,2022-02-22T03:15:00+00:00,240.0,2,2.78,8,9,0;0;2;0;0;0;1;8;0
CAMHDA301-20220222T061500,2022-02-22T06:15:00+00:00,240.0,2,2.78,9,9,0;0;2;0;0;0;0;9;0
CAMHDA301-20220222T091500,2022-02-22T09:15:00+00:00,480.0,2,2.78,7,9,0;0;0;0;0;0;2;0;7
CAMHDA301-20220222T121500,2022-02-22T12:15:00+00:00,480.0,7,9.72,7,9,0;0;0;0;0;0;7;7;4
CAMHDA301-20220222T151500,2022-02-22T15:15:00+00:00,180.0,1,1.39,9,9,0;1;0;0;0;0;1;0;9
CAMHDA301-20220222T181500,2022-02-22T18:15:00+00:00,600.0,6,8.33,9,9,0;0;2;0;0;0;1;9;6
CAMHDA301-20220222T211500,2022-02-22T21:15:00+00:00,120.0,0,0.0,3,9,0;0;0;0;0;0;0;3;0
CAMHDA301-20220223T001500,2022-02-23T00:15:00+00:00,480.0,3,4.17,5,9,0;0;0;0;0;0;3;0;5
CAMHDA301-20220223T031500,2022-02-23T03:15:00+00:00,480.0,3,4.17,6,9,0;0;0;0;0;0;3;6;0
CAMHDA301-20220223T061500,2022-02-23T06:15:00+00:00,120.0,0,0.0,8,9,0;0;0;0;0;0;0;8;0
CAMHDA301-20220223T091500,2022-02-23T09:15:00+00:00,540.0,6,8.33,8,9,0;0;1;0;0;0;2;6;8
CAMHDA301-20220223T121500,2022-02-23T12:15:00+00:00,540.0,3,4.17,6,9,0;0;1;0;0;0;0;3;6
CAMHDA301-20220223T151500,2022-02-23T15:15:00+00:00,540.0,5,6.94,7,9,0;0;0;0;0;0;0;5;7
CAMHDA301-20220223T181500,2022-02-23T18:15:00+00:00,480.0,3,4.17,9,9,0;0;0;0;0;0;3;9;2
CAMHDA301-20220223T211500,2022-02-23T21:15:00+00:00,540.0,7,9.72,8,9,0;0;2;0;0;0;3;7;8
CAMHDA301-20220224T001500,2022-02-24T00:15:00+00:00,600.0,7,9.72,11,9,0;0;4;0;0;0;1;11;7
CAMHDA301-20220224T031500,2022-02-24T03:15:00+00:00,240.0,2,2.78,7,9,0;0;2;0;0;0;0;7;0
CAMHDA301-20220224T061500,2022-02-24T06:15:00+00:00,540.0,3,4.17,3,9,0;0;2;0;0;0;0;3;3
CAMHDA301-20220224T091500,2022-02-24T09:15:00+00:00,240.0,3,4.17,8,9,0;0;3;0;0;0;0;8;0
CAMHDA301-20220224T121500,2022-02-24T12:15:00+00:00,540.0,7,9.72,8,9,0;0;3;0;0;0;2;7;8
CAMHDA301-20220224T151500,2022-02-24T15:15:00+00:00,480.0,2,2.78,14,9,0;0;0;0;0;0;2;0;14
CAMHDA301-20220224T181500,2022-02-24T18:15:00+00:00,600.0,4,5.56,7,9,0;0;1;0;0;0;3;7;4
CAMHDA301-20220224T211500,2022-02-24T21:15:00+00:00,540.0,8,11.11,8,9,0;0;2;0;0;0;3;8;8
CAMHDA301-20220225T001500,2022-02-25T00:15:00+00:00,240.0,3,4.17,6,9,0;0;3;0;0;0;1;6;0
CAMHDA301-20220225T031500,2022-02-25T03:15:00+00:00,600.0,3,4.17,8,9,0;0;0;0;0;0;2;8;3
CAMHDA301-20220225T061500,2022-02-25T06:15:00+00:00,240.0,1,1.39,9,9,0;0;1;0;0;0;0;9;0
CAMHDA301-20220225T091500,2022-02-25T09:15:00+00:00,240.0,2,2.78,6,9,0;0;2;0;0;0;1;0;6
CAMHDA301-20220225T121500,2022-02-25T12:15:00+00:00,240.0,1,1.39,11,9,0;0;1;0;0;0;1;11;0
CAMHDA301-20220225T151500,2022-02-25T15:15:00+00:00,540.0,6,8.33,8,9,0;0;5;0;0;0;2;6;8
CAMHDA301-20220225T181500,2022-02-25T18:15:00+00:00,540.0,6,8.33,8,9,0;0;0;0;0;0;2;6;8
CAMHDA301-20220225T211500,2022-02-25T21:15:00+00:00,600.0,4,5.56,7,9,0;0;0;0;0;0;7;2;4
CAMHDA301-20220301T031500,2022-03-01T03:15:00+00:00,120.0,0,0.0,0,9,0;0;0;0;0;0;0;0;0
CAMHDA301-20220301T061500,2022-03-01T06:15:00+00:00,120.0,0,0.0,0,9,0;0;0;0;0;0;0;0;0
CAMHDA301-20220301T091500,2022-03-01T09:15:00+00:00,120.0,0,0.0,0,9,0;0;0;0;0;0;0;0;0
CAMHDA301-20220301T121500,2022-03-01T12:15:00+00:00,120.0,0,0.0,0,9,0;0;0;0;0;0;0;0;0
CAMHDA301-20220301T151500,2022-03-01T15:15:00+00:00,120.0,0,0.0,0,9,0;0;0;0;0;0;0;0;0
CAMHDA301-20220301T181500,2022-03-01T18:15:00+00:00,120.0,0,0.0,0,9,0;0;0;0;0;0;0;0;0
CAMHDA301-20220301T211500,2022-03-01T21:15:00+00:00,120.0,0,0.0,0,9,0;0;0;0;0;0;0;0;0
CAMHDA301-20220302T001500,2022-03-02T00:15:00+00:00,120.0,0,0.0,0,9,0;0;0;0;0;0;0;0;0
CAMHDA301-20220302T031500,2022-03-02T03:15:00+00:00,120.0,0,0.0,0,9,0;0;0;0;0;0;0;0;0
CAMHDA301-20220302T061500,2022-03-02T06:15:00+00:00,120.0,0,0.0,0,9,0;0;0;0;0;0;0;0;0
CAMHDA301-20220302T091500,2022-03-02T09:15:00+00:00,120.0,0,0.0,0,9,0;0;0;0;0;0;0;0;0
CAMHDA301-20220302T121500,2022-03-02T12:15:00+00:00,120.0,0,0.0,0,9,0;0;0;0;0;0;0;0;0
CAMHDA301-20220302T151500,2022-03-02T15:15:00+00:00,120.0,0,0.0,0,9,0;0;0;0;0;0;0;0;0
CAMHDA301-20220302T181500,2022-03-02T18:15:00+00:00,120.0,0,0.0,0,9,0;0;0;0;0;0;0;0;0
CAMHDA301-20220302T211500,2022-03-02T21:15:00+00:00,120.0,0,0.0,0,9,0;0;0;0;0;0;0;0;0
CAMHDA301-20220303T001500,2022-03-03T00:15:00+00:00,120.0,0,0.0,0,9,0;0;0;0;0;0;0;0;0
CAMHDA301-20220303T031500,2022-03-03T03:15:00+00:00,120.0,0,0.0,0,9,0;0;0;0;0;0;0;0;0
CAMHDA301-20220303T061500,2022-03-03T06:15:00+00:00,120.0,0,0.0,0,9,0;0;0;0;0;0;0;0;0
CAMHDA301-20220303T091500,2022-03-03T09:15:00+00:00,120.0,0,0.0,0,9,0;0;0;0;0;0;0;0;0
CAMHDA301-20220303T121500,2022-03-03T12:15:00+00:00,120.0,0,0.0,0,9,0;0;0;0;0;0;0;0;0
CAMHDA301-20220303T151500,2022-03-03T15:15:00+00:00,120.0,0,0.0,0,9,0;0;0;0;0;0;0;0;0
CAMHDA301-20220303T181500,2022-03-03T18:15:00+00:00,120.0,0,0.0,0,9,0;0;0;0;0;0;0;0;0
CAMHDA301-20220303T211500,2022-03-03T21:15:00+00:00,120.0,0,0.0,0,9,0;0;0;0;0;0;0;0;0
CAMHDA301-20220304T001500,2022-03-04T00:15:00+00:00,120.0,0,0.0,3,9,0;0;0;0;0;0;0;3;0
CAMHDA301-20220304T031500,2022-03-04T03:15:00+00:00,120.0,0,0.0,10,9,0;0;0;0;0;0;0;10;0
CAMHDA301-20220304T061500,2022-03-04T06:15:00+00:00,240.0,4,5.56,6,9,0;0;4;0;0;0;1;3;6
CAMHDA301-20220304T091500,2022-03-04T09:15:00+00:00,480.0,4,5.56,12,9,0;0;0;0;0;0;4;1;12
CAMHDA301-20220304T121500,2022-03-04T12:15:00+00:00,180.0,1,1.39,1,9,0;1;0;0;0;0;1;0;0
CAMHDA301-20220304T151500,2022-03-04T15:15:00+00:00,480.0,3,4.17,8,9,0;0;0;0;0;0;3;8;1
CAMHDA301-20220304T181500,2022-03-04T18:15:00+00:00,600.0,6,8.33,7,9,0;0;0;0;0;0;3;7;6
CAMHDA301-20220304T211500,2022-03-04T21:15:00+00:00,600.0,4,5.56,6,9,0;0;0;0;0;0;2;6;4
CAMHDA301-20220308T001500,2022-03-08T00:15:00+00:00,540.0,7,9.72,8,9,0;0;0;0;0;0;2;7;8
CAMHDA301-20220308T031500,2022-03-08T03:15:00+00:00,480.0,1,1.39,7,9,0;0;0;0;0;0;1;7;0
CAMHDA301-20220308T061500,2022-03-08T06:15:00+00:00,120.0,0,0.0,0,9,0;0;0;0;0;0;0;0;0
CAMHDA301-20220308T091500,2022-03-08T09:15:00+00:00,540.0,4,5.56,5,9,0;0;0;0;0;0;3;4;5
CAMHDA301-20220308T121500,2022-03-08T12:15:00+00:00,540.0,9,12.5,9,9,0;0;1;0;0;0;3;9;9
CAMHDA301-20220308T151500,2022-03-08T15:15:00+00:00,480.0,4,5.56,11,9,0;0;1;0;0;0;4;4;11
CAMHDA301-20220308T181500,2022-03-08T18:15:00+00:00,540.0,5,6.94,6,9,0;0;0;0;0;0;3;5;6
CAMHDA301-20220308T211500,2022-03-08T21:15:00+00:00,540.0,3,4.17,4,9,0;0;1;0;0;0;2;3;4
CAMHDA301-20220309T001500,2022-03-09T00:15:00+00:00,540.0,5,6.94,6,9,0;0;2;0;0;0;6;5;3
CAMHDA301-20220309T031500,2022-03-09T03:15:00+00:00,600.0,4,5.56,5,9,0;0;1;0;0;0;3;5;4
CAMHDA301-20220309T061500,2022-03-09T06:15:00+00:00,540.0,4,5.56,9,9,0;0;1;0;0;0;3;4;9
CAMHDA301-20220309T091500,2022-03-09T09:15:00+00:00,540.0,6,8.33,9,9,0;0;1;0;0;0;3;6;9
CAMHDA301-20220309T121500,2022-03-09T12:15:00+00:00,600.0,11,15.28,15,9,0;0;0;0;0;0;4;15;11
CAMHDA301-20220309T151500,2022-03-09T15:15:00+00:00,480.0,5,6.94,9,9,0;0;0;0;0;0;5;0;9
CAMHDA301-20220309T181500,2022-03-09T18:15:00+00:00,600.0,1,1.39,7,9,0;0;0;0;0;0;0;7;1
CAMHDA301-20220309T211500,2022-03-09T21:15:00+00:00,240.0,1,1.39,9,9,0;0;1;0;0;0;1;9;0
CAMHDA301-20220310T001500,2022-03-10T00:15:00+00:00,120.0,0,0.0,0,9,0;0;0;0;0;0;0;0;0
CAMHDA301-20220310T031500,2022-03-10T03:15:00+00:00,480.0,2,2.78,3,9,0;3;1;0;0;0;2;1;2
CAMHDA301-20220310T061500,2022-03-10T06:15:00+00:00,120.0,0,0.0,0,9,0;0;0;0;0;0;0;0;0
CAMHDA301-20220310T091500,2022-03-10T09:15:00+00:00,120.0,0,0.0,0,9,0;0;0;0;0;0;0;0;0
CAMHDA301-20220310T121500,2022-03-10T12:15:00+00:00,240.0,7,9.72,7,9,5;5;7;4;4;4;2;5;7
CAMHDA301-20220310T151500,2022-03-10T15:15:00+00:00,240.0,4,5.56,5,9,3;3;4;4;2;3;5;2;2
CAMHDA301-20220310T181500,2022-03-10T18:15:00+00:00,480.0,11,15.28,14,9,9;9;5;5;9;14;11;11;7
CAMHDA301-20220310T211500,2022-03-10T21:15:00+00:00,360.0,4,5.56,4,9,2;1;3;2;4;3;1;4;0
CAMHDA301-20220311T001500,2022-03-11T00:15:00+00:00,240.0,2,2.78,6,9,0;0;2;0;0;0;2;6;0
CAMHDA301-20220311T031500,2022-03-11T03:15:00+00:00,480.0,1,1.39,10,9,0;0;0;0;0;0;1;0;10
CAMHDA301-20220311T061500,2022-03-11T06:15:00+00:00,480.0,3,4.17,13,9,0;0;2;0;0;0;3;3;13
CAMHDA301-20220311T091500,2022-03-11T09:15:00+00:00,480.0,5,6.94,13,9,0;0;3;0;0;0;5;3;13
CAMHDA301-20220311T121500,2022-03-11T12:15:00+00:00,540.0,7,9.72,11,9,0;0;0;0;0;0;2;7;11
CAMHDA301-20220311T151500,2022-03-11T15:15:00+00:00,480.0,3,4.17,6,9,0;0;2;0;0;0;3;1;6
CAMHDA301-20220311T181500,2022-03-11T18:15:00+00:00,480.0,2,2.78,9,9,0;0;1;0;0;0;2;9;0
CAMHDA301-20220311T211500,2022-03-11T21:15:00+00:00,600.0,4,5.56,10,9,0;0;0;0;0;0;2;10;4
CAMHDA301-20220315T001500,2022-03-15T00:15:00+00:00,480.0,2,2.78,2,9,0;0;0;0;0;0;2;2;0
CAMHDA301-20220315T031500,2022-03-15T03:15:00+00:00,480.0,2,2.78,5,9,0;0;1;0;0;0;2;5;0
CAMHDA301-20220315T061500,2022-03-15T06:15:00+00:00,540.0,5,6.94,6,9,0;0;0;0;0;0;4;5;6
CAMHDA301-20220315T091500,2022-03-15T09:15:00+00:00,480.0,4,5.56,11,9,0;0;0;0;0;0;4;0;11
CAMHDA301-20220315T121500,2022-03-15T12:15:00+00:00,540.0,5,6.94,9,9,0;1;1;0;0;0;2;5;9
CAMHDA301-20220315T151500,2022-03-15T15:15:00+00:00,540.0,7,9.72,14,9,0;0;0;0;0;0;4;7;14
CAMHDA301-20220315T181500,2022-03-15T18:15:00+00:00,540.0,10,13.89,11,9,0;0;0;0;0;0;5;10;11
CAMHDA301-20220315T211500,2022-03-15T21:15:00+00:00,480.0,1,1.39,5,9,0;0;0;0;0;0;1;5;0
CAMHDA301-20220316T001500,2022-03-16T00:15:00+00:00,480.0,3,4.17,8,9,0;0;0;0;0;0;3;8;2
CAMHDA301-20220316T031500,2022-03-16T03:15:00+00:00,480.0,1,1.39,5,9,0;0;0;0;0;0;1;5;0
CAMHDA301-20220316T061500,2022-03-16T06:15:00+00:00,600.0,2,2.78,8,9,0;0;0;0;0;0;1;8;2
CAMHDA301-20220316T091500,2022-03-16T09:15:00+00:00,240.0,2,2.78,4,9,0;0;2;0;0;0;0;4;0
CAMHDA301-20220316T121500,2022-03-16T12:15:00+00:00,240.0,3,4.17,4,9,0;0;3;0;0;0;0;4;0
CAMHDA301-20220316T151500,2022-03-16T15:15:00+00:00,480.0,2,2.78,5,9,0;0;1;0;0;0;2;5;0
CAMHDA301-20220316T181500,2022-03-16T18:15:00+00:00,240.0,2,2.78,11,9,0;0;2;0;0;0;2;2;11
CAMHDA301-20220316T211500,2022-03-16T21:15:00+00:00,480.0,2,2.78,5,9,0;0;0;0;0;0;2;5;0
CAMHDA301-20220317T001500,2022-03-17T00:15:00+00:00,240.0,5,6.94,8,9,0;0;5;0;0;0;1;8;3
CAMHDA301-20220317T031500,2022-03-17T03:15:00+00:00,540.0,3,4.17,4,9,0;0;4;0;0;0;2;3;0
CAMHDA301-20220317T061500,2022-03-17T06:15:00+00:00,480.0,3,4.17,3,9,0;0;0;0;0;0;3;3;1
CAMHDA301-20220317T091500,2022-03-17T09:15:00+00:00,240.0,2,2.78,6,9,0;0;2;0;0;0;0;6;0
CAMHDA301-20220317T121500,2022-03-17T12:15:00+00:00,120.0,0,0.0,5,9,0;0;0;0;0;0;0;5;0
CAMHDA301-20220317T151500,2022-03-17T15:15:00+00:00,480.0,1,1.39,7,9,0;0;0;0;0;0;1;7;0
CAMHDA301-20220317T181500,2022-03-17T18:15:00+00:00,540.0,5,6.94,13,9,0;0;1;0;0;0;3;5;13
CAMHDA301-20220317T211500,2022-03-17T21:15:00+00:00,480.0,2,2.78,7,9,0;0;0;0;0;0;2;2;7
CAMHDA301-20220318T001500,2022-03-18T00:15:00+00:00,120.0,0,0.0,4,9,0;0;0;0;0;0;0;4;0
CAMHDA301-20220318T031500,2022-03-18T03:15:00+00:00,240.0,2,2.78,5,9,0;0;2;0;0;0;1;5;0
CAMHDA301-20220318T061500,2022-03-18T06:15:00+00:00,240.0,2,2.78,11,9,0;0;2;0;0;0;2;0;11
CAMHDA301-20220318T091500,2022-03-18T09:15:00+00:00,480.0,1,1.39,8,9,0;0;0;0;0;0;1;8;0
CAMHDA301-20220318T121500,2022-03-18T12:15:00+00:00,480.0,2,2.78,3,9,0;0;0;0;0;0;2;2;3
CAMHDA301-20220318T151500,2022-03-18T15:15:00+00:00,480.0,1,1.39,8,9,0;0;0;0;0;0;1;8;1
CAMHDA301-20220318T181500,2022-03-18T18:15:00+00:00,480.0,2,2.78,15,9,0;0;0;0;0;0;2;0;15
CAMHDA301-20220318T211500,2022-03-18T21:15:00+00:00,540.0,5,6.94,5,9,0;0;1;0;0;0;2;5;5
CAMHDA301-20220322T001500,2022-03-22T00:15:00+00:00,480.0,9,12.5,9,9,0;0;0;0;0;0;9;0;9
CAMHDA301-20220322T031500,2022-03-22T03:15:00+00:00,240.0,2,2.78,8,9,0;0;2;0;0;0;0;8;0
CAMHDA301-20220322T061500,2022-03-22T06:15:00+00:00,540.0,6,8.33,11,9,0;0;3;0;0;0;5;6;11
CAMHDA301-20220322T091500,2022-03-22T09:15:00+00:00,540.0,5,6.94,9,9,0;0;1;0;0;0;1;5;9
CAMHDA301-20220322T121500,2022-03-22T12:15:00+00:00,600.0,9,12.5,12,9,0;0;0;0;0;0;2;12;9
CAMHDA301-20220322T151500,2022-03-22T15:15:00+00:00,480.0,4,5.56,4,9,0;0;0;0;0;0;4;2;4
CAMHDA301-20220322T181500,2022-03-22T18:15:00+00:00,540.0,6,8.33,11,9,0;0;0;0;0;0;5;6;11
CAMHDA301-20220322T211500,2022-03-22T21:15:00+00:00,600.0,5,6.94,6,9,0;0;0;0;0;0;3;6;5
CAMHDA301-20220323T001500,2022-03-23T00:15:00+00:00,600.0,8,11.11,10,9,0;0;0;0;0;0;6;10;8
CAMHDA301-20220323T031500,2022-03-23T03:15:00+00:00,540.0,6,8.33,9,9,0;0;1;0;0;0;2;6;9
CAMHDA301-20220323T061500,2022-03-23T06:15:00+00:00,600.0,9,12.5,14,9,0;0;0;0;0;0;3;14;9
CAMHDA301-20220323T091500,2022-03-23T09:15:00+00:00,600.0,6,8.33,8,9,0;0;0;0;0;0;1;8;6
CAMHDA301-20220323T121500,2022-03-23T12:15:00+00:00,540.0,5,6.94,8,9,0;0;0;0;0;0;2;5;8
CAMHDA301-20220323T151500,2022-03-23T15:15:00+00:00,480.0,4,5.56,9,9,0;0;0;0;0;0;4;9;2
CAMHDA301-20220323T181500,2022-03-23T18:15:00+00:00,240.0,5,6.94,7,9,0;0;5;0;0;0;1;7;0
CAMHDA301-20220323T211500,2022-03-23T21:15:00+00:00,600.0,4,5.56,10,9,0;0;0;0;0;0;2;10;4
CAMHDA301-20220324T001500,2022-03-24T00:15:00+00:00,540.0,6,8.33,7,9,0;0;1;0;0;0;3;6;7
CAMHDA301-20220324T031500,2022-03-24T03:15:00+00:00,540.0,9,12.5,11,9,0;0;0;0;0;0;0;9;11
CAMHDA301-20220324T061500,2022-03-24T06:15:00+00:00,480.0,5,6.94,6,9,0;0;1;0;0;0;5;6;4
CAMHDA301-20220324T091500,2022-03-24T09:15:00+00:00,540.0,3,4.17,6,9,0;0;0;0;0;0;6;3;2
CAMHDA301-20220324T121500,2022-03-24T12:15:00+00:00,480.0,3,4.17,13,9,0;0;1;0;0;0;3;0;13
CAMHDA301-20220324T151500,2022-03-24T15:15:00+00:00,240.0,3,4.17,7,9,0;0;3;0;0;0;0;7;0
CAMHDA301-20220324T181500,2022-03-24T18:15:00+00:00,120.0,0,0.0,6,9,0;0;0;0;0;0;0;6;0
CAMHDA301-20220324T211500,2022-03-24T21:15:00+00:00,240.0,3,4.17,4,9,0;1;3;0;0;0;1;4;0
CAMHDA301-20220325T001500,2022-03-25T00:15:00+00:00,240.0,5,6.94,5,9,0;0;5;0;0;0;1;5;0
CAMHDA301-20220325T031500,2022-03-25T03:15:00+00:00,120.0,0,0.0,7,9,0;0;0;0;0;0;0;7;0
CAMHDA301-20220325T061500,2022-03-25T06:15:00+00:00,240.0,2,2.78,6,9,0;0;2;0;0;0;1;6;0
CAMHDA301-20220325T091500,2022-03-25T09:15:00+00:00,180.0,1,1.39,1,9,0;1;0;0;0;0;0;1;1
CAMHDA301-20220325T121500,2022-03-25T12:15:00+00:00,600.0,7,9.72,10,9,0;0;1;0;0;0;5;10;7
CAMHDA301-20220325T151500,2022-03-25T15:15:00+00:00,480.0,4,5.56,9,9,0;0;0;0;0;0;4;4;9
CAMHDA301-20220325T181500,2022-03-25T18:15:00+00:00,240.0,5,6.94,13,9,0;0;5;0;0;0;2;13;0
CAMHDA301-20220325T211500,2022-03-25T21:15:00+00:00,240.0,1,1.39,6,9,0;0;1;0;0;0;0;6;0
CAMHDA301-20220329T001500,2022-03-29T00:15:00+00:00,240.0,3,4.17,9,9,0;0;3;0;0;0;1;9;0
CAMHDA301-20220329T031500,2022-03-29T03:15:00+00:00,480.0,1,1.39,8,9,0;0;0;0;0;0;1;8;0
CAMHDA301-20220329T061500,2022-03-29T06:15:00+00:00,480.0,7,9.72,7,9,0;0;0;0;0;0;7;0;7
CAMHDA301-20220329T091500,2022-03-29T09:15:00+00:00,480.0,5,6.94,5,9,0;0;0;0;0;0;5;0;5
CAMHDA301-20220329T121500,2022-03-29T12:15:00+00:00,480.0,4,5.56,4,9,0;0;0;0;0;0;4;4;2
CAMHDA301-20220329T151500,2022-03-29T15:15:00+00:00,600.0,3,4.17,8,9,0;0;0;0;0;0;0;8;3
CAMHDA301-20220329T181500,2022-03-29T18:15:00+00:00,480.0,4,5.56,12,9,0;0;0;0;0;0;4;12;4
CAMHDA301-20220329T211500,2022-03-29T21:15:00+00:00,480.0,5,6.94,10,9,0;0;0;0;0;0;5;1;10
CAMHDA301-20220330T001500,2022-03-30T00:15:00+00:00,540.0,6,8.33,10,9,0;0;0;0;0;0;0;6;10
CAMHDA301-20220330T031500,2022-03-30T03:15:00+00:00,480.0,6,8.33,7,9,0;0;1;0;0;0;6;0;7
CAMHDA301-20220330T061500,2022-03-30T06:15:00+00:00,480.0,6,8.33,8,9,0;1;1;0;0;0;6;3;8
CAMHDA301-20220330T091500,2022-03-30T09:15:00+00:00,480.0,5,6.94,5,9,0;0;0;0;0;0;5;0;5
CAMHDA301-20220330T121500,2022-03-30T12:15:00+00:00,120.0,0,0.0,7,9,0;0;0;0;0;0;0;7;0
CAMHDA301-20220330T151500,2022-03-30T15:15:00+00:00,240.0,3,4.17,9,9,0;0;3;0;0;0;1;0;9
CAMHDA301-20220330T181500,2022-03-30T18:15:00+00:00,600.0,3,4.17,4,9,0;0;0;0;0;0;2;4;3
CAMHDA301-20220330T211500,2022-03-30T21:15:00+00:00,540.0,9,12.5,12,9,0;0;1;0;0;0;4;9;12
CAMHDA301-20220331T001500,2022-03-31T00:15:00+00:00,600.0,6,8.33,11,9,0;1;2;0;0;0;3;11;6
CAMHDA301-20220331T031500,2022-03-31T03:15:00+00:00,240.0,2,2.78,13,9,0;0;2;0;0;0;1;13;0
CAMHDA301-20220331T061500,2022-03-31T06:15:00+00:00,480.0,3,4.17,6,9,0;0;2;0;0;0;3;3;6
CAMHDA301-20220331T091500,2022-03-31T09:15:00+00:00,480.0,3,4.17,10,9,0;0;1;0;0;0;3;0;10
CAMHDA301-20220331T121500,2022-03-31T12:15:00+00:00,480.0,3,4.17,9,9,0;0;0;0;0;0;3;9;0
CAMHDA301-20220331T151500,2022-03-31T15:15:00+00:00,120.0,0,0.0,9,9,0;0;0;0;0;0;0;9;0
CAMHDA301-20220331T181500,2022-03-31T18:15:00+00:00,480.0,6,8.33,7,9,0;0;0;0;0;0;6;1;7
CAMHDA301-20220331T211500,2022-03-31T21:15:00+00:00,540.0,6,8.33,6,9,0;0;1;0;0;0;4;6;6
CAMHDA301-20220401T031500,2022-04-01T03:15:00+00:00,300.0,2,2.78,2,9,0;1;0;2;0;2;2;2;1
CAMHDA301-20220401T061500,2022-04-01T06:15:00+00:00,120.0,4,5.56,6,9,4;0;2;0;0;4;2;1;6
CAMHDA301-20220401T091500,2022-04-01T09:15:00+00:00,120.0,0,0.0,0,9,0;0;0;0;0;0;0;0;0
CAMHDA301-20220401T121500,2022-04-01T12:15:00+00:00,120.0,5,6.94,6,9,5;3;3;2;3;6;3;1;4
CAMHDA301-20220401T151500,2022-04-01T15:15:00+00:00,120.0,4,5.56,4,9,4;2;3;4;2;3;2;2;3
CAMHDA301-20220401T181500,2022-04-01T18:15:00+00:00,120.0,0,0.0,0,9,0;0;0;0;0;0;0;0;0
CAMHDA301-20220401T211500,2022-04-01T21:15:00+00:00,120.0,0,0.0,0,9,0;0;0;0;0;0;0;0;0
CAMHDA301-20220405T001500,2022-04-05T00:15:00+00:00,180.0,1,1.39,7,9,0;1;0;0;0;0;0;7;0
CAMHDA301-20220405T031500,2022-04-05T03:15:00+00:00,480.0,3,4.17,9,9,0;0;0;0;0;0;3;9;0
CAMHDA301-20220405T061500,2022-04-05T06:15:00+00:00,480.0,4,5.56,8,9,0;0;3;0;0;0;4;8;0
CAMHDA301-20220405T091500,2022-04-05T09:15:00+00:00,120.0,0,0.0,12,9,0;0;0;0;0;0;0;12;0
CAMHDA301-20220405T121500,2022-04-05T12:15:00+00:00,480.0,1,1.39,9,9,0;0;0;0;0;0;1;9;0
CAMHDA301-20220405T151500,2022-04-05T15:15:00+00:00,480.0,1,1.39,8,9,0;0;0;0;0;0;1;8;0
CAMHDA301-20220405T181500,2022-04-05T18:15:00+00:00,240.0,1,1.39,13,9,0;0;1;0;0;0;1;13;0
CAMHDA301-20220405T211500,2022-04-05T21:15:00+00:00,120.0,0,0.0,1,9,0;0;0;0;0;0;1;0;0
CAMHDA301-20220406T001500,2022-04-06T00:15:00+00:00,600.0,2,2.78,4,9,0;0;0;0;0;0;4;0;2
CAMHDA301-20220406T031500,2022-04-06T03:15:00+00:00,480.0,4,5.56,8,9,0;0;3;0;1;0;4;8;0
CAMHDA301-20220406T061500,2022-04-06T06:15:00+00:00,540.0,7,9.72,11,9,0;0;1;0;0;0;6;7;11
CAMHDA301-20220406T091500,2022-04-06T09:15:00+00:00,540.0,3,4.17,7,9,0;0;0;0;0;0;2;3;7
CAMHDA301-20220406T121500,2022-04-06T12:15:00+00:00,240.0,2,2.78,4,9,0;0;2;0;0;0;4;2;2
CAMHDA301-20220406T151500,2022-04-06T15:15:00+00:00,240.0,2,2.78,13,9,0;0;2;0;0;0;1;13;2
CAMHDA301-20220406T181500,2022-04-06T18:15:00+00:00,120.0,0,0.0,0,9,0;0;0;0;0;0;0;0;0
CAMHDA301-20220406T211500,2022-04-06T21:15:00+00:00,480.0,1,1.39,4,9,0;0;0;0;0;0;1;4;0
CAMHDA301-20220407T001500,2022-04-07T00:15:00+00:00,600.0,2,2.78,4,9,0;0;1;0;0;0;0;4;2
CAMHDA301-20220407T031500,2022-04-07T03:15:00+00:00,540.0,8,11.11,8,9,0;0;0;0;0;0;3;8;8
CAMHDA301-20220407T061500,2022-04-07T06:15:00+00:00,240.0,2,2.78,3,9,0;0;2;0;0;0;1;3;0
CAMHDA301-20220407T091500,2022-04-07T09:15:00+00:00,480.0,3,4.17,6,9,0;1;0;0;0;0;3;6;0
CAMHDA301-20220407T121500,2022-04-07T12:15:00+00:00,120.0,0,0.0,12,9,0;0;0;0;0;0;0;12;0
CAMHDA301-20220407T151500,2022-04-07T15:15:00+00:00,120.0,0,0.0,7,9,0;0;0;0;0;0;0;7;0
CAMHDA301-20220407T181500,2022-04-07T18:15:00+00:00,240.0,2,2.78,11,9,0;0;2;0;0;0;1;11;0
CAMHDA301-20220407T211500,2022-04-07T21:15:00+00:00,240.0,4,5.56,7,9,0;0;4;0;0;0;0;7;0
CAMHDA301-20220408T001500,2022-04-08T00:15:00+00:00,480.0,2,2.78,6,9,0;1;0;0;0;0;2;0;6
CAMHDA301-20220408T031500,2022-04-08T03:15:00+00:00,540.0,8,11.11,10,9,0;0;1;0;0;0;4;8;10
CAMHDA301-20220408T061500,2022-04-08T06:15:00+00:00,540.0,5,6.94,9,9,0;0;1;0;0;0;4;5;9
CAMHDA301-20220408T091500,2022-04-08T09:15:00+00:00,540.0,4,5.56,7,9,0;0;3;0;0;0;3;4;7
CAMHDA301-20220408T121500,2022-04-08T12:15:00+00:00,480.0,2,2.78,6,9,0;0;0;0;0;0;2;1;6
CAMHDA301-20220408T151500,2022-04-08T15:15:00+00:00,540.0,7,9.72,9,9,0;0;1;0;0;0;2;7;9
CAMHDA301-20220408T181500,2022-04-08T18:15:00+00:00,480.0,5,6.94,8,9,0;0;0;0;0;0;5;2;8
CAMHDA301-20220408T211500,2022-04-08T21:15:00+00:00,540.0,1,1.39,2,9,0;0;0;0;0;0;2;1;0
CAMHDA301-20220412T001500,2022-04-12T00:15:00+00:00,120.0,0,0.0,2,9,0;0;0;0;0;0;0;2;0
CAMHDA301-20220412T031500,2022-04-12T03:15:00+00:00,120.0,0,0.0,6,9,0;0;0;0;0;0;0;6;0
CAMHDA301-20220412T061500,2022-04-12T06:15:00+00:00,540.0,4,5.56,10,9,0;0;2;0;0;0;1;4;10
CAMHDA301-20220412T091500,2022-04-12T09:15:00+00:00,120.0,0,0.0,0,9,0;0;0;0;0;0;0;0;0
CAMHDA301-20220412T121500,2022-04-12T12:15:00+00:00,240.0,4,5.56,13,9,0;0;4;0;0;0;1;13;0
CAMHDA301-20220412T151500,2022-04-12T15:15:00+00:00,600.0,7,9.72,10,9,0;0;2;0;0;0;4;10;7
CAMHDA301-20220412T181500,2022-04-12T18:15:00+00:00,480.0,6,8.33,10,9,0;0;1;0;0;0;6;3;10
CAMHDA301-20220412T211500,2022-04-12T21:15:00+00:00,480.0,1,1.39,6,9,0;0;0;0;0;0;1;0;6
CAMHDA301-20220413T001500,2022-04-13T00:15:00+00:00,480.0,3,4.17,4,9,0;0;0;0;0;0;3;4;0
CAMHDA301-20220413T031500,2022-04-13T03:15:00+00:00,480.0,5,6.94,6,9,0;0;2;0;0;0;5;0;6
CAMHDA301-20220413T061500,2022-04-13T06:15:00+00:00,480.0,4,5.56,4,9,0;0;3;0;0;0;4;4;3
CAMHDA301-20220413T091500,2022-04-13T09:15:00+00:00,540.0,6,8.33,9,9,0;0;0;0;0;0;5;6;9
CAMHDA301-20220413T121500,2022-04-13T12:15:00+00:00,540.0,7,9.72,8,9,0;0;1;0;0;0;6;7;8
CAMHDA301-20220413T151500,2022-04-13T15:15:00+00:00,540.0,6,8.33,7,9,0;0;2;0;0;0;3;6;7
CAMHDA301-20220413T181500,2022-04-13T18:15:00+00:00,480.0,8,11.11,12,9,0;0;1;0;0;0;8;5;12
CAMHDA301-20220413T211500,2022-04-13T21:15:00+00:00,480.0,3,4.17,8,9,0;0;0;0;0;0;3;8;0
CAMHDA301-20220414T001500,2022-04-14T00:15:00+00:00,240.0,2,2.78,8,9,0;0;2;0;0;0;0;8;0
CAMHDA301-20220414T031500,2022-04-14T03:15:00+00:00,480.0,2,2.78,5,9,0;0;0;0;0;0;2;5;0
CAMHDA301-20220414T061500,2022-04-14T06:15:00+00:00,480.0,4,5.56,7,9,0;0;0;0;0;0;4;2;7
CAMHDA301-20220414T091500,2022-04-14T09:15:00+00:00,240.0,4,5.56,8,9,0;0;4;0;0;0;0;8;0
CAMHDA301-20220414T121500,2022-04-14T12:15:00+00:00,600.0,3,4.17,6,9,0;0;0;0;0;0;0;6;3
CAMHDA301-20220414T151500,2022-04-14T15:15:00+00:00,120.0,0,0.0,1,9,0;0;0;0;0;0;1;0;0
CAMHDA301-20220414T181500,2022-04-14T18:15:00+00:00,480.0,3,4.17,8,9,0;0;2;0;0;0;3;1;8
CAMHDA301-20220414T211500,2022-04-14T21:15:00+00:00,600.0,3,4.17,5,9,0;0;0;0;0;0;1;5;3
CAMHDA301-20220415T001500,2022-04-15T00:15:00+00:00,240.0,3,4.17,15,9,0;0;3;0;0;0;0;15;0
CAMHDA301-20220415T031500,2022-04-15T03:15:00+00:00,120.0,0,0.0,2,9,0;0;0;0;0;0;2;0;0
CAMHDA301-20220415T061500,2022-04-15T06:15:00+00:00,480.0,6,8.33,9,9,0;1;0;0;0;0;6;1;9
CAMHDA301-20220415T091500,2022-04-15T09:15:00+00:00,480.0,3,4.17,14,9,0;0;0;0;0;0;3;0;14
CAMHDA301-20220415T121500,2022-04-15T12:15:00+00:00,480.0,1,1.39,7,9,0;0;0;0;0;0;1;7;0
CAMHDA301-20220415T151500,2022-04-15T15:15:00+00:00,480.0,4,5.56,12,9,0;0;2;0;0;0;4;0;12
CAMHDA301-20220415T181500,2022-04-15T18:15:00+00:00,540.0,4,5.56,8,9,0;0;1;0;0;0;3;4;8
CAMHDA301-20220415T211500,2022-04-15T21:15:00+00:00,480.0,3,4.17,13,9,0;1;0;0;0;0;3;0;13
CAMHDA301-20220419T001500,2022-04-19T00:15:00+00:00,240.0,4,5.56,5,9,0;0;4;0;0;0;1;5;0
CAMHDA301-20220419T031500,2022-04-19T03:15:00+00:00,240.0,3,4.17,7,9,0;0;3;0;0;0;3;7;0
CAMHDA301-20220419T061500,2022-04-19T06:15:00+00:00,480.0,3,4.17,8,9,0;0;1;0;0;0;3;8;0
CAMHDA301-20220419T091500,2022-04-19T09:15:00+00:00,480.0,2,2.78,5,9,0;0;1;0;0;0;2;0;5
CAMHDA301-20220419T121500,2022-04-19T12:15:00+00:00,480.0,3,4.17,16,9,0;0;0;0;0;0;3;0;16
CAMHDA301-20220419T151500,2022-04-19T15:15:00+00:00,480.0,2,2.78,12,9,0;0;0;0;0;0;2;12;0
CAMHDA301-20220419T181500,2022-04-19T18:15:00+00:00,240.0,3,4.17,5,9,0;0;3;0;0;0;1;5;0
CAMHDA301-20220419T211500,2022-04-19T21:15:00+00:00,480.0,3,4.17,9,9,0;0;2;0;0;0;3;1;9
CAMHDA301-20220420T001500,2022-04-20T00:15:00+00:00,180.0,3,4.17,3,9,0;3;2;3;1;2;0;1;1
CAMHDA301-20220420T031500,2022-04-20T03:15:00+00:00,120.0,3,4.17,4,9,3;4;1;1;2;1;1;2;1
CAMHDA301-20220420T061500,2022-04-20T06:15:00+00:00,120.0,0,0.0,0,9,0;0;0;0;0;0;0;0;0
CAMHDA301-20220420T091500,2022-04-20T09:15:00+00:00,120.0,0,0.0,0,9,0;0;0;0;0;0;0;0;0
CAMHDA301-20220420T121500,2022-04-20T12:15:00+00:00,120.0,0,0.0,1,9,0;0;0;0;0;0;0;1;0
CAMHDA301-20220420T151500,2022-04-20T15:15:00+00:00,120.0,0,0.0,0,9,0;0;0;0;0;0;0;0;0
CAMHDA301-20220420T181500,2022-04-20T18:15:00+00:00,360.0,1,1.39,1,9,0;0;0;0;1;0;1;0;0
CAMHDA301-20220420T211500,2022-04-20T21:15:00+00:00,300.0,10,13.89,11,9,6;6;5;10;7;11;8;10;8
CAMHDA301-20220421T001500,2022-04-21T00:15:00+00:00,240.0,3,4.17,4,9,0;0;3;0;0;0;3;4;0
CAMHDA301-20220421T031500,2022-04-21T03:15:00+00:00,540.0,4,5.56,5,9,0;0;5;0;0;0;2;4;0
CAMHDA301-20220421T061500,2022-04-21T06:15:00+00:00,240.0,4,5.56,7,9,0;0;4;0;0;0;0;7;0
CAMHDA301-20220421T091500,2022-04-21T09:15:00+00:00,480.0,1,1.39,4,9,0;0;0;0;0;0;1;4;1
CAMHDA301-20220421T121500,2022-04-21T12:15:00+00:00,480.0,1,1.39,9,9,0;0;0;0;0;0;1;0;9
CAMHDA301-20220421T151500,2022-04-21T15:15:00+00:00,240.0,3,4.17,7,9,0;0;3;0;0;0;0;7;0
CAMHDA301-20220421T181500,2022-04-21T18:15:00+00:00,240.0,7,9.72,8,9,0;0;7;0;0;0;1;8;2
CAMHDA301-20220421T211500,2022-04-21T21:15:00+00:00,240.0,6,8.33,7,9,0;0;6;0;0;0;0;7;0
CAMHDA301-20220422T001500,2022-04-22T00:15:00+00:00,240.0,1,1.39,4,9,0;0;1;0;0;0;1;4;0
CAMHDA301-20220422T031500,2022-04-22T03:15:00+00:00,240.0,20,27.78,24,9,0;13;20;24;1;0;1;4;6
CAMHDA301-20220422T061500,2022-04-22T06:15:00+00:00,240.0,28,38.89,31,9,0;24;28;31;0;0;0;5;7
CAMHDA301-20220422T091500,2022-04-22T09:15:00+00:00,420.0,12,16.67,31,9,0;0;5;31;0;12;3;7;9
CAMHDA301-20220422T121500,2022-04-22T12:15:00+00:00,420.0,11,15.28,25,9,0;9;9;25;1;11;1;2;5
CAMHDA301-20220422T151500,2022-04-22T15:15:00+00:00,420.0,11,15.28,17,9,0;0;0;17;1;11;0;4;4
CAMHDA301-20220422T181500,2022-04-22T18:15:00+00:00,240.0,19,26.39,32,9,0;17;19;32;0;5;0;4;9
CAMHDA301-20220422T211500,2022-04-22T21:15:00+00:00,240.0,23,31.94,29,9,0;18;23;29;0;0;1;4;8
CAMHDA301-20220426T001500,2022-04-26T00:15:00+00:00,180.0,9,12.5,20,9,0;9;20;0;0;7;3;0;8
CAMHDA301-20220426T031500,2022-04-26T03:15:00+00:00,600.0,13,18.06,18,9,0;0;0;18;1;7;0;4;13
CAMHDA301-20220426T061500,2022-04-26T06:15:00+00:00,240.0,18,25.0,34,9,0;7;18;34;1;8;1;2;11
CAMHDA301-20220426T091500,2022-04-26T09:15:00+00:00,240.0,23,31.94,33,9,0;15;23;33;0;1;0;2;2
CAMHDA301-20220426T121500,2022-04-26T12:15:00+00:00,180.0,15,20.83,23,9,0;15;23;0;0;0;1;4;7
CAMHDA301-20220426T151500,2022-04-26T15:15:00+00:00,420.0,11,15.28,27,9,0;7;1;27;1;11;2;0;6
CAMHDA301-20220426T181500,2022-04-26T18:15:00+00:00,600.0,15,20.83,26,9,0;11;4;26;0;4;1;4;15
CAMHDA301-20220426T211500,2022-04-26T21:15:00+00:00,180.0,12,16.67,12,9,0;12;12;0;1;0;1;6;8
CAMHDA301-20220427T001500,2022-04-27T00:15:00+00:00,180.0,12,16.67,23,9,0;12;23;12;0;0;0;4;8
CAMHDA301-20220427T031500,2022-04-27T03:15:00+00:00,180.0,18,25.0,24,9,1;18;24;0;0;2;0;2;9
CAMHDA301-20220427T061500,2022-04-27T06:15:00+00:00,600.0,13,18.06,24,9,0;8;0;24;0;4;0;3;13
CAMHDA301-20220427T091500,2022-04-27T09:15:00+00:00,240.0,12,16.67,16,9,0;5;12;0;1;4;3;4;16
CAMHDA301-20220427T121500,2022-04-27T12:15:00+00:00,180.0,7,9.72,13,9,0;7;13;0;0;1;0;3;7
CAMHDA301-20220427T151500,2022-04-27T15:15:00+00:00,600.0,14,19.44,19,9,0;13;19;0;0;5;0;1;14
CAMHDA301-20220427T181500,2022-04-27T18:15:00+00:00,420.0,8,11.11,29,9,0;0;2;29;0;8;1;3;7
CAMHDA301-20220427T211500,2022-04-27T21:15:00+00:00,180.0,13,18.06,20,9,0;13;20;0;0;0;1;6;5
CAMHDA301-20220428T001500,2022-04-28T00:15:00+00:00,180.0,16,22.22,20,9,0;16;20;7;1;0;0;2;4
CAMHDA301-20220428T031500,2022-04-28T03:15:00+00:00,420.0,13,18.06,25,9,0;1;10;25;1;13;2;4;8
CAMHDA301-20220428T061500,2022-04-28T06:15:00+00:00,420.0,15,20.83,28,9,0;0;0;28;0;15;1;4;5
CAMHDA301-20220428T091500,2022-04-28T09:15:00+00:00,420.0,16,22.22,19,9,0;14;19;0;0;16;1;5;12
CAMHDA301-20220428T121500,2022-04-28T12:15:00+00:00,180.0,13,18.06,22,9,0;13;22;0;0;0;0;4;3
CAMHDA301-20220428T151500,2022-04-28T15:15:00+00:00,600.0,10,13.89,30,9,0;0;2;30;1;9;3;6;10
CAMHDA301-20220428T181500,2022-04-28T18:15:00+00:00,420.0,12,16.67,30,9,0;5;0;30;1;12;1;2;10
CAMHDA301-20220428T211500,2022-04-28T21:15:00+00:00,240.0,7,9.72,8,9,0;8;7;0;0;0;1;4;2
CAMHDA301-20220429T001500,2022-04-29T00:15:00+00:00,180.0,15,20.83,23,9,0;15;23;0;1;7;1;2;11
CAMHDA301-20220429T031500,2022-04-29T03:15:00+00:00,240.0,16,22.22,18,9,0;9;16;0;0;18;3;5;12
CAMHDA301-20220429T061500,2022-04-29T06:15:00+00:00,420.0,10,13.89,16,9,0;2;0;16;0;10;4;2;8
CAMHDA301-20220429T091500,2022-04-29T09:15:00+00:00,600.0,18,25.0,31,9,0;0;0;31;0;15;3;4;18
CAMHDA301-20220429T121500,2022-04-29T12:15:00+00:00,180.0,19,26.39,19,9,0;19;19;0;0;5;1;5;14
CAMHDA301-20220429T151500,2022-04-29T15:15:00+00:00,600.0,12,16.67,16,9,0;3;16;0;0;6;1;2;12
CAMHDA301-20220429T181500,2022-04-29T18:15:00+00:00,240.0,9,12.5,33,9,0;3;9;33;0;5;0;2;8
CAMHDA301-20220429T211500,2022-04-29T21:15:00+00:00,240.0,15,20.83,31,9,0;7;15;31;0;9;5;1;10
CAMHDA301-20220503T001500,2022-05-03T00:15:00+00:00,300.0,8,11.11,8,9,2;3;3;8;7;4;5;8;5
CAMHDA301-20220503T031500,2022-05-03T03:15:00+00:00,240.0,4,5.56,4,9,2;2;4;3;2;4;2;4;4
CAMHDA301-20220503T061500,2022-05-03T06:15:00+00:00,120.0,0,0.0,0,9,0;0;0;0;0;0;0;0;0
CAMHDA301-20220503T091500,2022-05-03T09:15:00+00:00,120.0,0,0.0,1,9,0;0;0;0;1;0;0;0;0
CAMHDA301-20220503T121500,2022-05-03T12:15:00+00:00,120.0,0,0.0,0,9,0;0;0;0;0;0;0;0;0
CAMHDA301-20220503T151500,2022-05-03T15:15:00+00:00,300.0,1,1.39,4,9,4;0;0;1;0;0;0;0;0
CAMHDA301-20220503T181500,2022-05-03T18:15:00+00:00,180.0,5,6.94,7,9,1;5;2;0;3;1;0;2;7
CAMHDA301-20220503T211500,2022-05-03T21:15:00+00:00,300.0,15,20.83,15,9,10;8;9;15;15;8;9;9;10
CAMHDA301-20220504T001500,2022-05-04T00:15:00+00:00,360.0,21,29.17,32,9,0;17;9;0;21;32;2;0;3
CAMHDA301-20220504T031500,2022-05-04T03:15:00+00:00,240.0,14,19.44,15,9,0;9;14;15;0;0;0;1;7
CAMHDA301-20220504T061500,2022-05-04T06:15:00+00:00,180.0,6,8.33,9,9,0;6;9;0;1;6;0;2;4
CAMHDA301-20220504T091500,2022-05-04T09:15:00+00:00,420.0,9,12.5,24,9,0;3;4;24;2;9;2;0;1
CAMHDA301-20220504T121500,2022-05-04T12:15:00+00:00,240.0,17,23.61,28,9,2;9;17;28;1;7;1;0;1
CAMHDA301-20220504T151500,2022-05-04T15:15:00+00:00,240.0,15,20.83,25,9,0;9;15;25;0;7;2;2;5
CAMHDA301-20220504T181500,2022-05-04T18:15:00+00:00,240.0,20,27.78,34,9,0;17;20;34;0;0;0;2;4
CAMHDA301-20220504T211500,2022-05-04T21:15:00+00:00,240.0,4,5.56,12,9,0;1;4;0;1;12;2;2;3
CAMHDA301-20220505T001500,2022-05-05T00:15:00+00:00,420.0,12,16.67,34,9,0;11;6;34;1;12;3;3;4
CAMHDA301-20220505T031500,2022-05-05T03:15:00+00:00,240.0,21,29.17,31,9,0;20;21;31;0;12;0;5;6
CAMHDA301-20220505T061500,2022-05-05T06:15:00+00:00,240.0,21,29.17,36,9,0;18;21;36;0;7;0;4;5
CAMHDA301-20220505T091500,2022-05-05T09:15:00+00:00,240.0,21,29.17,39,9,0;9;21;39;0;8;1;2;3
CAMHDA301-20220505T121500,2022-05-05T12:15:00+00:00,180.0,8,11.11,25,9,0;8;3;25;1;8;2;0;4
CAMHDA301-20220505T151500,2022-05-05T15:15:00+00:00,240.0,21,29.17,38,9,0;16;21;38;0;3;3;8;6
CAMHDA301-20220505T181500,2022-05-05T18:15:00+00:00,240.0,16,22.22,31,9,0;10;16;31;1;0;0;1;5
CAMHDA301-20220505T211500,2022-05-05T21:15:00+00:00,240.0,15,20.83,33,9,0;10;15;33;1;7;1;2;2
CAMHDA301-20220506T001500,2022-05-06T00:15:00+00:00,420.0,19,26.39,26,9,0;0;0;26;0;19;3;1;4
CAMHDA301-20220506T031500,2022-05-06T03:15:00+00:00,240.0,11,15.28,12,9,0;12;11;0;0;9;1;2;5
CAMHDA301-20220506T061500,2022-05-06T06:15:00+00:00,240.0,13,18.06,20,9,0;0;13;20;0;11;1;1;4
CAMHDA301-20220506T091500,2022-05-06T09:15:00+00:00,420.0,9,12.5,16,9,0;5;6;16;0;9;1;2;4
CAMHDA301-20220506T121500,2022-05-06T12:15:00+00:00,420.0,10,13.89,17,9,0;9;9;17;1;10;1;1;7
CAMHDA301-20220506T151500,2022-05-06T15:15:00+00:00,180.0,12,16.67,19,9,0;12;19;10;0;0;0;5;3
CAMHDA301-20220506T181500,2022-05-06T18:15:00+00:00,180.0,5,6.94,17,9,0;5;17;0;0;0;0;2;5
CAMHDA301-20220506T211500,2022-05-06T21:15:00+00:00,240.0,23,31.94,39,9,0;15;23;39;0;11;0;4;5
CAMHDA301-20220510T001500,2022-05-10T00:15:00+00:00,300.0,1,1.39,2,9,0;2;0;1;1;0;1;0;1
CAMHDA301-20220510T031500,2022-05-10T03:15:00+00:00,480.0,15,20.83,17,9,9;14;10;11;17;10;15;10;9
CAMHDA301-20220510T061500,2022-05-10T06:15:00+00:00,240.0,20,27.78,21,9,12;13;20;20;14;16;17;19;21
CAMHDA301-20220510T091500,2022-05-10T09:15:00+00:00,120.0,0,0.0,0,9,0;0;0;0;0;0;0;0;0
CAMHDA301-20220510T121500,2022-05-10T12:15:00+00:00,600.0,5,6.94,6,9,0;0;1;0;4;3;3;6;5
CAMHDA301-20220510T151500,2022-05-10T15:15:00+00:00,120.0,0,0.0,0,9,0;0;0;0;0;0;0;0;0
CAMHDA301-20220510T181500,2022-05-10T18:15:00+00:00,120.0,0,0.0,0,9,0;0;0;0;0;0;0;0;0
CAMHDA301-20220510T211500,2022-05-10T21:15:00+00:00,300.0,11,15.28,14,9,7;6;7;11;14;4;3;3;4
CAMHDA301-20220511T001500,2022-05-11T00:15:00+00:00,240.0,15,20.83,17,9,0;17;15;0;10;0;0;4;6
CAMHDA301-20220511T031500,2022-05-11T03:15:00+00:00,240.0,25,34.72,40,9,0;8;25;40;2;14;1;0;2
CAMHDA301-20220511T061500,2022-05-11T06:15:00+00:00,600.0,7,9.72,15,9,0;4;15;0;0;0;0;4;7
CAMHDA301-20220511T091500,2022-05-11T09:15:00+00:00,180.0,14,19.44,17,9,0;14;17;13;0;0;1;3;13
CAMHDA301-20220511T121500,2022-05-11T12:15:00+00:00,240.0,22,30.56,29,9,0;13;22;29;0;0;1;1;3
CAMHDA301-20220511T151500,2022-05-11T15:15:00+00:00,240.0,10,13.89,33,9,0;3;10;33;3;8;2;2;2
CAMHDA301-20220511T181500,2022-05-11T18:15:00+00:00,180.0,7,9.72,13,9,0;7;13;0;0;0;1;7;4
CAMHDA301-20220511T211500,2022-05-11T21:15:00+00:00,240.0,19,26.39,28,9,0;10;19;28;0;9;2;2;2
CAMHDA301-20220512T001500,2022-05-12T00:15:00+00:00,180.0,22,30.56,30,9,0;22;16;30;0;10;2;2;5
CAMHDA301-20220512T031500,2022-05-12T03:15:00+00:00,240.0,13,18.06,29,9,0;11;13;29;0;11;0;1;0
CAMHDA301-20220512T061500,2022-05-12T06:15:00+00:00,240.0,17,23.61,27,9,0;7;17;27;1;9;4;1;3
CAMHDA301-20220512T091500,2022-05-12T09:15:00+00:00,180.0,11,15.28,16,9,0;11;16;0;0;1;1;5;6
CAMHDA301-20220512T121500,2022-05-12T12:15:00+00:00,180.0,10,13.89,16,9,0;10;16;0;1;0;0;1;6
CAMHDA301-20220512T151500,2022-05-12T15:15:00+00:00,420.0,18,25.0,35,9,0;0;0;35;2;18;3;1;3
CAMHDA301-20220512T181500,2022-05-12T18:15:00+00:00,240.0,17,23.61,25,9,0;16;17;25;2;7;3;3;3
CAMHDA301-20220512T211500,2022-05-12T21:15:00+00:00,180.0,15,20.83,18,9,0;15;18;5;0;0;0;4;1
CAMHDA301-20220513T001500,2022-05-13T00:15:00+00:00,180.0,13,18.06,17,9,0;13;17;0;0;0;0;3;1
CAMHDA301-20220513T031500,2022-05-13T03:15:00+00:00,240.0,18,25.0,28,9,0;9;18;28;1;10;1;0;3
CAMHDA301-20220513T061500,2022-05-13T06:15:00+00:00,240.0,12,16.67,38,9,0;10;12;38;0;11;2;4;4
CAMHDA301-20220513T091500,2022-05-13T09:15:00+00:00,240.0,18,25.0,40,9,0;13;18;40;2;14;4;4;6
CAMHDA301-20220513T121500,2022-05-13T12:15:00+00:00,600.0,10,13.89,12,9,0;9;12;0;0;0;2;8;10
CAMHDA301-20220513T151500,2022-05-13T15:15:00+00:00,240.0,19,26.39,32,9,0;10;19;32;1;14;3;2;4
CAMHDA301-20220513T181500,2022-05-13T18:15:00+00:00,240.0,14,19.44,28,9,0;7;14;28;1;5;2;1;5
CAMHDA301-20220513T211500,2022-05-13T21:15:00+00:00,540.0,2,2.78,4,9,0;1;0;0;1;0;0;2;4
CAMHDA301-20220517T001500,2022-05-17T00:15:00+00:00,600.0,7,9.72,11,9,0;1;11;0;1;0;0;4;7
CAMHDA301-20220517T031500,2022-05-17T03:15:00+00:00,180.0,13,18.06,20,9,0;13;20;0;0;0;1;3;4
CAMHDA301-20220517T061500,2022-05-17T06:15:00+00:00,180.0,9,12.5,24,9,1;9;9;24;1;7;3;3;7
CAMHDA301-20220517T091500,2022-05-17T09:15:00+00:00,600.0,9,12.5,10,9,0;1;2;0;0;10;0;5;9
CAMHDA301-20220517T121500,2022-05-17T12:15:00+00:00,240.0,25,34.72,30,9,0;19;25;30;0;15;2;2;9
CAMHDA301-20220517T151500,2022-05-17T15:15:00+00:00,240.0,26,36.11,40,9,0;20;26;40;2;17;1;2;3
CAMHDA301-20220517T181500,2022-05-17T18:15:00+00:00,240.0,21,29.17,33,9,0;16;21;33;0;0;0;4;11
CAMHDA301-20220517T211500,2022-05-17T21:15:00+00:00,180.0,13,18.06,18,9,0;13;18;0;0;0;0;5;6
CAMHDA301-20220518T001500,2022-05-18T00:15:00+00:00,180.0,10,13.89,37,9,0;10;8;37;1;0;0;2;6
CAMHDA301-20220518T031500,2022-05-18T03:15:00+00:00,180.0,8,11.11,20,9,0;8;20;0;1;0;0;4;3
CAMHDA301-20220518T061500,2022-05-18T06:15:00+00:00,240.0,9,12.5,23,9,1;6;9;23;0;4;2;3;4
CAMHDA301-20220518T091500,2022-05-18T09:15:00+00:00,180.0,15,20.83,30,9,0;15;14;30;1;9;2;2;3
CAMHDA301-20220518T121500,2022-05-18T12:15:00+00:00,240.0,16,22.22,39,9,0;14;16;39;0;11;1;5;4
CAMHDA301-20220518T151500,2022-05-18T15:15:00+00:00,180.0,15,20.83,44,9,0;15;15;44;0;0;0;4;8
CAMHDA301-20220518T181500,2022-05-18T18:15:00+00:00,180.0,19,26.39,34,9,0;19;19;34;3;9;0;3;3
CAMHDA301-20220518T211500,2022-05-18T21:15:00+00:00,240.0,26,36.11,33,9,0;18;26;33;1;0;0;4;9
CAMHDA301-20220519T001500,2022-05-19T00:15:00+00:00,240.0,24,33.33,35,9,0;18;24;35;0;19;2;2;8
CAMHDA301-20220519T031500,2022-05-19T03:15:00+00:00,240.0,17,23.61,18,9,0;10;17;13;1;18;0;6;5
CAMHDA301-20220519T061500,2022-05-19T06:15:00+00:00,420.0,16,22.22,45,9,0;12;4;45;1;16;3;2;1
CAMHDA301-20220519T091500,2022-05-19T09:15:00+00:00,240.0,7,9.72,13,9,0;4;7;13;0;7;1;0;4
CAMHDA301-20220519T121500,2022-05-19T12:15:00+00:00,180.0,7,9.72,16,9,0;7;4;16;1;5;2;6;5
CAMHDA301-20220519T151500,2022-05-19T15:15:00+00:00,240.0,15,20.83,37,9,0;12;15;37;1;1;1;5;8
CAMHDA301-20220519T181500,2022-05-19T18:15:00+00:00,240.0,18,25.0,24,9,0;7;18;24;1;0;0;2;5
CAMHDA301-20220519T211500,2022-05-19T21:15:00+00:00,180.0,14,19.44,19,9,0;14;13;19;0;0;0;2;4
CAMHDA301-20220520T001500,2022-05-20T00:15:00+00:00,120.0,3,4.17,4,9,3;0;1;0;2;4;2;3;2
CAMHDA301-20220520T031500,2022-05-20T03:15:00+00:00,420.0,12,16.67,12,9,0;0;1;0;1;12;9;12;12
CAMHDA301-20220520T061500,2022-05-20T06:15:00+00:00,300.0,19,26.39,20,9,17;20;18;19;15;17;17;15;17
CAMHDA301-20220520T091500,2022-05-20T09:15:00+00:00,360.0,13,18.06,16,9,7;16;9;12;13;8;5;3;10
CAMHDA301-20220520T121500,2022-05-20T12:15:00+00:00,120.0,0,0.0,0,9,0;0;0;0;0;0;0;0;0
CAMHDA301-20220520T151500,2022-05-20T15:15:00+00:00,240.0,12,16.67,12,9,10;7;12;12;7;11;11;10;10
CAMHDA301-20220520T181500,2022-05-20T18:15:00+00:00,120.0,0,0.0,0,9,0;0;0;0;0;0;0;0;0
CAMHDA301-20220520T211500,2022-05-20T21:15:00+00:00,180.0,6,8.33,7,9,2;6;2;7;6;5;3;2;4
CAMHDA301-20220524T001500,2022-05-24T00:15:00+00:00,600.0,11,15.28,14,9,0;14;7;0;0;0;0;4;11
CAMHDA301-20220524T031500,2022-05-24T03:15:00+00:00,240.0,9,12.5,28,9,0;4;9;28;2;7;1;0;1
CAMHDA301-20220524T061500,2022-05-24T06:15:00+00:00,600.0,11,15.28,24,9,0;0;0;24;2;10;1;0;11
CAMHDA301-20220524T091500,2022-05-24T09:15:00+00:00,240.0,17,23.61,22,9,0;0;17;22;0;9;4;3;4
CAMHDA301-20220524T121500,2022-05-24T12:15:00+00:00,240.0,19,26.39,24,9,0;16;19;24;0;18;1;0;4
CAMHDA301-20220524T151500,2022-05-24T15:15:00+00:00,240.0,18,25.0,22,9,0;8;18;22;3;2;1;0;1
CAMHDA301-20220524T181500,2022-05-24T18:15:00+00:00,240.0,15,20.83,15,9,1;10;15;15;0;8;5;0;0
CAMHDA301-20220524T211500,2022-05-24T21:15:00+00:00,180.0,6,8.33,14,9,0;6;14;4;0;0;0;4;3
CAMHDA301-20220525T001500,2022-05-25T00:15:00+00:00,420.0,12,16.67,22,9,1;5;10;22;0;12;2;0;3
CAMHDA301-20220525T031500,2022-05-25T03:15:00+00:00,420.0,14,19.44,19,9,1;4;9;19;1;14;1;0;9
CAMHDA301-20220525T061500,2022-05-25T06:15:00+00:00,240.0,7,9.72,10,9,0;5;7;0;1;10;1;3;4
CAMHDA301-20220525T091500,2022-05-25T09:15:00+00:00,300.0,28,38.89,29,9,0;12;29;28;1;0;0;4;8
CAMHDA301-20220525T121500,2022-05-25T12:15:00+00:00,180.0,13,18.06,18,9,0;13;18;0;1;0;0;6;4
CAMHDA301-20220525T151500,2022-05-25T15:15:00+00:00,240.0,16,22.22,20,9,0;11;16;20;0;11;1;0;0
CAMHDA301-20220525T181500,2022-05-25T18:15:00+00:00,240.0,8,11.11,14,9,0;4;8;0;0;0;0;2;14
CAMHDA301-20220525T211500,2022-05-25T21:15:00+00:00,240.0,15,20.83,34,9,0;13;15;34;0;0;2;4;8
CAMHDA301-20220526T001500,2022-05-26T00:15:00+00:00,180.0,12,16.67,17,9,0;12;17;0;0;0;0;2;11
CAMHDA301-20220526T031500,2022-05-26T03:15:00+00:00,420.0,11,15.28,13,9,0;5;10;13;3;11;0;0;3
CAMHDA301-20220526T061500,2022-05-26T06:15:00+00:00,240.0,16,22.22,22,9,0;6;16;22;4;12;4;3;2
CAMHDA301-20220526T091500,2022-05-26T09:15:00+00:00,240.0,12,16.67,29,9,1;9;12;29;0;9;1;0;4
CAMHDA301-20220526T121500,2022-05-26T12:15:00+00:00,420.0,18,25.0,21,9,0;12;15;21;0;18;2;0;10
CAMHDA301-20220526T151500,2022-05-26T15:15:00+00:00,420.0,10,13.89,12,9,0;8;12;0;1;10;1;2;5
CAMHDA301-20220526T181500,2022-05-26T18:15:00+00:00,240.0,16,22.22,25,9,0;5;16;25;2;14;3;6;3
CAMHDA301-20220526T211500,2022-05-26T21:15:00+00:00,240.0,15,20.83,26,9,0;9;15;26;2;14;0;1;2
CAMHDA301-20220527T001500,2022-05-27T00:15:00+00:00,420.0,11,15.28,24,9,0;9;9;24;1;11;1;0;3
CAMHDA301-20220527T031500,2022-05-27T03:15:00+00:00,600.0,11,15.28,12,9,0;6;8;12;3;4;2;0;11
CAMHDA301-20220527T061500,2022-05-27T06:15:00+00:00,600.0,10,13.89,14,9,0;2;1;14;1;0;0;3;10
CAMHDA301-20220527T091500,2022-05-27T09:15:00+00:00,240.0,17,23.61,27,9,0;14;17;27;0;0;0;5;3
CAMHDA301-20220527T121500,2022-05-27T12:15:00+00:00,240.0,23,31.94,25,9,0;11;23;25;1;0;0;3;1
CAMHDA301-20220527T151500,2022-05-27T15:15:00+00:00,180.0,20,27.78,20,9,0;20;9;20;0;0;0;2;0
CAMHDA301-20220527T181500,2022-05-27T18:15:00+00:00,540.0,6,8.33,13,9,0;2;13;0;0;0;2;6;6
CAMHDA301-20220527T211500,2022-05-27T21:15:00+00:00,180.0,13,18.06,16,9,0;13;3;16;0;0;0;2;1
CAMHDA301-20220531T001500,2022-05-31T00:15:00+00:00,300.0,12,16.67,13,9,0;11;13;12;1;0;2;3;5
CAMHDA301-20220531T031500,2022-05-31T03:15:00+00:00,240.0,20,27.78,35,9,0;10;20;35;1;12;2;2;0
CAMHDA301-20220531T061500,2022-05-31T06:15:00+00:00,240.0,13,18.06,35,9,0;7;13;35;2;10;0;0;1
CAMHDA301-20220531T091500,2022-05-31T09:15:00+00:00,240.0,23,31.94,31,9,0;13;23;31;3;4;2;2;3
CAMHDA301-20220531T121500,2022-05-31T12:15:00+00:00,180.0,13,18.06,13,9,0;13;13;0;0;0;0;1;5
CAMHDA301-20220531T151500,2022-05-31T15:15:00+00:00,240.0,19,26.39,40,9,0;13;19;40;0;16;1;4;11
CAMHDA301-20220531T181500,2022-05-31T18:15:00+00:00,180.0,8,11.11,14,9,0;8;14;3;1;0;0;1;4
CAMHDA301-20220531T211500,2022-05-31T21:15:00+00:00,240.0,18,25.0,35,9,0;11;18;35;1;1;1;4;1
CAMHDA301-20220601T031500,2022-06-01T03:15:00+00:00,120.0,0,0.0,0,9,0;0;0;0;0;0;0;0;0
CAMHDA301-20220601T061500,2022-06-01T06:15:00+00:00,600.0,4,5.56,5,9,2;2;1;0;1;1;5;1;4
CAMHDA301-20220601T091500,2022-06-01T09:15:00+00:00,540.0,9,12.5,9,9,0;0;0;0;0;0;3;9;9
CAMHDA301-20220601T121500,2022-06-01T12:15:00+00:00,240.0,14,19.44,14,9,12;10;14;8;8;11;10;11;14
CAMHDA301-20220601T151500,2022-06-01T15:15:00+00:00,120.0,19,26.39,19,9,19;18;15;17;17;18;19;15;15
CAMHDA301-20220601T181500,2022-06-01T18:15:00+00:00,120.0,24,33.33,25,9,24;23;19;21;21;21;20;19;25
CAMHDA301-20220601T211500,2022-06-01T21:15:00+00:00,600.0,17,23.61,18,9,0;12;0;14;15;10;11;18;17
CAMHDA301-20220602T001500,2022-06-02T00:15:00+00:00,360.0,24,33.33,24,9,17;16;19;21;24;21;23;24;19
CAMHDA301-20220602T031500,2022-06-02T03:15:00+00:00,120.0,0,0.0,1,9,0;0;0;0;0;0;1;0;0
CAMHDA301-20220602T061500,2022-06-02T06:15:00+00:00,420.0,12,16.67,13,9,9;8;13;8;9;12;12;11;9
CAMHDA301-20220602T091500,2022-06-02T09:15:00+00:00,180.0,11,15.28,11,9,9;11;11;8;9;5;9;5;9
CAMHDA301-20220602T121500,2022-06-02T12:15:00+00:00,360.0,4,5.56,5,9,1;2;2;5;4;4;4;4;2
CAMHDA301-20220602T151500,2022-06-02T15:15:00+00:00,300.0,5,6.94,7,9,3;3;4;5;3;7;5;4;5
CAMHDA301-20220602T181500,2022-06-02T18:15:00+00:00,240.0,3,4.17,4,9,4;2;3;1;1;2;2;3;2
CAMHDA301-20220602T211500,2022-06-02T21:15:00+00:00,300.0,7,9.72,10,9,10;6;4;7;3;5;6;6;4
CAMHDA301-20220603T001500,2022-06-03T00:15:00+00:00,120.0,11,15.28,12,9,11;12;10;7;9;10;6;9;8
CAMHDA301-20220603T031500,2022-06-03T03:15:00+00:00,180.0,16,22.22,16,9,12;16;15;11;16;9;8;12;8
CAMHDA301-20220603T061500,2022-06-03T06:15:00+00:00,240.0,1,1.39,2,9,2;0;1;0;1;1;0;0;1
CAMHDA301-20220603T091500,2022-06-03T09:15:00+00:00,120.0,0,0.0,0,9,0;0;0;0;0;0;0;0;0
CAMHDA301-20220603T121500,2022-06-03T12:15:00+00:00,120.0,0,0.0,0,9,0;0;0;0;0;0;0;0;0
CAMHDA301-20220603T151500,2022-06-03T15:15:00+00:00,120.0,0,0.0,0,9,0;0;0;0;0;0;0;0;0
CAMHDA301-20220603T181500,2022-06-03T18:15:00+00:00,120.0,0,0.0,0,9,0;0;0;0;0;0;0;0;0
CAMHDA301-20220603T211500,2022-06-03T21:15:00+00:00,420.0,5,6.94,5,9,1;2;0;0;4;5;3;5;0
CAMHDA301-20220607T001500,2022-06-07T00:15:00+00:00,180.0,10,13.89,22,9,0;10;22;0;0;0;0;1;9
CAMHDA301-20220607T031500,2022-06-07T03:15:00+00:00,540.0,5,6.94,7,9,0;2;0;0;0;0;0;5;7
CAMHDA301-20220607T061500,2022-06-07T06:15:00+00:00,480.0,3,4.17,6,9,0;0;0;0;1;2;3;2;6
CAMHDA301-20220607T091500,2022-06-07T09:15:00+00:00,120.0,0,0.0,0,9,0;0;0;0;0;0;0;0;0
CAMHDA301-20220607T121500,2022-06-07T12:15:00+00:00,240.0,12,16.67,31,9,2;6;12;31;0;11;4;0;5
CAMHDA301-20220607T151500,2022-06-07T15:15:00+00:00,240.0,13,18.06,22,9,0;7;13;22;1;10;1;3;7
CAMHDA301-20220607T181500,2022-06-07T18:15:00+00:00,240.0,23,31.94,38,9,0;15;23;38;1;9;0;2;3
CAMHDA301-20220607T211500,2022-06-07T21:15:00+00:00,420.0,15,20.83,53,9,0;1;0;53;2;15;5;4;7
CAMHDA301-20220608T001500,2022-06-08T00:15:00+00:00,240.0,14,19.44,29,9,0;9;14;29;1;9;3;1;4
CAMHDA301-20220608T031500,2022-06-08T03:15:00+00:00,240.0,11,15.28,31,9,0;6;11;31;1;9;1;0;2
CAMHDA301-20220608T061500,2022-06-08T06:15:00+00:00,420.0,16,22.22,27,9,0;0;11;27;3;16;2;2;6
CAMHDA301-20220608T091500,2022-06-08T09:15:00+00:00,420.0,14,19.44,28,9,0;4;3;28;1;14;2;2;2
CAMHDA301-20220608T121500,2022-06-08T12:15:00+00:00,240.0,17,23.61,33,9,0;7;17;33;1;11;3;0;4
CAMHDA301-20220608T151500,2022-06-08T15:15:00+00:00,240.0,9,12.5,26,9,0;4;9;26;0;7;1;0;7
CAMHDA301-20220608T181500,2022-06-08T18:15:00+00:00,240.0,14,19.44,34,9,0;9;14;34;1;9;4;0;1
CAMHDA301-20220608T211500,2022-06-08T21:15:00+00:00,180.0,15,20.83,18,9,0;15;18;9;0;0;1;0;4
CAMHDA301-20220609T001500,2022-06-09T00:15:00+00:00,420.0,14,19.44,37,9,0;10;12;37;1;14;0;0;7
CAMHDA301-20220609T031500,2022-06-09T03:15:00+00:00,240.0,15,20.83,35,9,0;6;15;35;0;12;0;1;0
CAMHDA301-20220609T061500,2022-06-09T06:15:00+00:00,300.0,17,23.61,17,9,0;8;13;17;1;17;0;1;1
CAMHDA301-20220609T091500,2022-06-09T09:15:00+00:00,180.0,10,13.89,12,9,0;10;2;0;2;0;1;3;12
CAMHDA301-20220609T121500,2022-06-09T12:15:00+00:00,420.0,11,15.28,28,9,0;10;7;28;1;11;2;0;0
CAMHDA301-20220609T151500,2022-06-09T15:15:00+00:00,240.0,19,26.39,29,9,0;3;19;29;0;10;2;0;2
CAMHDA301-20220609T181500,2022-06-09T18:15:00+00:00,240.0,21,29.17,32,9,0;8;21;32;1;7;0;2;5
CAMHDA301-20220609T211500,2022-06-09T21:15:00+00:00,180.0,9,12.5,20,9,0;9;20;0;0;2;0;1;7
CAMHDA301-20220610T001500,2022-06-10T00:15:00+00:00,120.0,2,2.78,3,9,2;2;1;1;1;1;2;0;3
CAMHDA301-20220610T031500,2022-06-10T03:15:00+00:00,120.0,9,12.5,9,9,9;9;5;7;7;5;6;7;9
CAMHDA301-20220610T061500,2022-06-10T06:15:00+00:00,420.0,12,16.67,12,9,1;0;0;0;6;12;7;12;9
CAMHDA301-20220610T091500,2022-06-10T09:15:00+00:00,360.0,15,20.83,15,9,0;0;13;10;15;13;12;13;15
CAMHDA301-20220610T121500,2022-06-10T12:15:00+00:00,120.0,2,2.78,3,9,2;0;0;0;1;3;1;1;1
CAMHDA301-20220610T151500,2022-06-10T15:15:00+00:00,120.0,9,12.5,10,9,9;1;3;10;9;3;9;2;1
CAMHDA301-20220610T181500,2022-06-10T18:15:00+00:00,120.0,0,0.0,1,9,0;0;0;0;1;0;0;0;0
CAMHDA301-20220610T211500,2022-06-10T21:15:00+00:00,420.0,7,9.72,9,9,6;6;0;0;1;7;9;1;3
CAMHDA301-20220614T001500,2022-06-14T00:15:00+00:00,240.0,19,26.39,38,9,0;14;19;38;1;0;1;1;6
CAMHDA301-20220614T031500,2022-06-14T03:15:00+00:00,180.0,12,16.67,13,9,0;12;13;12;1;0;0;3;3
CAMHDA301-20220614T061500,2022-06-14T06:15:00+00:00,420.0,8,11.11,12,9,0;5;5;12;0;8;2;0;5
CAMHDA301-20220614T091500,2022-06-14T09:15:00+00:00,240.0,10,13.89,17,9,0;6;10;17;3;0;0;7;4
CAMHDA301-20220614T121500,2022-06-14T12:15:00+00:00,240.0,16,22.22,35,9,1;12;16;35;0;10;0;5;5
CAMHDA301-20220614T151500,2022-06-14T15:15:00+00:00,300.0,8,11.11,20,9,0;5;20;8;1;0;0;3;2
CAMHDA301-20220614T181500,2022-06-14T18:15:00+00:00,420.0,13,18.06,31,9,0;3;5;31;1;13;2;2;9
CAMHDA301-20220614T211500,2022-06-14T21:15:00+00:00,300.0,11,15.28,12,9,0;0;0;11;1;12;1;0;8
CAMHDA301-20220615T001500,2022-06-15T00:15:00+00:00,300.0,12,16.67,19,9,0;6;19;12;1;0;1;3;8
CAMHDA301-20220615T031500,2022-06-15T03:15:00+00:00,180.0,11,15.28,33,9,0;11;11;33;1;0;0;4;4
CAMHDA301-20220615T061500,2022-06-15T06:15:00+00:00,240.0,7,9.72,23,9,0;2;7;23;0;4;1;0;2
CAMHDA301-20220615T091500,2022-06-15T09:15:00+00:00,240.0,4,5.56,5,9,0;1;4;0;0;5;2;0;2
CAMHDA301-20220615T121500,2022-06-15T12:15:00+00:00,120.0,0,0.0,0,9,0;0;0;0;0;0;0;0;0
CAMHDA301-20220615T151500,2022-06-15T15:15:00+00:00,120.0,0,0.0,0,9,0;0;0;0;0;0;0;0;0
CAMHDA301-20220615T181500,2022-06-15T18:15:00+00:00,120.0,0,0.0,0,9,0;0;0;0;0;0;0;0;0
CAMHDA301-20220615T211500,2022-06-15T21:15:00+00:00,120.0,0,0.0,0,9,0;0;0;0;0;0;0;0;0
CAMHDA301-20220616T001500,2022-06-16T00:15:00+00:00,120.0,0,0.0,0,9,0;0;0;0;0;0;0;0;0
CAMHDA301-20220616T031500,2022-06-16T03:15:00+00:00,120.0,0,0.0,0,9,0;0;0;0;0;0;0;0;0
CAMHDA301-20220616T061500,2022-06-16T06:15:00+00:00,120.0,0,0.0,0,9,0;0;0;0;0;0;0;0;0
CAMHDA301-20220616T091500,2022-06-16T09:15:00+00:00,120.0,0,0.0,0,9,0;0;0;0;0;0;0;0;0
CAMHDA301-20220616T121500,2022-06-16T12:15:00+00:00,120.0,0,0.0,0,9,0;0;0;0;0;0;0;0;0
CAMHDA301-20220616T151500,2022-06-16T15:15:00+00:00,120.0,0,0.0,0,9,0;0;0;0;0;0;0;0;0
CAMHDA301-20220616T181500,2022-06-16T18:15:00+00:00,120.0,0,0.0,0,9,0;0;0;0;0;0;0;0;0
CAMHDA301-20220616T211500,2022-06-16T21:15:00+00:00,120.0,0,0.0,0,9,0;0;0;0;0;0;0;0;0
CAMHDA301-20220617T001500,2022-06-17T00:15:00+00:00,120.0,0,0.0,0,9,0;0;0;0;0;0;0;0;0
CAMHDA301-20220617T031500,2022-06-17T03:15:00+00:00,120.0,0,0.0,0,9,0;0;0;0;0;0;0;0;0
CAMHDA301-20220617T061500,2022-06-17T06:15:00+00:00,120.0,0,0.0,0,9,0;0;0;0;0;0;0;0;0
CAMHDA301-20220617T091500,2022-06-17T09:15:00+00:00,120.0,0,0.0,0,9,0;0;0;0;0;0;0;0;0
CAMHDA301-20220617T121500,2022-06-17T12:15:00+00:00,120.0,0,0.0,0,9,0;0;0;0;0;0;0;0;0
CAMHDA301-20220617T151500,2022-06-17T15:15:00+00:00,120.0,0,0.0,0,9,0;0;0;0;0;0;0;0;0
CAMHDA301-20220617T181500,2022-06-17T18:15:00+00:00,240.0,15,20.83,34,9,0;14;15;34;1;0;0;2;2
CAMHDA301-20220617T211500,2022-06-17T21:15:00+00:00,180.0,9,12.5,17,9,0;9;9;0;0;17;0;4;2
CAMHDA301-20220621T001500,2022-06-21T00:15:00+00:00,360.0,20,27.78,21,9,1;21;7;1;20;13;1;1;2
CAMHDA301-20220621T031500,2022-06-21T03:15:00+00:00,240.0,11,15.28,23,9,0;0;11;23;0;11;0;0;2
CAMHDA301-20220621T061500,2022-06-21T06:15:00+00:00,180.0,10,13.89,14,9,0;10;14;0;0;0;1;3;7
CAMHDA301-20220621T091500,2022-06-21T09:15:00+00:00,180.0,17,23.61,24,9,0;17;24;0;0;0;0;2;4
CAMHDA301-20220621T121500,2022-06-21T12:15:00+00:00,240.0,12,16.67,29,9,0;9;12;29;1;8;1;0;3
CAMHDA301-20220621T151500,2022-06-21T15:15:00+00:00,420.0,15,20.83,31,9,0;0;7;31;0;15;1;1;8
CAMHDA301-20220621T181500,2022-06-21T18:15:00+00:00,180.0,18,25.0,40,9,0;18;18;40;3;0;0;3;2
CAMHDA301-20220621T211500,2022-06-21T21:15:00+00:00,180.0,26,36.11,26,9,0;26;26;18;0;0;0;3;9
CAMHDA301-20220622T001500,2022-06-22T00:15:00+00:00,180.0,17,23.61,17,9,0;17;17;0;1;0;0;0;6
CAMHDA301-20220622T031500,2022-06-22T03:15:00+00:00,240.0,14,19.44,21,9,0;13;14;21;1;0;1;3;7
CAMHDA301-20220622T061500,2022-06-22T06:15:00+00:00,240.0,17,23.61,46,9,0;13;17;46;0;14;2;3;11
CAMHDA301-20220622T091500,2022-06-22T09:15:00+00:00,240.0,21,29.17,42,9,0;20;21;42;0;13;1;0;6
CAMHDA301-20220622T121500,2022-06-22T12:15:00+00:00,240.0,23,31.94,43,9,0;11;23;43;2;0;1;1;3
CAMHDA301-20220622T151500,2022-06-22T15:15:00+00:00,420.0,7,9.72,31,9,0;0;0;31;0;7;1;0;6
CAMHDA301-20220622T181500,2022-06-22T18:15:00+00:00,180.0,15,20.83,28,9,0;15;14;28;1;0;1;2;5
CAMHDA301-20220622T211500,2022-06-22T21:15:00+00:00,240.0,11,15.28,22,9,0;9;11;22;1;0;0;2;8
CAMHDA301-20220623T001500,2022-06-23T00:15:00+00:00,180.0,11,15.28,35,9,0;11;11;35;0;11;2;0;2
CAMHDA301-20220623T031500,2022-06-23T03:15:00+00:00,240.0,25,34.72,27,9,0;13;25;27;2;5;1;0;2
CAMHDA301-20220623T061500,2022-06-23T06:15:00+00:00,420.0,20,27.78,32,9,0;9;7;32;0;20;1;0;9
CAMHDA301-20220623T091500,2022-06-23T09:15:00+00:00,240.0,17,23.61,29,9,0;9;17;29;1;0;0;4;7
CAMHDA301-20220623T121500,2022-06-23T12:15:00+00:00,240.0,22,30.56,31,9,0;13;22;31;1;0;1;1;3
CAMHDA301-20220623T151500,2022-06-23T15:15:00+00:00,420.0,13,18.06,29,9,0;0;0;29;2;13;0;1;6
CAMHDA301-20220623T181500,2022-06-23T18:15:00+00:00,180.0,17,23.61,43,9,0;17;15;43;2;6;1;1;0
CAMHDA301-20220623T211500,2022-06-23T21:15:00+00:00,180.0,15,20.83,21,9,0;15;21;0;0;1;0;3;9
CAMHDA301-20220624T001500,2022-06-24T00:15:00+00:00,240.0,25,34.72,33,9,0;16;25;33;2;10;2;4;8
CAMHDA301-20220624T031500,2022-06-24T03:15:00+00:00,420.0,8,11.11,16,9,0;0;0;16;0;8;1;5;3
CAMHDA301-20220624T061500,2022-06-24T06:15:00+00:00,240.0,18,25.0,37,9,0;11;18;37;1;11;3;2;0
CAMHDA301-20220624T091500,2022-06-24T09:15:00+00:00,240.0,19,26.39,33,9,0;13;19;33;0;9;2;1;4
CAMHDA301-20220624T121500,2022-06-24T12:15:00+00:00,420.0,16,22.22,39,9,0;10;14;39;0;16;2;3;3
CAMHDA301-20220624T151500,2022-06-24T15:15:00+00:00,240.0,14,19.44,31,9,0;6;14;31;2;0;0;4;3
CAMHDA301-20220624T181500,2022-06-24T18:15:00+00:00,240.0,13,18.06,33,9,0;11;13;33;1;0;0;0;7
CAMHDA301-20220624T211500,2022-06-24T21:15:00+00:00,240.0,15,20.83,32,9,0;6;15;32;0;0;2;3;10
CAMHDA301-20220628T001500,2022-06-28T00:15:00+00:00,180.0,18,25.0,40,9,0;18;18;40;1;12;1;3;3
CAMHDA301-20220628T031500,2022-06-28T03:15:00+00:00,240.0,16,22.22,46,9,0;9;16;46;2;0;0;5;1
CAMHDA301-20220628T061500,2022-06-28T06:15:00+00:00,120.0,0,0.0,0,9,0;0;0;0;0;0;0;0;0
CAMHDA301-20220628T091500,2022-06-28T09:15:00+00:00,300.0,9,12.5,11,9,0;0;0;9;2;11;0;2;5
CAMHDA301-20220628T121500,2022-06-28T12:15:00+00:00,240.0,24,33.33,42,9,0;18;24;42;1;0;0;5;10
CAMHDA301-20220628T151500,2022-06-28T15:15:00+00:00,240.0,15,20.83,38,9,0;10;15;38;0;0;2;4;6
CAMHDA301-20220628T181500,2022-06-28T18:15:00+00:00,240.0,19,26.39,30,9,0;12;19;30;0;0;1;5;14
CAMHDA301-20220628T211500,2022-06-28T21:15:00+00:00,240.0,18,25.0,37,9,0;8;18;37;1;0;0;4;7
CAMHDA301-20220629T001500,2022-06-29T00:15:00+00:00,300.0,10,13.89,11,9,0;4;11;10;0;0;0;3;10
CAMHDA301-20220629T031500,2022-06-29T03:15:00+00:00,240.0,19,26.39,41,9,0;11;19;41;1;0;0;3;10
CAMHDA301-20220629T061500,2022-06-29T06:15:00+00:00,240.0,11,15.28,33,9,0;9;11;33;1;8;2;0;6
CAMHDA301-20220629T091500,2022-06-29T09:15:00+00:00,240.0,15,20.83,28,9,0;7;15;28;1;6;3;0;6
CAMHDA301-20220629T121500,2022-06-29T12:15:00+00:00,240.0,21,29.17,33,9,0;15;21;33;0;12;1;0;4
CAMHDA301-20220629T151500,2022-06-29T15:15:00+00:00,240.0,18,25.0,30,9,1;9;18;30;0;0;1;1;8
CAMHDA301-20220629T181500,2022-06-29T18:15:00+00:00,240.0,15,20.83,16,9,0;16;15;3;0;0;0;4;3
CAMHDA301-20220629T211500,2022-06-29T21:15:00+00:00,240.0,11,15.28,37,9,0;8;11;37;0;0;0;4;2
CAMHDA301-20220630T001500,2022-06-30T00:15:00+00:00,300.0,15,20.83,17,9,0;13;17;15;0;0;0;2;6
CAMHDA301-20220630T031500,2022-06-30T03:15:00+00:00,180.0,10,13.89,14,9,0;10;14;0;0;0;0;5;7
CAMHDA301-20220630T061500,2022-06-30T06:15:00+00:00,240.0,15,20.83,26,9,0;2;15;26;1;7;6;0;1
CAMHDA301-20220630T091500,2022-06-30T09:15:00+00:00,240.0,15,20.83,28,9,0;8;15;28;0;0;1;4;5
CAMHDA301-20220630T121500,2022-06-30T12:15:00+00:00,240.0,18,25.0,47,9,0;15;18;47;0;12;0;2;5
CAMHDA301-20220630T151500,2022-06-30T15:15:00+00:00,240.0,21,29.17,39,9,0;16;21;39;1;10;1;4;3
CAMHDA301-20220630T181500,2022-06-30T18:15:00+00:00,180.0,10,13.89,15,9,0;10;15;0;0;0;0;2;7
CAMHDA301-20220630T211500,2022-06-30T21:15:00+00:00,600.0,3,4.17,23,9,0;0;1;23;0;2;2;1;3
CAMHDA301-20220701T031500,2022-07-01T03:15:00+00:00,120.0,0,0.0,1,9,0;0;0;0;1;0;0;0;0
CAMHDA301-20220701T061500,2022-07-01T06:15:00+00:00,420.0,4,5.56,4,9,1;1;2;3;0;4;3;4;0
CAMHDA301-20220701T091500,2022-07-01T09:15:00+00:00,480.0,13,18.06,15,9,11;15;11;7;7;3;13;11;5
CAMHDA301-20220701T121500,2022-07-01T12:15:00+00:00,180.0,9,12.5,10,9,7;9;1;0;4;0;10;4;5
CAMHDA301-20220701T151500,2022-07-01T15:15:00+00:00,360.0,12,16.67,13,9,8;9;11;10;12;12;8;13;7
CAMHDA301-20220701T181500,2022-07-01T18:15:00+00:00,360.0,19,26.39,19,9,13;11;14;13;19;18;17;18;19
CAMHDA301-20220701T211500,2022-07-01T21:15:00+00:00,180.0,20,27.78,22,9,18;20;19;13;17;20;15;22;17
CAMHDA301-20220705T001500,2022-07-05T00:15:00+00:00,240.0,8,11.11,15,9,0;1;8;0;2;15;0;2;4
CAMHDA301-20220705T031500,2022-07-05T03:15:00+00:00,240.0,14,19.44,34,9,0;7;14;34;2;0;0;1;2
CAMHDA301-20220705T061500,2022-07-05T06:15:00+00:00,180.0,11,15.28,18,9,0;11;18;7;1;0;0;0;8
CAMHDA301-20220705T091500,2022-07-05T09:15:00+00:00,240.0,10,13.89,32,9,0;9;10;32;1;6;2;0;5
CAMHDA301-20220705T121500,2022-07-05T12:15:00+00:00,240.0,14,19.44,27,9,0;9;14;27;0;14;1;2;2
CAMHDA301-20220705T151500,2022-07-05T15:15:00+00:00,240.0,21,29.17,29,9,0;13;21;29;1;5;0;4;3
CAMHDA301-20220705T181500,2022-07-05T18:15:00+00:00,180.0,16,22.22,41,9,0;16;12;41;0;0;1;5;6
CAMHDA301-20220705T211500,2022-07-05T21:15:00+00:00,240.0,16,22.22,19,9,0;15;16;19;0;0;0;3;0
CAMHDA301-20220706T001500,2022-07-06T00:15:00+00:00,420.0,8,11.11,24,9,0;6;1;24;2;8;1;0;4
CAMHDA301-20220706T031500,2022-07-06T03:15:00+00:00,240.0,10,13.89,30,9,0;5;10;30;0;3;0;0;2
CAMHDA301-20220706T061500,2022-07-06T06:15:00+00:00,600.0,7,9.72,12,9,0;5;12;0;0;1;4;2;7
CAMHDA301-20220706T091500,2022-07-06T09:15:00+00:00,600.0,3,4.17,10,9,0;1;10;0;0;0;0;2;3
CAMHDA301-20220706T121500,2022-07-06T12:15:00+00:00,420.0,8,11.11,23,9,0;0;6;23;0;8;3;0;1
CAMHDA301-20220706T151500,2022-07-06T15:15:00+00:00,240.0,16,22.22,42,9,0;13;16;42;1;0;0;1;5
CAMHDA301-20220706T181500,2022-07-06T18:15:00+00:00,180.0,12,16.67,25,9,0;12;25;0;0;0;0;2;10
CAMHDA301-20220706T211500,2022-07-06T21:15:00+00:00,240.0,20,27.78,45,9,0;10;20;45;0;7;0;1;9
CAMHDA301-20220707T001500,2022-07-07T00:15:00+00:00,600.0,11,15.28,14,9,0;1;14;0;0;0;0;3;11
CAMHDA301-20220707T031500,2022-07-07T03:15:00+00:00,600.0,12,16.67,19,9,0;7;19;0;1;0;0;3;12
CAMHDA301-20220707T061500,2022-07-07T06:15:00+00:00,240.0,14,19.44,27,9,0;11;14;27;0;0;0;4;7
CAMHDA301-20220707T091500,2022-07-07T09:15:00+00:00,600.0,9,12.5,13,9,0;2;13;0;0;1;0;4;9
CAMHDA301-20220707T121500,2022-07-07T12:15:00+00:00,240.0,6,8.33,9,9,0;2;6;0;1;0;0;1;9
CAMHDA301-20220707T151500,2022-07-07T15:15:00+00:00,180.0,13,18.06,16,9,0;13;16;0;0;0;0;2;3
CAMHDA301-20220707T181500,2022-07-07T18:15:00+00:00,240.0,18,25.0,37,9,0;11;18;37;1;0;0;2;1
CAMHDA301-20220707T211500,2022-07-07T21:15:00+00:00,240.0,16,22.22,45,9,0;9;16;45;0;0;0;6;8
CAMHDA301-20220708T001500,2022-07-08T00:15:00+00:00,180.0,12,16.67,17,9,0;12;17;0;2;0;1;2;3
CAMHDA301-20220708T031500,2022-07-08T03:15:00+00:00,420.0,16,22.22,33,9,0;4;10;33;0;16;1;0;1
CAMHDA301-20220708T061500,2022-07-08T06:15:00+00:00,180.0,10,13.89,16,9,0;10;16;0;0;0;0;2;6
CAMHDA301-20220708T091500,2022-07-08T09:15:00+00:00,300.0,13,18.06,14,9,0;12;14;13;1;0;0;1;4
CAMHDA301-20220708T121500,2022-07-08T12:15:00+00:00,180.0,4,5.56,10,9,0;4;10;0;0;0;0;1;4
CAMHDA301-20220708T151500,2022-07-08T15:15:00+00:00,600.0,9,12.5,11,9,0;1;11;0;0;0;1;1;9
CAMHDA301-20220708T181500,2022-07-08T18:15:00+00:00,180.0,10,13.89,12,9,0;10;12;5;1;0;0;2;9
CAMHDA301-20220708T211500,2022-07-08T21:15:00+00:00,420.0,11,15.28,16,9,0;1;0;16;0;11;2;4;1
CAMHDA301-20220712T001500,2022-07-12T00:15:00+00:00,240.0,14,19.44,33,9,0;11;14;33;1;13;0;3;5
CAMHDA301-20220712T031500,2022-07-12T03:15:00+00:00,180.0,13,18.06,22,9,0;13;22;0;0;0;1;3;3
CAMHDA301-20220712T061500,2022-07-12T06:15:00+00:00,240.0,17,23.61,24,9,2;8;17;24;2;7;1;0;10
CAMHDA301-20220712T091500,2022-07-12T09:15:00+00:00,240.0,8,11.11,10,9,0;10;8;0;0;5;1;2;5
CAMHDA301-20220712T121500,2022-07-12T12:15:00+00:00,240.0,15,20.83,40,9,0;9;15;40;0;14;0;0;2
CAMHDA301-20220712T151500,2022-07-12T15:15:00+00:00,240.0,20,27.78,42,9,0;16;20;42;0;14;1;2;3
CAMHDA301-20220712T181500,2022-07-12T18:15:00+00:00,240.0,20,27.78,37,9,0;11;20;37;2;11;1;4;6
CAMHDA301-20220712T211500,2022-07-12T21:15:00+00:00,600.0,6,8.33,16,9,0;3;16;0;1;0;0;1;6
CAMHDA301-20220713T001500,2022-07-13T00:15:00+00:00,180.0,11,15.28,11,9,0;11;11;0;0;0;0;1;6
CAMHDA301-20220713T031500,2022-07-13T03:15:00+00:00,240.0,12,16.67,14,9,0;14;12;0;0;0;0;2;6
CAMHDA301-20220713T061500,2022-07-13T06:15:00+00:00,240.0,9,12.5,22,9,0;5;9;22;1;8;1;0;4
CAMHDA301-20220713T091500,2022-07-13T09:15:00+00:00,240.0,20,27.78,24,9,0;14;20;24;0;10;1;1;3
CAMHDA301-20220713T121500,2022-07-13T12:15:00+00:00,240.0,26,36.11,26,9,0;12;26;26;2;0;0;2;2
CAMHDA301-20220713T151500,2022-07-13T15:15:00+00:00,180.0,14,19.44,39,9,0;14;14;39;3;12;1;4;5
CAMHDA301-20220713T181500,2022-07-13T18:15:00+00:00,240.0,13,18.06,32,9,0;8;13;32;1;0;0;3;2
CAMHDA301-20220713T211500,2022-07-13T21:15:00+00:00,180.0,10,13.89,16,9,0;10;16;0;0;0;0;2;8
CAMHDA301-20220714T001500,2022-07-14T00:15:00+00:00,180.0,13,18.06,14,9,0;13;14;0;1;0;0;0;2
CAMHDA301-20220714T031500,2022-07-14T03:15:00+00:00,180.0,15,20.83,21,9,0;15;21;0;0;0;0;4;6
CAMHDA301-20220714T061500,2022-07-14T06:15:00+00:00,240.0,8,11.11,28,9,0;6;8;28;1;3;0;1;3
CAMHDA301-20220714T091500,2022-07-14T09:15:00+00:00,540.0,7,9.72,17,9,0;0;17;0;0;2;2;7;7
CAMHDA301-20220714T121500,2022-07-14T12:15:00+00:00,240.0,20,27.78,32,9,0;11;20;32;2;0;1;6;8
CAMHDA301-20220714T151500,2022-07-14T15:15:00+00:00,240.0,12,16.67,35,9,0;10;12;35;2;10;2;0;9
CAMHDA301-20220714T181500,2022-07-14T18:15:00+00:00,240.0,15,20.83,47,9,0;6;15;47;3;1;2;4;4
CAMHDA301-20220714T211500,2022-07-14T21:15:00+00:00,180.0,15,20.83,41,9,0;15;13;41;1;3;0;2;3
CAMHDA301-20220715T001500,2022-07-15T00:15:00+00:00,240.0,15,20.83,29,9,0;11;15;29;1;9;3;6;3
CAMHDA301-20220715T031500,2022-07-15T03:15:00+00:00,240.0,22,30.56,41,9,0;9;22;41;0;0;0;0;9
CAMHDA301-20220715T061500,2022-07-15T06:15:00+00:00,420.0,12,16.67,21,9,0;0;0;21;2;12;0;1;9
CAMHDA301-20220715T091500,2022-07-15T09:15:00+00:00,300.0,14,19.44,19,9,0;12;19;14;2;7;3;0;4
CAMHDA301-20220715T121500,2022-07-15T12:15:00+00:00,240.0,17,23.61,22,9,0;8;17;22;1;14;2;7;7
CAMHDA301-20220715T151500,2022-07-15T15:15:00+00:00,240.0,19,26.39,35,9,0;11;19;35;2;16;2;3;5
CAMHDA301-20220715T181500,2022-07-15T18:15:00+00:00,240.0,23,31.94,44,9,0;13;23;44;1;10;0;3;7
CAMHDA301-20220715T211500,2022-07-15T21:15:00+00:00,240.0,14,19.44,37,9,0;13;14;37;2;4;1;2;3
CAMHDA301-20220719T001500,2022-07-19T00:15:00+00:00,240.0,14,19.44,33,9,0;12;14;33;1;6;2;0;0
CAMHDA301-20220719T031500,2022-07-19T03:15:00+00:00,240.0,11,15.28,18,9,0;0;11;18;2;0;1;1;3
CAMHDA301-20220719T061500,2022-07-19T06:15:00+00:00,240.0,17,23.61,45,9,0;14;17;45;2;0;0;3;8
CAMHDA301-20220719T091500,2022-07-19T09:15:00+00:00,240.0,18,25.0,41,9,0;10;18;41;0;11;4;0;2
CAMHDA301-20220719T121500,2022-07-19T12:15:00+00:00,240.0,9,12.5,29,9,0;8;9;29;1;6;0;0;2
CAMHDA301-20220719T151500,2022-07-19T15:15:00+00:00,420.0,11,15.28,35,9,0;0;5;35;0;11;1;0;1
CAMHDA301-20220719T181500,2022-07-19T18:15:00+00:00,180.0,15,20.83,44,9,0;15;15;44;0;0;0;0;8
CAMHDA301-20220719T211500,2022-07-19T21:15:00+00:00,180.0,10,13.89,39,9,0;10;10;39;1;8;2;0;1
CAMHDA301-20220720T001500,2022-07-20T00:15:00+00:00,180.0,2,2.78,4,9,0;2;0;0;2;0;1;4;2
CAMHDA301-20220720T031500,2022-07-20T03:15:00+00:00,180.0,8,11.11,10,9,10;8;8;0;0;0;0;0;6
CAMHDA301-20220720T061500,2022-07-20T06:15:00+00:00,600.0,10,13.89,12,9,0;12;0;0;0;0;0;0;10
CAMHDA301-20220720T091500,2022-07-20T09:15:00+00:00,420.0,10,13.89,11,9,11;8;9;7;8;10;6;6;7
CAMHDA301-20220720T121500,2022-07-20T12:15:00+00:00,120.0,1,1.39,1,9,1;0;0;0;0;0;1;0;0
CAMHDA301-20220720T151500,2022-07-20T15:15:00+00:00,120.0,0,0.0,0,9,0;0;0;0;0;0;0;0;0
CAMHDA301-20220720T181500,2022-07-20T18:15:00+00:00,180.0,3,4.17,4,9,2;3;1;0;1;2;1;4;1
CAMHDA301-20220720T211500,2022-07-20T21:15:00+00:00,120.0,15,20.83,19,9,15;19;12;10;13;15;9;15;10
CAMHDA301-20220721T001500,2022-07-21T00:15:00+00:00,180.0,11,15.28,14,9,1;11;14;2;11;8;2;0;2
CAMHDA301-20220721T031500,2022-07-21T03:15:00+00:00,240.0,16,22.22,38,9,0;8;16;38;0;6;3;0;5
CAMHDA301-20220721T061500,2022-07-21T06:15:00+00:00,420.0,7,9.72,12,9,0;2;0;12;2;7;3;0;0
CAMHDA301-20220721T091500,2022-07-21T09:15:00+00:00,240.0,13,18.06,34,9,0;7;13;34;1;11;2;1;3
CAMHDA301-20220721T121500,2022-07-21T12:15:00+00:00,240.0,11,15.28,34,9,0;5;11;34;0;4;1;2;2
CAMHDA301-20220721T151500,2022-07-21T15:15:00+00:00,180.0,9,12.5,37,9,0;9;6;37;0;8;2;0;3
CAMHDA301-20220721T181500,2022-07-21T18:15:00+00:00,180.0,8,11.11,11,9,0;8;11;0;1;7;0;6;5
CAMHDA301-20220721T211500,2022-07-21T21:15:00+00:00,600.0,12,16.67,40,9,0;0;0;40;0;11;1;2;12
CAMHDA301-20220722T001500,2022-07-22T00:15:00+00:00,420.0,11,15.28,33,9,0;10;10;33;1;11;2;0;2
CAMHDA301-20220722T031500,2022-07-22T03:15:00+00:00,180.0,12,16.67,36,9,0;12;10;36;0;8;1;0;3
CAMHDA301-20220722T061500,2022-07-22T06:15:00+00:00,420.0,15,20.83,22,9,0;11;11;22;2;15;1;4;3
CAMHDA301-20220722T091500,2022-07-22T09:15:00+00:00,180.0,18,25.0,35,9,0;18;15;35;0;1;1;1;12
CAMHDA301-20220722T121500,2022-07-22T12:15:00+00:00,420.0,10,13.89,31,9,0;0;0;31;0;10;3;4;5
CAMHDA301-20220722T151500,2022-07-22T15:15:00+00:00,240.0,16,22.22,33,9,1;10;16;33;1;10;1;3;2
CAMHDA301-20220722T181500,2022-07-22T18:15:00+00:00,420.0,11,15.28,12,9,0;0;0;12;0;11;0;4;2
CAMHDA301-20220722T211500,2022-07-22T21:15:00+00:00,180.0,6,8.33,8,9,0;6;8;0;0;0;0;3;4
CAMHDA301-20220726T001500,2022-07-26T00:15:00+00:00,240.0,19,26.39,30,9,0;9;19;30;2;0;1;1;4
CAMHDA301-20220726T031500,2022-07-26T03:15:00+00:00,600.0,4,5.56,8,9,0;0;8;3;1;2;2;0;4
CAMHDA301-20220726T061500,2022-07-26T06:15:00+00:00,240.0,17,23.61,23,9,0;2;17;23;0;6;0;0;2
CAMHDA301-20220726T091500,2022-07-26T09:15:00+00:00,600.0,6,8.33,8,9,0;5;8;0;1;0;0;2;6
CAMHDA301-20220726T121500,2022-07-26T12:15:00+00:00,240.0,12,16.67,22,9,0;10;12;22;1;0;0;3;2
CAMHDA301-20220726T151500,2022-07-26T15:15:00+00:00,180.0,10,13.89,11,9,0;10;11;0;0;0;1;3;6
CAMHDA301-20220726T181500,2022-07-26T18:15:00+00:00,600.0,10,13.89,12,9,0;3;12;0;0;0;1;4;10
CAMHDA301-20220726T211500,2022-07-26T21:15:00+00:00,180.0,9,12.5,10,9,0;9;10;0;0;0;0;0;3
CAMHDA301-20220727T001500,2022-07-27T00:15:00+00:00,240.0,18,25.0,36,9,0;12;18;36;0;0;0;3;5
CAMHDA301-20220727T031500,2022-07-27T03:15:00+00:00,240.0,13,18.06,29,9,0;9;13;29;0;7;0;0;5
CAMHDA301-20220727T061500,2022-07-27T06:15:00+00:00,420.0,13,18.06,22,9,0;4;8;22;0;13;4;0;8
CAMHDA301-20220727T091500,2022-07-27T09:15:00+00:00,180.0,13,18.06,24,9,0;13;13;24;1;12;3;2;4
CAMHDA301-20220727T121500,2022-07-27T12:15:00+00:00,240.0,18,25.0,50,9,0;11;18;50;1;9;1;2;3
CAMHDA301-20220727T151500,2022-07-27T15:15:00+00:00,240.0,24,33.33,40,9,0;8;24;40;1;14;3;0;3
CAMHDA301-20220727T181500,2022-07-27T18:15:00+00:00,180.0,11,15.28,14,9,0;11;14;0;1;0;0;1;5
CAMHDA301-20220727T211500,2022-07-27T21:15:00+00:00,240.0,16,22.22,39,9,0;11;16;39;1;12;0;3;9
CAMHDA301-20220728T001500,2022-07-28T00:15:00+00:00,180.0,5,6.94,6,9,0;5;0;0;0;6;0;5;3
CAMHDA301-20220728T031500,2022-07-28T03:15:00+00:00,240.0,9,12.5,45,9,0;4;9;45;1;7;4;0;4
CAMHDA301-20220728T061500,2022-07-28T06:15:00+00:00,240.0,7,9.72,8,9,0;0;7;4;1;0;0;5;8
CAMHDA301-20220728T091500,2022-07-28T09:15:00+00:00,240.0,14,19.44,36,9,0;9;14;36;1;6;3;2;1
CAMHDA301-20220728T121500,2022-07-28T12:15:00+00:00,180.0,16,22.22,31,9,0;16;11;31;1;7;0;2;2
CAMHDA301-20220728T151500,2022-07-28T15:15:00+00:00,600.0,13,18.06,17,9,0;12;17;0;0;0;0;2;13
CAMHDA301-20220728T181500,2022-07-28T18:15:00+00:00,240.0,16,22.22,46,9,0;8;16;46;0;9;2;1;1
CAMHDA301-20220728T211500,2022-07-28T21:15:00+00:00,240.0,15,20.83,50,9,0;7;15;50;0;11;2;1;1
CAMHDA301-20220729T001500,2022-07-29T00:15:00+00:00,180.0,12,16.67,17,9,0;12;17;8;1;0;0;0;3
CAMHDA301-20220729T031500,2022-07-29T03:15:00+00:00,240.0,14,19.44,44,9,0;11;14;44;0;0;1;4;8
CAMHDA301-20220729T061500,2022-07-29T06:15:00+00:00,240.0,10,13.89,24,9,0;3;10;24;2;8;1;0;7
CAMHDA301-20220729T091500,2022-07-29T09:15:00+00:00,240.0,14,19.44,15,9,0;3;14;15;1;9;1;0;4
CAMHDA301-20220729T121500,2022-07-29T12:15:00+00:00,240.0,11,15.28,34,9,0;7;11;34;1;4;0;8;3
CAMHDA301-20220729T151500,2022-07-29T15:15:00+00:00,240.0,14,19.44,36,9,0;7;14;36;0;9;0;1;5
CAMHDA301-20220729T181500,2022-07-29T18:15:00+00:00,240.0,18,25.0,51,9,0;14;18;51;0;10;0;2;5
CAMHDA301-20220729T211500,2022-07-29T21:15:00+00:00,240.0,13,18.06,44,9,0;11;13;44;0;7;3;0;0
CAMHDA301-20220802T001500,2022-08-02T00:15:00+00:00,360.0,2,2.78,3,9,0;0;0;0;2;3;0;0;0
CAMHDA301-20220802T031500,2022-08-02T03:15:00+00:00,480.0,1,1.39,5,9,0;0;0;0;0;5;1;0;0
CAMHDA301-20220802T061500,2022-08-02T06:15:00+00:00,540.0,16,22.22,20,9,12;15;2;8;3;1;7;16;20
CAMHDA301-20220802T091500,2022-08-02T09:15:00+00:00,120.0,5,6.94,6,9,5;3;1;1;2;6;4;5;5
CAMHDA301-20220802T121500,2022-08-02T12:15:00+00:00,120.0,0,0.0,3,9,0;0;0;0;0;3;0;0;0
CAMHDA301-20220802T151500,2022-08-02T15:15:00+00:00,120.0,2,2.78,4,9,2;0;0;0;2;1;2;4;0
CAMHDA301-20220802T181500,2022-08-02T18:15:00+00:00,120.0,3,4.17,4,9,3;2;4;1;1;1;1;3;2
CAMHDA301-20220802T211500,2022-08-02T21:15:00+00:00,120.0,6,8.33,9,9,6;3;2;3;6;2;6;6;9
CAMHDA301-20220803T001500,2022-08-03T00:15:00+00:00,120.0,3,4.17,5,9,3;2;2;3;5;3;2;1;2
CAMHDA301-20220803T031500,2022-08-03T03:15:00+00:00,240.0,9,12.5,9,9,8;8;9;5;9;9;7;7;7
CAMHDA301-20220803T061500,2022-08-03T06:15:00+00:00,120.0,0,0.0,1,9,0;0;1;0;0;0;0;0;0
CAMHDA301-20220803T091500,2022-08-03T09:15:00+00:00,120.0,1,1.39,1,9,1;0;0;0;1;0;0;0;0
CAMHDA301-20220803T121500,2022-08-03T12:15:00+00:00,360.0,1,1.39,3,9,3;0;0;0;1;1;1;1;0
CAMHDA301-20220803T151500,2022-08-03T15:15:00+00:00,240.0,4,5.56,5,9,2;0;4;0;0;5;0;4;0
CAMHDA301-20220803T181500,2022-08-03T18:15:00+00:00,240.0,4,5.56,5,9,3;0;4;5;2;3;0;3;3
CAMHDA301-20220803T211500,2022-08-03T21:15:00+00:00,240.0,13,18.06,14,9,14;8;13;6;8;9;10;5;10
CAMHDA301-20220804T001500,2022-08-04T00:15:00+00:00,240.0,7,9.72,9,9,2;9;7;1;1;5;4;0;4
CAMHDA301-20220804T031500,2022-08-04T03:15:00+00:00,180.0,7,9.72,16,9,0;7;16;0;1;0;1;2;7
CAMHDA301-20220804T061500,2022-08-04T06:15:00+00:00,240.0,9,12.5,12,9,0;8;9;12;0;0;0;1;5
CAMHDA301-20220804T091500,2022-08-04T09:15:00+00:00,420.0,10,13.89,32,9,0;4;3;32;1;10;2;4;6
CAMHDA301-20220804T121500,2022-08-04T12:15:00+00:00,420.0,11,15.28,41,9,0;5;10;41;1;11;2;0;1
CAMHDA301-20220804T151500,2022-08-04T15:15:00+00:00,180.0,11,15.28,21,9,0;11;10;21;0;0;0;3;1
CAMHDA301-20220804T181500,2022-08-04T18:15:00+00:00,240.0,8,11.11,15,9,0;15;8;0;1;0;0;3;0
CAMHDA301-20220804T211500,2022-08-04T21:15:00+00:00,240.0,15,20.83,48,9,0;6;15;48;0;6;2;0;2
CAMHDA301-20220805T001500,2022-08-05T00:15:00+00:00,240.0,21,29.17,36,9,1;13;21;36;2;9;3;0;3
CAMHDA301-20220805T031500,2022-08-05T03:15:00+00:00,240.0,14,19.44,24,9,0;10;14;24;0;8;2;0;1
CAMHDA301-20220805T061500,2022-08-05T06:15:00+00:00,240.0,11,15.28,29,9,0;9;11;29;0;0;0;3;7
CAMHDA301-20220805T091500,2022-08-05T09:15:00+00:00,600.0,5,6.94,27,9,0;0;27;0;1;0;0;3;5
CAMHDA301-20220805T121500,2022-08-05T12:15:00+00:00,240.0,7,9.72,7,9,0;4;7;1;1;0;2;3;7
CAMHDA301-20220805T151500,2022-08-05T15:15:00+00:00,420.0,18,25.0,38,9,0;7;11;38;1;18;2;0;3
CAMHDA301-20220805T181500,2022-08-05T18:15:00+00:00,240.0,13,18.06,13,9,0;10;13;13;0;0;0;1;1
CAMHDA301-20220805T211500,2022-08-05T21:15:00+00:00,240.0,9,12.5,43,9,0;7;9;43;0;7;2;0;2
CAMHDA301-20220809T001500,2022-08-09T00:15:00+00:00,240.0,14,19.44,21,9,0;12;14;21;1;0;0;2;4
CAMHDA301-20220809T031500,2022-08-09T03:15:00+00:00,600.0,10,13.89,18,9,0;4;7;18;0;5;3;1;10
CAMHDA301-20220809T061500,2022-08-09T06:15:00+00:00,240.0,16,22.22,34,9,0;9;16;34;0;9;0;0;1
CAMHDA301-20220809T091500,2022-08-09T09:15:00+00:00,540.0,2,2.78,6,9,0;0;1;0;1;0;0;2;6
CAMHDA301-20220809T121500,2022-08-09T12:15:00+00:00,240.0,10,13.89,16,9,0;16;10;3;0;0;0;4;1
CAMHDA301-20220809T151500,2022-08-09T15:15:00+00:00,180.0,9,12.5,18,9,0;9;18;0;0;0;0;5;2
CAMHDA301-20220809T181500,2022-08-09T18:15:00+00:00,180.0,8,11.11,10,9,0;8;10;0;2;0;1;5;2
CAMHDA301-20220809T211500,2022-08-09T21:15:00+00:00,240.0,20,27.78,40,9,0;10;20;40;0;0;1;3;9
CAMHDA301-20220810T001500,2022-08-10T00:15:00+00:00,300.0,1,1.39,1,9,0;0;0;1;1;1;1;1;0
CAMHDA301-20220810T031500,2022-08-10T03:15:00+00:00,420.0,8,11.11,10,9,0;0;3;0;1;8;10;8;4
CAMHDA301-20220810T061500,2022-08-10T06:15:00+00:00,120.0,20,27.78,21,9,20;16;17;14;20;21;13;16;18
CAMHDA301-20220810T091500,2022-08-10T09:15:00+00:00,180.0,15,20.83,15,9,14;15;12;13;15;9;8;7;11
CAMHDA301-20220810T121500,2022-08-10T12:15:00+00:00,300.0,4,5.56,5,9,1;2;0;4;2;2;5;3;3
CAMHDA301-20220810T151500,2022-08-10T15:15:00+00:00,300.0,7,9.72,8,9,5;8;6;7;4;6;4;4;7
CAMHDA301-20220810T181500,2022-08-10T18:15:00+00:00,180.0,1,1.39,2,9,2;1;1;0;1;1;0;1;1
CAMHDA301-20220810T211500,2022-08-10T21:15:00+00:00,120.0,0,0.0,0,9,0;0;0;0;0;0;0;0;0
CAMHDA301-20220811T001500,2022-08-11T00:15:00+00:00,240.0,12,16.67,15,9,0;5;12;2;15;0;1;4;5
CAMHDA301-20220811T031500,2022-08-11T03:15:00+00:00,180.0,7,9.72,18,9,0;7;18;0;0;1;0;0;3
CAMHDA301-20220811T061500,2022-08-11T06:15:00+00:00,240.0,11,15.28,39,9,0;8;11;39;1;5;1;0;11
CAMHDA301-20220811T091500,2022-08-11T09:15:00+00:00,240.0,31,43.06,31,9,0;20;31;31;0;8;2;5;2
CAMHDA301-20220811T121500,2022-08-11T12:15:00+00:00,240.0,20,27.78,45,9,0;16;20;45;0;2;0;1;7
CAMHDA301-20220811T151500,2022-08-11T15:15:00+00:00,240.0,20,27.78,43,9,0;9;20;43;0;0;0;2;4
CAMHDA301-20220811T181500,2022-08-11T18:15:00+00:00,180.0,12,16.67,12,9,0;12;9;0;0;0;0;3;12
CAMHDA301-20220811T211500,2022-08-11T21:15:00+00:00,180.0,4,5.56,17,9,0;4;17;0;0;0;0;0;3
CAMHDA301-20220812T001500,2022-08-12T00:15:00+00:00,240.0,13,18.06,33,9,0;6;13;33;0;0;0;0;3
CAMHDA301-20220812T031500,2022-08-12T03:15:00+00:00,180.0,4,5.56,13,9,0;4;13;0;0;4;0;0;4
CAMHDA301-20220812T061500,2022-08-12T06:15:00+00:00,240.0,12,16.67,41,9,0;6;12;41;2;9;0;0;5
CAMHDA301-20220812T091500,2022-08-12T09:15:00+00:00,240.0,24,33.33,33,9,0;11;24;33;0;4;0;0;3
CAMHDA301-20220812T121500,2022-08-12T12:15:00+00:00,240.0,16,22.22,39,9,0;10;16;39;2;0;1;4;8
CAMHDA301-20220812T151500,2022-08-12T15:15:00+00:00,180.0,14,19.44,55,9,0;14;12;55;4;7;3;1;9
CAMHDA301-20220812T181500,2022-08-12T18:15:00+00:00,180.0,6,8.33,17,9,0;6;17;0;0;0;0;1;4
CAMHDA301-20220812T211500,2022-08-12T21:15:00+00:00,600.0,7,9.72,9,9,0;2;9;0;1;0;1;2;7
CAMHDA301-20220816T001500,2022-08-16T00:15:00+00:00,180.0,15,20.83,44,9,0;15;15;44;2;0;0;2;9
CAMHDA301-20220816T031500,2022-08-16T03:15:00+00:00,180.0,18,25.0,47,9,0;18;11;47;1;11;1;1;4
CAMHDA301-20220816T061500,2022-08-16T06:15:00+00:00,240.0,14,19.44,39,9,0;13;14;39;0;0;0;0;6
CAMHDA301-20220816T091500,2022-08-16T09:15:00+00:00,420.0,16,22.22,46,9,0;15;7;46;0;16;1;2;3
CAMHDA301-20220816T121500,2022-08-16T12:15:00+00:00,180.0,10,13.89,23,9,0;10;7;23;0;0;0;1;7
CAMHDA301-20220816T151500,2022-08-16T15:15:00+00:00,180.0,20,27.78,26,9,1;20;26;0;2;0;0;2;3
CAMHDA301-20220816T181500,2022-08-16T18:15:00+00:00,180.0,9,12.5,16,9,0;9;16;0;0;0;0;2;3
CAMHDA301-20220816T211500,2022-08-16T21:15:00+00:00,180.0,18,25.0,37,9,0;18;14;37;1;7;2;0;3
CAMHDA301-20220817T001500,2022-08-17T00:15:00+00:00,240.0,17,23.61,31,9,0;0;17;31;0;10;0;1;5
CAMHDA301-20220817T031500,2022-08-17T03:15:00+00:00,240.0,19,26.39,39,9,0;18;19;39;1;14;3;3;5
CAMHDA301-20220817T061500,2022-08-17T06:15:00+00:00,180.0,10,13.89,54,9,0;10;4;54;1;0;2;2;9
CAMHDA301-20220817T091500,2022-08-17T09:15:00+00:00,180.0,10,13.89,36,9,0;10;9;36;1;6;0;0;3
CAMHDA301-20220817T121500,2022-08-17T12:15:00+00:00,180.0,15,20.83,34,9,0;15;8;34;0;8;1;0;1
CAMHDA301-20220817T151500,2022-08-17T15:15:00+00:00,240.0,17,23.61,27,9,0;15;17;27;1;12;1;5;4
CAMHDA301-20220817T181500,2022-08-17T18:15:00+00:00,180.0,13,18.06,13,9,2;13;13;0;0;0;2;8;5
CAMHDA301-20220817T211500,2022-08-17T21:15:00+00:00,420.0,12,16.67,31,9,0;10;9;31;1;12;0;0;5
CAMHDA301-20220818T001500,2022-08-18T00:15:00+00:00,420.0,11,15.28,35,9,0;0;7;35;0;11;0;0;0
CAMHDA301-20220818T031500,2022-08-18T03:15:00+00:00,420.0,3,4.17,16,9,0;0;2;0;0;3;2;1;16
CAMHDA301-20220818T061500,2022-08-18T06:15:00+00:00,300.0,14,19.44,18,9,0;18;10;14;1;0;0;0;7
CAMHDA301-20220818T091500,2022-08-18T09:15:00+00:00,180.0,15,20.83,40,9,0;15;11;40;0;12;2;3;3
CAMHDA301-20220818T121500,2022-08-18T12:15:00+00:00,180.0,15,20.83,44,9,0;15;13;44;3;9;3;0;3
CAMHDA301-20220818T151500,2022-08-18T15:15:00+00:00,240.0,16,22.22,22,9,0;14;16;22;0;0;0;3;3
CAMHDA301-20220818T181500,2022-08-18T18:15:00+00:00,240.0,16,22.22,53,9,0;15;16;53;0;0;1;3;3
CAMHDA301-20220818T211500,2022-08-18T21:15:00+00:00,600.0,5,6.94,9,9,0;2;9;0;2;0;0;2;5
CAMHDA301-20220819T001500,2022-08-19T00:15:00+00:00,180.0,8,11.11,43,9,0;8;1;43;1;7;3;0;1
CAMHDA301-20220819T031500,2022-08-19T03:15:00+00:00,420.0,11,15.28,38,9,0;8;9;38;1;11;3;0;2
CAMHDA301-20220819T061500,2022-08-19T06:15:00+00:00,240.0,11,15.28,37,9,0;10;11;37;0;0;0;1;5
CAMHDA301-20220819T091500,2022-08-19T09:15:00+00:00,240.0,15,20.83,45,9,0;13;15;45;0;0;1;1;5
CAMHDA301-20220819T121500,2022-08-19T12:15:00+00:00,420.0,11,15.28,12,9,0;12;5;0;2;11;0;0;1
CAMHDA301-20220819T151500,2022-08-19T15:15:00+00:00,180.0,14,19.44,38,9,0;14;7;38;0;0;0;1;10
CAMHDA301-20220819T181500,2022-08-19T18:15:00+00:00,240.0,10,13.89,32,9,0;9;10;32;0;0;0;0;3
CAMHDA301-20220819T211500,2022-08-19T21:15:00+00:00,240.0,7,9.72,20,9,0;20;7;0;1;0;0;1;5
CAMHDA301-20220823T001500,2022-08-23T00:15:00+00:00,240.0,15,20.83,46,9,3;7;15;46;1;6;3;0;7
CAMHDA301-20220823T031500,2022-08-23T03:15:00+00:00,180.0,21,29.17,30,9,5;21;10;30;0;14;4;0;0
CAMHDA301-20220823T061500,2022-08-23T06:15:00+00:00,180.0,18,25.0,22,9,2;18;8;22;1;8;2;0;5
CAMHDA301-20220823T091500,2022-08-23T09:15:00+00:00,240.0,12,16.67,18,9,0;18;12;0;0;0;0;1;2
CAMHDA301-20220823T121500,2022-08-23T12:15:00+00:00,240.0,15,20.83,20,9,7;20;15;6;0;0;1;0;1
CAMHDA301-20220823T151500,2022-08-23T15:15:00+00:00,180.0,17,23.61,22,9,5;17;16;22;0;0;0;1;3
CAMHDA301-20220823T181500,2022-08-23T18:15:00+00:00,120.0,13,18.06,40,9,13;0;0;40;3;9;2;1;1
CAMHDA301-20220823T211500,2022-08-23T21:15:00+00:00,240.0,11,15.28,13,9,3;13;11;0;0;0;0;1;7
CAMHDA301-20220824T001500,2022-08-24T00:15:00+00:00,180.0,10,13.89,42,9,4;10;8;42;0;0;0;3;1
CAMHDA301-20220824T031500,2022-08-24T03:15:00+00:00,600.0,6,8.33,14,9,3;3;14;0;0;0;0;3;6
CAMHDA301-20220824T061500,2022-08-24T06:15:00+00:00,180.0,17,23.61,40,9,9;17;14;40;1;11;2;0;1
CAMHDA301-20220824T091500,2022-08-24T09:15:00+00:00,120.0,11,15.28,19,9,11;19;7;0;1;1;1;1;5
CAMHDA301-20220824T121500,2022-08-24T12:15:00+00:00,180.0,17,23.61,28,9,4;17;9;28;1;0;1;3;4
CAMHDA301-20220824T151500,2022-08-24T15:15:00+00:00,240.0,9,12.5,18,9,8;18;9;0;0;0;0;3;4
CAMHDA301-20220824T181500,2022-08-24T18:15:00+00:00,180.0,10,13.89,10,9,7;10;10;0;2;1;1;6;5
CAMHDA301-20220824T211500,2022-08-24T21:15:00+00:00,240.0,13,18.06,14,9,12;14;13;0;3;0;0;3;4
CAMHDA301-20220825T001500,2022-08-25T00:15:00+00:00,240.0,17,23.61,58,9,5;16;17;58;1;0;0;3;8
CAMHDA301-20220825T031500,2022-08-25T03:15:00+00:00,180.0,10,13.89,11,9,0;10;11;0;1;5;0;4;4
CAMHDA301-20220825T061500,2022-08-25T06:15:00+00:00,420.0,17,23.61,38,9,0;12;14;38;0;17;1;0;9
CAMHDA301-20220825T091500,2022-08-25T09:15:00+00:00,240.0,16,22.22,36,9,0;8;16;36;0;14;2;2;6
CAMHDA301-20220825T121500,2022-08-25T12:15:00+00:00,240.0,20,27.78,44,9,0;14;20;44;0;0;1;2;7
CAMHDA301-20220825T151500,2022-08-25T15:15:00+00:00,180.0,13,18.06,22,9,0;13;22;0;1;5;0;2;7
CAMHDA301-20220825T181500,2022-08-25T18:15:00+00:00,420.0,18,25.0,25,9,0;7;8;25;0;18;0;2;5
CAMHDA301-20220825T211500,2022-08-25T21:15:00+00:00,300.0,19,26.39,20,9,0;0;0;19;0;20;1;5;12
CAMHDA301-20220826T001500,2022-08-26T00:15:00+00:00,240.0,19,26.39,33,9,0;6;19;33;0;0;0;2;8
CAMHDA301-20220826T031500,2022-08-26T03:15:00+00:00,420.0,14,19.44,23,9,0;5;0;23;1;14;3;3;6
CAMHDA301-20220826T061500,2022-08-26T06:15:00+00:00,240.0,15,20.83,37,9,0;7;15;37;1;11;1;0;3
CAMHDA301-20220826T091500,2022-08-26T09:15:00+00:00,180.0,12,16.67,32,9,0;12;7;32;0;9;0;0;2
CAMHDA301-20220826T121500,2022-08-26T12:15:00+00:00,240.0,20,27.78,28,9,0;18;20;28;0;6;1;0;5
CAMHDA301-20220826T151500,2022-08-26T15:15:00+00:00,240.0,21,29.17,40,9,0;8;21;40;2;0;0;3;6
CAMHDA301-20220826T181500,2022-08-26T18:15:00+00:00,180.0,10,13.89,13,9,0;10;13;0;0;1;0;2;4
CAMHDA301-20220826T211500,2022-08-26T21:15:00+00:00,180.0,12,16.67,33,9,0;12;8;33;0;12;0;3;2
CAMHDA301-20220830T001500,2022-08-30T00:15:00+00:00,240.0,17,23.61,38,9,0;13;17;38;1;0;1;4;14
CAMHDA301-20220830T031500,2022-08-30T03:15:00+00:00,120.0,0,0.0,0,9,0;0;0;0;0;0;0;0;0
CAMHDA301-20220830T061500,2022-08-30T06:15:00+00:00,120.0,0,0.0,0,9,0;0;0;0;0;0;0;0;0
CAMHDA301-20220830T091500,2022-08-30T09:15:00+00:00,120.0,0,0.0,0,9,0;0;0;0;0;0;0;0;0
CAMHDA301-20220830T121500,2022-08-30T12:15:00+00:00,120.0,0,0.0,0,9,0;0;0;0;0;0;0;0;0
CAMHDA301-20220830T151500,2022-08-30T15:15:00+00:00,120.0,0,0.0,0,9,0;0;0;0;0;0;0;0;0
CAMHDA301-20220830T181500,2022-08-30T18:15:00+00:00,120.0,0,0.0,0,9,0;0;0;0;0;0;0;0;0
CAMHDA301-20220830T211500,2022-08-30T21:15:00+00:00,120.0,0,0.0,0,9,0;0;0;0;0;0;0;0;0
CAMHDA301-20220831T001500,2022-08-31T00:15:00+00:00,120.0,0,0.0,0,9,0;0;0;0;0;0;0;0;0
CAMHDA301-20220831T031500,2022-08-31T03:15:00+00:00,120.0,0,0.0,0,9,0;0;0;0;0;0;0;0;0
CAMHDA301-20220831T061500,2022-08-31T06:15:00+00:00,120.0,0,0.0,0,9,0;0;0;0;0;0;0;0;0
CAMHDA301-20220831T091500,2022-08-31T09:15:00+00:00,120.0,0,0.0,0,9,0;0;0;0;0;0;0;0;0
CAMHDA301-20220831T121500,2022-08-31T12:15:00+00:00,120.0,0,0.0,0,9,0;0;0;0;0;0;0;0;0
CAMHDA301-20220831T151500,2022-08-31T15:15:00+00:00,120.0,0,0.0,0,9,0;0;0;0;0;0;0;0;0
CAMHDA301-20220831T181500,2022-08-31T18:15:00+00:00,120.0,0,0.0,0,9,0;0;0;0;0;0;0;0;0
CAMHDA301-20220831T211500,2022-08-31T21:15:00+00:00,120.0,0,0.0,0,9,0;0;0;0;0;0;0;0;0
CAMHDA301-20220901T031500,2022-09-01T03:15:00+00:00,480.0,1,1.39,2,9,2;0;0;0;0;0;1;1;0
CAMHDA301-20220901T061500,2022-09-01T06:15:00+00:00,240.0,1,1.39,2,9,0;0;1;1;1;2;0;0;0
CAMHDA301-20220901T091500,2022-09-01T09:15:00+00:00,180.0,15,20.83,21,9,14;15;21;11;10;9;10;10;8
CAMHDA301-20220901T121500,2022-09-01T12:15:00+00:00,120.0,19,26.39,21,9,19;13;19;12;16;17;15;21;14
CAMHDA301-20220901T151500,2022-09-01T15:15:00+00:00,240.0,12,16.67,15,9,8;8;12;15;11;12;11;6;8
CAMHDA301-20220901T181500,2022-09-01T18:15:00+00:00,120.0,0,0.0,0,9,0;0;0;0;0;0;0;0;0
CAMHDA301-20220901T211500,2022-09-01T21:15:00+00:00,480.0,16,22.22,17,9,17;15;10;14;15;13;16;16;14
CAMHDA301-20220902T001500,2022-09-02T00:15:00+00:00,300.0,16,22.22,16,9,9;8;12;16;2;16;15;9;8
CAMHDA301-20220902T031500,2022-09-02T03:15:00+00:00,120.0,0,0.0,0,9,0;0;0;0;0;0;0;0;0
CAMHDA301-20220902T061500,2022-09-02T06:15:00+00:00,240.0,2,2.78,3,9,0;0;2;1;0;2;3;1;0
CAMHDA301-20220902T091500,2022-09-02T09:15:00+00:00,120.0,0,0.0,1,9,0;0;0;0;1;0;0;0;0
CAMHDA301-20220902T121500,2022-09-02T12:15:00+00:00,360.0,1,1.39,1,9,0;0;0;0;1;0;1;0;0
CAMHDA301-20220902T151500,2022-09-02T15:15:00+00:00,600.0,4,5.56,7,9,7;0;0;0;2;0;0;0;4
CAMHDA301-20220902T181500,2022-09-02T18:15:00+00:00,300.0,10,13.89,10,9,6;7;7;10;10;6;7;10;7
CAMHDA301-20220902T211500,2022-09-02T21:15:00+00:00,120.0,0,0.0,0,9,0;0;0;0;0;0;0;0;0
CAMHDA301-20220906T001500,2022-09-06T00:15:00+00:00,180.0,7,9.72,22,9,0;7;22;0;1;0;4;5;5
CAMHDA301-20220906T031500,2022-09-06T03:15:00+00:00,240.0,13,18.06,34,9,0;8;13;34;0;9;2;2;7
CAMHDA301-20220906T061500,2022-09-06T06:15:00+00:00,240.0,21,29.17,49,9,0;10;21;49;1;15;3;0;7
CAMHDA301-20220906T091500,2022-09-06T09:15:00+00:00,240.0,19,26.39,34,9,0;16;19;34;0;0;1;3;2
CAMHDA301-20220906T121500,2022-09-06T12:15:00+00:00,240.0,16,22.22,38,9,0;12;16;38;0;3;0;1;8
CAMHDA301-20220906T151500,2022-09-06T15:15:00+00:00,240.0,18,25.0,38,9,0;12;18;38;1;1;2;2;6
CAMHDA301-20220906T181500,2022-09-06T18:15:00+00:00,240.0,25,34.72,30,9,0;9;25;30;0;0;0;1;1
CAMHDA301-20220906T211500,2022-09-06T21:15:00+00:00,240.0,11,15.28,13,9,0;13;11;0;0;0;1;2;4
CAMHDA301-20220907T001500,2022-09-07T00:15:00+00:00,180.0,13,18.06,21,9,0;13;21;0;0;0;0;2;6
CAMHDA301-20220907T031500,2022-09-07T03:15:00+00:00,600.0,16,22.22,32,9,0;4;12;32;0;10;2;2;16
CAMHDA301-20220907T061500,2022-09-07T06:15:00+00:00,600.0,13,18.06,30,9,0;0;7;30;1;9;0;0;13
CAMHDA301-20220907T091500,2022-09-07T09:15:00+00:00,240.0,24,33.33,37,9,0;12;24;37;0;14;0;2;5
CAMHDA301-20220907T121500,2022-09-07T12:15:00+00:00,240.0,26,36.11,31,9,0;22;26;31;0;9;1;2;4
CAMHDA301-20220907T151500,2022-09-07T15:15:00+00:00,600.0,16,22.22,32,9,0;14;15;32;1;0;1;6;16
CAMHDA301-20220907T181500,2022-09-07T18:15:00+00:00,240.0,24,33.33,31,9,0;17;24;31;1;10;3;0;9
CAMHDA301-20220907T211500,2022-09-07T21:15:00+00:00,240.0,4,5.56,13,9,0;1;4;0;0;13;0;4;2
CAMHDA301-20220908T001500,2022-09-08T00:15:00+00:00,240.0,9,12.5,10,9,0;10;9;0;0;0;0;6;4
CAMHDA301-20220908T031500,2022-09-08T03:15:00+00:00,240.0,13,18.06,34,9,0;6;13;34;1;8;5;0;6
CAMHDA301-20220908T061500,2022-09-08T06:15:00+00:00,420.0,10,13.89,27,9,1;7;6;27;0;10;2;0;2
CAMHDA301-20220908T091500,2022-09-08T09:15:00+00:00,240.0,13,18.06,20,9,0;10;13;20;0;8;2;0;3
CAMHDA301-20220908T121500,2022-09-08T12:15:00+00:00,240.0,19,26.39,39,9,0;14;19;39;0;13;0;4;3
CAMHDA301-20220908T151500,2022-09-08T15:15:00+00:00,240.0,25,34.72,36,9,0;11;25;36;0;13;1;6;3
CAMHDA301-20220908T181500,2022-09-08T18:15:00+00:00,240.0,16,22.22,27,9,0;12;16;27;0;5;1;2;2
CAMHDA301-20220908T211500,2022-09-08T21:15:00+00:00,240.0,17,23.61,33,9,0;9;17;33;0;0;1;0;8
CAMHDA301-20220909T001500,2022-09-09T00:15:00+00:00,240.0,16,22.22,29,9,0;12;16;29;1;14;1;1;3
CAMHDA301-20220909T031500,2022-09-09T03:15:00+00:00,240.0,12,16.67,29,9,0;9;12;29;0;0;0;3;4
CAMHDA301-20220909T061500,2022-09-09T06:15:00+00:00,420.0,7,9.72,10,9,0;0;0;10;0;7;0;0;7
CAMHDA301-20220909T091500,2022-09-09T09:15:00+00:00,240.0,15,20.83,21,9,0;8;15;21;0;0;0;2;5
CAMHDA301-20220909T121500,2022-09-09T12:15:00+00:00,180.0,18,25.0,36,9,0;18;16;36;2;11;1;3;10
CAMHDA301-20220909T151500,2022-09-09T15:15:00+00:00,240.0,21,29.17,44,9,0;18;21;44;0;4;1;4;13
CAMHDA301-20220909T181500,2022-09-09T18:15:00+00:00,240.0,19,26.39,31,9,0;16;19;31;0;0;0;7;4
CAMHDA301-20220909T211500,2022-09-09T21:15:00+00:00,240.0,15,20.83,33,9,0;12;15;33;0;9;2;0;1
CAMHDA301-20220913T001500,2022-09-13T00:15:00+00:00,600.0,9,12.5,10,9,0;7;10;0;0;1;0;4;9
CAMHDA301-20220913T031500,2022-09-13T03:15:00+00:00,180.0,19,26.39,22,9,0;19;22;0;0;0;0;3;5
CAMHDA301-20220913T061500,2022-09-13T06:15:00+00:00,180.0,12,16.67,15,9,0;12;15;0;0;0;0;3;1
CAMHDA301-20220913T091500,2022-09-13T09:15:00+00:00,240.0,10,13.89,46,9,0;7;10;46;0;4;4;1;4
CAMHDA301-20220913T121500,2022-09-13T12:15:00+00:00,180.0,9,12.5,25,9,0;9;9;25;0;7;1;6;4
CAMHDA301-20220913T151500,2022-09-13T15:15:00+00:00,180.0,15,20.83,18,9,0;15;18;0;0;0;0;5;11
CAMHDA301-20220913T181500,2022-09-13T18:15:00+00:00,180.0,12,16.67,31,9,0;12;11;31;0;7;2;0;6
CAMHDA301-20220913T211500,2022-09-13T21:15:00+00:00,180.0,10,13.89,23,9,0;10;9;23;0;8;2;0;5
CAMHDA301-20220914T001500,2022-09-14T00:15:00+00:00,240.0,16,22.22,32,9,0;10;16;32;1;9;2;0;7
CAMHDA301-20220914T031500,2022-09-14T03:15:00+00:00,300.0,10,13.89,11,9,0;6;11;10;0;1;0;5;1
CAMHDA301-20220914T061500,2022-09-14T06:15:00+00:00,240.0,12,16.67,26,9,0;8;12;26;2;10;2;0;5
CAMHDA301-20220914T091500,2022-09-14T09:15:00+00:00,240.0,19,26.39,27,9,0;11;19;27;3;5;1;0;0
CAMHDA301-20220914T121500,2022-09-14T12:15:00+00:00,180.0,11,15.28,15,9,0;11;15;0;1;2;0;2;11
CAMHDA301-20220914T151500,2022-09-14T15:15:00+00:00,180.0,9,12.5,9,9,0;9;8;0;0;0;1;3;9
CAMHDA301-20220914T181500,2022-09-14T18:15:00+00:00,240.0,8,11.11,8,9,0;7;8;0;1;3;3;0;8
CAMHDA301-20220914T211500,2022-09-14T21:15:00+00:00,420.0,11,15.28,35,9,0;4;7;35;0;11;1;0;6
CAMHDA301-20220915T001500,2022-09-15T00:15:00+00:00,240.0,23,31.94,31,9,0;11;23;31;0;7;0;0;2
CAMHDA301-20220915T031500,2022-09-15T03:15:00+00:00,180.0,9,12.5,12,9,1;9;6;0;1;12;2;5;7
CAMHDA301-20220915T061500,2022-09-15T06:15:00+00:00,600.0,5,6.94,6,9,0;1;0;0;0;1;0;6;5
CAMHDA301-20220915T091500,2022-09-15T09:15:00+00:00,180.0,9,12.5,13,9,0;9;13;0;1;3;2;3;5
CAMHDA301-20220915T121500,2022-09-15T12:15:00+00:00,420.0,11,15.28,12,9,0;0;12;0;0;11;1;6;5
CAMHDA301-20220915T151500,2022-09-15T15:15:00+00:00,180.0,8,11.11,15,9,0;8;15;0;0;0;2;2;7
CAMHDA301-20220915T181500,2022-09-15T18:15:00+00:00,600.0,6,8.33,13,9,0;13;0;0;0;0;1;3;6
CAMHDA301-20220915T211500,2022-09-15T21:15:00+00:00,240.0,15,20.83,26,9,0;9;15;26;0;2;1;1;10
CAMHDA301-20220916T001500,2022-09-16T00:15:00+00:00,120.0,0,0.0,0,9,0;0;0;0;0;0;0;0;0
CAMHDA301-20220916T031500,2022-09-16T03:15:00+00:00,120.0,0,0.0,0,9,0;0;0;0;0;0;0;0;0
CAMHDA301-20220916T061500,2022-09-16T06:15:00+00:00,120.0,0,0.0,0,9,0;0;0;0;0;0;0;0;0
CAMHDA301-20220916T091500,2022-09-16T09:15:00+00:00,120.0,0,0.0,0,9,0;0;0;0;0;0;0;0;0
CAMHDA301-20220916T121500,2022-09-16T12:15:00+00:00,120.0,0,0.0,0,9,0;0;0;0;0;0;0;0;0
CAMHDA301-20220916T151500,2022-09-16T15:15:00+00:00,420.0,6,8.33,9,9,0;3;3;2;0;6;2;6;9
CAMHDA301-20220916T181500,2022-09-16T18:15:00+00:00,600.0,12,16.67,14,9,0;14;11;0;1;8;0;6;12
CAMHDA301-20220916T211500,2022-09-16T21:15:00+00:00,240.0,15,20.83,22,9,0;6;15;22;0;13;0;2;7
CAMHDA301-20220920T001500,2022-09-20T00:15:00+00:00,300.0,2,2.78,3,9,0;0;1;2;3;0;1;2;0
CAMHDA301-20220920T031500,2022-09-20T03:15:00+00:00,300.0,7,9.72,7,9,4;3;4;7;6;6;6;7;6
CAMHDA301-20220920T061500,2022-09-20T06:15:00+00:00,240.0,21,29.17,22,9,14;15;21;22;18;17;16;15;12
CAMHDA301-20220920T091500,2022-09-20T09:15:00+00:00,120.0,0,0.0,6,9,0;0;0;0;0;0;0;6;0
CAMHDA301-20220920T121500,2022-09-20T12:15:00+00:00,120.0,5,6.94,5,9,5;1;4;3;4;3;5;5;4
CAMHDA301-20220920T151500,2022-09-20T15:15:00+00:00,180.0,3,4.17,3,9,2;3;3;3;3;3;1;2;2
CAMHDA301-20220920T181500,2022-09-20T18:15:00+00:00,120.0,0,0.0,1,9,0;1;0;0;0;0;0;0;0
CAMHDA301-20220920T211500,2022-09-20T21:15:00+00:00,120.0,6,8.33,7,9,6;4;6;2;7;4;4;0;2
CAMHDA301-20220921T001500,2022-09-21T00:15:00+00:00,240.0,15,20.83,19,9,0;19;15;1;0;0;1;1;4
CAMHDA301-20220921T031500,2022-09-21T03:15:00+00:00,420.0,14,19.44,42,9,0;6;7;42;0;14;1;0;2
CAMHDA301-20220921T061500,2022-09-21T06:15:00+00:00,240.0,18,25.0,23,9,0;13;18;23;0;9;4;0;8
CAMHDA301-20220921T091500,2022-09-21T09:15:00+00:00,180.0,13,18.06,14,9,0;13;14;5;0;0;0;3;2
CAMHDA301-20220921T121500,2022-09-21T12:15:00+00:00,180.0,17,23.61,22,9,0;17;22;5;1;0;0;3;4
CAMHDA301-20220921T151500,2022-09-21T15:15:00+00:00,180.0,20,27.78,28,9,0;20;28;0;0;0;0;4;4
CAMHDA301-20220921T181500,2022-09-21T18:15:00+00:00,180.0,16,22.22,25,9,0;16;25;2;1;9;0;3;10
CAMHDA301-20220921T211500,2022-09-21T21:15:00+00:00,180.0,16,22.22,20,9,0;16;20;0;0;1;1;3;12
CAMHDA301-20220922T001500,2022-09-22T00:15:00+00:00,240.0,17,23.61,36,9,0;14;17;36;1;0;0;6;9
CAMHDA301-20220922T031500,2022-09-22T03:15:00+00:00,180.0,9,12.5,12,9,0;9;12;0;2;0;0;1;3
CAMHDA301-20220922T061500,2022-09-22T06:15:00+00:00,180.0,16,22.22,39,9,0;16;15;39;0;12;0;3;9
CAMHDA301-20220922T091500,2022-09-22T09:15:00+00:00,180.0,12,16.67,17,9,0;12;17;0;0;0;1;0;2
CAMHDA301-20220922T121500,2022-09-22T12:15:00+00:00,300.0,26,36.11,27,9,0;20;27;26;1;0;0;4;4
CAMHDA301-20220922T151500,2022-09-22T15:15:00+00:00,180.0,12,16.67,18,9,0;12;18;3;0;0;1;5;10
CAMHDA301-20220922T181500,2022-09-22T18:15:00+00:00,240.0,10,13.89,30,9,0;7;10;30;0;0;4;5;10
CAMHDA301-20220922T211500,2022-09-22T21:15:00+00:00,240.0,17,23.61,24,9,0;12;17;24;0;0;2;4;3
CAMHDA301-20220923T001500,2022-09-23T00:15:00+00:00,240.0,26,36.11,28,9,0;21;26;28;0;2;0;4;4
CAMHDA301-20220923T031500,2022-09-23T03:15:00+00:00,240.0,19,26.39,35,9,0;10;19;35;1;11;4;1;8
CAMHDA301-20220923T061500,2022-09-23T06:15:00+00:00,240.0,11,15.28,28,9,0;2;11;28;0;7;1;0;8
CAMHDA301-20220923T091500,2022-09-23T09:15:00+00:00,180.0,7,9.72,9,9,0;7;9;0;3;2;0;4;5
CAMHDA301-20220923T121500,2022-09-23T12:15:00+00:00,240.0,22,30.56,37,9,0;19;22;37;0;0;1;1;11
CAMHDA301-20220923T151500,2022-09-23T15:15:00+00:00,180.0,13,18.06,13,9,0;13;13;0;0;13;0;1;6
CAMHDA301-20220923T181500,2022-09-23T18:15:00+00:00,240.0,11,15.28,36,9,0;8;11;36;0;9;1;0;7
CAMHDA301-20220923T211500,2022-09-23T21:15:00+00:00,180.0,9,12.5,9,9,0;9;2;0;0;0;0;5;9
CAMHDA301-20220927T001500,2022-09-27T00:15:00+00:00,180.0,12,16.67,22,9,0;12;22;0;0;0;0;2;4
CAMHDA301-20220927T031500,2022-09-27T03:15:00+00:00,180.0,21,29.17,34,9,0;21;21;34;1;0;0;7;5
CAMHDA301-20220927T061500,2022-09-27T06:15:00+00:00,180.0,13,18.06,17,9,0;13;17;0;0;1;0;4;1
CAMHDA301-20220927T091500,2022-09-27T09:15:00+00:00,240.0,14,19.44,28,9,0;9;14;28;2;9;0;1;1
CAMHDA301-20220927T121500,2022-09-27T12:15:00+00:00,180.0,11,15.28,14,9,0;11;14;3;0;0;0;4;0
CAMHDA301-20220927T151500,2022-09-27T15:15:00+00:00,300.0,27,37.5,29,9,0;22;29;27;1;0;2;4;5
CAMHDA301-20220927T181500,2022-09-27T18:15:00+00:00,240.0,10,13.89,26,9,0;7;10;26;0;6;0;0;7
CAMHDA301-20220927T211500,2022-09-27T21:15:00+00:00,240.0,17,23.61,31,9,0;14;17;31;0;9;0;1;2
CAMHDA301-20220928T001500,2022-09-28T00:15:00+00:00,240.0,21,29.17,21,9,0;15;21;21;0;0;0;1;10
CAMHDA301-20220928T031500,2022-09-28T03:15:00+00:00,240.0,21,29.17,30,9,0;17;21;30;2;0;0;2;10
CAMHDA301-20220928T061500,2022-09-28T06:15:00+00:00,180.0,17,23.61,26,9,0;17;26;0;1;0;0;6;8
CAMHDA301-20220928T091500,2022-09-28T09:15:00+00:00,180.0,12,16.67,37,9,0;12;0;37;1;10;1;4;11
CAMHDA301-20220928T121500,2022-09-28T12:15:00+00:00,240.0,11,15.28,14,9,0;9;11;14;0;0;0;3;4
CAMHDA301-20220928T151500,2022-09-28T15:15:00+00:00,300.0,23,31.94,33,9,0;22;33;23;0;0;0;3;2
CAMHDA301-20220928T181500,2022-09-28T18:15:00+00:00,180.0,20,27.78,26,9,0;20;26;0;1;9;1;5;5
CAMHDA301-20220928T211500,2022-09-28T21:15:00+00:00,600.0,11,15.28,30,9,0;0;10;30;0;5;2;0;11
CAMHDA301-20220929T001500,2022-09-29T00:15:00+00:00,180.0,13,18.06,22,9,0;13;12;22;0;0;0;6;8
CAMHDA301-20220929T031500,2022-09-29T03:15:00+00:00,240.0,30,41.67,44,9,0;20;30;44;1;0;0;2;13
CAMHDA301-20220929T061500,2022-09-29T06:15:00+00:00,300.0,13,18.06,22,9,0;22;12;13;1;0;2;5;6
CAMHDA301-20220929T091500,2022-09-29T09:15:00+00:00,420.0,11,15.28,19,9,0;9;19;0;0;11;0;3;5
CAMHDA301-20220929T121500,2022-09-29T12:15:00+00:00,420.0,6,8.33,23,9,0;0;0;23;0;6;1;3;1
CAMHDA301-20220929T151500,2022-09-29T15:15:00+00:00,300.0,13,18.06,16,9,0;9;16;13;0;0;0;0;3
CAMHDA301-20220929T181500,2022-09-29T18:15:00+00:00,600.0,13,18.06,36,9,0;9;7;36;1;10;2;1;13
CAMHDA301-20220929T211500,2022-09-29T21:15:00+00:00,240.0,15,20.83,24,9,0;10;15;24;1;8;1;1;8
CAMHDA301-20220930T001500,2022-09-30T00:15:00+00:00,240.0,17,23.61,25,9,0;14;17;25;0;13;2;0;1
CAMHDA301-20220930T031500,2022-09-30T03:15:00+00:00,180.0,7,9.72,12,9,0;7;12;0;0;0;0;5;0
CAMHDA301-20220930T061500,2022-09-30T06:15:00+00:00,420.0,8,11.11,25,9,0;2;0;25;0;8;0;2;1
CAMHDA301-20220930T091500,2022-09-30T09:15:00+00:00,240.0,9,12.5,31,9,1;8;9;31;0;8;0;5;7
CAMHDA301-20220930T121500,2022-09-30T12:15:00+00:00,420.0,7,9.72,26,9,0;5;0;26;1;7;0;1;3
CAMHDA301-20220930T151500,2022-09-30T15:15:00+00:00,420.0,6,8.33,19,9,0;0;0;19;1;6;0;1;4
CAMHDA301-20220930T181500,2022-09-30T18:15:00+00:00,180.0,12,16.67,17,9,0;12;11;17;0;4;0;2;5
CAMHDA301-20220930T211500,2022-09-30T21:15:00+00:00,240.0,9,12.5,22,9,1;7;9;22;1;4;2;0;8
CAMHDA301-20221004T001500,2022-10-04T00:15:00+00:00,420.0,8,11.11,13,9,1;13;4;0;0;8;0;4;2
CAMHDA301-20221004T031500,2022-10-04T03:15:00+00:00,240.0,9,12.5,25,9,0;0;9;25;0;7;0;4;1
CAMHDA301-20221004T061500,2022-10-04T06:15:00+00:00,180.0,7,9.72,9,9,0;7;9;0;0;0;0;1;1
CAMHDA301-20221004T091500,2022-10-04T09:15:00+00:00,180.0,19,26.39,26,9,0;19;26;0;2;0;4;4;10
CAMHDA301-20221004T121500,2022-10-04T12:15:00+00:00,180.0,28,38.89,35,9,0;28;35;0;0;4;2;5;7
CAMHDA301-20221004T151500,2022-10-04T15:15:00+00:00,180.0,12,16.67,21,9,0;12;21;0;0;5;2;5;8
CAMHDA301-20221004T181500,2022-10-04T18:15:00+00:00,180.0,13,18.06,16,9,0;13;16;0;0;0;1;1;10
CAMHDA301-20221004T211500,2022-10-04T21:15:00+00:00,180.0,11,15.28,23,9,0;11;23;0;0;1;0;3;6
CAMHDA301-20221005T001500,2022-10-05T00:15:00+00:00,240.0,11,15.28,12,9,0;12;11;5;0;10;0;2;5
CAMHDA301-20221005T031500,2022-10-05T03:15:00+00:00,600.0,11,15.28,33,9,0;0;0;33;0;7;2;5;11
CAMHDA301-20221005T061500,2022-10-05T06:15:00+00:00,420.0,12,16.67,28,9,0;1;0;28;2;12;1;0;11
CAMHDA301-20221005T091500,2022-10-05T09:15:00+00:00,240.0,12,16.67,14,9,0;14;12;0;0;1;1;1;4
CAMHDA301-20221005T121500,2022-10-05T12:15:00+00:00,180.0,23,31.94,26,9,0;23;26;0;0;0;1;1;8
CAMHDA301-20221005T151500,2022-10-05T15:15:00+00:00,600.0,13,18.06,35,9,0;0;0;35;1;7;1;1;13
CAMHDA301-20221005T181500,2022-10-05T18:15:00+00:00,420.0,16,22.22,31,9,0;0;0;31;0;16;1;6;15
CAMHDA301-20221005T211500,2022-10-05T21:15:00+00:00,240.0,13,18.06,14,9,0;14;13;0;0;0;3;8;9
CAMHDA301-20221006T001500,2022-10-06T00:15:00+00:00,600.0,15,20.83,30,9,0;0;0;30;0;8;1;1;15
CAMHDA301-20221006T031500,2022-10-06T03:15:00+00:00,600.0,11,15.28,15,9,0;6;10;15;0;7;1;1;11
CAMHDA301-20221006T061500,2022-10-06T06:15:00+00:00,180.0,12,16.67,32,9,0;12;9;32;0;11;2;0;8
CAMHDA301-20221006T091500,2022-10-06T09:15:00+00:00,180.0,16,22.22,20,9,0;16;20;0;0;0;1;2;9
CAMHDA301-20221006T121500,2022-10-06T12:15:00+00:00,420.0,8,11.11,10,9,0;7;10;0;0;8;2;4;8
CAMHDA301-20221006T151500,2022-10-06T15:15:00+00:00,600.0,14,19.44,27,9,0;13;6;27;0;11;0;1;14
CAMHDA301-20221006T181500,2022-10-06T18:15:00+00:00,600.0,15,20.83,23,9,0;5;12;23;1;8;1;4;15
CAMHDA301-20221006T211500,2022-10-06T21:15:00+00:00,600.0,12,16.67,17,9,0;0;0;17;0;2;1;0;12
CAMHDA301-20221007T001500,2022-10-07T00:15:00+00:00,600.0,13,18.06,26,9,0;0;0;26;0;12;3;2;13
CAMHDA301-20221007T031500,2022-10-07T03:15:00+00:00,180.0,7,9.72,19,9,0;7;7;19;2;6;2;2;6
CAMHDA301-20221007T061500,2022-10-07T06:15:00+00:00,600.0,11,15.28,17,9,0;0;0;17;0;7;1;2;11
CAMHDA301-20221007T091500,2022-10-07T09:15:00+00:00,240.0,9,12.5,9,9,0;5;9;0;0;2;1;0;9
CAMHDA301-20221007T121500,2022-10-07T12:15:00+00:00,180.0,18,25.0,20,9,0;18;20;0;0;2;3;2;10
CAMHDA301-20221007T151500,2022-10-07T15:15:00+00:00,420.0,8,11.11,22,9,0;0;0;22;0;8;1;1;1
CAMHDA301-20221007T181500,2022-10-07T18:15:00+00:00,240.0,13,18.06,37,9,0;2;13;37;0;7;4;8;11
CAMHDA301-20221007T211500,2022-10-07T21:15:00+00:00,180.0,7,9.72,14,9,0;7;14;0;0;0;4;6;4
CAMHDA301-20221011T001500,2022-10-11T00:15:00+00:00,240.0,13,18.06,18,9,0;18;13;1;10;5;0;4;6
CAMHDA301-20221011T031500,2022-10-11T03:15:00+00:00,180.0,13,18.06,18,9,0;13;18;0;1;0;0;4;6
CAMHDA301-20221011T061500,2022-10-11T06:15:00+00:00,420.0,8,11.11,27,9,0;0;2;27;3;8;2;8;2
CAMHDA301-20221011T091500,2022-10-11T09:15:00+00:00,180.0,16,22.22,22,9,0;16;15;22;1;9;1;5;6
CAMHDA301-20221011T121500,2022-10-11T12:15:00+00:00,180.0,19,26.39,21,9,0;19;19;21;0;0;0;5;5
CAMHDA301-20221011T151500,2022-10-11T15:15:00+00:00,420.0,11,15.28,27,9,0;0;0;27;0;11;0;2;1
CAMHDA301-20221011T181500,2022-10-11T18:15:00+00:00,240.0,20,27.78,34,9,0;18;20;34;1;11;3;0;1
CAMHDA301-20221011T211500,2022-10-11T21:15:00+00:00,240.0,20,27.78,26,9,0;8;20;26;1;8;2;0;8
CAMHDA301-20221012T001500,2022-10-12T00:15:00+00:00,180.0,10,13.89,26,9,0;10;26;0;0;0;1;2;5
CAMHDA301-20221012T031500,2022-10-12T03:15:00+00:00,180.0,10,13.89,22,9,0;10;22;0;1;0;1;3;8
CAMHDA301-20221012T061500,2022-10-12T06:15:00+00:00,240.0,22,30.56,24,9,0;24;22;2;0;0;0;5;8
CAMHDA301-20221012T091500,2022-10-12T09:15:00+00:00,420.0,15,20.83,30,9,0;10;12;30;0;15;4;0;0
CAMHDA301-20221012T121500,2022-10-12T12:15:00+00:00,180.0,16,22.22,19,9,0;16;19;0;1;0;1;3;6
CAMHDA301-20221012T151500,2022-10-12T15:15:00+00:00,180.0,7,9.72,9,9,0;7;9;0;0;6;2;3;4
CAMHDA301-20221012T181500,2022-10-12T18:15:00+00:00,240.0,18,25.0,18,9,0;4;18;18;0;8;2;0;3
CAMHDA301-20221012T211500,2022-10-12T21:15:00+00:00,240.0,13,18.06,26,9,0;6;13;26;0;11;4;0;2
CAMHDA301-20221013T001500,2022-10-13T00:15:00+00:00,240.0,11,15.28,13,9,1;8;11;13;1;9;0;1;1
CAMHDA301-20221013T031500,2022-10-13T03:15:00+00:00,240.0,23,31.94,29,9,0;11;23;29;0;1;1;4;5
CAMHDA301-20221013T061500,2022-10-13T06:15:00+00:00,180.0,20,27.78,23,9,0;20;23;0;0;0;0;4;2
CAMHDA301-20221013T091500,2022-10-13T09:15:00+00:00,180.0,12,16.67,22,9,1;12;22;0;0;0;0;5;0
CAMHDA301-20221013T121500,2022-10-13T12:15:00+00:00,420.0,9,12.5,25,9,0;0;1;25;1;9;0;1;7
CAMHDA301-20221013T151500,2022-10-13T15:15:00+00:00,240.0,26,36.11,36,9,0;22;26;36;1;0;0;2;9
CAMHDA301-20221013T181500,2022-10-13T18:15:00+00:00,240.0,19,26.39,40,9,0;11;19;40;0;9;2;0;2
CAMHDA301-20221013T211500,2022-10-13T21:15:00+00:00,600.0,7,9.72,9,9,0;0;0;9;0;6;2;2;7
CAMHDA301-20221014T001500,2022-10-14T00:15:00+00:00,240.0,23,31.94,26,9,0;11;23;26;0;8;1;3;2
CAMHDA301-20221014T031500,2022-10-14T03:15:00+00:00,240.0,18,25.0,26,9,0;14;18;26;0;6;1;4;2
CAMHDA301-20221014T061500,2022-10-14T06:15:00+00:00,240.0,24,33.33,41,9,0;18;24;41;0;7;1;4;9
CAMHDA301-20221014T091500,2022-10-14T09:15:00+00:00,240.0,12,16.67,16,9,0;16;12;0;0;6;0;1;1
CAMHDA301-20221014T121500,2022-10-14T12:15:00+00:00,240.0,18,25.0,18,9,0;17;18;18;1;0;1;5;6
CAMHDA301-20221014T151500,2022-10-14T15:15:00+00:00,180.0,18,25.0,28,9,0;18;28;1;0;0;0;0;7
CAMHDA301-20221014T181500,2022-10-14T18:15:00+00:00,420.0,11,15.28,12,9,0;12;2;0;0;11;0;4;6
CAMHDA301-20221014T211500,2022-10-14T21:15:00+00:00,240.0,23,31.94,27,9,0;11;23;27;0;9;0;1;2
CAMHDA301-20221018T001500,2022-10-18T00:15:00+00:00,420.0,16,22.22,30,9,1;11;15;30;3;16;1;0;3
CAMHDA301-20221018T031500,2022-10-18T03:15:00+00:00,300.0,19,26.39,25,9,0;8;25;19;0;11;3;3;4
CAMHDA301-20221018T061500,2022-10-18T06:15:00+00:00,180.0,12,16.67,16,9,0;12;16;0;0;0;0;2;7
CAMHDA301-20221018T091500,2022-10-18T09:15:00+00:00,240.0,22,30.56,26,9,0;26;22;21;1;0;0;2;7
CAMHDA301-20221018T121500,2022-10-18T12:15:00+00:00,240.0,16,22.22,17,9,0;17;16;0;0;0;1;2;5
CAMHDA301-20221018T151500,2022-10-18T15:15:00+00:00,180.0,18,25.0,24,9,0;18;24;0;0;0;0;3;4
CAMHDA301-20221018T181500,2022-10-18T18:15:00+00:00,600.0,13,18.06,26,9,0;0;26;0;0;1;1;2;13
CAMHDA301-20221018T211500,2022-10-18T21:15:00+00:00,180.0,15,20.83,25,9,0;15;25;5;2;0;0;1;3
CAMHDA301-20221019T001500,2022-10-19T00:15:00+00:00,180.0,22,30.56,29,9,0;22;29;0;2;0;0;5;7
CAMHDA301-20221019T031500,2022-10-19T03:15:00+00:00,540.0,4,5.56,20,9,0;0;20;1;1;0;3;4;2
CAMHDA301-20221019T061500,2022-10-19T06:15:00+00:00,240.0,27,37.5,29,9,0;22;27;29;1;0;0;3;5
CAMHDA301-20221019T091500,2022-10-19T09:15:00+00:00,120.0,0,0.0,0,9,0;0;0;0;0;0;0;0;0
CAMHDA301-20221019T121500,2022-10-19T12:15:00+00:00,180.0,21,29.17,25,9,0;21;25;10;0;0;1;5;5
CAMHDA301-20221019T151500,2022-10-19T15:15:00+00:00,180.0,16,22.22,27,9,0;16;15;27;1;11;2;0;2
CAMHDA301-20221019T181500,2022-10-19T18:15:00+00:00,240.0,22,30.56,24,9,0;21;22;24;1;11;2;0;0
CAMHDA301-20221019T211500,2022-10-19T21:15:00+00:00,180.0,9,12.5,20,9,0;9;8;20;0;7;0;0;0
CAMHDA301-20221020T001500,2022-10-20T00:15:00+00:00,240.0,2,2.78,2,9,1;1;2;2;2;2;1;2;2
CAMHDA301-20221020T031500,2022-10-20T03:15:00+00:00,540.0,18,25.0,20,9,16;11;11;17;11;12;15;18;20
CAMHDA301-20221020T061500,2022-10-20T06:15:00+00:00,300.0,15,20.83,15,9,14;14;13;15;13;13;8;13;15
CAMHDA301-20221020T091500,2022-10-20T09:15:00+00:00,120.0,0,0.0,0,9,0;0;0;0;0;0;0;0;0
CAMHDA301-20221020T121500,2022-10-20T12:15:00+00:00,180.0,5,6.94,5,9,4;5;5;2;3;3;4;4;2
CAMHDA301-20221020T151500,2022-10-20T15:15:00+00:00,420.0,3,4.17,4,9,0;0;0;0;4;3;3;2;1
CAMHDA301-20221020T181500,2022-10-20T18:15:00+00:00,120.0,1,1.39,1,9,1;1;1;1;1;0;0;0;0
CAMHDA301-20221020T211500,2022-10-20T21:15:00+00:00,120.0,7,9.72,12,9,7;12;1;3;1;1;4;0;2
CAMHDA301-20221021T001500,2022-10-21T00:15:00+00:00,240.0,12,16.67,13,9,0;13;12;0;0;0;1;1;6
CAMHDA301-20221021T031500,2022-10-21T03:15:00+00:00,180.0,9,12.5,9,9,0;9;9;0;0;0;0;4;6
CAMHDA301-20221021T061500,2022-10-21T06:15:00+00:00,600.0,7,9.72,14,9,0;0;5;14;0;0;0;3;7
CAMHDA301-20221021T091500,2022-10-21T09:15:00+00:00,240.0,23,31.94,32,9,0;15;23;32;0;0;0;3;9
CAMHDA301-20221021T121500,2022-10-21T12:15:00+00:00,180.0,11,15.28,17,9,0;11;17;0;0;4;0;0;10
CAMHDA301-20221021T151500,2022-10-21T15:15:00+00:00,180.0,10,13.89,24,9,0;10;10;24;1;7;2;1;5
CAMHDA301-20221021T181500,2022-10-21T18:15:00+00:00,180.0,12,16.67,21,9,0;12;1;21;0;8;3;0;3
CAMHDA301-20221021T211500,2022-10-21T21:15:00+00:00,180.0,19,26.39,20,9,1;19;20;0;1;2;0;2;2
CAMHDA301-20221025T001500,2022-10-25T00:15:00+00:00,240.0,29,40.28,29,9,0;21;29;29;0;0;1;7;5
CAMHDA301-20221025T031500,2022-10-25T03:15:00+00:00,180.0,16,22.22,22,9,0;16;22;0;0;0;1;4;3
CAMHDA301-20221025T061500,2022-10-25T06:15:00+00:00,180.0,12,16.67,20,9,0;12;20;0;1;0;0;3;5
CAMHDA301-20221025T091500,2022-10-25T09:15:00+00:00,240.0,23,31.94,25,9,0;25;23;0;0;0;0;1;4
CAMHDA301-20221025T121500,2022-10-25T12:15:00+00:00,180.0,19,26.39,22,9,0;19;22;14;0;0;0;7;3
CAMHDA301-20221025T151500,2022-10-25T15:15:00+00:00,180.0,18,25.0,19,9,0;18;19;0;0;6;1;5;7
CAMHDA301-20221025T181500,2022-10-25T18:15:00+00:00,240.0,17,23.61,30,9,1;9;17;30;0;5;2;0;1
CAMHDA301-20221025T211500,2022-10-25T21:15:00+00:00,240.0,24,33.33,28,9,0;16;24;28;0;5;2;0;2
CAMHDA301-20221026T001500,2022-10-26T00:15:00+00:00,240.0,31,43.06,31,9,0;16;31;31;0;9;1;1;7
CAMHDA301-20221026T031500,2022-10-26T03:15:00+00:00,240.0,23,31.94,29,9,0;22;23;29;1;9;1;3;1
CAMHDA301-20221026T061500,2022-10-26T06:15:00+00:00,180.0,12,16.67,20,9,0;12;20;12;0;0;0;2;1
CAMHDA301-20221026T091500,2022-10-26T09:15:00+00:00,300.0,22,30.56,23,9,0;9;23;22;1;0;1;4;6
CAMHDA301-20221026T121500,2022-10-26T12:15:00+00:00,300.0,20,27.78,26,9,0;19;26;20;0;6;0;10;4
CAMHDA301-20221026T151500,2022-10-26T15:15:00+00:00,180.0,16,22.22,19,9,0;16;19;0;1;0;0;3;0
CAMHDA301-20221026T181500,2022-10-26T18:15:00+00:00,240.0,12,16.67,30,9,0;7;12;30;1;9;1;0;3
CAMHDA301-20221026T211500,2022-10-26T21:15:00+00:00,600.0,12,16.67,24,9,0;0;0;24;0;11;1;0;12
CAMHDA301-20221027T001500,2022-10-27T00:15:00+00:00,180.0,15,20.83,25,9,0;15;25;11;1;0;0;4;5
CAMHDA301-20221027T031500,2022-10-27T03:15:00+00:00,180.0,25,34.72,32,9,0;25;32;21;1;0;1;3;9
CAMHDA301-20221027T061500,2022-10-27T06:15:00+00:00,180.0,13,18.06,18,9,0;13;18;0;0;1;2;3;5
CAMHDA301-20221027T091500,2022-10-27T09:15:00+00:00,240.0,21,29.17,26,9,0;0;21;26;0;3;2;1;6
CAMHDA301-20221027T121500,2022-10-27T12:15:00+00:00,180.0,12,16.67,18,9,0;12;18;0;0;6;0;5;2
CAMHDA301-20221027T151500,2022-10-27T15:15:00+00:00,240.0,13,18.06,21,9,0;7;13;21;1;8;3;2;9
CAMHDA301-20221027T181500,2022-10-27T18:15:00+00:00,240.0,15,20.83,28,9,0;7;15;28;1;8;0;0;2
CAMHDA301-20221027T211500,2022-10-27T21:15:00+00:00,240.0,11,15.28,30,9,2;6;11;30;0;7;1;0;2
CAMHDA301-20221028T001500,2022-10-28T00:15:00+00:00,180.0,9,12.5,15,9,0;9;15;0;0;0;0;7;2
CAMHDA301-20221028T031500,2022-10-28T03:15:00+00:00,240.0,22,30.56,24,9,0;18;22;24;0;1;4;7;4
CAMHDA301-20221028T061500,2022-10-28T06:15:00+00:00,240.0,28,38.89,32,9,0;20;28;32;0;0;0;8;2
CAMHDA301-20221028T091500,2022-10-28T09:15:00+00:00,180.0,20,27.78,26,9,0;20;26;6;1;0;0;4;8
CAMHDA301-20221028T121500,2022-10-28T12:15:00+00:00,300.0,23,31.94,25,9,0;20;25;23;0;8;1;3;3
CAMHDA301-20221028T151500,2022-10-28T15:15:00+00:00,240.0,23,31.94,23,9,0;20;23;23;0;9;2;2;11
CAMHDA301-20221028T181500,2022-10-28T18:15:00+00:00,180.0,25,34.72,30,9,0;25;30;16;0;0;1;1;5
CAMHDA301-20221028T211500,2022-10-28T21:15:00+00:00,540.0,4,5.56,10,9,2;0;0;10;0;0;0;4;1
CAMHDA301-20221101T031500,2022-11-01T03:15:00+00:00,120.0,2,2.78,2,9,2;0;0;2;2;0;2;2;0
CAMHDA301-20221101T061500,2022-11-01T06:15:00+00:00,240.0,1,1.39,2,9,0;0;1;0;2;0;1;0;0
CAMHDA301-20221101T091500,2022-11-01T09:15:00+00:00,480.0,21,29.17,23,9,19;13;11;11;19;23;21;19;16
CAMHDA301-20221101T121500,2022-11-01T12:15:00+00:00,300.0,22,30.56,23,9,10;7;23;22;15;0;15;0;20
CAMHDA301-20221101T151500,2022-11-01T15:15:00+00:00,120.0,24,33.33,25,9,24;17;21;21;11;25;15;12;17
CAMHDA301-20221101T181500,2022-11-01T18:15:00+00:00,120.0,0,0.0,0,9,0;0;0;0;0;0;0;0;0
CAMHDA301-20221101T211500,2022-11-01T21:15:00+00:00,120.0,19,26.39,22,9,19;19;0;0;7;18;22;0;0
CAMHDA301-20221102T001500,2022-11-02T00:15:00+00:00,180.0,21,29.17,23,9,15;21;21;18;20;23;21;19;21
CAMHDA301-20221102T031500,2022-11-02T03:15:00+00:00,360.0,10,13.89,10,9,8;5;9;9;10;8;6;10;8
CAMHDA301-20221102T061500,2022-11-02T06:15:00+00:00,600.0,6,8.33,10,9,0;0;2;5;1;3;0;10;6
CAMHDA301-20221102T091500,2022-11-02T09:15:00+00:00,120.0,0,0.0,0,9,0;0;0;0;0;0;0;0;0
CAMHDA301-20221102T121500,2022-11-02T12:15:00+00:00,420.0,6,8.33,7,9,5;7;4;2;4;6;3;5;6
CAMHDA301-20221102T151500,2022-11-02T15:15:00+00:00,240.0,3,4.17,3,9,2;2;3;3;3;3;2;1;3
CAMHDA301-20221102T181500,2022-11-02T18:15:00+00:00,240.0,4,5.56,7,9,2;1;4;3;4;4;3;4;7
CAMHDA301-20221102T211500,2022-11-02T21:15:00+00:00,420.0,7,9.72,7,9,4;6;4;5;5;7;6;7;5
CAMHDA301-20221103T001500,2022-11-03T00:15:00+00:00,300.0,7,9.72,7,9,4;4;5;7;4;7;7;4;4
CAMHDA301-20221103T031500,2022-11-03T03:15:00+00:00,360.0,1,1.39,2,9,0;0;0;0;1;0;0;2;0
CAMHDA301-20221103T061500,2022-11-03T06:15:00+00:00,120.0,1,1.39,2,9,1;2;0;0;1;0;0;0;1
CAMHDA301-20221103T091500,2022-11-03T09:15:00+00:00,240.0,1,1.39,1,9,0;0;1;0;0;0;0;0;1
CAMHDA301-20221103T121500,2022-11-03T12:15:00+00:00,360.0,1,1.39,1,9,0;0;0;0;1;1;0;0;0
CAMHDA301-20221103T151500,2022-11-03T15:15:00+00:00,600.0,19,26.39,20,9,16;20;15;14;15;8;13;17;19
CAMHDA301-20221103T181500,2022-11-03T18:15:00+00:00,540.0,14,19.44,18,9,10;10;11;7;7;12;18;14;8
CAMHDA301-20221103T211500,2022-11-03T21:15:00+00:00,420.0,16,22.22,20,9,10;12;10;14;20;16;7;12;15
CAMHDA301-20221104T001500,2022-11-04T00:15:00+00:00,240.0,14,19.44,18,9,0;18;14;4;1;9;1;0;5
CAMHDA301-20221104T031500,2022-11-04T03:15:00+00:00,240.0,23,31.94,24,9,0;12;23;24;0;12;2;0;5
CAMHDA301-20221104T061500,2022-11-04T06:15:00+00:00,180.0,16,22.22,28,9,0;16;28;0;1;0;0;6;6
CAMHDA301-20221104T091500,2022-11-04T09:15:00+00:00,300.0,18,25.0,22,9,0;10;22;18;0;0;0;1;2
CAMHDA301-20221104T121500,2022-11-04T12:15:00+00:00,240.0,22,30.56,26,9,0;17;22;26;3;0;0;2;1
CAMHDA301-20221104T151500,2022-11-04T15:15:00+00:00,180.0,17,23.61,21,9,0;17;21;0;0;1;0;3;5
CAMHDA301-20221104T181500,2022-11-04T18:15:00+00:00,240.0,15,20.83,16,9,0;16;15;5;0;0;0;5;4
CAMHDA301-20221104T211500,2022-11-04T21:15:00+00:00,300.0,20,27.78,22,9,0;22;18;20;1;11;0;1;9
CAMHDA301-20221108T001500,2022-11-08T00:15:00+00:00,240.0,21,29.17,27,9,0;17;21;27;1;0;0;2;3
CAMHDA301-20221108T031500,2022-11-08T03:15:00+00:00,180.0,18,25.0,21,9,0;18;21;0;1;0;1;6;4
CAMHDA301-20221108T061500,2022-11-08T06:15:00+00:00,420.0,14,19.44,23,9,0;23;5;7;0;14;1;0;7
CAMHDA301-20221108T091500,2022-11-08T09:15:00+00:00,180.0,14,19.44,24,9,0;14;10;24;0;11;3;0;2
CAMHDA301-20221108T121500,2022-11-08T12:15:00+00:00,180.0,20,27.78,24,9,0;20;24;0;1;0;0;3;7
CAMHDA301-20221108T151500,2022-11-08T15:15:00+00:00,600.0,7,9.72,8,9,0;0;0;1;0;8;1;4;7
CAMHDA301-20221108T181500,2022-11-08T18:15:00+00:00,240.0,13,18.06,23,9,0;8;13;23;0;10;1;0;2
CAMHDA301-20221108T211500,2022-11-08T21:15:00+00:00,240.0,11,15.28,23,9,3;5;11;23;1;10;2;1;7
CAMHDA301-20221109T001500,2022-11-09T00:15:00+00:00,180.0,19,26.39,22,9,0;19;17;22;0;0;0;6;2
CAMHDA301-20221109T031500,2022-11-09T03:15:00+00:00,180.0,15,20.83,23,9,0;15;23;0;0;0;1;1;8
CAMHDA301-20221109T061500,2022-11-09T06:15:00+00:00,600.0,8,11.11,18,9,0;18;6;5;0;2;1;2;8
CAMHDA301-20221109T091500,2022-11-09T09:15:00+00:00,180.0,13,18.06,25,9,0;13;2;25;0;9;2;2;5
CAMHDA301-20221109T121500,2022-11-09T12:15:00+00:00,180.0,16,22.22,16,9,1;16;15;16;0;0;0;1;1
CAMHDA301-20221109T151500,2022-11-09T15:15:00+00:00,420.0,9,12.5,9,9,0;0;0;1;1;9;1;4;9
CAMHDA301-20221109T181500,2022-11-09T18:15:00+00:00,240.0,16,22.22,28,9,0;11;16;28;0;8;3;0;3
CAMHDA301-20221109T211500,2022-11-09T21:15:00+00:00,240.0,14,19.44,17,9,0;10;14;17;2;8;2;0;5
CAMHDA301-20221110T001500,2022-11-10T00:15:00+00:00,120.0,0,0.0,2,9,0;0;0;0;2;0;0;0;0
CAMHDA301-20221110T031500,2022-11-10T03:15:00+00:00,120.0,23,31.94,23,9,23;23;16;19;17;20;17;14;18
CAMHDA301-20221110T061500,2022-11-10T06:15:00+00:00,180.0,17,23.61,18,9,18;17;15;8;9;8;1;0;5
CAMHDA301-20221110T091500,2022-11-10T09:15:00+00:00,600.0,2,2.78,3,9,1;1;3;0;0;0;0;0;2
CAMHDA301-20221110T121500,2022-11-10T12:15:00+00:00,360.0,4,5.56,5,9,2;2;2;2;4;5;4;2;2
CAMHDA301-20221110T151500,2022-11-10T15:15:00+00:00,480.0,5,6.94,7,9,2;3;7;4;3;4;5;3;2
CAMHDA301-20221110T181500,2022-11-10T18:15:00+00:00,420.0,1,1.39,1,9,0;0;0;0;0;1;0;1;0
CAMHDA301-20221110T211500,2022-11-10T21:15:00+00:00,420.0,20,27.78,22,9,19;12;16;22;16;20;18;18;20
CAMHDA301-20221111T001500,2022-11-11T00:15:00+00:00,180.0,7,9.72,22,9,0;7;22;0;0;0;0;3;5
CAMHDA301-20221111T031500,2022-11-11T03:15:00+00:00,180.0,16,22.22,23,9,0;16;23;15;1;1;0;7;1
CAMHDA301-20221111T061500,2022-11-11T06:15:00+00:00,300.0,24,33.33,29,9,0;16;29;24;0;1;2;4;3
CAMHDA301-20221111T091500,2022-11-11T09:15:00+00:00,420.0,6,8.33,7,9,0;0;0;5;0;6;1;3;7
CAMHDA301-20221111T121500,2022-11-11T12:15:00+00:00,180.0,14,19.44,15,9,0;14;15;0;0;0;2;8;2
CAMHDA301-20221111T151500,2022-11-11T15:15:00+00:00,180.0,15,20.83,20,9,0;15;20;0;0;0;0;6;3
CAMHDA301-20221111T181500,2022-11-11T18:15:00+00:00,420.0,16,22.22,21,9,0;6;12;21;2;16;6;0;4
CAMHDA301-20221111T211500,2022-11-11T21:15:00+00:00,180.0,17,23.61,19,9,1;17;16;19;1;10;4;1;5
CAMHDA301-20221115T001500,2022-11-15T00:15:00+00:00,240.0,11,15.28,25,9,0;5;11;25;1;6;2;0;5
CAMHDA301-20221115T031500,2022-11-15T03:15:00+00:00,180.0,19,26.39,37,9,0;19;17;37;0;7;1;3;5
CAMHDA301-20221115T061500,2022-11-15T06:15:00+00:00,300.0,26,36.11,31,9,0;18;31;26;0;12;2;0;10
CAMHDA301-20221115T091500,2022-11-15T09:15:00+00:00,180.0,23,31.94,31,9,0;23;31;20;0;14;0;4;7
CAMHDA301-20221115T121500,2022-11-15T12:15:00+00:00,240.0,13,18.06,25,9,0;9;13;25;1;8;3;0;9
CAMHDA301-20221115T151500,2022-11-15T15:15:00+00:00,540.0,4,5.56,5,9,0;0;0;0;0;0;0;4;5
CAMHDA301-20221115T181500,2022-11-15T18:15:00+00:00,180.0,20,27.78,28,9,0;20;28;0;0;0;1;5;11
CAMHDA301-20221115T211500,2022-11-15T21:15:00+00:00,240.0,16,22.22,24,9,0;9;16;24;1;13;2;0;7
CAMHDA301-20221116T001500,2022-11-16T00:15:00+00:00,180.0,15,20.83,22,9,1;15;12;22;0;10;1;1;2
CAMHDA301-20221116T031500,2022-11-16T03:15:00+00:00,420.0,6,8.33,6,9,0;0;0;1;0;6;1;6;0
CAMHDA301-20221116T061500,2022-11-16T06:15:00+00:00,180.0,17,23.61,21,9,0;17;21;0;0;0;0;4;8
CAMHDA301-20221116T091500,2022-11-16T09:15:00+00:00,240.0,23,31.94,28,9,0;20;23;28;0;1;1;2;12
CAMHDA301-20221116T121500,2022-11-16T12:15:00+00:00,300.0,17,23.61,29,9,0;7;29;17;1;10;1;0;3
CAMHDA301-20221116T151500,2022-11-16T15:15:00+00:00,180.0,21,29.17,24,9,0;21;24;0;0;1;1;3;5
CAMHDA301-20221116T181500,2022-11-16T18:15:00+00:00,180.0,20,27.78,22,9,0;20;22;1;1;0;2;5;5
CAMHDA301-20221116T211500,2022-11-16T21:15:00+00:00,300.0,23,31.94,28,9,0;10;28;23;1;16;3;0;3
CAMHDA301-20221117T001500,2022-11-17T00:15:00+00:00,240.0,22,30.56,27,9,1;11;22;27;0;10;4;0;3
CAMHDA301-20221117T031500,2022-11-17T03:15:00+00:00,300.0,8,11.11,15,9,0;0;0;8;0;15;0;5;8
CAMHDA301-20221117T061500,2022-11-17T06:15:00+00:00,180.0,11,15.28,21,9,0;11;21;0;1;1;1;4;8
CAMHDA301-20221117T091500,2022-11-17T09:15:00+00:00,180.0,11,15.28,19,9,0;11;19;0;2;4;0;6;7
CAMHDA301-20221117T121500,2022-11-17T12:15:00+00:00,240.0,14,19.44,19,9,0;9;14;19;3;7;2;0;5
CAMHDA301-20221117T151500,2022-11-17T15:15:00+00:00,420.0,12,16.67,22,9,0;6;0;22;2;12;1;3;11
CAMHDA301-20221117T181500,2022-11-17T18:15:00+00:00,240.0,15,20.83,24,9,0;14;15;24;0;11;1;1;2
CAMHDA301-20221117T211500,2022-11-17T21:15:00+00:00,180.0,19,26.39,27,9,0;19;27;0;1;0;1;1;5
CAMHDA301-20221118T001500,2022-11-18T00:15:00+00:00,420.0,17,23.61,22,9,1;13;14;22;0;17;0;0;6
CAMHDA301-20221118T031500,2022-11-18T03:15:00+00:00,240.0,13,18.06,25,9,2;7;13;25;1;7;1;0;2
CAMHDA301-20221118T061500,2022-11-18T06:15:00+00:00,180.0,21,29.17,26,9,0;21;26;11;0;0;0;3;3
CAMHDA301-20221118T091500,2022-11-18T09:15:00+00:00,180.0,24,33.33,25,9,0;24;25;0;0;5;1;2;7
CAMHDA301-20221118T121500,2022-11-18T12:15:00+00:00,180.0,16,22.22,18,9,0;16;7;18;0;6;0;1;0
CAMHDA301-20221118T151500,2022-11-18T15:15:00+00:00,300.0,19,26.39,21,9,0;17;21;19;1;11;1;1;2
CAMHDA301-20221118T181500,2022-11-18T18:15:00+00:00,180.0,21,29.17,27,9,0;21;27;0;1;0;0;5;8
CAMHDA301-20221118T211500,2022-11-18T21:15:00+00:00,600.0,6,8.33,12,9,0;12;3;0;0;0;1;4;6
CAMHDA301-20221122T001500,2022-11-22T00:15:00+00:00,180.0,19,26.39,21,9,0;19;21;0;0;0;0;3;2
CAMHDA301-20221122T031500,2022-11-22T03:15:00+00:00,240.0,21,29.17,22,9,0;13;21;22;1;13;1;0;6
CAMHDA301-20221122T061500,2022-11-22T06:15:00+00:00,240.0,22,30.56,24,9,0;13;22;24;2;7;3;0;6
CAMHDA301-20221122T091500,2022-11-22T09:15:00+00:00,180.0,24,33.33,30,9,1;24;30;0;0;0;0;1;8
CAMHDA301-20221122T121500,2022-11-22T12:15:00+00:00,180.0,10,13.89,25,9,2;10;25;0;0;5;0;0;6
CAMHDA301-20221122T151500,2022-11-22T15:15:00+00:00,240.0,11,15.28,17,9,1;7;11;17;0;8;3;0;0
CAMHDA301-20221122T181500,2022-11-22T18:15:00+00:00,300.0,19,26.39,20,9,0;13;20;19;1;7;0;0;5
CAMHDA301-20221122T211500,2022-11-22T21:15:00+00:00,540.0,8,11.11,18,9,0;7;18;0;3;4;1;8;6
CAMHDA301-20221123T001500,2022-11-23T00:15:00+00:00,240.0,22,30.56,23,9,0;18;22;23;1;0;1;3;5
CAMHDA301-20221123T031500,2022-11-23T03:15:00+00:00,180.0,16,22.22,21,9,0;16;21;0;0;0;1;3;6
CAMHDA301-20221123T061500,2022-11-23T06:15:00+00:00,180.0,22,30.56,29,9,0;22;29;0;0;3;1;4;8
CAMHDA301-20221123T091500,2022-11-23T09:15:00+00:00,180.0,17,23.61,23,9,0;17;23;0;1;0;0;1;6
CAMHDA301-20221123T121500,2022-11-23T12:15:00+00:00,180.0,17,23.61,32,9,0;17;32;16;1;0;0;3;1
CAMHDA301-20221123T151500,2022-11-23T15:15:00+00:00,180.0,16,22.22,16,9,0;16;10;16;1;7;0;0;5
CAMHDA301-20221123T181500,2022-11-23T18:15:00+00:00,240.0,15,20.83,17,9,2;12;15;17;0;6;4;0;4
CAMHDA301-20221123T211500,2022-11-23T21:15:00+00:00,240.0,17,23.61,23,9,0;11;17;23;1;0;3;3;3
CAMHDA301-20221124T001500,2022-11-24T00:15:00+00:00,180.0,21,29.17,24,9,0;21;24;17;0;0;0;1;7
CAMHDA301-20221124T031500,2022-11-24T03:15:00+00:00,180.0,23,31.94,31,9,0;23;31;0;0;0;3;4;1
CAMHDA301-20221124T061500,2022-11-24T06:15:00+00:00,420.0,9,12.5,14,9,0;8;14;3;0;9;1;2;7
CAMHDA301-20221124T091500,2022-11-24T09:15:00+00:00,180.0,14,19.44,22,9,0;14;22;0;0;8;2;1;5
CAMHDA301-20221124T121500,2022-11-24T12:15:00+00:00,180.0,23,31.94,27,9,0;23;27;20;0;10;2;3;5
CAMHDA301-20221124T151500,2022-11-24T15:15:00+00:00,600.0,7,9.72,15,9,0;0;0;15;0;3;1;2;7
CAMHDA301-20221124T181500,2022-11-24T18:15:00+00:00,180.0,13,18.06,24,9,2;13;13;24;3;10;1;0;2
CAMHDA301-20221124T211500,2022-11-24T21:15:00+00:00,300.0,20,27.78,21,9,0;2;21;20;0;0;1;4;0
CAMHDA301-20221125T001500,2022-11-25T00:15:00+00:00,180.0,14,19.44,23,9,0;14;23;12;0;6;1;4;4
CAMHDA301-20221125T031500,2022-11-25T03:15:00+00:00,300.0,17,23.61,27,9,0;16;27;17;0;8;0;6;2
CAMHDA301-20221125T061500,2022-11-25T06:15:00+00:00,180.0,21,29.17,28,9,0;21;28;0;0;0;0;5;3
CAMHDA301-20221125T091500,2022-11-25T09:15:00+00:00,180.0,18,25.0,24,9,0;18;24;14;0;0;1;3;7
CAMHDA301-20221125T121500,2022-11-25T12:15:00+00:00,600.0,7,9.72,20,9,0;20;0;0;1;0;0;4;7
CAMHDA301-20221125T151500,2022-11-25T15:15:00+00:00,180.0,19,26.39,20,9,0;19;20;0;0;0;0;4;3
CAMHDA301-20221125T181500,2022-11-25T18:15:00+00:00,180.0,17,23.61,23,9,0;17;23;16;0;14;0;2;3
CAMHDA301-20221125T211500,2022-11-25T21:15:00+00:00,420.0,11,15.28,24,9,0;7;8;24;1;11;1;2;3
CAMHDA301-20221129T001500,2022-11-29T00:15:00+00:00,300.0,20,27.78,25,9,0;12;25;20;1;9;2;0;1
CAMHDA301-20221129T031500,2022-11-29T03:15:00+00:00,300.0,23,31.94,27,9,0;16;27;23;0;8;3;4;4
CAMHDA301-20221129T061500,2022-11-29T06:15:00+00:00,180.0,21,29.17,37,9,0;21;37;19;1;0;3;2;7
CAMHDA301-20221129T091500,2022-11-29T09:15:00+00:00,180.0,23,31.94,33,9,0;23;33;20;0;21;1;5;4
CAMHDA301-20221129T121500,2022-11-29T12:15:00+00:00,300.0,18,25.0,24,9,0;16;24;18;0;0;2;4;9
CAMHDA301-20221129T151500,2022-11-29T15:15:00+00:00,180.0,16,22.22,18,9,0;16;18;0;0;0;0;3;1
CAMHDA301-20221129T181500,2022-11-29T18:15:00+00:00,420.0,7,9.72,13,9,0;13;4;0;1;7;1;5;4
CAMHDA301-20221129T211500,2022-11-29T21:15:00+00:00,120.0,0,0.0,0,9,0;0;0;0;0;0;0;0;0
CAMHDA301-20221130T001500,2022-11-30T00:15:00+00:00,120.0,0,0.0,0,9,0;0;0;0;0;0;0;0;0
CAMHDA301-20221130T031500,2022-11-30T03:15:00+00:00,120.0,0,0.0,0,9,0;0;0;0;0;0;0;0;0
CAMHDA301-20221130T061500,2022-11-30T06:15:00+00:00,120.0,0,0.0,0,9,0;0;0;0;0;0;0;0;0
CAMHDA301-20221130T091500,2022-11-30T09:15:00+00:00,120.0,0,0.0,0,9,0;0;0;0;0;0;0;0;0
CAMHDA301-20221130T121500,2022-11-30T12:15:00+00:00,120.0,0,0.0,0,9,0;0;0;0;0;0;0;0;0
CAMHDA301-20221130T151500,2022-11-30T15:15:00+00:00,120.0,0,0.0,0,9,0;0;0;0;0;0;0;0;0
CAMHDA301-20221130T181500,2022-11-30T18:15:00+00:00,120.0,0,0.0,0,9,0;0;0;0;0;0;0;0;0
CAMHDA301-20221130T211500,2022-11-30T21:15:00+00:00,120.0,0,0.0,0,9,0;0;0;0;0;0;0;0;0
CAMHDA301-20221201T031500,2022-12-01T03:15:00+00:00,120.0,0,0.0,0,9,0;0;0;0;0;0;0;0;0
CAMHDA301-20221201T061500,2022-12-01T06:15:00+00:00,120.0,0,0.0,0,9,0;0;0;0;0;0;0;0;0
CAMHDA301-20221201T091500,2022-12-01T09:15:00+00:00,120.0,0,0.0,0,9,0;0;0;0;0;0;0;0;0
CAMHDA301-20221201T121500,2022-12-01T12:15:00+00:00,120.0,0,0.0,0,9,0;0;0;0;0;0;0;0;0
CAMHDA301-20221201T151500,2022-12-01T15:15:00+00:00,120.0,0,0.0,0,9,0;0;0;0;0;0;0;0;0
CAMHDA301-20221201T181500,2022-12-01T18:15:00+00:00,120.0,0,0.0,0,9,0;0;0;0;0;0;0;0;0
CAMHDA301-20221201T211500,2022-12-01T21:15:00+00:00,120.0,0,0.0,0,9,0;0;0;0;0;0;0;0;0
CAMHDA301-20221202T001500,2022-12-02T00:15:00+00:00,120.0,0,0.0,0,9,0;0;0;0;0;0;0;0;0
CAMHDA301-20221202T031500,2022-12-02T03:15:00+00:00,120.0,0,0.0,0,9,0;0;0;0;0;0;0;0;0
CAMHDA301-20221202T061500,2022-12-02T06:15:00+00:00,120.0,0,0.0,0,9,0;0;0;0;0;0;0;0;0
CAMHDA301-20221202T091500,2022-12-02T09:15:00+00:00,120.0,0,0.0,0,9,0;0;0;0;0;0;0;0;0
CAMHDA301-20221202T121500,2022-12-02T12:15:00+00:00,120.0,0,0.0,0,9,0;0;0;0;0;0;0;0;0
CAMHDA301-20221202T151500,2022-12-02T15:15:00+00:00,120.0,0,0.0,0,9,0;0;0;0;0;0;0;0;0
CAMHDA301-20221202T181500,2022-12-02T18:15:00+00:00,120.0,0,0.0,0,9,0;0;0;0;0;0;0;0;0
CAMHDA301-20221202T211500,2022-12-02T21:15:00+00:00,120.0,0,0.0,0,9,0;0;0;0;0;0;0;0;0
CAMHDA301-20221206T001500,2022-12-06T00:15:00+00:00,180.0,20,27.78,28,9,0;20;28;20;1;0;1;2;8
CAMHDA301-20221206T031500,2022-12-06T03:15:00+00:00,240.0,21,29.17,22,9,0;22;21;15;0;0;1;2;0
CAMHDA301-20221206T061500,2022-12-06T06:15:00+00:00,180.0,11,15.28,22,9,0;11;22;0;1;3;0;9;2
CAMHDA301-20221206T091500,2022-12-06T09:15:00+00:00,300.0,22,30.56,23,9,0;14;23;22;0;0;1;3;10
CAMHDA301-20221206T121500,2022-12-06T12:15:00+00:00,180.0,20,27.78,35,9,0;20;35;19;0;0;0;3;3
CAMHDA301-20221206T151500,2022-12-06T15:15:00+00:00,240.0,12,16.67,15,9,0;15;12;1;0;1;3;7;5
CAMHDA301-20221206T181500,2022-12-06T18:15:00+00:00,420.0,19,26.39,24,9,2;9;10;24;1;19;2;0;0
CAMHDA301-20221206T211500,2022-12-06T21:15:00+00:00,180.0,17,23.61,18,9,0;17;16;18;5;9;1;0;7
CAMHDA301-20221207T001500,2022-12-07T00:15:00+00:00,180.0,19,26.39,25,9,0;19;25;12;1;0;0;1;8
CAMHDA301-20221207T031500,2022-12-07T03:15:00+00:00,180.0,25,34.72,25,9,0;25;25;0;0;0;0;4;8
CAMHDA301-20221207T061500,2022-12-07T06:15:00+00:00,180.0,20,27.78,29,9,0;20;29;1;2;0;1;6;11
CAMHDA301-20221207T091500,2022-12-07T09:15:00+00:00,240.0,18,25.0,23,9,0;23;18;0;0;0;1;4;3
CAMHDA301-20221207T121500,2022-12-07T12:15:00+00:00,180.0,19,26.39,25,9,0;19;25;17;0;0;2;3;5
CAMHDA301-20221207T151500,2022-12-07T15:15:00+00:00,420.0,14,19.44,19,9,0;9;19;7;2;14;2;1;5
CAMHDA301-20221207T181500,2022-12-07T18:15:00+00:00,300.0,20,27.78,22,9,0;8;22;20;0;14;1;0;4
CAMHDA301-20221207T211500,2022-12-07T21:15:00+00:00,240.0,16,22.22,25,9,0;15;16;25;0;8;4;1;1
CAMHDA301-20221208T001500,2022-12-08T00:15:00+00:00,180.0,17,23.61,22,9,0;17;22;15;0;0;0;9;3
CAMHDA301-20221208T031500,2022-12-08T03:15:00+00:00,180.0,17,23.61,25,9,0;17;25;13;0;0;0;4;3
CAMHDA301-20221208T061500,2022-12-08T06:15:00+00:00,180.0,19,26.39,31,9,0;19;31;0;0;8;3;5;17
CAMHDA301-20221208T091500,2022-12-08T09:15:00+00:00,180.0,12,16.67,21,9,0;12;21;0;0;0;2;4;7
CAMHDA301-20221208T121500,2022-12-08T12:15:00+00:00,180.0,22,30.56,28,9,0;22;28;0;0;0;0;8;7
CAMHDA301-20221208T151500,2022-12-08T15:15:00+00:00,180.0,11,15.28,22,9,0;11;22;0;0;0;0;8;7
CAMHDA301-20221208T181500,2022-12-08T18:15:00+00:00,240.0,13,18.06,15,9,0;5;13;15;0;6;2;2;5
CAMHDA301-20221208T211500,2022-12-08T21:15:00+00:00,420.0,8,11.11,17,9,0;0;6;17;0;8;4;4;8
CAMHDA301-20221209T001500,2022-12-09T00:15:00+00:00,240.0,18,25.0,19,9,0;19;18;0;0;0;0;6;5
CAMHDA301-20221209T031500,2022-12-09T03:15:00+00:00,180.0,20,27.78,21,9,0;20;21;19;0;0;0;4;3
CAMHDA301-20221209T061500,2022-12-09T06:15:00+00:00,240.0,18,25.0,19,9,0;15;18;19;0;10;8;0;3
CAMHDA301-20221209T091500,2022-12-09T09:15:00+00:00,240.0,15,20.83,21,9,0;21;15;12;1;11;1;0;0
CAMHDA301-20221209T121500,2022-12-09T12:15:00+00:00,540.0,7,9.72,10,9,0;0;3;0;0;0;1;7;10
CAMHDA301-20221209T151500,2022-12-09T15:15:00+00:00,420.0,12,16.67,22,9,0;2;0;22;1;12;4;4;3
CAMHDA301-20221209T181500,2022-12-09T18:15:00+00:00,420.0,15,20.83,17,9,4;8;14;17;1;15;3;0;8
CAMHDA301-20221209T211500,2022-12-09T21:15:00+00:00,300.0,14,19.44,15,9,1;8;15;14;2;9;3;0;9
CAMHDA301-20221213T001500,2022-12-13T00:15:00+00:00,240.0,22,30.56,22,9,0;18;22;22;1;17;0;2;2
CAMHDA301-20221213T031500,2022-12-13T03:15:00+00:00,240.0,23,31.94,25,9,0;25;23;19;1;3;0;5;4
CAMHDA301-20221213T061500,2022-12-13T06:15:00+00:00,180.0,22,30.56,33,9,0;22;33;21;0;0;0;2;3
CAMHDA301-20221213T091500,2022-12-13T09:15:00+00:00,180.0,15,20.83,29,9,0;15;29;15;2;0;1;4;2
CAMHDA301-20221213T121500,2022-12-13T12:15:00+00:00,180.0,18,25.0,25,9,0;18;25;10;1;10;4;2;8
CAMHDA301-20221213T151500,2022-12-13T15:15:00+00:00,180.0,23,31.94,27,9,1;23;27;20;0;0;0;3;3
CAMHDA301-20221213T181500,2022-12-13T18:15:00+00:00,180.0,16,22.22,23,9,0;16;23;0;0;0;1;3;4
CAMHDA301-20221213T211500,2022-12-13T21:15:00+00:00,180.0,15,20.83,19,9,0;15;19;0;2;0;0;4;4
CAMHDA301-20221214T001500,2022-12-14T00:15:00+00:00,300.0,27,37.5,28,9,0;17;28;27;0;0;1;5;1
CAMHDA301-20221214T031500,2022-12-14T03:15:00+00:00,180.0,21,29.17,23,9,0;21;23;12;0;10;2;1;6
CAMHDA301-20221214T061500,2022-12-14T06:15:00+00:00,300.0,23,31.94,29,9,0;15;29;23;0;5;5;1;7
CAMHDA301-20221214T091500,2022-12-14T09:15:00+00:00,180.0,5,6.94,18,9,0;5;5;0;2;18;0;4;5
CAMHDA301-20221214T121500,2022-12-14T12:15:00+00:00,240.0,19,26.39,21,9,0;21;19;0;1;0;0;4;3
CAMHDA301-20221214T151500,2022-12-14T15:15:00+00:00,180.0,22,30.56,27,9,0;22;27;0;0;4;0;0;0
CAMHDA301-20221214T181500,2022-12-14T18:15:00+00:00,600.0,5,6.94,8,9,0;8;0;0;0;0;0;1;5
CAMHDA301-20221214T211500,2022-12-14T21:15:00+00:00,240.0,19,26.39,19,9,0;18;19;19;1;17;7;0;8
CAMHDA301-20221215T001500,2022-12-15T00:15:00+00:00,420.0,21,29.17,26,9,0;10;19;26;0;21;1;1;4
CAMHDA301-20221215T031500,2022-12-15T03:15:00+00:00,180.0,22,30.56,26,9,0;22;26;12;0;0;0;4;4
CAMHDA301-20221215T061500,2022-12-15T06:15:00+00:00,420.0,19,26.39,26,9,0;13;18;26;1;19;1;2;10
CAMHDA301-20221215T091500,2022-12-15T09:15:00+00:00,180.0,13,18.06,21,9,0;13;21;12;1;0;2;3;6
CAMHDA301-20221215T121500,2022-12-15T12:15:00+00:00,180.0,21,29.17,25,9,0;21;25;0;0;0;2;4;4
CAMHDA301-20221215T151500,2022-12-15T15:15:00+00:00,600.0,8,11.11,16,9,0;5;16;0;1;0;0;6;8
CAMHDA301-20221215T181500,2022-12-15T18:15:00+00:00,540.0,5,6.94,12,9,0;0;0;3;1;12;0;5;4
CAMHDA301-20221215T211500,2022-12-15T21:15:00+00:00,300.0,14,19.44,18,9,0;9;18;14;0;14;4;0;3
CAMHDA301-20221216T001500,2022-12-16T00:15:00+00:00,180.0,20,27.78,22,9,0;20;20;22;0;11;3;0;5
CAMHDA301-20221216T031500,2022-12-16T03:15:00+00:00,240.0,7,9.72,18,9,0;18;7;0;0;6;0;5;7
CAMHDA301-20221216T061500,2022-12-16T06:15:00+00:00,180.0,18,25.0,25,9,0;18;25;18;2;10;2;1;2
CAMHDA301-20221216T091500,2022-12-16T09:15:00+00:00,420.0,10,13.89,18,9,0;4;2;18;1;10;3;0;3
CAMHDA301-20221216T121500,2022-12-16T12:15:00+00:00,240.0,16,22.22,18,9,0;14;16;18;2;11;1;2;3
CAMHDA301-20221216T151500,2022-12-16T15:15:00+00:00,240.0,6,8.33,18,9,0;18;6;0;0;0;0;2;5
CAMHDA301-20221216T181500,2022-12-16T18:15:00+00:00,180.0,17,23.61,26,9,0;17;26;10;0;14;4;3;5
CAMHDA301-20221216T211500,2022-12-16T21:15:00+00:00,180.0,19,26.39,27,9,0;19;27;12;0;0;0;3;5
CAMHDA301-20221220T001500,2022-12-20T00:15:00+00:00,480.0,5,6.94,6,9,3;2;4;4;6;3;5;4;4
CAMHDA301-20221220T031500,2022-12-20T03:15:00+00:00,360.0,8,11.11,9,9,2;7;6;9;8;7;5;5;6
CAMHDA301-20221220T061500,2022-12-20T06:15:00+00:00,360.0,10,13.89,11,9,7;11;9;6;10;9;8;5;10
CAMHDA301-20221220T091500,2022-12-20T09:15:00+00:00,540.0,14,19.44,16,9,13;13;13;16;10;13;10;14;8
CAMHDA301-20221220T121500,2022-12-20T12:15:00+00:00,120.0,5,6.94,5,9,5;3;5;4;4;4;2;2;3
CAMHDA301-20221220T151500,2022-12-20T15:15:00+00:00,360.0,7,9.72,8,9,0;1;0;8;7;7;2;6;2
CAMHDA301-20221220T181500,2022-12-20T18:15:00+00:00,300.0,1,1.39,1,9,0;0;0;1;0;0;0;1;0
CAMHDA301-20221220T211500,2022-12-20T21:15:00+00:00,480.0,22,30.56,23,9,17;18;21;18;14;23;22;19;18
CAMHDA301-20221221T001500,2022-12-21T00:15:00+00:00,240.0,13,18.06,25,9,0;25;13;1;4;1;2;6;3
CAMHDA301-20221221T031500,2022-12-21T03:15:00+00:00,180.0,5,6.94,6,9,0;5;0;4;0;6;0;1;4
CAMHDA301-20221221T061500,2022-12-21T06:15:00+00:00,600.0,20,27.78,22,9,0;22;1;9;0;8;3;1;20
CAMHDA301-20221221T091500,2022-12-21T09:15:00+00:00,180.0,20,27.78,28,9,0;20;28;13;0;0;0;6;4
CAMHDA301-20221221T121500,2022-12-21T12:15:00+00:00,240.0,18,25.0,20,9,0;20;18;15;0;3;4;6;2
CAMHDA301-20221221T151500,2022-12-21T15:15:00+00:00,180.0,16,22.22,27,9,0;16;10;27;2;14;1;4;3
CAMHDA301-20221221T181500,2022-12-21T18:15:00+00:00,240.0,9,12.5,21,9,0;6;9;21;0;9;1;0;3
CAMHDA301-20221221T211500,2022-12-21T21:15:00+00:00,300.0,22,30.56,23,9,0;23;13;22;0;10;1;0;3
CAMHDA301-20221222T001500,2022-12-22T00:15:00+00:00,180.0,28,38.89,41,9,1;28;41;16;1;9;2;2;0
CAMHDA301-20221222T031500,2022-12-22T03:15:00+00:00,180.0,18,25.0,29,9,0;18;29;11;3;2;1;4;2
CAMHDA301-20221222T061500,2022-12-22T06:15:00+00:00,300.0,20,27.78,24,9,0;15;24;20;0;0;0;4;8
CAMHDA301-20221222T091500,2022-12-22T09:15:00+00:00,180.0,19,26.39,25,9,0;19;25;17;2;14;5;6;6
CAMHDA301-20221222T121500,2022-12-22T12:15:00+00:00,240.0,24,33.33,26,9,0;26;24;16;0;11;2;5;5
CAMHDA301-20221222T151500,2022-12-22T15:15:00+00:00,300.0,1,1.39,10,9,0;0;0;1;1;10;1;0;0
CAMHDA301-20221222T181500,2022-12-22T18:15:00+00:00,240.0,20,27.78,26,9,1;11;20;26;0;9;3;0;2
CAMHDA301-20221222T211500,2022-12-22T21:15:00+00:00,240.0,24,33.33,25,9,0;25;24;18;0;10;6;0;2
CAMHDA301-20221223T001500,2022-12-23T00:15:00+00:00,300.0,19,26.39,21,9,0;14;21;19;1;8;2;3;6
CAMHDA301-20221223T031500,2022-12-23T03:15:00+00:00,180.0,22,30.56,28,9,0;22;28;12;0;12;6;3;6
CAMHDA301-20221223T061500,2022-12-23T06:15:00+00:00,180.0,21,29.17,30,9,0;21;30;2;0;0;0;5;6
CAMHDA301-20221223T091500,2022-12-23T09:15:00+00:00,240.0,19,26.39,22,9,0;22;19;16;1;0;0;2;1
CAMHDA301-20221223T121500,2022-12-23T12:15:00+00:00,180.0,22,30.56,24,9,0;22;24;10;0;2;0;7;5
CAMHDA301-20221223T151500,2022-12-23T15:15:00+00:00,240.0,20,27.78,21,9,0;21;20;10;1;7;3;1;5
CAMHDA301-20221223T181500,2022-12-23T18:15:00+00:00,420.0,19,26.39,23,9,0;15;23;17;1;19;2;0;1
CAMHDA301-20221223T211500,2022-12-23T21:15:00+00:00,180.0,23,31.94,24,9,0;23;24;18;0;11;2;0;2
CAMHDA301-20221227T001500,2022-12-27T00:15:00+00:00,420.0,6,8.33,19,9,0;1;19;0;1;6;2;3;2
CAMHDA301-20221227T031500,2022-12-27T03:15:00+00:00,180.0,26,36.11,29,9,0;26;29;18;0;16;7;1;1
CAMHDA301-20221227T061500,2022-12-27T06:15:00+00:00,240.0,25,34.72,30,9,0;30;25;12;0;12;0;3;5
CAMHDA301-20221227T091500,2022-12-27T09:15:00+00:00,240.0,26,36.11,26,9,0;25;26;26;0;13;3;4;5
CAMHDA301-20221227T121500,2022-12-27T12:15:00+00:00,240.0,21,29.17,28,9,0;16;21;28;1;9;2;0;3
CAMHDA301-20221227T151500,2022-12-27T15:15:00+00:00,120.0,0,0.0,0,9,0;0;0;0;0;0;0;0;0
CAMHDA301-20221227T181500,2022-12-27T18:15:00+00:00,180.0,22,30.56,27,9,0;22;27;19;0;5;5;5;4
CAMHDA301-20221227T211500,2022-12-27T21:15:00+00:00,120.0,17,23.61,18,9,17;18;16;14;15;15;14;16;17
CAMHDA301-20221228T001500,2022-12-28T00:15:00+00:00,120.0,17,23.61,18,9,17;18;16;14;15;15;14;16;17
CAMHDA301-20221228T031500,2022-12-28T03:15:00+00:00,120.0,17,23.61,18,9,17;18;16;14;15;15;14;16;17
CAMHDA301-20221228T061500,2022-12-28T06:15:00+00:00,120.0,17,23.61,18,9,17;18;16;14;15;15;14;16;17
CAMHDA301-20221228T091500,2022-12-28T09:15:00+00:00,120.0,17,23.61,18,9,17;18;16;14;15;15;14;16;17
CAMHDA301-20221228T121500,2022-12-28T12:15:00+00:00,120.0,17,23.61,18,9,17;18;16;14;15;15;14;16;17
CAMHDA301-20221228T151500,2022-12-28T15:15:00+00:00,120.0,17,23.61,18,9,17;18;16;14;15;15;14;16;17
CAMHDA301-20221228T181500,2022-12-28T18:15:00+00:00,180.0,28,38.89,29,9,17;28;29;11;0;15;1;3;6
CAMHDA301-20221228T211500,2022-12-28T21:15:00+00:00,240.0,12,16.67,16,9,0;16;12;0;1;6;1;7;5
CAMHDA301-20221229T001500,2022-12-29T00:15:00+00:00,180.0,8,11.11,9,9,0;8;0;6;1;9;2;7;0
CAMHDA301-20221229T031500,2022-12-29T03:15:00+00:00,240.0,19,26.39,29,9,0;29;19;0;0;2;2;7;3
CAMHDA301-20221229T061500,2022-12-29T06:15:00+00:00,180.0,21,29.17,28,9,0;21;28;17;1;15;3;3;2
CAMHDA301-20221229T091500,2022-12-29T09:15:00+00:00,240.0,19,26.39,22,9,0;22;19;16;1;0;3;5;4
CAMHDA301-20221229T121500,2022-12-29T12:15:00+00:00,240.0,20,27.78,29,9,1;18;20;29;0;12;5;0;2
CAMHDA301-20221229T151500,2022-12-29T15:15:00+00:00,180.0,14,19.44,15,9,0;14;9;15;2;7;2;3;6
CAMHDA301-20221229T181500,2022-12-29T18:15:00+00:00,240.0,14,19.44,27,9,0;27;14;0;1;0;2;9;2
CAMHDA301-20221229T211500,2022-12-29T21:15:00+00:00,420.0,13,18.06,15,9,1;7;9;15;1;13;3;0;4
CAMHDA301-20221230T001500,2022-12-30T00:15:00+00:00,420.0,12,16.67,14,9,0;0;0;14;0;12;2;5;3
CAMHDA301-20221230T031500,2022-12-30T03:15:00+00:00,300.0,18,25.0,22,9,0;22;15;18;1;13;1;4;1
CAMHDA301-20221230T061500,2022-12-30T06:15:00+00:00,240.0,20,27.78,23,9,0;23;20;17;0;13;2;1;3
CAMHDA301-20221230T091500,2022-12-30T09:15:00+00:00,180.0,20,27.78,25,9,1;20;25;13;1;0;1;4;6
CAMHDA301-20221230T121500,2022-12-30T12:15:00+00:00,240.0,14,19.44,18,9,0;18;14;0;0;4;0;4;5
CAMHDA301-20221230T151500,2022-12-30T15:15:00+00:00,300.0,31,43.06,35,9,0;35;25;31;5;12;0;2;5
CAMHDA301-20221230T181500,2022-12-30T18:15:00+00:00,180.0,20,27.78,29,9,1;20;29;16;2;4;0;3;5
CAMHDA301-20221230T211500,2022-12-30T21:15:00+00:00,240.0,19,26.39,25,9,0;25;19;18;2;19;2;4;0
CAMHDA301-20230103T001500,2023-01-03T00:15:00+00:00,480.0,7,9.72,7,9,5;4;3;6;4;3;7;7;7
CAMHDA301-20230103T031500,2023-01-03T03:15:00+00:00,180.0,5,6.94,6,9,4;5;4;5;2;6;5;4;0
CAMHDA301-20230103T061500,2023-01-03T06:15:00+00:00,240.0,1,1.39,2,9,2;0;1;0;0;0;1;0;1
CAMHDA301-20230103T091500,2023-01-03T09:15:00+00:00,120.0,1,1.39,1,9,1;0;1;0;1;0;0;1;0
CAMHDA301-20230103T121500,2023-01-03T12:15:00+00:00,120.0,1,1.39,1,9,1;1;1;0;0;0;1;1;1
CAMHDA301-20230103T151500,2023-01-03T15:15:00+00:00,600.0,26,36.11,27,9,20;22;27;21;21;17;18;25;26
CAMHDA301-20230103T181500,2023-01-03T18:15:00+00:00,540.0,23,31.94,26,9,26;21;15;17;12;21;20;23;21
CAMHDA301-20230103T211500,2023-01-03T21:15:00+00:00,180.0,12,16.67,12,9,2;12;1;9;3;12;4;1;2
CAMHDA301-20230104T001500,2023-01-04T00:15:00+00:00,120.0,4,5.56,5,9,4;5;3;0;0;0;0;0;0
CAMHDA301-20230104T031500,2023-01-04T03:15:00+00:00,180.0,13,18.06,13,9,0;13;13;10;3;0;2;3;2
CAMHDA301-20230104T061500,2023-01-04T06:15:00+00:00,240.0,14,19.44,15,9,0;8;14;15;1;12;2;0;7
CAMHDA301-20230104T091500,2023-01-04T09:15:00+00:00,180.0,18,25.0,20,9,0;18;20;17;0;8;2;2;2
CAMHDA301-20230104T121500,2023-01-04T12:15:00+00:00,180.0,22,30.56,29,9,0;22;29;21;2;0;0;3;3
CAMHDA301-20230104T151500,2023-01-04T15:15:00+00:00,420.0,12,16.67,15,9,0;11;15;0;1;12;2;5;11
CAMHDA301-20230104T181500,2023-01-04T18:15:00+00:00,240.0,11,15.28,15,9,0;10;11;15;1;10;4;0;3
CAMHDA301-20230104T211500,2023-01-04T21:15:00+00:00,300.0,18,25.0,25,9,0;16;25;18;1;10;2;4;5
CAMHDA301-20230105T001500,2023-01-05T00:15:00+00:00,300.0,21,29.17,25,9,0;19;25;21;1;10;2;6;3
CAMHDA301-20230105T031500,2023-01-05T03:15:00+00:00,180.0,19,26.39,26,9,0;19;26;19;1;11;3;3;5
CAMHDA301-20230105T061500,2023-01-05T06:15:00+00:00,180.0,14,19.44,31,9,0;14;31;0;0;0;1;3;6
CAMHDA301-20230105T091500,2023-01-05T09:15:00+00:00,420.0,14,19.44,15,9,0;8;13;15;0;14;3;0;3
CAMHDA301-20230105T121500,2023-01-05T12:15:00+00:00,300.0,20,27.78,21,9,0;13;21;20;1;13;1;0;3
CAMHDA301-20230105T151500,2023-01-05T15:15:00+00:00,600.0,6,8.33,13,9,0;0;0;5;2;13;4;0;6
CAMHDA301-20230105T181500,2023-01-05T18:15:00+00:00,300.0,14,19.44,17,9,1;4;8;14;0;17;3;0;6
CAMHDA301-20230105T211500,2023-01-05T21:15:00+00:00,600.0,3,4.17,7,9,0;7;0;0;0;0;1;1;3
CAMHDA301-20230106T001500,2023-01-06T00:15:00+00:00,240.0,17,23.61,17,9,0;16;17;17;0;4;1;3;5
CAMHDA301-20230106T031500,2023-01-06T03:15:00+00:00,180.0,21,29.17,22,9,0;21;22;18;0;16;2;4;2
CAMHDA301-20230106T061500,2023-01-06T06:15:00+00:00,180.0,22,30.56,37,9,0;22;37;17;1;11;0;4;6
CAMHDA301-20230106T091500,2023-01-06T09:15:00+00:00,180.0,14,19.44,22,9,0;14;22;0;1;0;0;1;6
CAMHDA301-20230106T121500,2023-01-06T12:15:00+00:00,180.0,17,23.61,26,9,0;17;26;17;3;1;0;2;0
CAMHDA301-20230106T151500,2023-01-06T15:15:00+00:00,180.0,17,23.61,24,9,0;17;24;12;2;13;1;3;3
CAMHDA301-20230106T181500,2023-01-06T18:15:00+00:00,180.0,13,18.06,14,9,0;13;12;14;3;13;2;0;1
CAMHDA301-20230106T211500,2023-01-06T21:15:00+00:00,300.0,15,20.83,17,9,0;11;11;15;0;17;1;0;4
CAMHDA301-20230110T001500,2023-01-10T00:15:00+00:00,120.0,4,5.56,6,9,4;6;2;2;4;2;3;3;3
CAMHDA301-20230110T031500,2023-01-10T03:15:00+00:00,120.0,18,25.0,21,9,18;16;21;16;17;16;15;14;15
CAMHDA301-20230110T061500,2023-01-10T06:15:00+00:00,120.0,0,0.0,0,9,0;0;0;0;0;0;0;0;0
CAMHDA301-20230110T091500,2023-01-10T09:15:00+00:00,420.0,21,29.17,22,9,16;18;19;22;16;21;20;18;14
CAMHDA301-20230110T121500,2023-01-10T12:15:00+00:00,120.0,5,6.94,7,9,5;4;3;3;3;4;7;2;2
CAMHDA301-20230110T151500,2023-01-10T15:15:00+00:00,240.0,3,4.17,3,9,1;1;3;1;3;2;1;1;2
CAMHDA301-20230110T181500,2023-01-10T18:15:00+00:00,180.0,1,1.39,2,9,0;1;0;2;1;0;0;0;0
CAMHDA301-20230110T211500,2023-01-10T21:15:00+00:00,360.0,20,27.78,20,9,13;19;16;17;20;17;19;18;20
CAMHDA301-20230111T001500,2023-01-11T00:15:00+00:00,360.0,13,18.06,14,9,0;0;3;14;13;4;0;4;1
CAMHDA301-20230111T031500,2023-01-11T03:15:00+00:00,420.0,11,15.28,17,9,0;3;9;17;1;11;2;2;3
CAMHDA301-20230111T061500,2023-01-11T06:15:00+00:00,420.0,8,11.11,11,9,1;11;7;6;2;8;0;2;4
CAMHDA301-20230111T091500,2023-01-11T09:15:00+00:00,300.0,15,20.83,15,9,0;6;14;15;1;15;4;0;2
CAMHDA301-20230111T121500,2023-01-11T12:15:00+00:00,240.0,11,15.28,13,9,0;6;11;11;1;13;5;0;4
CAMHDA301-20230111T151500,2023-01-11T15:15:00+00:00,300.0,14,19.44,18,9,0;11;18;14;2;13;9;0;3
CAMHDA301-20230111T181500,2023-01-11T18:15:00+00:00,420.0,13,18.06,16,9,1;7;9;16;1;13;4;0;3
CAMHDA301-20230111T211500,2023-01-11T21:15:00+00:00,120.0,0,0.0,0,9,0;0;0;0;0;0;0;0;0
CAMHDA301-20230112T001500,2023-01-12T00:15:00+00:00,120.0,0,0.0,0,9,0;0;0;0;0;0;0;0;0
CAMHDA301-20230112T031500,2023-01-12T03:15:00+00:00,120.0,0,0.0,0,9,0;0;0;0;0;0;0;0;0
CAMHDA301-20230112T061500,2023-01-12T06:15:00+00:00,120.0,0,0.0,0,9,0;0;0;0;0;0;0;0;0
CAMHDA301-20230112T091500,2023-01-12T09:15:00+00:00,120.0,0,0.0,0,9,0;0;0;0;0;0;0;0;0
CAMHDA301-20230112T121500,2023-01-12T12:15:00+00:00,120.0,0,0.0,0,9,0;0;0;0;0;0;0;0;0
CAMHDA301-20230112T151500,2023-01-12T15:15:00+00:00,120.0,0,0.0,0,9,0;0;0;0;0;0;0;0;0
CAMHDA301-20230112T181500,2023-01-12T18:15:00+00:00,120.0,0,0.0,0,9,0;0;0;0;0;0;0;0;0
CAMHDA301-20230112T211500,2023-01-12T21:15:00+00:00,120.0,0,0.0,0,9,0;0;0;0;0;0;0;0;0
CAMHDA301-20230113T001500,2023-01-13T00:15:00+00:00,240.0,11,15.28,13,9,3;13;11;11;3;11;2;0;4
CAMHDA301-20230113T031500,2023-01-13T03:15:00+00:00,300.0,14,19.44,23,9,0;13;23;14;1;7;1;0;4
CAMHDA301-20230113T061500,2023-01-13T06:15:00+00:00,180.0,15,20.83,22,9,1;15;22;0;1;0;0;4;5
CAMHDA301-20230113T091500,2023-01-13T09:15:00+00:00,240.0,13,18.06,15,9,0;15;13;2;3;0;0;2;3
CAMHDA301-20230113T121500,2023-01-13T12:15:00+00:00,240.0,19,26.39,21,9,0;21;19;0;1;0;1;2;4
CAMHDA301-20230113T151500,2023-01-13T15:15:00+00:00,180.0,19,26.39,25,9,0;19;25;0;0;0;0;5;5
CAMHDA301-20230113T181500,2023-01-13T18:15:00+00:00,180.0,13,18.06,19,9,1;13;19;0;0;0;0;2;2
CAMHDA301-20230113T211500,2023-01-13T21:15:00+00:00,600.0,8,11.11,15,9,0;5;3;2;3;15;1;5;8
CAMHDA301-20230117T001500,2023-01-17T00:15:00+00:00,180.0,18,25.0,18,9,0;18;17;18;2;0;2;6;4
CAMHDA301-20230117T031500,2023-01-17T03:15:00+00:00,600.0,6,8.33,17,9,0;17;0;0;3;0;0;4;6
CAMHDA301-20230117T061500,2023-01-17T06:15:00+00:00,420.0,12,16.67,15,9,0;0;0;15;1;12;4;2;7
CAMHDA301-20230117T091500,2023-01-17T09:15:00+00:00,180.0,15,20.83,18,9,3;15;18;0;0;0;1;4;5
CAMHDA301-20230117T121500,2023-01-17T12:15:00+00:00,240.0,19,26.39,21,9,1;12;19;10;1;21;3;1;3
CAMHDA301-20230117T151500,2023-01-17T15:15:00+00:00,300.0,12,16.67,13,9,0;8;13;12;0;11;1;0;5
CAMHDA301-20230117T181500,2023-01-17T18:15:00+00:00,240.0,12,16.67,13,9,2;9;12;13;3;12;1;1;7
CAMHDA301-20230117T211500,2023-01-17T21:15:00+00:00,300.0,6,8.33,16,9,0;3;0;6;0;16;0;6;2
CAMHDA301-20230118T001500,2023-01-18T00:15:00+00:00,180.0,20,27.78,28,9,0;20;28;0;2;0;0;4;7
CAMHDA301-20230118T031500,2023-01-18T03:15:00+00:00,180.0,15,20.83,21,9,0;15;21;13;3;0;1;3;1
CAMHDA301-20230118T061500,2023-01-18T06:15:00+00:00,180.0,24,33.33,25,9,0;24;25;10;4;0;0;6;4
CAMHDA301-20230118T091500,2023-01-18T09:15:00+00:00,180.0,16,22.22,25,9,0;16;25;5;3;0;0;6;1
CAMHDA301-20230118T121500,2023-01-18T12:15:00+00:00,180.0,6,8.33,18,9,0;6;18;0;0;0;1;1;5
CAMHDA301-20230118T151500,2023-01-18T15:15:00+00:00,300.0,17,23.61,20,9,0;12;20;17;0;15;1;0;2
CAMHDA301-20230118T181500,2023-01-18T18:15:00+00:00,420.0,13,18.06,15,9,0;12;15;12;1;13;2;0;2
CAMHDA301-20230118T211500,2023-01-18T21:15:00+00:00,180.0,15,20.83,23,9,0;15;23;1;0;0;0;4;3
CAMHDA301-20230119T001500,2023-01-19T00:15:00+00:00,180.0,18,25.0,28,9,0;18;28;10;2;5;0;4;9
CAMHDA301-20230119T031500,2023-01-19T03:15:00+00:00,180.0,21,29.17,24,9,0;21;24;18;0;0;0;5;3
CAMHDA301-20230119T061500,2023-01-19T06:15:00+00:00,240.0,10,13.89,15,9,0;0;10;6;0;15;5;3;1
CAMHDA301-20230119T091500,2023-01-19T09:15:00+00:00,420.0,11,15.28,12,9,0;4;8;12;1;11;0;3;2
CAMHDA301-20230119T121500,2023-01-19T12:15:00+00:00,300.0,18,25.0,26,9,0;17;26;18;2;0;0;1;1
CAMHDA301-20230119T151500,2023-01-19T15:15:00+00:00,420.0,20,27.78,26,9,0;12;26;9;4;20;1;1;1
CAMHDA301-20230119T181500,2023-01-19T18:15:00+00:00,240.0,12,16.67,19,9,2;7;12;12;3;19;1;0;3
CAMHDA301-20230119T211500,2023-01-19T21:15:00+00:00,420.0,12,16.67,16,9,0;6;16;11;0;12;2;2;8
CAMHDA301-20230120T001500,2023-01-20T00:15:00+00:00,180.0,1,1.39,1,9,0;1;0;0;0;0;0;0;1
CAMHDA301-20230120T031500,2023-01-20T03:15:00+00:00,240.0,20,27.78,21,9,15;14;20;21;19;19;18;17;20
CAMHDA301-20230120T061500,2023-01-20T06:15:00+00:00,480.0,9,12.5,9,9,0;0;6;0;0;7;9;9;0
CAMHDA301-20230120T091500,2023-01-20T09:15:00+00:00,120.0,0,0.0,15,9,0;0;0;0;0;15;0;0;0
CAMHDA301-20230120T121500,2023-01-20T12:15:00+00:00,420.0,4,5.56,4,9,1;1;2;1;1;4;4;3;4
CAMHDA301-20230120T151500,2023-01-20T15:15:00+00:00,240.0,2,2.78,3,9,0;0;2;3;1;2;2;0;2
CAMHDA301-20230120T181500,2023-01-20T18:15:00+00:00,120.0,1,1.39,1,9,1;0;1;1;0;0;0;1;0
CAMHDA301-20230120T211500,2023-01-20T21:15:00+00:00,180.0,12,16.67,18,9,2;12;6;2;18;4;4;5;6
CAMHDA301-20230124T001500,2023-01-24T00:15:00+00:00,360.0,4,5.56,19,9,0;0;0;19;4;2;1;3;4
CAMHDA301-20230124T031500,2023-01-24T03:15:00+00:00,240.0,18,25.0,22,9,0;12;18;5;0;22;3;7;2
CAMHDA301-20230124T061500,2023-01-24T06:15:00+00:00,240.0,21,29.17,26,9,0;26;21;18;7;21;1;4;4
CAMHDA301-20230124T091500,2023-01-24T09:15:00+00:00,240.0,16,22.22,22,9,0;2;16;0;2;22;3;4;7
CAMHDA301-20230124T121500,2023-01-24T12:15:00+00:00,180.0,11,15.28,16,9,0;11;1;16;1;0;1;7;5
CAMHDA301-20230124T151500,2023-01-24T15:15:00+00:00,180.0,22,30.56,28,9,0;22;28;14;0;0;1;9;4
CAMHDA301-20230124T181500,2023-01-24T18:15:00+00:00,240.0,13,18.06,13,9,0;7;13;12;2;13;0;1;5
CAMHDA301-20230124T211500,2023-01-24T21:15:00+00:00,240.0,17,23.61,17,9,3;11;17;17;1;8;1;2;3
CAMHDA301-20230125T001500,2023-01-25T00:15:00+00:00,420.0,19,26.39,21,9,0;17;0;21;3;19;1;3;4
CAMHDA301-20230125T031500,2023-01-25T03:15:00+00:00,180.0,23,31.94,42,9,0;23;42;12;3;1;1;4;9
CAMHDA301-20230125T061500,2023-01-25T06:15:00+00:00,180.0,15,20.83,33,9,0;15;33;1;0;0;0;4;2
CAMHDA301-20230125T091500,2023-01-25T09:15:00+00:00,420.0,22,30.56,23,9,1;9;19;23;2;22;2;0;8
CAMHDA301-20230125T121500,2023-01-25T12:15:00+00:00,420.0,15,20.83,22,9,0;2;22;0;0;15;1;1;5
CAMHDA301-20230125T151500,2023-01-25T15:15:00+00:00,180.0,23,31.94,29,9,1;23;29;12;3;12;0;6;7
CAMHDA301-20230125T181500,2023-01-25T18:15:00+00:00,180.0,26,36.11,30,9,0;26;30;10;1;11;2;4;5
CAMHDA301-20230125T211500,2023-01-25T21:15:00+00:00,240.0,12,16.67,17,9,0;5;12;7;1;17;0;0;4
CAMHDA301-20230126T001500,2023-01-26T00:15:00+00:00,300.0,14,19.44,14,9,0;10;12;14;0;14;2;0;3
CAMHDA301-20230126T031500,2023-01-26T03:15:00+00:00,180.0,16,22.22,20,9,0;16;20;11;1;11;1;2;0
CAMHDA301-20230126T061500,2023-01-26T06:15:00+00:00,180.0,15,20.83,26,9,0;15;26;9;1;0;0;3;6
CAMHDA301-20230126T091500,2023-01-26T09:15:00+00:00,180.0,12,16.67,17,9,0;12;12;17;2;9;2;0;7
CAMHDA301-20230126T121500,2023-01-26T12:15:00+00:00,240.0,10,13.89,17,9,0;5;10;10;1;17;3;0;5
CAMHDA301-20230126T151500,2023-01-26T15:15:00+00:00,600.0,8,11.11,23,9,0;7;23;0;0;0;0;2;8
CAMHDA301-20230126T181500,2023-01-26T18:15:00+00:00,180.0,18,25.0,24,9,0;18;24;10;0;0;0;11;7
CAMHDA301-20230126T211500,2023-01-26T21:15:00+00:00,300.0,15,20.83,23,9,1;12;23;15;1;15;2;0;2
CAMHDA301-20230127T001500,2023-01-27T00:15:00+00:00,240.0,12,16.67,19,9,2;7;12;9;2;19;4;0;5
CAMHDA301-20230127T031500,2023-01-27T03:15:00+00:00,420.0,12,16.67,13,9,1;11;13;8;1;12;7;0;3
CAMHDA301-20230127T061500,2023-01-27T06:15:00+00:00,420.0,23,31.94,24,9,0;20;24;13;2;23;1;5;3
CAMHDA301-20230127T091500,2023-01-27T09:15:00+00:00,180.0,16,22.22,20,9,0;16;20;1;1;0;0;2;8
CAMHDA301-20230127T121500,2023-01-27T12:15:00+00:00,180.0,22,30.56,24,9,0;22;24;0;0;0;0;6;0
CAMHDA301-20230127T151500,2023-01-27T15:15:00+00:00,180.0,23,31.94,30,9,0;23;30;18;0;4;0;5;2
CAMHDA301-20230127T181500,2023-01-27T18:15:00+00:00,180.0,26,36.11,31,9,0;26;31;7;2;0;0;4;1
CAMHDA301-20230127T211500,2023-01-27T21:15:00+00:00,180.0,24,33.33,31,9,0;24;31;0;2;0;0;2;6
CAMHDA301-20230131T001500,2023-01-31T00:15:00+00:00,300.0,19,26.39,22,9,0;15;22;19;0;18;5;2;0
CAMHDA301-20230131T031500,2023-01-31T03:15:00+00:00,180.0,17,23.61,22,9,0;17;22;6;1;1;2;3;7
CAMHDA301-20230131T061500,2023-01-31T06:15:00+00:00,420.0,10,13.89,14,9,0;7;9;14;0;10;1;2;5
CAMHDA301-20230131T091500,2023-01-31T09:15:00+00:00,180.0,17,23.61,35,9,0;17;35;16;0;5;2;5;4
CAMHDA301-20230131T121500,2023-01-31T12:15:00+00:00,420.0,19,26.39,24,9,2;15;24;16;1;19;2;0;9
CAMHDA301-20230131T151500,2023-01-31T15:15:00+00:00,420.0,15,20.83,22,9,0;10;14;22;2;15;1;0;4
CAMHDA301-20230131T181500,2023-01-31T18:15:00+00:00,300.0,14,19.44,17,9,0;7;17;14;4;10;3;0;6
CAMHDA301-20230131T211500,2023-01-31T21:15:00+00:00,240.0,18,25.0,30,9,0;14;18;30;4;18;4;0;5
CAMHDA301-20230201T031500,2023-02-01T03:15:00+00:00,240.0,3,4.17,3,9,1;1;3;2;0;1;3;1;0
CAMHDA301-20230201T061500,2023-02-01T06:15:00+00:00,240.0,5,6.94,6,9,3;6;5;3;4;2;1;4;4
CAMHDA301-20230201T091500,2023-02-01T09:15:00+00:00,120.0,22,30.56,24,9,22;22;16;22;22;18;24;18;16
CAMHDA301-20230201T121500,2023-02-01T12:15:00+00:00,120.0,11,15.28,13,9,11;13;10;2;11;5;0;2;1
CAMHDA301-20230201T151500,2023-02-01T15:15:00+00:00,120.0,16,22.22,16,9,16;8;9;12;12;10;3;16;13
CAMHDA301-20230201T181500,2023-02-01T18:15:00+00:00,180.0,11,15.28,13,9,10;11;7;7;5;5;7;13;4
CAMHDA301-20230201T211500,2023-02-01T21:15:00+00:00,420.0,7,9.72,9,9,0;4;3;0;0;7;0;4;9
CAMHDA301-20230202T001500,2023-02-02T00:15:00+00:00,240.0,11,15.28,11,9,4;2;11;11;0;5;0;0;4
CAMHDA301-20230202T031500,2023-02-02T03:15:00+00:00,120.0,0,0.0,0,9,0;0;0;0;0;0;0;0;0
CAMHDA301-20230202T061500,2023-02-02T06:15:00+00:00,120.0,0,0.0,0,9,0;0;0;0;0;0;0;0;0
CAMHDA301-20230202T091500,2023-02-02T09:15:00+00:00,120.0,0,0.0,11,9,0;0;0;0;0;11;0;0;0
CAMHDA301-20230202T121500,2023-02-02T12:15:00+00:00,180.0,4,5.56,4,9,2;4;4;3;3;3;3;1;2
CAMHDA301-20230202T151500,2023-02-02T15:15:00+00:00,240.0,6,8.33,7,9,5;7;6;5;6;6;6;5;6
CAMHDA301-20230202T181500,2023-02-02T18:15:00+00:00,120.0,0,0.0,0,9,0;0;0;0;0;0;0;0;0
CAMHDA301-20230202T211500,2023-02-02T21:15:00+00:00,180.0,2,2.78,5,9,5;2;0;2;2;0;0;0;0
CAMHDA301-20230203T001500,2023-02-03T00:15:00+00:00,180.0,9,12.5,9,9,7;9;6;9;8;6;7;5;7
CAMHDA301-20230203T031500,2023-02-03T03:15:00+00:00,420.0,5,6.94,9,9,1;0;2;2;3;5;9;2;3
CAMHDA301-20230203T061500,2023-02-03T06:15:00+00:00,240.0,2,2.78,2,9,1;1;2;2;1;1;1;1;0
CAMHDA301-20230203T091500,2023-02-03T09:15:00+00:00,300.0,2,2.78,3,9,3;0;0;2;1;1;2;1;1
CAMHDA301-20230203T121500,2023-02-03T12:15:00+00:00,360.0,2,2.78,3,9,0;3;0;1;2;2;1;1;1
CAMHDA301-20230203T151500,2023-02-03T15:15:00+00:00,180.0,44,61.11,47,9,40;44;42;38;47;43;40;39;41
CAMHDA301-20230203T181500,2023-02-03T18:15:00+00:00,240.0,39,54.17,39,9,32;34;39;36;32;35;36;31;39
CAMHDA301-20230203T211500,2023-02-03T21:15:00+00:00,180.0,40,55.56,41,9,41;40;23;35;39;31;35;33;35
CAMHDA301-20230207T001500,2023-02-07T00:15:00+00:00,180.0,14,19.44,21,9,0;14;21;6;0;0;2;2;7
CAMHDA301-20230207T031500,2023-02-07T03:15:00+00:00,180.0,17,23.61,27,9,0;17;27;5;0;0;1;4;4
CAMHDA301-20230207T061500,2023-02-07T06:15:00+00:00,180.0,15,20.83,17,9,0;15;17;0;1;0;0;5;2
CAMHDA301-20230207T091500,2023-02-07T09:15:00+00:00,180.0,18,25.0,23,9,0;18;23;0;0;0;1;1;3
CAMHDA301-20230207T121500,2023-02-07T12:15:00+00:00,180.0,14,19.44,18,9,0;14;18;10;0;2;1;5;2
CAMHDA301-20230207T151500,2023-02-07T15:15:00+00:00,180.0,24,33.33,28,9,0;24;28;9;2;0;2;6;2
CAMHDA301-20230207T181500,2023-02-07T18:15:00+00:00,300.0,6,8.33,11,9,0;0;0;6;2;11;0;2;1
CAMHDA301-20230207T211500,2023-02-07T21:15:00+00:00,240.0,16,22.22,19,9,0;13;16;12;3;19;2;0;6
CAMHDA301-20230208T001500,2023-02-08T00:15:00+00:00,180.0,16,22.22,30,9,0;16;30;2;2;0;1;3;4
CAMHDA301-20230208T031500,2023-02-08T03:15:00+00:00,180.0,17,23.61,20,9,0;17;20;3;5;14;1;4;4
CAMHDA301-20230208T061500,2023-02-08T06:15:00+00:00,180.0,24,33.33,28,9,0;24;28;6;5;24;3;2;5
CAMHDA301-20230208T091500,2023-02-08T09:15:00+00:00,600.0,8,11.11,12,9,0;0;12;0;1;0;2;4;8
CAMHDA301-20230208T121500,2023-02-08T12:15:00+00:00,180.0,16,22.22,25,9,0;16;25;2;3;0;0;4;1
CAMHDA301-20230208T151500,2023-02-08T15:15:00+00:00,180.0,19,26.39,25,9,0;19;25;4;1;0;0;5;1
CAMHDA301-20230208T181500,2023-02-08T18:15:00+00:00,240.0,21,29.17,26,9,0;18;21;8;3;26;3;0;3
CAMHDA301-20230208T211500,2023-02-08T21:15:00+00:00,240.0,15,20.83,15,9,0;14;15;15;3;11;4;0;2
CAMHDA301-20230209T001500,2023-02-09T00:15:00+00:00,180.0,20,27.78,25,9,0;20;25;13;2;7;1;4;2
CAMHDA301-20230209T031500,2023-02-09T03:15:00+00:00,420.0,12,16.67,14,9,0;9;14;9;1;12;0;3;3
CAMHDA301-20230209T061500,2023-02-09T06:15:00+00:00,420.0,14,19.44,23,9,0;12;23;9;5;14;1;0;4
CAMHDA301-20230209T091500,2023-02-09T09:15:00+00:00,240.0,14,19.44,18,9,1;7;14;9;1;18;3;0;4
CAMHDA301-20230209T121500,2023-02-09T12:15:00+00:00,540.0,5,6.94,17,9,0;0;0;4;1;17;1;5;4
CAMHDA301-20230209T151500,2023-02-09T15:15:00+00:00,180.0,20,27.78,31,9,0;20;31;6;3;3;1;4;5
CAMHDA301-20230209T181500,2023-02-09T18:15:00+00:00,240.0,9,12.5,15,9,0;15;9;0;1;0;1;3;5
CAMHDA301-20230209T211500,2023-02-09T21:15:00+00:00,420.0,14,19.44,15,9,4;5;15;7;0;14;0;0;1
CAMHDA301-20230210T001500,2023-02-10T00:15:00+00:00,360.0,6,8.33,7,9,7;5;5;3;6;4;4;3;2
CAMHDA301-20230210T031500,2023-02-10T03:15:00+00:00,120.0,23,31.94,25,9,23;25;22;17;17;17;15;16;17
CAMHDA301-20230210T061500,2023-02-10T06:15:00+00:00,120.0,8,11.11,8,9,8;3;6;7;5;4;7;2;8
CAMHDA301-20230210T091500,2023-02-10T09:15:00+00:00,120.0,0,0.0,0,9,0;0;0;0;0;0;0;0;0
CAMHDA301-20230210T121500,2023-02-10T12:15:00+00:00,300.0,5,6.94,6,9,3;3;3;5;5;6;3;3;3
CAMHDA301-20230210T151500,2023-02-10T15:15:00+00:00,300.0,7,9.72,8,9,6;6;6;7;8;5;6;7;5
CAMHDA301-20230210T181500,2023-02-10T18:15:00+00:00,540.0,1,1.39,4,9,0;0;0;0;0;0;0;1;4
CAMHDA301-20230210T211500,2023-02-10T21:15:00+00:00,240.0,22,30.56,22,9,17;13;22;20;16;13;11;12;22
CAMHDA301-20230214T001500,2023-02-14T00:15:00+00:00,300.0,12,16.67,13,9,0;10;13;12;0;9;0;0;5
CAMHDA301-20230214T031500,2023-02-14T03:15:00+00:00,180.0,18,25.0,29,9,1;18;29;15;3;3;2;1;6
CAMHDA301-20230214T061500,2023-02-14T06:15:00+00:00,180.0,15,20.83,23,9,0;15;23;0;2;0;3;6;3
CAMHDA301-20230214T091500,2023-02-14T09:15:00+00:00,420.0,9,12.5,18,9,0;7;18;0;1;9;2;0;5
CAMHDA301-20230214T121500,2023-02-14T12:15:00+00:00,420.0,11,15.28,12,9,2;5;10;12;0;11;4;0;7
CAMHDA301-20230214T151500,2023-02-14T15:15:00+00:00,180.0,7,9.72,14,9,0;7;5;0;3;14;1;2;6
CAMHDA301-20230214T181500,2023-02-14T18:15:00+00:00,180.0,12,16.67,26,9,0;12;26;2;1;1;1;3;12
CAMHDA301-20230214T211500,2023-02-14T21:15:00+00:00,240.0,20,27.78,22,9,0;12;20;10;1;22;3;3;3
CAMHDA301-20230215T001500,2023-02-15T00:15:00+00:00,180.0,19,26.39,19,9,0;19;19;10;0;3;1;4;2
CAMHDA301-20230215T031500,2023-02-15T03:15:00+00:00,180.0,20,27.78,25,9,0;20;25;4;0;13;2;3;2
CAMHDA301-20230215T061500,2023-02-15T06:15:00+00:00,180.0,21,29.17,27,9,0;21;27;0;0;0;1;3;5
CAMHDA301-20230215T091500,2023-02-15T09:15:00+00:00,180.0,3,4.17,5,9,0;3;0;0;2;0;2;1;5
CAMHDA301-20230215T121500,2023-02-15T12:15:00+00:00,480.0,4,5.56,10,9,0;0;0;1;2;10;4;3;4
CAMHDA301-20230215T151500,2023-02-15T15:15:00+00:00,180.0,11,15.28,12,9,2;11;9;5;2;12;3;0;3
CAMHDA301-20230215T181500,2023-02-15T18:15:00+00:00,180.0,17,23.61,29,9,0;17;29;4;1;0;2;4;9
CAMHDA301-20230215T211500,2023-02-15T21:15:00+00:00,180.0,10,13.89,24,9,0;10;24;0;1;0;1;7;4
CAMHDA301-20230216T001500,2023-02-16T00:15:00+00:00,600.0,7,9.72,15,9,0;15;0;0;1;0;0;1;7
CAMHDA301-20230216T031500,2023-02-16T03:15:00+00:00,180.0,19,26.39,23,9,0;19;23;10;0;8;0;4;2
CAMHDA301-20230216T061500,2023-02-16T06:15:00+00:00,180.0,19,26.39,29,9,0;19;29;7;1;14;0;5;7
CAMHDA301-20230216T091500,2023-02-16T09:15:00+00:00,180.0,23,31.94,23,9,0;23;23;8;0;8;1;1;8
CAMHDA301-20230216T121500,2023-02-16T12:15:00+00:00,180.0,18,25.0,26,9,0;18;26;0;2;0;0;2;5
CAMHDA301-20230216T151500,2023-02-16T15:15:00+00:00,300.0,16,22.22,24,9,0;0;0;16;3;24;3;7;8
CAMHDA301-20230216T181500,2023-02-16T18:15:00+00:00,360.0,3,4.17,5,9,0;0;0;0;3;0;0;2;5
CAMHDA301-20230216T211500,2023-02-16T21:15:00+00:00,420.0,17,23.61,23,9,0;16;23;5;1;17;0;3;4
CAMHDA301-20230217T001500,2023-02-17T00:15:00+00:00,180.0,14,19.44,24,9,0;14;24;10;0;1;4;6;2
CAMHDA301-20230217T031500,2023-02-17T03:15:00+00:00,180.0,17,23.61,21,9,0;17;21;7;1;14;0;3;3
CAMHDA301-20230217T061500,2023-02-17T06:15:00+00:00,600.0,10,13.89,14,9,0;6;14;0;2;0;5;4;10
CAMHDA301-20230217T091500,2023-02-17T09:15:00+00:00,600.0,7,9.72,11,9,0;0;11;0;2;0;0;4;7
CAMHDA301-20230217T121500,2023-02-17T12:15:00+00:00,180.0,15,20.83,21,9,0;15;21;11;0;15;2;0;5
CAMHDA301-20230217T151500,2023-02-17T15:15:00+00:00,300.0,14,19.44,18,9,3;2;6;14;0;18;1;0;5
CAMHDA301-20230217T181500,2023-02-17T18:15:00+00:00,420.0,11,15.28,25,9,0;10;25;9;0;11;3;0;11
CAMHDA301-20230217T211500,2023-02-17T21:15:00+00:00,300.0,9,12.5,10,9,0;1;7;9;0;10;3;0;4
CAMHDA301-20230221T001500,2023-02-21T00:15:00+00:00,240.0,8,11.11,16,9,0;16;8;0;1;0;0;4;8
CAMHDA301-20230221T031500,2023-02-21T03:15:00+00:00,420.0,13,18.06,31,9,0;11;31;9;2;13;3;2;7
CAMHDA301-20230221T061500,2023-02-21T06:15:00+00:00,180.0,22,30.56,30,9,0;22;30;0;0;0;2;6;2
CAMHDA301-20230221T091500,2023-02-21T09:15:00+00:00,180.0,16,22.22,24,9,0;16;24;0;0;0;1;2;3
CAMHDA301-20230221T121500,2023-02-21T12:15:00+00:00,180.0,14,19.44,20,9,0;14;20;0;1;0;0;3;7
CAMHDA301-20230221T151500,2023-02-21T15:15:00+00:00,180.0,18,25.0,31,9,0;18;31;11;0;15;6;1;12
CAMHDA301-20230221T181500,2023-02-21T18:15:00+00:00,420.0,12,16.67,30,9,0;10;30;7;0;12;4;1;5
CAMHDA301-20230221T211500,2023-02-21T21:15:00+00:00,240.0,12,16.67,13,9,0;5;12;9;5;13;1;0;4
CAMHDA301-20230222T001500,2023-02-22T00:15:00+00:00,300.0,8,11.11,15,9,0;0;15;8;0;7;0;1;8
CAMHDA301-20230222T031500,2023-02-22T03:15:00+00:00,240.0,17,23.61,18,9,0;18;17;7;3;0;5;4;6
CAMHDA301-20230222T061500,2023-02-22T06:15:00+00:00,300.0,5,6.94,14,9,0;0;0;5;1;14;1;5;4
CAMHDA301-20230222T091500,2023-02-22T09:15:00+00:00,240.0,9,12.5,15,9,2;5;9;8;1;15;1;0;4
CAMHDA301-20230222T121500,2023-02-22T12:15:00+00:00,180.0,17,23.61,32,9,0;17;32;0;0;0;0;3;5
CAMHDA301-20230222T151500,2023-02-22T15:15:00+00:00,180.0,23,31.94,37,9,0;23;37;8;1;0;2;5;6
CAMHDA301-20230222T181500,2023-02-22T18:15:00+00:00,600.0,3,4.17,5,9,0;0;1;0;0;0;1;5;3
CAMHDA301-20230222T211500,2023-02-22T21:15:00+00:00,420.0,12,16.67,16,9,0;5;9;16;0;12;3;0;7
CAMHDA301-20230223T001500,2023-02-23T00:15:00+00:00,180.0,16,22.22,29,9,0;16;29;10;0;11;1;1;10
CAMHDA301-20230223T031500,2023-02-23T03:15:00+00:00,180.0,21,29.17,26,9,0;21;26;13;0;9;4;3;8
CAMHDA301-20230223T061500,2023-02-23T06:15:00+00:00,180.0,19,26.39,27,9,0;19;27;0;0;0;0;3;8
CAMHDA301-20230223T091500,2023-02-23T09:15:00+00:00,180.0,16,22.22,26,9,0;16;26;7;1;12;1;0;8
CAMHDA301-20230223T121500,2023-02-23T12:15:00+00:00,180.0,12,16.67,15,9,0;12;15;5;3;11;4;0;6
CAMHDA301-20230223T151500,2023-02-23T15:15:00+00:00,420.0,14,19.44,17,9,0;8;17;10;3;14;5;0;3
CAMHDA301-20230223T181500,2023-02-23T18:15:00+00:00,180.0,8,11.11,12,9,4;8;7;7;3;12;2;0;5
CAMHDA301-20230223T211500,2023-02-23T21:15:00+00:00,180.0,8,11.11,16,9,0;8;16;6;1;8;2;0;4
CAMHDA301-20230224T001500,2023-02-24T00:15:00+00:00,240.0,12,16.67,13,9,0;10;12;13;0;4;3;0;7
CAMHDA301-20230224T031500,2023-02-24T03:15:00+00:00,120.0,0,0.0,0,9,0;0;0;0;0;0;0;0;0
CAMHDA301-20230224T061500,2023-02-24T06:15:00+00:00,240.0,14,19.44,16,9,0;16;14;7;1;9;4;0;7
CAMHDA301-20230224T091500,2023-02-24T09:15:00+00:00,180.0,10,13.89,16,9,0;10;16;6;1;7;1;0;6
CAMHDA301-20230224T121500,2023-02-24T12:15:00+00:00,420.0,14,19.44,23,9,0;7;23;6;2;14;5;0;7
CAMHDA301-20230224T151500,2023-02-24T15:15:00+00:00,180.0,13,18.06,18,9,0;13;18;0;1;0;0;2;7
CAMHDA301-20230224T181500,2023-02-24T18:15:00+00:00,180.0,10,13.89,15,9,0;10;15;9;1;3;1;1;5
CAMHDA301-20230224T211500,2023-02-24T21:15:00+00:00,420.0,14,19.44,15,9,0;4;15;8;3;14;2;4;2
CAMHDA301-20230228T001500,2023-02-28T00:15:00+00:00,180.0,22,30.56,29,9,0;22;29;8;0;6;3;2;5
CAMHDA301-20230228T031500,2023-02-28T03:15:00+00:00,240.0,13,18.06,18,9,0;18;13;0;1;0;1;3;6
CAMHDA301-20230228T061500,2023-02-28T06:15:00+00:00,300.0,11,15.28,20,9,0;0;20;11;3;8;8;0;6
CAMHDA301-20230228T091500,2023-02-28T09:15:00+00:00,180.0,15,20.83,35,9,0;15;35;0;0;0;0;6;9
CAMHDA301-20230228T121500,2023-02-28T12:15:00+00:00,180.0,19,26.39,27,9,0;19;27;5;0;13;3;2;4
CAMHDA301-20230228T151500,2023-02-28T15:15:00+00:00,420.0,12,16.67,16,9,0;11;16;3;1;12;3;1;2
CAMHDA301-20230228T181500,2023-02-28T18:15:00+00:00,240.0,13,18.06,20,9,1;11;13;8;3;20;3;0;8
CAMHDA301-20230228T211500,2023-02-28T21:15:00+00:00,300.0,11,15.28,29,9,0;10;29;11;0;0;3;5;6
CAMHDA301-20230301T031500,2023-03-01T03:15:00+00:00,180.0,2,2.78,2,9,1;2;1;1;0;0;0;2;1
CAMHDA301-20230301T061500,2023-03-01T06:15:00+00:00,120.0,1,1.39,2,9,1;0;1;0;0;1;0;0;2
CAMHDA301-20230301T091500,2023-03-01T09:15:00+00:00,420.0,11,15.28,16,9,1;0;7;3;16;11;0;0;8
CAMHDA301-20230301T121500,2023-03-01T12:15:00+00:00,240.0,22,30.56,23,9,15;13;22;18;17;23;19;15;15
CAMHDA301-20230301T151500,2023-03-01T15:15:00+00:00,540.0,20,27.78,21,9,19;19;19;17;18;17;21;20;15
CAMHDA301-20230301T181500,2023-03-01T18:15:00+00:00,300.0,13,18.06,16,9,12;16;11;13;13;8;11;13;10
CAMHDA301-20230301T211500,2023-03-01T21:15:00+00:00,180.0,13,18.06,19,9,12;13;9;13;11;12;8;19;10
CAMHDA301-20230302T001500,2023-03-02T00:15:00+00:00,180.0,20,27.78,20,9,13;20;13;12;20;12;14;10;5
CAMHDA301-20230302T031500,2023-03-02T03:15:00+00:00,120.0,9,12.5,11,9,9;9;4;5;9;8;6;8;11
CAMHDA301-20230302T061500,2023-03-02T06:15:00+00:00,180.0,16,22.22,16,9,10;16;9;8;7;16;9;5;7
CAMHDA301-20230302T091500,2023-03-02T09:15:00+00:00,540.0,10,13.89,14,9,7;7;5;6;6;9;14;10;8
CAMHDA301-20230302T121500,2023-03-02T12:15:00+00:00,120.0,0,0.0,0,9,0;0;0;0;0;0;0;0;0
CAMHDA301-20230302T151500,2023-03-02T15:15:00+00:00,120.0,0,0.0,0,9,0;0;0;0;0;0;0;0;0
CAMHDA301-20230302T181500,2023-03-02T18:15:00+00:00,120.0,0,0.0,0,9,0;0;0;0;0;0;0;0;0
CAMHDA301-20230302T211500,2023-03-02T21:15:00+00:00,420.0,4,5.56,6,9,3;6;1;3;2;4;4;2;0
CAMHDA301-20230303T001500,2023-03-03T00:15:00+00:00,120.0,4,5.56,6,9,4;3;0;3;4;3;6;0;0
CAMHDA301-20230303T031500,2023-03-03T03:15:00+00:00,180.0,4,5.56,4,9,2;4;2;4;2;2;2;2;0
CAMHDA301-20230303T061500,2023-03-03T06:15:00+00:00,360.0,2,2.78,3,9,1;0;0;1;2;3;1;0;0
CAMHDA301-20230303T091500,2023-03-03T09:15:00+00:00,120.0,3,4.17,3,9,3;1;0;0;0;3;3;2;1
CAMHDA301-20230303T121500,2023-03-03T12:15:00+00:00,360.0,2,2.78,3,9,3;1;1;0;2;2;0;0;1
CAMHDA301-20230303T151500,2023-03-03T15:15:00+00:00,480.0,47,65.28,47,9,35;24;36;30;36;43;47;45;47
CAMHDA301-20230303T181500,2023-03-03T18:15:00+00:00,360.0,44,61.11,44,9,37;34;43;41;44;41;44;32;31
CAMHDA301-20230303T211500,2023-03-03T21:15:00+00:00,360.0,44,61.11,46,9,40;40;40;35;44;46;44;38;34
CAMHDA301-20230307T001500,2023-03-07T00:15:00+00:00,540.0,2,2.78,5,9,0;0;0;0;0;0;0;2;5
CAMHDA301-20230307T031500,2023-03-07T03:15:00+00:00,240.0,19,26.39,20,9,0;20;19;3;0;0;0;4;5
CAMHDA301-20230307T061500,2023-03-07T06:15:00+00:00,180.0,14,19.44,22,9,0;14;22;0;3;0;6;9;4
CAMHDA301-20230307T091500,2023-03-07T09:15:00+00:00,180.0,8,11.11,19,9,0;8;19;4;1;6;6;0;3
CAMHDA301-20230307T121500,2023-03-07T12:15:00+00:00,180.0,17,23.61,19,9,0;17;19;9;0;11;2;2;1
CAMHDA301-20230307T151500,2023-03-07T15:15:00+00:00,180.0,23,31.94,34,9,0;23;34;13;2;0;2;1;3
CAMHDA301-20230307T181500,2023-03-07T18:15:00+00:00,240.0,14,19.44,20,9,0;20;14;2;1;7;5;0;6
CAMHDA301-20230307T211500,2023-03-07T21:15:00+00:00,180.0,11,15.28,12,9,0;11;12;9;0;9;0;0;3
CAMHDA301-20230308T001500,2023-03-08T00:15:00+00:00,180.0,11,15.28,20,9,0;11;20;0;0;0;1;5;4
CAMHDA301-20230308T031500,2023-03-08T03:15:00+00:00,180.0,18,25.0,29,9,0;18;29;12;0;0;0;3;4
CAMHDA301-20230308T061500,2023-03-08T06:15:00+00:00,600.0,10,13.89,13,9,0;0;7;0;2;13;2;4;10
CAMHDA301-20230308T091500,2023-03-08T09:15:00+00:00,300.0,10,13.89,22,9,0;0;0;10;1;22;1;3;2
CAMHDA301-20230308T121500,2023-03-08T12:15:00+00:00,180.0,18,25.0,28,9,0;18;28;6;0;0;1;5;6
CAMHDA301-20230308T151500,2023-03-08T15:15:00+00:00,420.0,19,26.39,26,9,0;17;26;11;1;19;2;4;1
CAMHDA301-20230308T181500,2023-03-08T18:15:00+00:00,180.0,15,20.83,27,9,0;15;27;0;2;0;1;6;10
CAMHDA301-20230308T211500,2023-03-08T21:15:00+00:00,240.0,10,13.89,11,9,0;7;10;11;0;10;3;0;9
CAMHDA301-20230309T001500,2023-03-09T00:15:00+00:00,180.0,4,5.56,9,9,0;4;0;0;3;1;0;3;9
CAMHDA301-20230309T031500,2023-03-09T03:15:00+00:00,180.0,23,31.94,30,9,0;23;30;0;1;0;0;2;6
CAMHDA301-20230309T061500,2023-03-09T06:15:00+00:00,540.0,5,6.94,20,9,1;20;2;0;1;1;4;5;5
CAMHDA301-20230309T091500,2023-03-09T09:15:00+00:00,180.0,12,16.67,19,9,0;12;10;8;0;19;3;0;5
CAMHDA301-20230309T121500,2023-03-09T12:15:00+00:00,180.0,9,12.5,22,9,0;9;22;0;0;0;0;5;5
CAMHDA301-20230309T151500,2023-03-09T15:15:00+00:00,180.0,17,23.61,24,9,0;17;24;3;0;0;2;3;2
CAMHDA301-20230309T181500,2023-03-09T18:15:00+00:00,600.0,7,9.72,25,9,0;25;3;0;3;6;4;2;7
CAMHDA301-20230309T211500,2023-03-09T21:15:00+00:00,420.0,10,13.89,15,9,1;8;9;15;1;10;0;0;4
CAMHDA301-20230310T001500,2023-03-10T00:15:00+00:00,480.0,9,12.5,10,9,6;6;3;7;8;10;9;7;4
CAMHDA301-20230310T031500,2023-03-10T03:15:00+00:00,300.0,16,22.22,16,9,12;11;11;16;12;13;14;13;16
CAMHDA301-20230310T061500,2023-03-10T06:15:00+00:00,180.0,10,13.89,13,9,1;10;9;9;9;13;3;7;3
CAMHDA301-20230310T091500,2023-03-10T09:15:00+00:00,360.0,21,29.17,22,9,22;20;15;14;21;18;14;15;13
CAMHDA301-20230310T121500,2023-03-10T12:15:00+00:00,120.0,0,0.0,1,9,0;0;1;0;0;0;0;0;0
CAMHDA301-20230310T151500,2023-03-10T15:15:00+00:00,420.0,3,4.17,4,9,2;1;1;2;4;3;3;0;1
CAMHDA301-20230310T181500,2023-03-10T18:15:00+00:00,180.0,2,2.78,2,9,1;2;1;0;1;0;2;1;0
CAMHDA301-20230310T211500,2023-03-10T21:15:00+00:00,300.0,34,47.22,39,9,31;30;39;34;32;34;34;25;28
CAMHDA301-20230314T001500,2023-03-14T00:15:00+00:00,600.0,7,9.72,12,9,0;3;12;0;1;0;2;6;7
CAMHDA301-20230314T031500,2023-03-14T03:15:00+00:00,180.0,18,25.0,22,9,0;18;22;0;0;0;0;3;0
CAMHDA301-20230314T061500,2023-03-14T06:15:00+00:00,300.0,15,20.83,21,9,0;10;21;15;0;0;1;2;0
CAMHDA301-20230314T091500,2023-03-14T09:15:00+00:00,420.0,8,11.11,11,9,0;0;1;11;0;8;0;4;2
CAMHDA301-20230314T121500,2023-03-14T12:15:00+00:00,180.0,13,18.06,16,9,0;13;16;9;2;10;2;2;6
CAMHDA301-20230314T151500,2023-03-14T15:15:00+00:00,180.0,9,12.5,17,9,0;9;0;0;3;17;2;4;4
CAMHDA301-20230314T181500,2023-03-14T18:15:00+00:00,540.0,3,4.17,10,9,0;0;10;0;2;0;0;3;2
CAMHDA301-20230314T211500,2023-03-14T21:15:00+00:00,180.0,16,22.22,16,9,0;16;16;7;0;8;4;1;5
CAMHDA301-20230315T001500,2023-03-15T00:15:00+00:00,180.0,5,6.94,18,9,0;5;18;0;1;0;3;5;3
CAMHDA301-20230315T031500,2023-03-15T03:15:00+00:00,240.0,25,34.72,28,9,0;28;25;3;0;0;0;2;5
CAMHDA301-20230315T061500,2023-03-15T06:15:00+00:00,540.0,7,9.72,26,9,0;2;26;0;0;0;2;7;4
CAMHDA301-20230315T091500,2023-03-15T09:15:00+00:00,300.0,13,18.06,18,9,0;5;18;13;3;13;1;2;5
CAMHDA301-20230315T121500,2023-03-15T12:15:00+00:00,240.0,15,20.83,15,9,0;9;15;7;2;15;3;0;4
CAMHDA301-20230315T151500,2023-03-15T15:15:00+00:00,540.0,6,8.33,9,9,0;9;5;0;2;3;1;6;4
CAMHDA301-20230315T181500,2023-03-15T18:15:00+00:00,180.0,11,15.28,23,9,0;11;23;6;0;0;0;2;0
CAMHDA301-20230315T211500,2023-03-15T21:15:00+00:00,180.0,19,26.39,27,9,0;19;27;0;0;0;1;2;4
CAMHDA301-20230316T001500,2023-03-16T00:15:00+00:00,180.0,20,27.78,33,9,0;20;33;0;0;0;1;2;3
CAMHDA301-20230316T031500,2023-03-16T03:15:00+00:00,600.0,5,6.94,28,9,0;0;28;0;0;3;0;2;5
CAMHDA301-20230316T061500,2023-03-16T06:15:00+00:00,180.0,16,22.22,23,9,0;16;23;14;1;6;1;4;6
CAMHDA301-20230316T091500,2023-03-16T09:15:00+00:00,600.0,6,8.33,20,9,0;1;20;0;0;0;4;2;6
CAMHDA301-20230316T121500,2023-03-16T12:15:00+00:00,420.0,18,25.0,21,9,1;10;21;8;1;18;3;0;6
CAMHDA301-20230316T151500,2023-03-16T15:15:00+00:00,420.0,10,13.89,22,9,0;8;22;0;0;10;1;3;0
CAMHDA301-20230316T181500,2023-03-16T18:15:00+00:00,240.0,21,29.17,22,9,2;22;21;0;0;0;0;4;6
CAMHDA301-20230316T211500,2023-03-16T21:15:00+00:00,180.0,19,26.39,29,9,0;19;29;0;0;0;2;4;7
CAMHDA301-20230317T001500,2023-03-17T00:15:00+00:00,180.0,15,20.83,26,9,0;15;26;0;2;0;3;2;6
CAMHDA301-20230317T031500,2023-03-17T03:15:00+00:00,300.0,17,23.61,18,9,0;14;18;17;1;9;4;5;1
CAMHDA301-20230317T061500,2023-03-17T06:15:00+00:00,180.0,20,27.78,22,9,0;20;20;14;1;22;2;2;8
CAMHDA301-20230317T091500,2023-03-17T09:15:00+00:00,180.0,18,25.0,37,9,0;18;37;15;0;0;1;2;4
CAMHDA301-20230317T121500,2023-03-17T12:15:00+00:00,240.0,15,20.83,16,9,0;16;15;0;0;1;0;4;0
CAMHDA301-20230317T151500,2023-03-17T15:15:00+00:00,240.0,11,15.28,14,9,0;14;11;5;2;10;8;1;7
CAMHDA301-20230317T181500,2023-03-17T18:15:00+00:00,300.0,1,1.39,8,9,0;0;0;1;1;0;1;8;0
CAMHDA301-20230317T211500,2023-03-17T21:15:00+00:00,180.0,17,23.61,24,9,0;17;24;0;0;0;2;3;5
CAMHDA301-20230321T001500,2023-03-21T00:15:00+00:00,240.0,14,19.44,26,9,0;26;14;2;4;0;0;8;2
CAMHDA301-20230321T031500,2023-03-21T03:15:00+00:00,180.0,17,23.61,21,9,0;17;21;14;1;16;3;1;3
CAMHDA301-20230321T061500,2023-03-21T06:15:00+00:00,420.0,18,25.0,21,9,1;16;21;13;0;18;1;0;1
CAMHDA301-20230321T091500,2023-03-21T09:15:00+00:00,240.0,12,16.67,14,9,0;10;12;14;0;9;2;0;4
CAMHDA301-20230321T121500,2023-03-21T12:15:00+00:00,180.0,9,12.5,19,9,0;9;19;2;0;0;1;2;3
CAMHDA301-20230321T151500,2023-03-21T15:15:00+00:00,240.0,16,22.22,17,9,0;17;16;0;2;0;2;2;4
CAMHDA301-20230321T181500,2023-03-21T18:15:00+00:00,300.0,17,23.61,18,9,0;7;18;17;1;14;1;0;3
CAMHDA301-20230321T211500,2023-03-21T21:15:00+00:00,600.0,7,9.72,18,9,0;0;0;2;1;18;2;1;7
CAMHDA301-20230322T001500,2023-03-22T00:15:00+00:00,180.0,13,18.06,22,9,0;13;22;0;0;0;2;5;3
CAMHDA301-20230322T031500,2023-03-22T03:15:00+00:00,180.0,15,20.83,25,9,0;15;25;0;0;0;0;2;6
CAMHDA301-20230322T061500,2023-03-22T06:15:00+00:00,420.0,12,16.67,14,9,0;8;6;14;0;12;2;2;1
CAMHDA301-20230322T091500,2023-03-22T09:15:00+00:00,180.0,3,4.17,19,9,0;3;19;0;0;0;1;3;2
CAMHDA301-20230322T121500,2023-03-22T12:15:00+00:00,180.0,12,16.67,26,9,0;12;26;0;0;0;0;5;6
CAMHDA301-20230322T151500,2023-03-22T15:15:00+00:00,180.0,18,25.0,31,9,0;18;31;0;0;0;1;3;4
CAMHDA301-20230322T181500,2023-03-22T18:15:00+00:00,180.0,16,22.22,19,9,0;16;19;0;1;0;2;4;6
CAMHDA301-20230322T211500,2023-03-22T21:15:00+00:00,240.0,10,13.89,13,9,0;3;10;13;3;8;0;0;4
CAMHDA301-20230323T001500,2023-03-23T00:15:00+00:00,240.0,12,16.67,16,9,0;16;12;0;0;0;4;2;4
CAMHDA301-20230323T031500,2023-03-23T03:15:00+00:00,180.0,20,27.78,25,9,0;20;25;0;1;0;2;1;7
CAMHDA301-20230323T061500,2023-03-23T06:15:00+00:00,240.0,9,12.5,9,9,0;0;9;9;1;7;2;1;4
CAMHDA301-20230323T091500,2023-03-23T09:15:00+00:00,420.0,13,18.06,21,9,0;7;9;21;1;13;3;0;5
CAMHDA301-20230323T121500,2023-03-23T12:15:00+00:00,180.0,13,18.06,17,9,0;13;17;11;3;5;3;0;2
CAMHDA301-20230323T151500,2023-03-23T15:15:00+00:00,240.0,11,15.28,14,9,3;5;11;14;2;11;1;0;9
CAMHDA301-20230323T181500,2023-03-23T18:15:00+00:00,180.0,13,18.06,18,9,1;13;18;10;3;8;3;0;7
CAMHDA301-20230323T211500,2023-03-23T21:15:00+00:00,300.0,8,11.11,16,9,0;7;16;8;0;7;4;0;3
CAMHDA301-20230324T001500,2023-03-24T00:15:00+00:00,300.0,9,12.5,12,9,0;1;2;9;1;12;3;2;6
CAMHDA301-20230324T031500,2023-03-24T03:15:00+00:00,180.0,21,29.17,23,9,0;21;23;11;1;8;3;4;3
CAMHDA301-20230324T061500,2023-03-24T06:15:00+00:00,300.0,17,23.61,17,9,0;3;1;17;1;17;0;0;5
CAMHDA301-20230324T091500,2023-03-24T09:15:00+00:00,240.0,12,16.67,19,9,0;8;12;19;0;6;3;0;7
CAMHDA301-20230324T121500,2023-03-24T12:15:00+00:00,180.0,10,13.89,20,9,0;10;20;1;2;6;4;0;4
CAMHDA301-20230324T151500,2023-03-24T15:15:00+00:00,300.0,22,30.56,30,9,0;20;30;22;1;13;0;4;3
CAMHDA301-20230324T181500,2023-03-24T18:15:00+00:00,240.0,7,9.72,8,9,1;3;7;0;1;4;2;5;8
CAMHDA301-20230324T211500,2023-03-24T21:15:00+00:00,420.0,13,18.06,16,9,0;6;9;16;1;13;5;1;2
CAMHDA301-20230328T001500,2023-03-28T00:15:00+00:00,180.0,7,9.72,14,9,0;7;14;0;0;0;2;3;4
CAMHDA301-20230328T031500,2023-03-28T03:15:00+00:00,240.0,14,19.44,17,9,0;17;14;5;3;0;2;3;3
CAMHDA301-20230328T061500,2023-03-28T06:15:00+00:00,420.0,22,30.56,25,9,0;0;0;25;2;22;3;0;1
CAMHDA301-20230328T091500,2023-03-28T09:15:00+00:00,300.0,11,15.28,20,9,0;5;8;11;1;20;5;0;3
CAMHDA301-20230328T121500,2023-03-28T12:15:00+00:00,240.0,14,19.44,15,9,0;3;14;15;1;4;2;4;2
CAMHDA301-20230328T151500,2023-03-28T15:15:00+00:00,540.0,2,2.78,7,9,0;0;0;1;0;0;0;2;7
CAMHDA301-20230328T181500,2023-03-28T18:15:00+00:00,180.0,13,18.06,20,9,0;13;20;0;0;0;1;7;0
CAMHDA301-20230328T211500,2023-03-28T21:15:00+00:00,300.0,10,13.89,21,9,0;2;4;10;2;21;2;1;6
CAMHDA301-20230329T001500,2023-03-29T00:15:00+00:00,420.0,12,16.67,14,9,0;7;14;0;1;12;2;6;5
CAMHDA301-20230329T031500,2023-03-29T03:15:00+00:00,420.0,17,23.61,30,9,0;12;30;13;0;17;4;1;5
CAMHDA301-20230329T061500,2023-03-29T06:15:00+00:00,240.0,7,9.72,11,9,0;11;7;0;0;0;2;5;1
CAMHDA301-20230329T091500,2023-03-29T09:15:00+00:00,180.0,4,5.56,16,9,0;4;16;0;0;0;0;3;0
CAMHDA301-20230329T121500,2023-03-29T12:15:00+00:00,240.0,6,8.33,9,9,0;1;6;0;1;9;4;2;6
CAMHDA301-20230329T151500,2023-03-29T15:15:00+00:00,300.0,10,13.89,22,9,0;4;22;10;2;7;3;0;8
CAMHDA301-20230329T181500,2023-03-29T18:15:00+00:00,180.0,14,19.44,38,9,0;14;38;6;0;0;4;1;1
CAMHDA301-20230329T211500,2023-03-29T21:15:00+00:00,300.0,1,1.39,6,9,0;0;0;1;0;0;0;6;0
CAMHDA301-20230330T001500,2023-03-30T00:15:00+00:00,420.0,21,29.17,30,9,0;20;30;18;0;21;1;1;1
CAMHDA301-20230330T031500,2023-03-30T03:15:00+00:00,180.0,18,25.0,24,9,0;18;24;13;0;8;0;2;0
CAMHDA301-20230330T061500,2023-03-30T06:15:00+00:00,180.0,19,26.39,37,9,0;19;37;13;0;0;0;2;6
CAMHDA301-20230330T091500,2023-03-30T09:15:00+00:00,360.0,1,1.39,3,9,0;0;0;0;1;0;1;3;1
CAMHDA301-20230330T121500,2023-03-30T12:15:00+00:00,180.0,13,18.06,39,9,0;13;39;4;0;8;3;0;4
CAMHDA301-20230330T151500,2023-03-30T15:15:00+00:00,180.0,17,23.61,28,9,0;17;28;0;0;0;0;9;6
CAMHDA301-20230330T181500,2023-03-30T18:15:00+00:00,240.0,12,16.67,13,9,2;4;12;12;1;13;2;0;3
CAMHDA301-20230330T211500,2023-03-30T21:15:00+00:00,180.0,10,13.89,16,9,0;10;16;4;1;8;2;0;3
CAMHDA301-20230331T001500,2023-03-31T00:15:00+00:00,300.0,21,29.17,28,9,0;11;28;21;4;13;4;2;2
CAMHDA301-20230331T031500,2023-03-31T03:15:00+00:00,540.0,5,6.94,5,9,0;0;0;0;3;0;1;5;5
CAMHDA301-20230331T061500,2023-03-31T06:15:00+00:00,420.0,14,19.44,15,9,0;9;15;13;0;14;1;0;5
CAMHDA301-20230331T091500,2023-03-31T09:15:00+00:00,240.0,11,15.28,18,9,0;5;11;18;3;8;1;0;3
CAMHDA301-20230331T121500,2023-03-31T12:15:00+00:00,420.0,9,12.5,11,9,2;3;6;11;2;9;1;0;5
CAMHDA301-20230331T151500,2023-03-31T15:15:00+00:00,300.0,8,11.11,12,9,3;0;0;8;1;12;2;0;4
CAMHDA301-20230331T181500,2023-03-31T18:15:00+00:00,420.0,9,12.5,18,9,0;7;18;8;0;9;3;0;6
CAMHDA301-20230331T211500,2023-03-31T21:15:00+00:00,240.0,11,15.28,19,9,4;6;11;19;1;7;0;0;4
CAMHDA301-20230404T001500,2023-04-04T00:15:00+00:00,240.0,13,18.06,32,9,0;32;13;0;1;0;0;2;0
CAMHDA301-20230404T031500,2023-04-04T03:15:00+00:00,180.0,14,19.44,24,9,1;14;24;0;0;0;1;2;4
CAMHDA301-20230404T061500,2023-04-04T06:15:00+00:00,300.0,13,18.06,21,9,1;11;21;13;0;7;2;1;3
CAMHDA301-20230404T091500,2023-04-04T09:15:00+00:00,420.0,12,16.67,20,9,0;8;20;10;0;12;2;2;10
CAMHDA301-20230404T121500,2023-04-04T12:15:00+00:00,180.0,23,31.94,28,9,0;23;28;0;0;0;1;4;6
CAMHDA301-20230404T151500,2023-04-04T15:15:00+00:00,420.0,11,15.28,17,9,0;0;0;17;1;11;2;2;3
CAMHDA301-20230404T181500,2023-04-04T18:15:00+00:00,240.0,11,15.28,11,9,0;7;11;11;0;7;2;1;3
CAMHDA301-20230404T211500,2023-04-04T21:15:00+00:00,600.0,14,19.44,19,9,0;13;19;13;0;12;4;1;14
CAMHDA301-20230405T001500,2023-04-05T00:15:00+00:00,540.0,3,4.17,5,9,0;5;2;0;1;0;2;3;3
CAMHDA301-20230405T031500,2023-04-05T03:15:00+00:00,420.0,12,16.67,18,9,0;9;18;10;1;12;2;3;9
CAMHDA301-20230405T061500,2023-04-05T06:15:00+00:00,420.0,11,15.28,13,9,0;3;7;13;1;11;1;3;2
CAMHDA301-20230405T091500,2023-04-05T09:15:00+00:00,180.0,12,16.67,12,9,0;12;12;12;0;7;4;1;8
CAMHDA301-20230405T121500,2023-04-05T12:15:00+00:00,180.0,13,18.06,25,9,0;13;25;0;1;4;0;6;0
CAMHDA301-20230405T151500,2023-04-05T15:15:00+00:00,240.0,13,18.06,18,9,0;5;13;18;0;5;0;0;4
CAMHDA301-20230405T181500,2023-04-05T18:15:00+00:00,600.0,10,13.89,12,9,0;4;6;12;1;6;1;1;10
CAMHDA301-20230405T211500,2023-04-05T21:15:00+00:00,300.0,10,13.89,12,9,0;5;12;10;1;9;3;0;6
CAMHDA301-20230406T001500,2023-04-06T00:15:00+00:00,180.0,16,22.22,20,9,0;16;20;12;1;5;1;4;6
CAMHDA301-20230406T031500,2023-04-06T03:15:00+00:00,600.0,11,15.28,23,9,0;6;23;0;0;0;0;8;11
CAMHDA301-20230406T061500,2023-04-06T06:15:00+00:00,300.0,16,22.22,21,9,0;10;21;16;1;15;1;0;5
CAMHDA301-20230406T091500,2023-04-06T09:15:00+00:00,180.0,10,13.89,21,9,0;10;21;8;1;7;1;0;4
CAMHDA301-20230406T121500,2023-04-06T12:15:00+00:00,180.0,23,31.94,25,9,0;23;25;17;0;1;0;1;4
CAMHDA301-20230406T151500,2023-04-06T15:15:00+00:00,180.0,16,22.22,26,9,0;16;26;0;0;0;0;2;4
CAMHDA301-20230406T181500,2023-04-06T18:15:00+00:00,240.0,19,26.39,19,9,0;8;19;19;0;10;1;0;1
CAMHDA301-20230406T211500,2023-04-06T21:15:00+00:00,180.0,14,19.44,20,9,0;14;20;14;0;13;0;0;5
CAMHDA301-20230407T001500,2023-04-07T00:15:00+00:00,180.0,16,22.22,38,9,0;16;38;15;1;9;0;2;0
CAMHDA301-20230407T031500,2023-04-07T03:15:00+00:00,420.0,18,25.0,24,9,0;13;24;13;0;18;2;2;4
CAMHDA301-20230407T061500,2023-04-07T06:15:00+00:00,240.0,11,15.28,18,9,0;7;11;18;0;9;2;0;5
CAMHDA301-20230407T091500,2023-04-07T09:15:00+00:00,240.0,12,16.67,13,9,0;13;12;10;1;9;6;0;2
CAMHDA301-20230407T121500,2023-04-07T12:15:00+00:00,480.0,11,15.28,16,9,0;16;1;3;0;7;11;3;6
CAMHDA301-20230407T151500,2023-04-07T15:15:00+00:00,300.0,10,13.89,21,9,0;21;2;10;2;0;1;3;8
CAMHDA301-20230407T181500,2023-04-07T18:15:00+00:00,600.0,8,11.11,12,9,0;12;5;7;0;3;3;0;8
CAMHDA301-20230407T211500,2023-04-07T21:15:00+00:00,180.0,8,11.11,8,9,0;8;1;4;1;1;5;0;8
CAMHDA301-20230411T001500,2023-04-11T00:15:00+00:00,420.0,7,9.72,10,9,0;0;10;1;2;7;0;1;6
CAMHDA301-20230411T031500,2023-04-11T03:15:00+00:00,540.0,5,6.94,18,9,0;18;2;4;0;0;4;5;0
CAMHDA301-20230411T061500,2023-04-11T06:15:00+00:00,420.0,12,16.67,14,9,0;0;1;14;1;12;1;2;1
CAMHDA301-20230411T091500,2023-04-11T09:15:00+00:00,540.0,7,9.72,13,9,0;3;3;13;0;2;3;7;7
CAMHDA301-20230411T121500,2023-04-11T12:15:00+00:00,600.0,9,12.5,14,9,0;14;2;8;0;3;4;4;9
CAMHDA301-20230411T151500,2023-04-11T15:15:00+00:00,600.0,11,15.28,13,9,0;13;1;7;0;0;6;1;11
CAMHDA301-20230411T181500,2023-04-11T18:15:00+00:00,300.0,10,13.89,17,9,0;17;0;10;1;9;3;4;4
CAMHDA301-20230411T211500,2023-04-11T21:15:00+00:00,300.0,4,5.56,16,9,0;16;0;4;0;0;0;3;4
CAMHDA301-20230412T001500,2023-04-12T00:15:00+00:00,480.0,8,11.11,9,9,0;9;1;0;0;0;8;4;4
CAMHDA301-20230412T031500,2023-04-12T03:15:00+00:00,600.0,12,16.67,17,9,0;17;1;2;1;9;2;5;12
CAMHDA301-20230412T061500,2023-04-12T06:15:00+00:00,480.0,9,12.5,10,9,0;0;1;10;1;6;9;0;0
CAMHDA301-20230412T091500,2023-04-12T09:15:00+00:00,480.0,8,11.11,11,9,0;7;1;11;0;7;8;0;5
CAMHDA301-20230412T121500,2023-04-12T12:15:00+00:00,300.0,11,15.28,20,9,0;20;1;11;0;0;4;0;6
CAMHDA301-20230412T151500,2023-04-12T15:15:00+00:00,300.0,14,19.44,19,9,0;19;1;14;1;9;2;3;7
CAMHDA301-20230412T181500,2023-04-12T18:15:00+00:00,300.0,9,12.5,18,9,0;18;3;9;0;5;5;2;6
CAMHDA301-20230412T211500,2023-04-12T21:15:00+00:00,540.0,4,5.56,5,9,0;0;0;0;0;0;2;4;5
CAMHDA301-20230413T001500,2023-04-13T00:15:00+00:00,300.0,9,12.5,18,9,0;18;0;9;0;0;1;4;7
CAMHDA301-20230413T031500,2023-04-13T03:15:00+00:00,420.0,10,13.89,12,9,0;1;0;12;2;10;1;3;3
CAMHDA301-20230413T061500,2023-04-13T06:15:00+00:00,420.0,11,15.28,12,9,0;8;3;12;0;11;2;0;3
CAMHDA301-20230413T091500,2023-04-13T09:15:00+00:00,180.0,6,8.33,12,9,0;6;0;12;0;2;1;0;4
CAMHDA301-20230413T121500,2023-04-13T12:15:00+00:00,300.0,5,6.94,7,9,0;3;4;5;0;4;2;0;7
CAMHDA301-20230413T151500,2023-04-13T15:15:00+00:00,420.0,4,5.56,6,9,0;6;0;2;2;4;3;3;0
CAMHDA301-20230413T181500,2023-04-13T18:15:00+00:00,420.0,13,18.06,14,9,0;14;5;9;1;13;1;1;0
CAMHDA301-20230413T211500,2023-04-13T21:15:00+00:00,600.0,3,4.17,6,9,0;6;0;0;0;0;2;0;3
CAMHDA301-20230414T001500,2023-04-14T00:15:00+00:00,420.0,8,11.11,18,9,0;18;1;6;1;8;3;1;3
CAMHDA301-20230414T031500,2023-04-14T03:15:00+00:00,600.0,6,8.33,9,9,0;9;0;0;3;0;0;2;6
CAMHDA301-20230414T061500,2023-04-14T06:15:00+00:00,600.0,9,12.5,15,9,0;15;2;0;1;0;2;4;9
CAMHDA301-20230414T091500,2023-04-14T09:15:00+00:00,420.0,8,11.11,9,9,0;9;1;4;0;8;2;1;1
CAMHDA301-20230414T121500,2023-04-14T12:15:00+00:00,300.0,8,11.11,8,9,0;0;0;8;1;8;2;3;0
CAMHDA301-20230414T151500,2023-04-14T15:15:00+00:00,300.0,10,13.89,12,9,0;12;0;10;0;0;2;4;8
CAMHDA301-20230414T181500,2023-04-14T18:15:00+00:00,180.0,9,12.5,10,9,0;9;1;1;0;0;2;5;10
CAMHDA301-20230414T211500,2023-04-14T21:15:00+00:00,300.0,13,18.06,15,9,0;15;0;13;0;12;4;2;8
CAMHDA301-20230418T001500,2023-04-18T00:15:00+00:00,480.0,11,15.28,19,9,0;19;0;8;0;8;11;3;7
CAMHDA301-20230418T031500,2023-04-18T03:15:00+00:00,300.0,9,12.5,13,9,0;13;1;9;0;1;1;1;6
CAMHDA301-20230418T061500,2023-04-18T06:15:00+00:00,480.0,6,8.33,15,9,0;15;1;0;0;0;6;1;2
CAMHDA301-20230418T091500,2023-04-18T09:15:00+00:00,180.0,10,13.89,10,9,0;10;0;0;2;0;1;1;10
CAMHDA301-20230418T121500,2023-04-18T12:15:00+00:00,300.0,9,12.5,16,9,0;16;0;9;0;0;0;2;3
CAMHDA301-20230418T151500,2023-04-18T15:15:00+00:00,600.0,6,8.33,9,9,0;9;1;0;0;0;2;4;6
CAMHDA301-20230418T181500,2023-04-18T18:15:00+00:00,300.0,10,13.89,11,9,0;8;2;10;0;11;4;4;0
CAMHDA301-20230418T211500,2023-04-18T21:15:00+00:00,300.0,4,5.56,13,9,0;13;1;4;0;2;0;0;1
CAMHDA301-20230419T001500,2023-04-19T00:15:00+00:00,480.0,2,2.78,6,9,0;0;0;0;0;0;2;1;6
CAMHDA301-20230419T031500,2023-04-19T03:15:00+00:00,180.0,9,12.5,10,9,0;9;2;10;0;5;5;0;4
CAMHDA301-20230419T061500,2023-04-19T06:15:00+00:00,300.0,11,15.28,12,9,0;5;1;11;0;12;4;0;7
CAMHDA301-20230419T091500,2023-04-19T09:15:00+00:00,600.0,7,9.72,11,9,0;11;0;3;0;6;0;0;7
CAMHDA301-20230419T121500,2023-04-19T12:15:00+00:00,300.0,13,18.06,15,9,0;15;1;13;1;0;1;3;10
CAMHDA301-20230419T151500,2023-04-19T15:15:00+00:00,540.0,3,4.17,6,9,0;0;0;0;0;0;0;3;6
CAMHDA301-20230419T181500,2023-04-19T18:15:00+00:00,180.0,7,9.72,7,9,0;7;1;6;1;7;0;0;0
CAMHDA301-20230419T211500,2023-04-19T21:15:00+00:00,120.0,11,15.28,12,9,11;5;1;10;12;1;0;5;1
CAMHDA301-20230420T001500,2023-04-20T00:15:00+00:00,600.0,2,2.78,9,9,0;0;1;9;0;0;0;0;2
CAMHDA301-20230420T031500,2023-04-20T03:15:00+00:00,120.0,0,0.0,0,9,0;0;0;0;0;0;0;0;0
CAMHDA301-20230420T061500,2023-04-20T06:15:00+00:00,180.0,12,16.67,13,9,9;12;12;10;10;10;11;13;11
CAMHDA301-20230420T091500,2023-04-20T09:15:00+00:00,180.0,9,12.5,9,9,6;9;3;4;2;4;9;7;0
CAMHDA301-20230420T121500,2023-04-20T12:15:00+00:00,300.0,5,6.94,5,9,4;3;3;5;5;4;3;2;2
CAMHDA301-20230420T151500,2023-04-20T15:15:00+00:00,480.0,7,9.72,10,9,5;6;3;6;3;10;7;6;7
CAMHDA301-20230420T181500,2023-04-20T18:15:00+00:00,120.0,2,2.78,2,9,2;2;2;0;1;2;1;0;2
CAMHDA301-20230420T211500,2023-04-20T21:15:00+00:00,420.0,30,41.67,35,9,35;24;21;24;29;30;26;26;24
CAMHDA301-20230421T001500,2023-04-21T00:15:00+00:00,240.0,14,19.44,19,9,0;19;14;0;5;0;1;1;4
CAMHDA301-20230421T031500,2023-04-21T03:15:00+00:00,300.0,12,16.67,15,9,0;15;2;12;1;0;0;3;3
CAMHDA301-20230421T061500,2023-04-21T06:15:00+00:00,180.0,8,11.11,9,9,0;8;2;0;0;9;1;2;3
CAMHDA301-20230421T091500,2023-04-21T09:15:00+00:00,540.0,6,8.33,8,9,0;2;0;0;1;4;0;6;8
CAMHDA301-20230421T121500,2023-04-21T12:15:00+00:00,420.0,10,13.89,18,9,0;18;2;8;1;10;3;4;5
CAMHDA301-20230421T151500,2023-04-21T15:15:00+00:00,300.0,9,12.5,15,9,0;15;0;9;0;0;2;3;4
CAMHDA301-20230421T181500,2023-04-21T18:15:00+00:00,600.0,8,11.11,17,9,0;5;1;0;2;6;17;4;8
CAMHDA301-20230421T211500,2023-04-21T21:15:00+00:00,540.0,7,9.72,7,9,0;3;3;0;0;0;3;7;7
CAMHDA301-20230425T001500,2023-04-25T00:15:00+00:00,600.0,11,15.28,17,9,0;17;3;8;0;0;1;0;11
CAMHDA301-20230425T031500,2023-04-25T03:15:00+00:00,600.0,5,6.94,13,9,0;13;0;0;0;0;1;1;5
CAMHDA301-20230425T061500,2023-04-25T06:15:00+00:00,600.0,6,8.33,8,9,0;8;0;5;0;0;0;1;6
CAMHDA301-20230425T091500,2023-04-25T09:15:00+00:00,420.0,8,11.11,8,9,0;6;2;7;0;8;8;0;3
CAMHDA301-20230425T121500,2023-04-25T12:15:00+00:00,300.0,8,11.11,11,9,0;2;3;8;0;11;6;1;3
CAMHDA301-20230425T151500,2023-04-25T15:15:00+00:00,240.0,2,2.78,3,9,0;0;2;3;0;0;2;2;1
CAMHDA301-20230425T181500,2023-04-25T18:15:00+00:00,180.0,11,15.28,11,9,0;11;0;8;0;0;1;6;11
CAMHDA301-20230425T211500,2023-04-25T21:15:00+00:00,600.0,3,4.17,17,9,0;17;1;0;1;0;0;0;3
CAMHDA301-20230426T001500,2023-04-26T00:15:00+00:00,240.0,4,5.56,9,9,0;1;4;0;0;1;0;3;9
CAMHDA301-20230426T031500,2023-04-26T03:15:00+00:00,180.0,4,5.56,5,9,0;4;2;3;0;0;2;3;5
CAMHDA301-20230426T061500,2023-04-26T06:15:00+00:00,240.0,5,6.94,9,9,0;9;5;0;0;0;3;2;5
CAMHDA301-20230426T091500,2023-04-26T09:15:00+00:00,300.0,9,12.5,15,9,0;0;1;9;1;15;4;2;1
CAMHDA301-20230426T121500,2023-04-26T12:15:00+00:00,540.0,5,6.94,7,9,0;0;1;7;0;0;4;5;0
CAMHDA301-20230426T151500,2023-04-26T15:15:00+00:00,420.0,5,6.94,9,9,0;9;3;0;1;5;4;2;1
CAMHDA301-20230426T181500,2023-04-26T18:15:00+00:00,600.0,5,6.94,7,9,0;0;0;0;0;0;1;7;5
CAMHDA301-20230426T211500,2023-04-26T21:15:00+00:00,300.0,12,16.67,12,9,0;7;2;12;1;11;5;1;12
CAMHDA301-20230427T001500,2023-04-27T00:15:00+00:00,180.0,11,15.28,18,9,0;11;1;9;1;18;3;8;10
CAMHDA301-20230427T031500,2023-04-27T03:15:00+00:00,300.0,13,18.06,14,9,0;14;3;13;0;11;7;6;9
CAMHDA301-20230427T061500,2023-04-27T06:15:00+00:00,600.0,10,13.89,12,9,0;12;1;9;0;0;3;3;10
CAMHDA301-20230427T091500,2023-04-27T09:15:00+00:00,600.0,6,8.33,15,9,0;15;2;0;0;0;0;3;6
CAMHDA301-20230427T121500,2023-04-27T12:15:00+00:00,180.0,11,15.28,12,9,0;11;1;11;1;12;7;0;6
CAMHDA301-20230427T151500,2023-04-27T15:15:00+00:00,180.0,10,13.89,12,9,0;10;2;12;1;0;2;2;7
CAMHDA301-20230427T181500,2023-04-27T18:15:00+00:00,300.0,12,16.67,17,9,0;17;4;12;1;2;5;2;7
CAMHDA301-20230427T211500,2023-04-27T21:15:00+00:00,360.0,2,2.78,4,9,0;4;1;0;2;0;2;2;1
CAMHDA301-20230428T001500,2023-04-28T00:15:00+00:00,600.0,5,6.94,8,9,0;8;2;0;0;0;0;2;5
CAMHDA301-20230428T031500,2023-04-28T03:15:00+00:00,300.0,9,12.5,12,9,0;12;2;9;2;0;3;2;7
CAMHDA301-20230428T061500,2023-04-28T06:15:00+00:00,540.0,4,5.56,8,9,0;8;0;0;0;0;0;4;4
CAMHDA301-20230428T091500,2023-04-28T09:15:00+00:00,180.0,2,2.78,3,9,0;2;0;0;1;0;0;2;3
CAMHDA301-20230428T121500,2023-04-28T12:15:00+00:00,600.0,7,9.72,8,9,0;8;4;5;1;6;4;0;7
CAMHDA301-20230428T151500,2023-04-28T15:15:00+00:00,300.0,6,8.33,8,9,0;8;2;6;2;2;2;0;4
CAMHDA301-20230428T181500,2023-04-28T18:15:00+00:00,300.0,7,9.72,7,9,0;6;2;7;1;7;7;0;7
CAMHDA301-20230428T211500,2023-04-28T21:15:00+00:00,300.0,7,9.72,9,9,0;9;3;7;1;6;2;0;0
CAMHDA301-20230502T001500,2023-05-02T00:15:00+00:00,180.0,6,8.33,10,9,10;6;0;0;1;0;0;0;0
CAMHDA301-20230502T031500,2023-05-02T03:15:00+00:00,420.0,5,6.94,5,9,0;0;0;0;0;5;4;5;4
CAMHDA301-20230502T061500,2023-05-02T06:15:00+00:00,120.0,11,15.28,17,9,11;10;10;11;6;17;11;8;6
CAMHDA301-20230502T091500,2023-05-02T09:15:00+00:00,180.0,4,5.56,9,9,0;4;0;0;1;0;9;0;0
CAMHDA301-20230502T121500,2023-05-02T12:15:00+00:00,120.0,5,6.94,6,9,5;0;4;5;2;6;2;1;5
CAMHDA301-20230502T151500,2023-05-02T15:15:00+00:00,240.0,6,8.33,6,9,3;5;6;1;4;3;4;4;6
CAMHDA301-20230502T181500,2023-05-02T18:15:00+00:00,120.0,0,0.0,0,9,0;0;0;0;0;0;0;0;0
CAMHDA301-20230502T211500,2023-05-02T21:15:00+00:00,480.0,4,5.56,5,9,1;0;0;1;2;1;4;5;4
CAMHDA301-20230503T001500,2023-05-03T00:15:00+00:00,120.0,4,5.56,7,9,4;7;4;4;3;4;4;3;4
CAMHDA301-20230503T031500,2023-05-03T03:15:00+00:00,240.0,5,6.94,6,9,6;0;5;3;3;4;4;2;3
CAMHDA301-20230503T061500,2023-05-03T06:15:00+00:00,300.0,2,2.78,3,9,1;0;3;2;2;1;0;1;0
CAMHDA301-20230503T091500,2023-05-03T09:15:00+00:00,120.0,1,1.39,1,9,1;0;0;0;1;1;0;1;0
CAMHDA301-20230503T121500,2023-05-03T12:15:00+00:00,300.0,1,1.39,1,9,0;0;0;1;1;0;0;0;0
CAMHDA301-20230503T151500,2023-05-03T15:15:00+00:00,240.0,23,31.94,25,9,20;18;23;23;13;25;21;22;21
CAMHDA301-20230503T181500,2023-05-03T18:15:00+00:00,420.0,26,36.11,27,9,21;20;24;27;25;26;19;24;18
CAMHDA301-20230503T211500,2023-05-03T21:15:00+00:00,240.0,26,36.11,30,9,23;20;26;25;20;25;19;20;30
CAMHDA301-20230504T001500,2023-05-04T00:15:00+00:00,240.0,6,8.33,9,9,0;9;6;2;0;4;4;4;4
CAMHDA301-20230504T031500,2023-05-04T03:15:00+00:00,420.0,8,11.11,13,9,0;6;1;13;1;8;3;0;5
CAMHDA301-20230504T061500,2023-05-04T06:15:00+00:00,180.0,9,12.5,9,9,0;9;0;9;1;6;4;0;3
CAMHDA301-20230504T091500,2023-05-04T09:15:00+00:00,300.0,10,13.89,11,9,0;6;2;10;1;11;3;0;5
CAMHDA301-20230504T121500,2023-05-04T12:15:00+00:00,540.0,5,6.94,11,9,0;11;0;0;0;0;2;5;4
CAMHDA301-20230504T151500,2023-05-04T15:15:00+00:00,540.0,6,8.33,11,9,0;3;0;0;1;11;1;6;2
CAMHDA301-20230504T181500,2023-05-04T18:15:00+00:00,300.0,7,9.72,8,9,0;8;0;7;1;5;6;0;3
CAMHDA301-20230504T211500,2023-05-04T21:15:00+00:00,180.0,13,18.06,15,9,0;13;1;15;0;0;2;1;6
CAMHDA301-20230505T001500,2023-05-05T00:15:00+00:00,180.0,4,5.56,4,9,0;4;0;0;0;0;0;4;4
CAMHDA301-20230505T031500,2023-05-05T03:15:00+00:00,420.0,9,12.5,10,9,0;6;1;10;0;9;4;0;2
CAMHDA301-20230505T061500,2023-05-05T06:15:00+00:00,300.0,6,8.33,9,9,0;5;4;6;1;9;1;1;3
CAMHDA301-20230505T091500,2023-05-05T09:15:00+00:00,180.0,6,8.33,6,9,0;6;1;6;1;1;2;0;6
CAMHDA301-20230505T121500,2023-05-05T12:15:00+00:00,600.0,7,9.72,15,9,0;15;3;0;0;0;0;3;7
CAMHDA301-20230505T151500,2023-05-05T15:15:00+00:00,300.0,6,8.33,8,9,0;0;0;6;2;8;4;0;1
CAMHDA301-20230505T181500,2023-05-05T18:15:00+00:00,180.0,11,15.28,12,9,0;11;0;12;2;4;5;0;3
CAMHDA301-20230505T211500,2023-05-05T21:15:00+00:00,300.0,8,11.11,11,9,0;4;4;8;1;11;2;4;0
CAMHDA301-20230509T001500,2023-05-09T00:15:00+00:00,180.0,13,18.06,19,9,0;13;3;19;0;3;3;5;1
CAMHDA301-20230509T031500,2023-05-09T03:15:00+00:00,540.0,4,5.56,9,9,0;9;0;0;1;0;0;4;4
CAMHDA301-20230509T061500,2023-05-09T06:15:00+00:00,300.0,10,13.89,10,9,0;5;1;10;0;10;2;0;6
CAMHDA301-20230509T091500,2023-05-09T09:15:00+00:00,600.0,6,8.33,14,9,0;1;0;3;0;14;2;3;6
CAMHDA301-20230509T121500,2023-05-09T12:15:00+00:00,180.0,10,13.89,13,9,0;10;2;6;1;13;4;0;4
CAMHDA301-20230509T151500,2023-05-09T15:15:00+00:00,540.0,7,9.72,10,9,0;10;0;0;0;0;0;7;2
CAMHDA301-20230509T181500,2023-05-09T18:15:00+00:00,300.0,7,9.72,15,9,0;15;1;7;0;0;0;4;2
CAMHDA301-20230509T211500,2023-05-09T21:15:00+00:00,600.0,5,6.94,7,9,0;2;0;0;1;0;0;7;5
CAMHDA301-20230510T001500,2023-05-10T00:15:00+00:00,180.0,2,2.78,2,9,1;2;1;0;2;0;1;0;0
CAMHDA301-20230510T031500,2023-05-10T03:15:00+00:00,180.0,15,20.83,16,9,16;15;0;0;11;10;12;13;0
CAMHDA301-20230510T061500,2023-05-10T06:15:00+00:00,420.0,14,19.44,16,9,9;16;9;8;2;14;13;13;9
CAMHDA301-20230510T091500,2023-05-10T09:15:00+00:00,180.0,6,8.33,7,9,4;6;6;6;5;7;4;3;0
CAMHDA301-20230510T121500,2023-05-10T12:15:00+00:00,120.0,2,2.78,4,9,2;2;2;4;2;1;2;2;1
CAMHDA301-20230510T151500,2023-05-10T15:15:00+00:00,300.0,5,6.94,6,9,2;0;2;5;6;1;0;0;3
CAMHDA301-20230510T181500,2023-05-10T18:15:00+00:00,240.0,1,1.39,3,9,0;0;1;0;0;0;0;1;3
CAMHDA301-20230510T211500,2023-05-10T21:15:00+00:00,120.0,0,0.0,1,9,0;1;0;0;0;0;0;0;0
CAMHDA301-20230511T001500,2023-05-11T00:15:00+00:00,180.0,11,15.28,13,9,0;11;13;0;1;10;0;1;7
CAMHDA301-20230511T031500,2023-05-11T03:15:00+00:00,420.0,6,8.33,10,9,0;0;0;10;2;6;0;1;3
CAMHDA301-20230511T061500,2023-05-11T06:15:00+00:00,420.0,8,11.11,9,9,0;1;3;9;0;8;1;5;0
CAMHDA301-20230511T091500,2023-05-11T09:15:00+00:00,360.0,1,1.39,11,9,0;11;0;0;1;0;0;1;1
CAMHDA301-20230511T121500,2023-05-11T12:15:00+00:00,540.0,5,6.94,10,9,0;10;1;0;1;1;4;5;5
CAMHDA301-20230511T151500,2023-05-11T15:15:00+00:00,300.0,10,13.89,13,9,0;13;1;10;0;0;1;0;5
CAMHDA301-20230511T181500,2023-05-11T18:15:00+00:00,600.0,4,5.56,9,9,0;9;0;0;0;0;0;2;4
CAMHDA301-20230511T211500,2023-05-11T21:15:00+00:00,540.0,2,2.78,11,9,0;11;0;0;1;0;0;2;0
CAMHDA301-20230512T001500,2023-05-12T00:15:00+00:00,180.0,11,15.28,13,9,0;11;1;13;0;7;3;0;6
CAMHDA301-20230512T031500,2023-05-12T03:15:00+00:00,180.0,8,11.11,12,9,0;8;0;12;0;2;1;0;3
CAMHDA301-20230512T061500,2023-05-12T06:15:00+00:00,300.0,10,13.89,12,9,0;12;1;10;0;0;0;2;1
CAMHDA301-20230512T091500,2023-05-12T09:15:00+00:00,300.0,18,25.0,19,9,0;1;3;18;2;10;19;0;10
CAMHDA301-20230512T121500,2023-05-12T12:15:00+00:00,480.0,5,6.94,6,9,0;3;3;0;0;6;5;0;1
CAMHDA301-20230512T151500,2023-05-12T15:15:00+00:00,300.0,5,6.94,6,9,0;6;1;5;0;0;1;5;4
CAMHDA301-20230512T181500,2023-05-12T18:15:00+00:00,300.0,7,9.72,8,9,0;8;0;7;0;0;3;3;1
CAMHDA301-20230512T211500,2023-05-12T21:15:00+00:00,120.0,0,0.0,0,9,0;0;0;0;0;0;0;0;0
CAMHDA301-20230516T001500,2023-05-16T00:15:00+00:00,540.0,4,5.56,11,9,0;11;0;0;0;0;1;4;4
CAMHDA301-20230516T031500,2023-05-16T03:15:00+00:00,480.0,6,8.33,8,9,0;1;0;5;0;8;6;5;0
CAMHDA301-20230516T061500,2023-05-16T06:15:00+00:00,180.0,9,12.5,11,9,0;9;3;11;0;8;5;0;6
CAMHDA301-20230516T091500,2023-05-16T09:15:00+00:00,180.0,4,5.56,4,9,0;4;3;4;0;0;1;4;1
CAMHDA301-20230516T121500,2023-05-16T12:15:00+00:00,540.0,5,6.94,12,9,0;12;2;4;1;0;1;5;1
CAMHDA301-20230516T151500,2023-05-16T15:15:00+00:00,600.0,1,1.39,3,9,0;0;0;0;0;0;0;3;1
CAMHDA301-20230516T181500,2023-05-16T18:15:00+00:00,180.0,9,12.5,11,9,0;9;1;11;0;0;1;2;2
CAMHDA301-20230516T211500,2023-05-16T21:15:00+00:00,480.0,8,11.11,13,9,0;13;0;0;0;0;8;7;3
CAMHDA301-20230517T001500,2023-05-17T00:15:00+00:00,300.0,5,6.94,16,9,0;16;2;5;0;0;1;1;2
CAMHDA301-20230517T031500,2023-05-17T03:15:00+00:00,300.0,8,11.11,11,9,0;0;0;8;0;11;1;6;0
CAMHDA301-20230517T061500,2023-05-17T06:15:00+00:00,600.0,8,11.11,14,9,0;4;1;14;0;3;2;3;8
CAMHDA301-20230517T091500,2023-05-17T09:15:00+00:00,240.0,2,2.78,5,9,0;0;2;0;1;0;5;2;0
CAMHDA301-20230517T121500,2023-05-17T12:15:00+00:00,180.0,14,19.44,16,9,0;14;3;16;0;0;1;4;1
CAMHDA301-20230517T151500,2023-05-17T15:15:00+00:00,600.0,4,5.56,10,9,0;10;0;0;0;3;3;3;4
CAMHDA301-20230517T181500,2023-05-17T18:15:00+00:00,600.0,7,9.72,10,9,0;2;0;10;0;4;4;1;7
CAMHDA301-20230517T211500,2023-05-17T21:15:00+00:00,300.0,7,9.72,9,9,0;0;2;7;0;9;1;5;2
CAMHDA301-20230518T001500,2023-05-18T00:15:00+00:00,540.0,4,5.56,14,9,0;14;0;0;0;0;1;4;1
CAMHDA301-20230518T031500,2023-05-18T03:15:00+00:00,540.0,6,8.33,9,9,0;9;0;0;1;0;1;6;1
CAMHDA301-20230518T061500,2023-05-18T06:15:00+00:00,420.0,3,4.17,12,9,0;1;2;12;0;3;2;0;3
CAMHDA301-20230518T091500,2023-05-18T09:15:00+00:00,420.0,6,8.33,9,9,0;4;2;9;2;6;5;2;1
CAMHDA301-20230518T121500,2023-05-18T12:15:00+00:00,600.0,4,5.56,10,9,0;10;1;0;1;3;2;2;4
CAMHDA301-20230518T151500,2023-05-18T15:15:00+00:00,540.0,4,5.56,10,9,0;0;0;1;0;10;1;4;2
CAMHDA301-20230518T181500,2023-05-18T18:15:00+00:00,300.0,6,8.33,12,9,0;0;0;6;1;12;0;5;4
CAMHDA301-20230518T211500,2023-05-18T21:15:00+00:00,540.0,5,6.94,5,9,0;4;0;0;0;0;1;5;5
CAMHDA301-20230519T001500,2023-05-19T00:15:00+00:00,420.0,10,13.89,11,9,0;8;0;11;1;10;0;2;5
CAMHDA301-20230519T031500,2023-05-19T03:15:00+00:00,180.0,3,4.17,12,9,0;3;0;12;2;2;2;2;0
CAMHDA301-20230519T061500,2023-05-19T06:15:00+00:00,180.0,6,8.33,15,9,0;6;2;15;0;4;1;0;4
CAMHDA301-20230519T091500,2023-05-19T09:15:00+00:00,180.0,6,8.33,6,9,0;6;0;6;0;4;4;0;0
CAMHDA301-20230519T121500,2023-05-19T12:15:00+00:00,180.0,7,9.72,7,9,0;7;3;7;1;3;1;2;1
CAMHDA301-20230519T151500,2023-05-19T15:15:00+00:00,300.0,15,20.83,18,9,0;18;1;15;0;7;0;2;3
CAMHDA301-20230519T181500,2023-05-19T18:15:00+00:00,180.0,10,13.89,16,9,0;10;1;16;0;0;2;1;4
CAMHDA301-20230519T211500,2023-05-19T21:15:00+00:00,180.0,4,5.56,4,9,0;4;2;0;0;4;1;2;3
CAMHDA301-20230523T001500,2023-05-23T00:15:00+00:00,240.0,6,8.33,7,9,0;7;6;0;1;0;1;1;4
CAMHDA301-20230523T031500,2023-05-23T03:15:00+00:00,540.0,6,8.33,9,9,0;9;1;0;0;0;4;6;3
CAMHDA301-20230523T061500,2023-05-23T06:15:00+00:00,600.0,2,2.78,9,9,0;0;0;9;0;0;1;0;2
CAMHDA301-20230523T091500,2023-05-23T09:15:00+00:00,180.0,6,8.33,6,9,0;6;5;5;0;6;3;1;0
CAMHDA301-20230523T121500,2023-05-23T12:15:00+00:00,180.0,4,5.56,4,9,0;4;2;3;0;4;3;1;1
CAMHDA301-20230523T151500,2023-05-23T15:15:00+00:00,480.0,2,2.78,10,9,0;10;1;0;0;0;2;1;0
CAMHDA301-20230523T181500,2023-05-23T18:15:00+00:00,180.0,8,11.11,11,9,0;8;0;11;0;0;1;2;2
CAMHDA301-20230523T211500,2023-05-23T21:15:00+00:00,300.0,10,13.89,15,9,0;15;1;10;0;0;2;3;4
CAMHDA301-20230524T001500,2023-05-24T00:15:00+00:00,480.0,3,4.17,6,9,0;6;1;0;0;0;3;3;2
CAMHDA301-20230524T031500,2023-05-24T03:15:00+00:00,540.0,7,9.72,8,9,0;8;1;0;0;0;1;7;5
CAMHDA301-20230524T061500,2023-05-24T06:15:00+00:00,420.0,7,9.72,11,9,0;6;2;11;1;7;0;0;0
CAMHDA301-20230524T091500,2023-05-24T09:15:00+00:00,300.0,6,8.33,10,9,0;2;0;6;2;10;1;3;0
CAMHDA301-20230524T121500,2023-05-24T12:15:00+00:00,300.0,9,12.5,13,9,0;5;0;9;0;13;3;0;0
CAMHDA301-20230524T151500,2023-05-24T15:15:00+00:00,180.0,11,15.28,11,9,0;11;1;11;1;0;0;3;2
CAMHDA301-20230524T181500,2023-05-24T18:15:00+00:00,180.0,10,13.89,11,9,0;10;1;11;0;0;3;2;4
CAMHDA301-20230524T211500,2023-05-24T21:15:00+00:00,300.0,4,5.56,6,9,0;6;0;4;0;0;0;2;3
CAMHDA301-20230525T001500,2023-05-25T00:15:00+00:00,540.0,3,4.17,3,9,0;2;1;0;0;0;1;3;3
CAMHDA301-20230525T031500,2023-05-25T03:15:00+00:00,300.0,7,9.72,11,9,0;11;1;7;0;7;0;3;3
CAMHDA301-20230525T061500,2023-05-25T06:15:00+00:00,420.0,8,11.11,11,9,0;3;0;11;1;8;4;1;4
CAMHDA301-20230525T091500,2023-05-25T09:15:00+00:00,180.0,12,16.67,13,9,0;12;0;13;0;0;1;5;3
CAMHDA301-20230525T121500,2023-05-25T12:15:00+00:00,300.0,10,13.89,10,9,0;4;2;10;1;10;2;0;4
CAMHDA301-20230525T151500,2023-05-25T15:15:00+00:00,300.0,11,15.28,13,9,0;13;1;11;0;0;0;2;2
CAMHDA301-20230525T181500,2023-05-25T18:15:00+00:00,600.0,4,5.56,7,9,0;7;3;0;0;0;0;2;4
CAMHDA301-20230525T211500,2023-05-25T21:15:00+00:00,540.0,6,8.33,7,9,0;7;3;0;0;0;0;6;1
CAMHDA301-20230526T001500,2023-05-26T00:15:00+00:00,600.0,2,2.78,6,9,0;0;1;0;0;0;0;6;2
CAMHDA301-20230526T031500,2023-05-26T03:15:00+00:00,600.0,3,4.17,7,9,0;7;0;2;1;0;0;1;3
CAMHDA301-20230526T061500,2023-05-26T06:15:00+00:00,180.0,9,12.5,10,9,0;9;1;7;1;10;1;0;1
CAMHDA301-20230526T091500,2023-05-26T09:15:00+00:00,300.0,7,9.72,11,9,0;6;3;7;0;11;5;0;5
CAMHDA301-20230526T121500,2023-05-26T12:15:00+00:00,420.0,8,11.11,8,9,0;7;2;6;0;8;7;0;8
CAMHDA301-20230526T151500,2023-05-26T15:15:00+00:00,420.0,8,11.11,10,9,0;7;0;10;0;8;4;0;5
CAMHDA301-20230526T181500,2023-05-26T18:15:00+00:00,540.0,6,8.33,8,9,0;8;0;0;0;0;2;6;3
CAMHDA301-20230526T211500,2023-05-26T21:15:00+00:00,600.0,5,6.94,7,9,0;7;2;0;0;0;0;1;5
CAMHDA301-20230530T001500,2023-05-30T00:15:00+00:00,300.0,10,13.89,15,9,0;15;1;10;1;0;0;2;4
CAMHDA301-20230530T031500,2023-05-30T03:15:00+00:00,180.0,8,11.11,12,9,0;8;0;12;0;6;2;0;0
CAMHDA301-20230530T061500,2023-05-30T06:15:00+00:00,600.0,4,5.56,6,9,0;0;1;0;0;3;0;6;4
CAMHDA301-20230530T091500,2023-05-30T09:15:00+00:00,240.0,1,1.39,2,9,0;0;1;0;0;0;1;2;1
CAMHDA301-20230530T121500,2023-05-30T12:15:00+00:00,300.0,5,6.94,14,9,0;14;2;5;2;0;1;1;1
CAMHDA301-20230530T151500,2023-05-30T15:15:00+00:00,420.0,7,9.72,9,9,0;9;2;6;1;7;2;3;0
CAMHDA301-20230530T181500,2023-05-30T18:15:00+00:00,300.0,12,16.67,17,9,0;2;1;12;0;6;17;0;0
CAMHDA301-20230530T211500,2023-05-30T21:15:00+00:00,300.0,7,9.72,7,9,0;3;2;7;2;7;1;0;1
CAMHDA301-20230531T001500,2023-05-31T00:15:00+00:00,300.0,13,18.06,13,9,0;8;10;13;1;13;2;0;6
CAMHDA301-20230531T031500,2023-05-31T03:15:00+00:00,420.0,7,9.72,11,9,0;3;3;11;2;7;4;0;3
CAMHDA301-20230531T061500,2023-05-31T06:15:00+00:00,180.0,3,4.17,5,9,0;3;1;5;1;2;0;0;3
CAMHDA301-20230531T091500,2023-05-31T09:15:00+00:00,300.0,7,9.72,10,9,0;10;1;7;2;3;3;1;1
CAMHDA301-20230531T121500,2023-05-31T12:15:00+00:00,180.0,8,11.11,10,9,0;8;6;6;0;10;5;3;1
CAMHDA301-20230531T151500,2023-05-31T15:15:00+00:00,420.0,10,13.89,11,9,0;11;0;6;1;10;4;0;2
CAMHDA301-20230531T181500,2023-05-31T18:15:00+00:00,180.0,7,9.72,11,9,0;7;2;11;2;5;7;1;0
CAMHDA301-20230531T211500,2023-05-31T21:15:00+00:00,300.0,6,8.33,10,9,0;10;1;6;1;0;4;0;0
CAMHDA301-20230601T031500,2023-06-01T03:15:00+00:00,420.0,6,8.33,8,9,8;1;2;4;5;6;6;1;3
CAMHDA301-20230601T061500,2023-06-01T06:15:00+00:00,480.0,5,6.94,6,9,6;3;1;1;4;0;5;2;2
CAMHDA301-20230601T091500,2023-06-01T09:15:00+00:00,240.0,9,12.5,10,9,0;6;9;8;0;8;10;9;5
CAMHDA301-20230601T121500,2023-06-01T12:15:00+00:00,360.0,11,15.28,11,9,10;9;9;7;11;11;7;9;10
CAMHDA301-20230601T151500,2023-06-01T15:15:00+00:00,120.0,11,15.28,13,9,11;11;2;13;9;10;4;6;4
CAMHDA301-20230601T181500,2023-06-01T18:15:00+00:00,120.0,0,0.0,0,9,0;0;0;0;0;0;0;0;0
CAMHDA301-20230601T211500,2023-06-01T21:15:00+00:00,120.0,0,0.0,0,9,0;0;0;0;0;0;0;0;0
CAMHDA301-20230602T001500,2023-06-02T00:15:00+00:00,540.0,11,15.28,13,9,9;4;0;0;13;4;6;11;9
CAMHDA301-20230602T031500,2023-06-02T03:15:00+00:00,180.0,9,12.5,10,9,6;9;3;10;6;5;2;5;4
CAMHDA301-20230602T061500,2023-06-02T06:15:00+00:00,180.0,9,12.5,11,9,5;9;9;4;4;8;5;11;8
CAMHDA301-20230602T091500,2023-06-02T09:15:00+00:00,180.0,5,6.94,8,9,4;5;5;8;4;4;4;4;5
CAMHDA301-20230602T121500,2023-06-02T12:15:00+00:00,420.0,6,8.33,7,9,5;2;7;1;1;6;4;5;4
CAMHDA301-20230602T151500,2023-06-02T15:15:00+00:00,180.0,6,8.33,7,9,4;6;1;2;5;6;4;7;5
CAMHDA301-20230602T181500,2023-06-02T18:15:00+00:00,120.0,4,5.56,4,9,4;2;4;3;3;2;3;4;4
CAMHDA301-20230602T211500,2023-06-02T21:15:00+00:00,480.0,4,5.56,4,9,1;3;2;2;3;2;4;4;4
CAMHDA301-20230606T001500,2023-06-06T00:15:00+00:00,540.0,4,5.56,5,9,0;0;2;0;0;0;0;4;5
CAMHDA301-20230606T031500,2023-06-06T03:15:00+00:00,480.0,3,4.17,6,9,0;6;0;0;0;0;3;2;2
CAMHDA301-20230606T061500,2023-06-06T06:15:00+00:00,540.0,3,4.17,5,9,0;5;0;0;1;0;0;3;3
CAMHDA301-20230606T091500,2023-06-06T09:15:00+00:00,420.0,11,15.28,11,9,0;3;4;4;0;11;2;0;11
CAMHDA301-20230606T121500,2023-06-06T12:15:00+00:00,180.0,4,5.56,6,9,0;4;1;6;0;0;1;0;3
CAMHDA301-20230606T151500,2023-06-06T15:15:00+00:00,420.0,8,11.11,12,9,0;12;4;1;0;8;3;6;3
CAMHDA301-20230606T181500,2023-06-06T18:15:00+00:00,180.0,8,11.11,9,9,0;8;0;9;1;0;0;2;2
CAMHDA301-20230606T211500,2023-06-06T21:15:00+00:00,300.0,11,15.28,16,9,0;16;2;11;0;7;3;2;3
CAMHDA301-20230607T001500,2023-06-07T00:15:00+00:00,180.0,7,9.72,12,9,0;7;1;12;1;2;1;4;4
CAMHDA301-20230607T031500,2023-06-07T03:15:00+00:00,480.0,3,4.17,5,9,0;1;2;5;1;0;3;2;3
CAMHDA301-20230607T061500,2023-06-07T06:15:00+00:00,300.0,10,13.89,16,9,0;16;5;10;2;0;2;4;6
CAMHDA301-20230607T091500,2023-06-07T09:15:00+00:00,600.0,5,6.94,8,9,0;4;3;0;2;8;4;0;5
CAMHDA301-20230607T121500,2023-06-07T12:15:00+00:00,180.0,5,6.94,6,9,0;5;1;0;0;0;6;0;0
CAMHDA301-20230607T151500,2023-06-07T15:15:00+00:00,540.0,5,6.94,7,9,0;2;1;7;1;2;3;5;5
CAMHDA301-20230607T181500,2023-06-07T18:15:00+00:00,300.0,7,9.72,11,9,0;11;3;7;0;0;1;3;1
CAMHDA301-20230607T211500,2023-06-07T21:15:00+00:00,300.0,6,8.33,9,9,0;9;3;6;2;2;1;3;5
CAMHDA301-20230608T001500,2023-06-08T00:15:00+00:00,420.0,8,11.11,11,9,0;11;2;7;1;8;6;2;4
CAMHDA301-20230608T031500,2023-06-08T03:15:00+00:00,180.0,9,12.5,10,9,0;9;2;10;1;4;1;2;3
CAMHDA301-20230608T061500,2023-06-08T06:15:00+00:00,180.0,17,23.61,17,9,0;17;2;17;1;8;2;0;6
CAMHDA301-20230608T091500,2023-06-08T09:15:00+00:00,540.0,3,4.17,8,9,0;0;0;0;1;8;2;3;2
CAMHDA301-20230608T121500,2023-06-08T12:15:00+00:00,180.0,6,8.33,6,9,0;6;5;2;2;5;6;0;2
CAMHDA301-20230608T151500,2023-06-08T15:15:00+00:00,300.0,9,12.5,14,9,0;14;2;9;1;0;0;0;2
CAMHDA301-20230608T181500,2023-06-08T18:15:00+00:00,180.0,10,13.89,12,9,0;10;1;12;0;3;3;5;4
CAMHDA301-20230608T211500,2023-06-08T21:15:00+00:00,600.0,4,5.56,9,9,0;9;0;0;0;0;0;2;4
CAMHDA301-20230609T001500,2023-06-09T00:15:00+00:00,480.0,1,1.39,4,9,0;0;0;0;0;0;1;4;1
CAMHDA301-20230609T031500,2023-06-09T03:15:00+00:00,420.0,5,6.94,17,9,0;17;2;2;1;5;1;3;1
CAMHDA301-20230609T061500,2023-06-09T06:15:00+00:00,180.0,10,13.89,11,9,0;10;2;11;3;0;2;0;5
CAMHDA301-20230609T091500,2023-06-09T09:15:00+00:00,480.0,2,2.78,3,9,0;3;0;0;0;0;2;2;2
CAMHDA301-20230609T121500,2023-06-09T12:15:00+00:00,180.0,9,12.5,9,9,0;9;4;9;0;6;1;0;4
CAMHDA301-20230609T151500,2023-06-09T15:15:00+00:00,300.0,6,8.33,9,9,0;9;2;6;0;0;5;2;2
CAMHDA301-20230609T181500,2023-06-09T18:15:00+00:00,300.0,10,13.89,13,9,0;13;6;10;3;1;3;1;8
CAMHDA301-20230609T211500,2023-06-09T21:15:00+00:00,540.0,4,5.56,11,9,0;11;0;0;1;0;2;4;4
CAMHDA301-20230613T001500,2023-06-13T00:15:00+00:00,180.0,7,9.72,7,9,0;7;1;0;0;1;6;7;0
CAMHDA301-20230613T031500,2023-06-13T03:15:00+00:00,300.0,7,9.72,10,9,0;10;1;7;0;3;2;0;2
CAMHDA301-20230613T061500,2023-06-13T06:15:00+00:00,300.0,8,11.11,11,9,0;11;0;8;0;8;2;1;1
CAMHDA301-20230613T091500,2023-06-13T09:15:00+00:00,540.0,2,2.78,6,9,0;6;0;0;1;0;0;2;2
CAMHDA301-20230613T121500,2023-06-13T12:15:00+00:00,300.0,9,12.5,11,9,0;11;4;9;0;0;2;2;2
CAMHDA301-20230613T151500,2023-06-13T15:15:00+00:00,180.0,8,11.11,9,9,0;8;3;6;2;9;1;0;2
CAMHDA301-20230613T181500,2023-06-13T18:15:00+00:00,600.0,5,6.94,9,9,0;9;1;0;0;0;1;2;5
CAMHDA301-20230613T211500,2023-06-13T21:15:00+00:00,540.0,2,2.78,11,9,0;11;0;0;0;0;0;2;0
CAMHDA301-20230614T001500,2023-06-14T00:15:00+00:00,420.0,7,9.72,13,9,0;2;0;13;0;7;5;2;0
CAMHDA301-20230614T031500,2023-06-14T03:15:00+00:00,480.0,6,8.33,10,9,0;4;1;10;1;4;6;0;3
CAMHDA301-20230614T061500,2023-06-14T06:15:00+00:00,300.0,5,6.94,9,9,0;9;3;5;1;0;2;0;5
CAMHDA301-20230614T091500,2023-06-14T09:15:00+00:00,540.0,6,8.33,13,9,0;13;0;0;0;0;2;6;3
CAMHDA301-20230614T121500,2023-06-14T12:15:00+00:00,540.0,6,8.33,12,9,0;12;0;0;0;0;1;6;3
CAMHDA301-20230614T151500,2023-06-14T15:15:00+00:00,540.0,4,5.56,14,9,0;14;2;0;1;0;2;4;4
CAMHDA301-20230614T181500,2023-06-14T18:15:00+00:00,540.0,6,8.33,7,9,0;4;0;0;0;0;0;6;7
CAMHDA301-20230614T211500,2023-06-14T21:15:00+00:00,180.0,8,11.11,10,9,0;8;1;10;0;0;0;6;0
CAMHDA301-20230615T001500,2023-06-15T00:15:00+00:00,180.0,9,12.5,9,9,0;9;2;0;0;0;1;9;4
CAMHDA301-20230615T031500,2023-06-15T03:15:00+00:00,360.0,4,5.56,8,9,0;3;3;8;4;3;3;0;4
CAMHDA301-20230615T061500,2023-06-15T06:15:00+00:00,420.0,8,11.11,9,9,0;9;0;6;0;8;2;0;5
CAMHDA301-20230615T091500,2023-06-15T09:15:00+00:00,300.0,6,8.33,8,9,0;0;0;6;0;8;0;3;4
CAMHDA301-20230615T121500,2023-06-15T12:15:00+00:00,540.0,7,9.72,16,9,0;16;2;4;0;0;2;7;7
CAMHDA301-20230615T151500,2023-06-15T15:15:00+00:00,480.0,2,2.78,6,9,0;0;0;0;1;1;2;6;2
CAMHDA301-20230615T181500,2023-06-15T18:15:00+00:00,120.0,0,0.0,0,9,0;0;0;0;0;0;0;0;0
CAMHDA301-20230616T001500,2023-06-16T00:15:00+00:00,300.0,13,18.06,17,9,0;8;17;13;0;10;3;0;9
CAMHDA301-20230616T031500,2023-06-16T03:15:00+00:00,420.0,6,8.33,16,9,0;4;5;16;1;6;2;0;5
CAMHDA301-20230616T061500,2023-06-16T06:15:00+00:00,240.0,6,8.33,11,9,1;2;6;11;1;5;3;0;2
CAMHDA301-20230616T091500,2023-06-16T09:15:00+00:00,180.0,12,16.67,19,9,0;12;19;0;0;1;0;2;6
CAMHDA301-20230616T121500,2023-06-16T12:15:00+00:00,540.0,7,9.72,9,9,0;9;6;0;0;0;1;7;3
CAMHDA301-20230616T151500,2023-06-16T15:15:00+00:00,180.0,16,22.22,22,9,0;16;22;0;0;0;2;5;6
CAMHDA301-20230616T181500,2023-06-16T18:15:00+00:00,540.0,8,11.11,16,9,1;2;16;0;0;0;0;8;4
CAMHDA301-20230616T211500,2023-06-16T21:15:00+00:00,180.0,7,9.72,15,9,0;7;15;5;1;0;1;2;5
CAMHDA301-20230620T001500,2023-06-20T00:15:00+00:00,120.0,0,0.0,0,9,0;0;0;0;0;0;0;0;0
CAMHDA301-20230620T031500,2023-06-20T03:15:00+00:00,120.0,0,0.0,0,9,0;0;0;0;0;0;0;0;0
CAMHDA301-20230620T061500,2023-06-20T06:15:00+00:00,120.0,0,0.0,0,9,0;0;0;0;0;0;0;0;0
CAMHDA301-20230620T091500,2023-06-20T09:15:00+00:00,120.0,0,0.0,0,9,0;0;0;0;0;0;0;0;0
CAMHDA301-20230620T121500,2023-06-20T12:15:00+00:00,120.0,0,0.0,0,9,0;0;0;0;0;0;0;0;0
CAMHDA301-20230620T151500,2023-06-20T15:15:00+00:00,120.0,0,0.0,0,9,0;0;0;0;0;0;0;0;0
CAMHDA301-20230620T181500,2023-06-20T18:15:00+00:00,120.0,0,0.0,0,9,0;0;0;0;0;0;0;0;0
CAMHDA301-20230620T211500,2023-06-20T21:15:00+00:00,120.0,0,0.0,0,9,0;0;0;0;0;0;0;0;0
CAMHDA301-20230621T001500,2023-06-21T00:15:00+00:00,180.0,12,16.67,14,9,0;12;14;1;12;0;0;5;6
CAMHDA301-20230621T031500,2023-06-21T03:15:00+00:00,540.0,3,4.17,3,9,0;0;2;1;0;0;0;3;3
CAMHDA301-20230621T061500,2023-06-21T06:15:00+00:00,420.0,6,8.33,11,9,0;1;0;11;1;6;3;0;2
CAMHDA301-20230621T091500,2023-06-21T09:15:00+00:00,420.0,10,13.89,25,9,0;7;4;25;1;10;3;0;3
CAMHDA301-20230621T121500,2023-06-21T12:15:00+00:00,300.0,18,25.0,22,9,0;8;22;18;0;10;5;0;2
CAMHDA301-20230621T151500,2023-06-21T15:15:00+00:00,180.0,10,13.89,30,9,0;10;30;0;0;0;0;4;9
CAMHDA301-20230621T181500,2023-06-21T18:15:00+00:00,180.0,14,19.44,15,9,0;14;15;5;0;0;0;2;1
CAMHDA301-20230621T211500,2023-06-21T21:15:00+00:00,180.0,12,16.67,13,9,0;12;13;0;0;0;1;4;5
CAMHDA301-20230622T001500,2023-06-22T00:15:00+00:00,180.0,7,9.72,12,9,0;7;12;0;0;0;0;5;6
CAMHDA301-20230622T031500,2023-06-22T03:15:00+00:00,180.0,16,22.22,16,9,0;16;16;0;0;0;0;3;0
CAMHDA301-20230622T061500,2023-06-22T06:15:00+00:00,600.0,12,16.67,14,9,0;6;14;0;2;0;1;2;12
CAMHDA301-20230622T091500,2023-06-22T09:15:00+00:00,600.0,6,8.33,7,9,0;7;3;0;0;0;0;4;6
CAMHDA301-20230622T121500,2023-06-22T12:15:00+00:00,180.0,11,15.28,20,9,0;11;20;0;0;0;0;4;3
CAMHDA301-20230622T151500,2023-06-22T15:15:00+00:00,180.0,13,18.06,25,9,0;13;25;6;1;0;0;4;4
CAMHDA301-20230622T181500,2023-06-22T18:15:00+00:00,240.0,18,25.0,24,9,0;13;18;24;1;7;1;2;2
CAMHDA301-20230622T211500,2023-06-22T21:15:00+00:00,180.0,15,20.83,19,9,0;15;19;0;0;0;0;3;5
CAMHDA301-20230623T001500,2023-06-23T00:15:00+00:00,240.0,14,19.44,22,9,0;11;14;22;0;1;0;3;3
CAMHDA301-20230623T031500,2023-06-23T03:15:00+00:00,180.0,7,9.72,14,9,0;7;14;7;0;0;0;2;1
CAMHDA301-20230623T061500,2023-06-23T06:15:00+00:00,180.0,10,13.89,12,9,0;10;12;0;0;0;1;2;3
CAMHDA301-20230623T091500,2023-06-23T09:15:00+00:00,240.0,9,12.5,14,9,0;2;9;14;1;6;1;1;3
CAMHDA301-20230623T121500,2023-06-23T12:15:00+00:00,240.0,12,16.67,16,9,0;5;12;16;1;9;0;0;1
CAMHDA301-20230623T151500,2023-06-23T15:15:00+00:00,540.0,4,5.56,13,9,0;3;13;1;0;0;0;4;1
CAMHDA301-20230623T181500,2023-06-23T18:15:00+00:00,180.0,9,12.5,14,9,0;9;14;0;0;0;0;5;7
CAMHDA301-20230623T211500,2023-06-23T21:15:00+00:00,180.0,19,26.39,19,9,0;19;19;19;1;0;1;1;7
CAMHDA301-20230627T001500,2023-06-27T00:15:00+00:00,300.0,8,11.11,9,9,0;2;7;8;0;9;1;0;0
CAMHDA301-20230627T031500,2023-06-27T03:15:00+00:00,420.0,11,15.28,18,9,0;0;0;18;0;11;1;6;9
CAMHDA301-20230627T061500,2023-06-27T06:15:00+00:00,180.0,9,12.5,15,9,0;9;15;1;0;0;2;3;7
CAMHDA301-20230627T091500,2023-06-27T09:15:00+00:00,300.0,13,18.06,18,9,0;12;18;13;0;0;1;3;5
CAMHDA301-20230627T121500,2023-06-27T12:15:00+00:00,180.0,8,11.11,24,9,0;8;24;0;0;1;2;1;5
CAMHDA301-20230627T151500,2023-06-27T15:15:00+00:00,600.0,6,8.33,14,9,0;5;14;0;0;2;0;5;6
CAMHDA301-20230627T181500,2023-06-27T18:15:00+00:00,180.0,8,11.11,10,9,0;8;10;1;2;0;0;3;7
CAMHDA301-20230627T211500,2023-06-27T21:15:00+00:00,180.0,9,12.5,9,9,0;9;9;2;1;0;0;3;1
CAMHDA301-20230628T001500,2023-06-28T00:15:00+00:00,180.0,11,15.28,20,9,0;11;20;1;0;2;0;7;5
CAMHDA301-20230628T031500,2023-06-28T03:15:00+00:00,420.0,10,13.89,13,9,0;5;9;13;2;10;4;3;3
CAMHDA301-20230628T061500,2023-06-28T06:15:00+00:00,420.0,8,11.11,18,9,2;5;6;18;1;8;3;0;2
CAMHDA301-20230628T091500,2023-06-28T09:15:00+00:00,300.0,17,23.61,18,9,0;10;18;17;0;0;2;4;6
CAMHDA301-20230628T121500,2023-06-28T12:15:00+00:00,180.0,7,9.72,13,9,1;7;7;13;2;6;2;0;2
CAMHDA301-20230628T151500,2023-06-28T15:15:00+00:00,240.0,7,9.72,9,9,0;9;7;0;0;0;1;1;3
CAMHDA301-20230628T181500,2023-06-28T18:15:00+00:00,240.0,9,12.5,15,9,0;4;9;15;2;9;5;3;2
CAMHDA301-20230628T211500,2023-06-28T21:15:00+00:00,300.0,12,16.67,13,9,0;8;13;12;0;7;1;2;8
CAMHDA301-20230629T001500,2023-06-29T00:15:00+00:00,420.0,8,11.11,21,9,0;0;2;21;0;8;1;5;8
CAMHDA301-20230629T031500,2023-06-29T03:15:00+00:00,240.0,9,12.5,12,9,0;6;9;12;1;7;3;0;2
CAMHDA301-20230629T061500,2023-06-29T06:15:00+00:00,300.0,15,20.83,20,9,2;8;20;15;0;2;9;3;0
CAMHDA301-20230629T091500,2023-06-29T09:15:00+00:00,300.0,14,19.44,17,9,0;2;17;14;1;4;3;3;3
CAMHDA301-20230629T121500,2023-06-29T12:15:00+00:00,300.0,19,26.39,21,9,0;8;21;19;0;0;1;2;2
CAMHDA301-20230629T151500,2023-06-29T15:15:00+00:00,180.0,15,20.83,20,9,0;15;11;20;0;11;0;1;3
CAMHDA301-20230629T181500,2023-06-29T18:15:00+00:00,420.0,6,8.33,8,9,0;0;1;8;0;6;1;3;3
CAMHDA301-20230629T211500,2023-06-29T21:15:00+00:00,240.0,14,19.44,21,9,0;10;14;21;0;0;1;2;4
CAMHDA301-20230630T001500,2023-06-30T00:15:00+00:00,240.0,6,8.33,10,9,0;10;6;0;0;0;2;3;4
CAMHDA301-20230630T031500,2023-06-30T03:15:00+00:00,180.0,7,9.72,14,9,0;7;7;14;0;5;1;0;6
CAMHDA301-20230630T061500,2023-06-30T06:15:00+00:00,240.0,6,8.33,13,9,0;5;6;13;0;6;2;0;5
CAMHDA301-20230630T091500,2023-06-30T09:15:00+00:00,120.0,0,0.0,0,9,0;0;0;0;0;0;0;0;0
CAMHDA301-20230630T121500,2023-06-30T12:15:00+00:00,120.0,0,0.0,0,9,0;0;0;0;0;0;0;0;0
CAMHDA301-20230630T151500,2023-06-30T15:15:00+00:00,120.0,0,0.0,0,9,0;0;0;0;0;0;0;0;0
CAMHDA301-20230630T181500,2023-06-30T18:15:00+00:00,120.0,0,0.0,0,9,0;0;0;0;0;0;0;0;0
CAMHDA301-20230630T211500,2023-06-30T21:15:00+00:00,120.0,0,0.0,0,9,0;0;0;0;0;0;0;0;0
CAMHDA301-20230704T001500,2023-07-04T00:15:00+00:00,240.0,4,5.56,15,9,0;15;4;2;1;0;2;2;2
CAMHDA301-20230704T031500,2023-07-04T03:15:00+00:00,180.0,10,13.89,20,9,0;10;10;20;1;0;2;2;5
CAMHDA301-20230704T061500,2023-07-04T06:15:00+00:00,240.0,5,6.94,14,9,0;2;5;14;1;3;3;0;3
CAMHDA301-20230704T091500,2023-07-04T09:15:00+00:00,300.0,14,19.44,21,9,0;11;21;14;1;10;2;0;0
CAMHDA301-20230704T121500,2023-07-04T12:15:00+00:00,300.0,19,26.39,22,9,0;11;22;19;0;0;0;3;7
CAMHDA301-20230704T151500,2023-07-04T15:15:00+00:00,300.0,12,16.67,14,9,0;5;9;12;1;14;0;6;4
CAMHDA301-20230704T181500,2023-07-04T18:15:00+00:00,180.0,15,20.83,18,9,0;15;12;18;0;0;0;4;7
CAMHDA301-20230704T211500,2023-07-04T21:15:00+00:00,180.0,14,19.44,19,9,0;14;19;0;0;0;0;4;4
CAMHDA301-20230705T001500,2023-07-05T00:15:00+00:00,540.0,3,4.17,7,9,0;1;2;0;0;0;0;3;7
CAMHDA301-20230705T031500,2023-07-05T03:15:00+00:00,180.0,10,13.89,18,9,0;10;18;0;0;0;1;2;1
CAMHDA301-20230705T061500,2023-07-05T06:15:00+00:00,240.0,13,18.06,22,9,0;8;13;22;0;5;2;1;3
CAMHDA301-20230705T091500,2023-07-05T09:15:00+00:00,240.0,8,11.11,16,9,2;3;8;16;0;3;0;0;3
CAMHDA301-20230705T121500,2023-07-05T12:15:00+00:00,600.0,10,13.89,13,9,0;5;13;0;0;2;4;3;10
CAMHDA301-20230705T151500,2023-07-05T15:15:00+00:00,180.0,16,22.22,22,9,0;16;22;16;0;0;1;4;0
CAMHDA301-20230705T181500,2023-07-05T18:15:00+00:00,240.0,13,18.06,19,9,0;12;13;19;1;0;0;2;2
CAMHDA301-20230705T211500,2023-07-05T21:15:00+00:00,540.0,3,4.17,4,9,0;4;2;1;0;2;0;3;1
CAMHDA301-20230706T001500,2023-07-06T00:15:00+00:00,180.0,5,6.94,5,9,0;5;0;0;0;3;1;2;5
CAMHDA301-20230706T031500,2023-07-06T03:15:00+00:00,300.0,10,13.89,13,9,0;13;8;10;0;8;0;3;4
CAMHDA301-20230706T061500,2023-07-06T06:15:00+00:00,240.0,23,31.94,26,9,0;11;23;26;0;0;1;1;5
CAMHDA301-20230706T091500,2023-07-06T09:15:00+00:00,240.0,9,12.5,21,9,0;5;9;21;0;6;2;0;5
CAMHDA301-20230706T121500,2023-07-06T12:15:00+00:00,180.0,5,6.94,14,9,1;5;14;0;0;0;1;5;4
CAMHDA301-20230706T151500,2023-07-06T15:15:00+00:00,240.0,15,20.83,15,9,0;10;15;15;0;8;1;3;4
CAMHDA301-20230706T181500,2023-07-06T18:15:00+00:00,240.0,16,22.22,16,9,0;12;16;16;0;0;0;2;2
CAMHDA301-20230706T211500,2023-07-06T21:15:00+00:00,180.0,12,16.67,21,9,0;12;12;21;0;9;1;1;2
CAMHDA301-20230707T001500,2023-07-07T00:15:00+00:00,180.0,11,15.28,15,9,0;11;15;0;0;0;0;6;4
CAMHDA301-20230707T031500,2023-07-07T03:15:00+00:00,240.0,20,27.78,24,9,0;15;20;24;0;0;1;3;0
CAMHDA301-20230707T061500,2023-07-07T06:15:00+00:00,240.0,14,19.44,31,9,0;9;14;31;0;9;1;2;2
CAMHDA301-20230707T091500,2023-07-07T09:15:00+00:00,240.0,7,9.72,22,9,0;6;7;22;1;7;1;2;4
CAMHDA301-20230707T121500,2023-07-07T12:15:00+00:00,240.0,11,15.28,21,9,0;8;11;21;1;2;2;1;2
CAMHDA301-20230707T151500,2023-07-07T15:15:00+00:00,180.0,12,16.67,15,9,0;12;15;5;0;5;2;3;5
CAMHDA301-20230707T181500,2023-07-07T18:15:00+00:00,300.0,19,26.39,21,9,0;14;21;19;0;0;0;4;3
CAMHDA301-20230707T211500,2023-07-07T21:15:00+00:00,300.0,11,15.28,22,9,0;9;22;11;1;0;1;7;5
CAMHDA301-20230711T001500,2023-07-11T00:15:00+00:00,180.0,10,13.89,10,9,0;10;5;2;0;6;0;3;10
CAMHDA301-20230711T031500,2023-07-11T03:15:00+00:00,180.0,8,11.11,12,9,0;8;12;3;1;0;0;0;3
CAMHDA301-20230711T061500,2023-07-11T06:15:00+00:00,240.0,18,25.0,24,9,0;14;18;24;0;7;2;2;4
CAMHDA301-20230711T091500,2023-07-11T09:15:00+00:00,180.0,8,11.11,8,9,0;8;7;0;0;8;1;5;4
CAMHDA301-20230711T121500,2023-07-11T12:15:00+00:00,240.0,16,22.22,23,9,0;5;16;23;0;6;6;1;3
CAMHDA301-20230711T151500,2023-07-11T15:15:00+00:00,240.0,8,11.11,18,9,0;7;8;18;0;5;2;2;3
CAMHDA301-20230711T181500,2023-07-11T18:15:00+00:00,180.0,13,18.06,24,9,0;13;24;0;0;0;0;2;8
CAMHDA301-20230711T211500,2023-07-11T21:15:00+00:00,180.0,20,27.78,24,9,0;20;24;1;0;0;1;4;6
CAMHDA301-20230712T001500,2023-07-12T00:15:00+00:00,420.0,5,6.94,19,9,0;4;1;19;0;5;2;0;4
CAMHDA301-20230712T031500,2023-07-12T03:15:00+00:00,240.0,8,11.11,18,9,0;4;8;18;1;5;4;0;3
CAMHDA301-20230712T061500,2023-07-12T06:15:00+00:00,300.0,13,18.06,17,9,3;11;17;13;0;9;2;0;7
CAMHDA301-20230712T091500,2023-07-12T09:15:00+00:00,180.0,10,13.89,23,9,0;10;23;0;1;0;1;4;4
CAMHDA301-20230712T121500,2023-07-12T12:15:00+00:00,600.0,6,8.33,7,9,0;0;0;0;0;7;1;2;6
CAMHDA301-20230712T151500,2023-07-12T15:15:00+00:00,180.0,7,9.72,15,9,1;7;15;0;0;0;0;3;4
CAMHDA301-20230712T181500,2023-07-12T18:15:00+00:00,240.0,15,20.83,16,9,0;8;15;16;0;0;0;2;0
CAMHDA301-20230712T211500,2023-07-12T21:15:00+00:00,240.0,21,29.17,25,9,0;25;21;10;0;0;1;0;1
CAMHDA301-20230713T001500,2023-07-13T00:15:00+00:00,240.0,14,19.44,20,9,0;8;14;20;0;8;4;3;3
CAMHDA301-20230713T031500,2023-07-13T03:15:00+00:00,180.0,5,6.94,15,9,0;5;4;15;2;1;1;4;1
CAMHDA301-20230713T061500,2023-07-13T06:15:00+00:00,240.0,13,18.06,16,9,0;10;13;16;1;5;3;0;3
CAMHDA301-20230713T091500,2023-07-13T09:15:00+00:00,240.0,16,22.22,17,9,0;8;16;17;0;1;0;1;2
CAMHDA301-20230713T121500,2023-07-13T12:15:00+00:00,240.0,11,15.28,20,9,0;20;11;0;1;1;1;2;4
CAMHDA301-20230713T151500,2023-07-13T15:15:00+00:00,180.0,10,13.89,14,9,0;10;14;1;1;0;0;0;5
CAMHDA301-20230713T181500,2023-07-13T18:15:00+00:00,180.0,5,6.94,12,9,0;5;12;0;1;0;1;1;1
CAMHDA301-20230713T211500,2023-07-13T21:15:00+00:00,180.0,7,9.72,16,9,0;7;16;0;0;0;1;4;2
CAMHDA301-20230714T001500,2023-07-14T00:15:00+00:00,420.0,10,13.89,20,9,0;3;6;20;0;10;1;0;6
CAMHDA301-20230714T031500,2023-07-14T03:15:00+00:00,240.0,14,19.44,18,9,2;7;14;18;0;6;2;0;4
CAMHDA301-20230714T061500,2023-07-14T06:15:00+00:00,300.0,17,23.61,20,9,0;8;20;17;0;3;2;0;6
CAMHDA301-20230714T091500,2023-07-14T09:15:00+00:00,180.0,5,6.94,8,9,0;5;8;0;0;0;0;0;2
CAMHDA301-20230714T121500,2023-07-14T12:15:00+00:00,300.0,18,25.0,19,9,0;13;19;18;0;0;3;1;6
CAMHDA301-20230714T151500,2023-07-14T15:15:00+00:00,180.0,15,20.83,18,9,0;15;18;4;0;0;0;2;2
CAMHDA301-20230714T181500,2023-07-14T18:15:00+00:00,180.0,14,19.44,16,9,0;14;16;0;0;0;1;3;1
CAMHDA301-20230714T211500,2023-07-14T21:15:00+00:00,240.0,17,23.61,23,9,0;9;17;23;1;11;2;0;3
CAMHDA301-20230718T001500,2023-07-18T00:15:00+00:00,300.0,17,23.61,19,9,0;14;19;17;3;4;0;5;2
CAMHDA301-20230718T031500,2023-07-18T03:15:00+00:00,240.0,4,5.56,8,9,0;0;4;0;0;8;4;0;3
CAMHDA301-20230718T061500,2023-07-18T06:15:00+00:00,240.0,9,12.5,20,9,0;5;9;20;1;5;4;0;5
CAMHDA301-20230718T091500,2023-07-18T09:15:00+00:00,240.0,15,20.83,20,9,0;10;15;20;1;8;1;2;5
CAMHDA301-20230718T121500,2023-07-18T12:15:00+00:00,180.0,17,23.61,22,9,0;17;22;13;2;0;1;0;4
CAMHDA301-20230718T151500,2023-07-18T15:15:00+00:00,180.0,13,18.06,20,9,0;13;20;11;0;9;2;3;7
CAMHDA301-20230718T181500,2023-07-18T18:15:00+00:00,180.0,20,27.78,22,9,0;20;22;20;0;13;2;3;5
CAMHDA301-20230718T211500,2023-07-18T21:15:00+00:00,240.0,15,20.83,18,9,0;0;15;18;0;0;1;1;5
CAMHDA301-20230719T001500,2023-07-19T00:15:00+00:00,180.0,9,12.5,13,9,0;9;13;6;0;0;1;8;1
CAMHDA301-20230719T031500,2023-07-19T03:15:00+00:00,180.0,6,8.33,22,9,0;6;22;0;1;0;1;5;4
CAMHDA301-20230719T061500,2023-07-19T06:15:00+00:00,240.0,5,6.94,14,9,0;3;5;14;1;3;1;0;2
CAMHDA301-20230719T091500,2023-07-19T09:15:00+00:00,300.0,9,12.5,10,9,0;8;10;9;1;5;0;1;5
CAMHDA301-20230719T121500,2023-07-19T12:15:00+00:00,180.0,13,18.06,21,9,0;13;21;8;0;0;0;4;0
CAMHDA301-20230719T151500,2023-07-19T15:15:00+00:00,240.0,16,22.22,19,9,0;7;16;19;0;6;6;6;4
CAMHDA301-20230719T181500,2023-07-19T18:15:00+00:00,600.0,6,8.33,9,9,0;9;5;0;0;0;0;3;6
CAMHDA301-20230719T211500,2023-07-19T21:15:00+00:00,600.0,6,8.33,7,9,0;7;3;4;3;4;2;0;6
CAMHDA301-20230720T001500,2023-07-20T00:15:00+00:00,240.0,1,1.39,3,9,0;0;1;1;3;0;0;1;0
CAMHDA301-20230720T031500,2023-07-20T03:15:00+00:00,240.0,20,27.78,20,9,17;13;20;20;17;19;15;10;13
CAMHDA301-20230720T061500,2023-07-20T06:15:00+00:00,360.0,9,12.5,9,9,5;3;5;5;9;8;4;9;9
CAMHDA301-20230720T091500,2023-07-20T09:15:00+00:00,180.0,6,8.33,7,9,2;6;2;3;4;3;4;7;6
CAMHDA301-20230720T121500,2023-07-20T12:15:00+00:00,300.0,3,4.17,5,9,1;0;0;3;5;3;2;1;1
CAMHDA301-20230720T151500,2023-07-20T15:15:00+00:00,240.0,3,4.17,8,9,2;2;3;2;3;0;2;8;2
CAMHDA301-20230720T181500,2023-07-20T18:15:00+00:00,120.0,3,4.17,3,9,3;3;2;1;2;0;1;2;2
CAMHDA301-20230720T211500,2023-07-20T21:15:00+00:00,240.0,30,41.67,30,9,21;22;30;22;30;25;18;5;30
CAMHDA301-20230721T001500,2023-07-21T00:15:00+00:00,240.0,5,6.94,12,9,0;12;5;2;0;0;0;5;5
CAMHDA301-20230721T031500,2023-07-21T03:15:00+00:00,300.0,11,15.28,18,9,0;9;18;11;0;0;0;4;4
CAMHDA301-20230721T061500,2023-07-21T06:15:00+00:00,600.0,5,6.94,6,9,0;0;3;0;0;0;1;6;5
CAMHDA301-20230721T091500,2023-07-21T09:15:00+00:00,240.0,8,11.11,14,9,0;7;8;14;1;5;3;0;2
CAMHDA301-20230721T121500,2023-07-21T12:15:00+00:00,180.0,13,18.06,20,9,0;13;20;0;0;0;0;1;1
CAMHDA301-20230721T151500,2023-07-21T15:15:00+00:00,300.0,18,25.0,19,9,0;13;19;18;0;8;2;3;7
CAMHDA301-20230721T181500,2023-07-21T18:15:00+00:00,300.0,16,22.22,20,9,0;14;20;16;0;0;1;4;1
CAMHDA301-20230721T211500,2023-07-21T21:15:00+00:00,180.0,5,6.94,23,9,0;5;0;23;0;1;0;2;5
CAMHDA301-20230725T001500,2023-07-25T00:15:00+00:00,120.0,0,0.0,0,9,0;0;0;0;0;0;0;0;0
CAMHDA301-20230725T031500,2023-07-25T03:15:00+00:00,120.0,0,0.0,0,9,0;0;0;0;0;0;0;0;0
CAMHDA301-20230725T061500,2023-07-25T06:15:00+00:00,120.0,0,0.0,0,9,0;0;0;0;0;0;0;0;0
CAMHDA301-20230725T091500,2023-07-25T09:15:00+00:00,120.0,0,0.0,0,9,0;0;0;0;0;0;0;0;0
CAMHDA301-20230725T121500,2023-07-25T12:15:00+00:00,120.0,0,0.0,0,9,0;0;0;0;0;0;0;0;0
CAMHDA301-20230725T151500,2023-07-25T15:15:00+00:00,120.0,0,0.0,0,9,0;0;0;0;0;0;0;0;0
CAMHDA301-20230725T181500,2023-07-25T18:15:00+00:00,120.0,0,0.0,0,9,0;0;0;0;0;0;0;0;0
CAMHDA301-20230725T211500,2023-07-25T21:15:00+00:00,120.0,0,0.0,0,9,0;0;0;0;0;0;0;0;0
CAMHDA301-20230726T001500,2023-07-26T00:15:00+00:00,120.0,0,0.0,0,9,0;0;0;0;0;0;0;0;0
CAMHDA301-20230726T031500,2023-07-26T03:15:00+00:00,120.0,0,0.0,0,9,0;0;0;0;0;0;0;0;0
CAMHDA301-20230726T061500,2023-07-26T06:15:00+00:00,120.0,0,0.0,0,9,0;0;0;0;0;0;0;0;0
CAMHDA301-20230726T091500,2023-07-26T09:15:00+00:00,120.0,0,0.0,0,9,0;0;0;0;0;0;0;0;0
CAMHDA301-20230726T121500,2023-07-26T12:15:00+00:00,120.0,0,0.0,0,9,0;0;0;0;0;0;0;0;0
CAMHDA301-20230726T151500,2023-07-26T15:15:00+00:00,120.0,0,0.0,0,9,0;0;0;0;0;0;0;0;0
CAMHDA301-20230726T181500,2023-07-26T18:15:00+00:00,300.0,13,18.06,14,9,0;1;3;13;0;14;0;1;3
CAMHDA301-20230726T211500,2023-07-26T21:15:00+00:00,240.0,12,16.67,18,9,0;9;12;18;1;0;0;3;2
CAMHDA301-20230727T001500,2023-07-27T00:15:00+00:00,240.0,15,20.83,17,9,0;7;15;17;1;10;3;0;3
CAMHDA301-20230727T031500,2023-07-27T03:15:00+00:00,180.0,6,8.33,19,9,0;6;5;19;0;3;4;0;2
CAMHDA301-20230727T061500,2023-07-27T06:15:00+00:00,600.0,3,4.17,5,9,1;0;0;2;0;5;0;1;3
CAMHDA301-20230727T091500,2023-07-27T09:15:00+00:00,180.0,6,8.33,10,9,0;6;10;0;0;0;0;2;1
CAMHDA301-20230727T121500,2023-07-27T12:15:00+00:00,600.0,7,9.72,8,9,0;6;8;4;0;0;0;4;7
CAMHDA301-20230727T151500,2023-07-27T15:15:00+00:00,180.0,2,2.78,10,9,0;2;10;0;0;1;0;1;2
CAMHDA301-20230727T181500,2023-07-27T18:15:00+00:00,180.0,8,11.11,21,9,0;8;21;0;0;0;0;1;3
CAMHDA301-20230727T211500,2023-07-27T21:15:00+00:00,240.0,13,18.06,14,9,0;14;13;0;0;0;3;4;4
CAMHDA301-20230728T001500,2023-07-28T00:15:00+00:00,240.0,14,19.44,22,9,0;6;14;22;3;3;4;1;3
CAMHDA301-20230728T031500,2023-07-28T03:15:00+00:00,180.0,16,22.22,17,9,0;16;17;12;2;12;5;0;3
CAMHDA301-20230728T061500,2023-07-28T06:15:00+00:00,300.0,16,22.22,17,9,0;13;17;16;0;11;2;0;0
CAMHDA301-20230728T091500,2023-07-28T09:15:00+00:00,240.0,18,25.0,19,9,0;11;18;19;0;10;1;5;6
CAMHDA301-20230728T121500,2023-07-28T12:15:00+00:00,540.0,4,5.56,10,9,0;1;10;0;0;0;0;4;2
CAMHDA301-20230728T151500,2023-07-28T15:15:00+00:00,600.0,11,15.28,17,9,0;7;17;0;1;0;0;4;11
CAMHDA301-20230728T181500,2023-07-28T18:15:00+00:00,300.0,13,18.06,15,9,0;2;3;13;3;15;4;6;6
CAMHDA301-20230728T211500,2023-07-28T21:15:00+00:00,180.0,9,12.5,13,9,0;9;13;0;0;0;0;1;4
CAMHDA301-20230801T031500,2023-08-01T03:15:00+00:00,480.0,3,4.17,3,9,0;0;2;2;0;0;3;3;1
CAMHDA301-20230801T061500,2023-08-01T06:15:00+00:00,600.0,6,8.33,7,9,4;3;3;3;5;3;7;1;6
CAMHDA301-20230801T091500,2023-08-01T09:15:00+00:00,420.0,15,20.83,16,9,8;14;8;12;16;15;12;14;13
CAMHDA301-20230801T121500,2023-08-01T12:15:00+00:00,120.0,19,26.39,19,9,19;19;10;16;13;18;14;15;11
CAMHDA301-20230801T151500,2023-08-01T15:15:00+00:00,540.0,16,22.22,17,9,12;12;8;13;11;14;17;16;15
CAMHDA301-20230801T181500,2023-08-01T18:15:00+00:00,360.0,17,23.61,17,9,11;15;13;12;17;14;17;15;1
CAMHDA301-20230801T211500,2023-08-01T21:15:00+00:00,300.0,15,20.83,17,9,7;4;10;15;10;6;17;3;14
CAMHDA301-20230802T001500,2023-08-02T00:15:00+00:00,180.0,14,19.44,14,9,13;14;12;12;12;13;0;11;14
CAMHDA301-20230802T031500,2023-08-02T03:15:00+00:00,120.0,0,0.0,6,9,0;0;0;0;6;0;0;0;0
CAMHDA301-20230802T061500,2023-08-02T06:15:00+00:00,540.0,10,13.89,13,9,6;8;8;8;7;8;7;10;13
CAMHDA301-20230802T091500,2023-08-02T09:15:00+00:00,120.0,6,8.33,10,9,6;5;3;3;10;4;6;6;4
CAMHDA301-20230802T121500,2023-08-02T12:15:00+00:00,360.0,5,6.94,7,9,4;4;7;3;5;5;4;4;4
CAMHDA301-20230802T151500,2023-08-02T15:15:00+00:00,600.0,6,8.33,7,9,3;4;4;4;3;7;5;5;6
CAMHDA301-20230802T181500,2023-08-02T18:15:00+00:00,360.0,4,5.56,5,9,3;3;3;2;4;5;2;4;1
CAMHDA301-20230802T211500,2023-08-02T21:15:00+00:00,180.0,6,8.33,6,9,4;6;6;2;0;3;0;0;4
CAMHDA301-20230803T001500,2023-08-03T00:15:00+00:00,240.0,3,4.17,4,9,0;1;3;0;4;1;0;1;2
CAMHDA301-20230803T031500,2023-08-03T03:15:00+00:00,120.0,4,5.56,4,9,4;3;4;3;1;2;1;2;1
CAMHDA301-20230803T061500,2023-08-03T06:15:00+00:00,180.0,3,4.17,6,9,0;3;2;1;6;3;3;1;2
CAMHDA301-20230803T091500,2023-08-03T09:15:00+00:00,360.0,6,8.33,6,9,2;1;1;4;6;6;1;0;1
CAMHDA301-20230803T121500,2023-08-03T12:15:00+00:00,300.0,4,5.56,7,9,1;3;2;4;2;3;4;7;3
CAMHDA301-20230803T151500,2023-08-03T15:15:00+00:00,360.0,12,16.67,15,9,0;0;1;15;12;0;0;0;0
CAMHDA301-20230803T181500,2023-08-03T18:15:00+00:00,540.0,12,16.67,18,9,1;10;18;0;0;0;0;12;0
CAMHDA301-20230803T211500,2023-08-03T21:15:00+00:00,480.0,27,37.5,28,9,16;19;25;18;28;25;27;25;27
CAMHDA301-20230804T001500,2023-08-04T00:15:00+00:00,240.0,8,11.11,12,9,0;12;8;2;0;0;0;4;2
CAMHDA301-20230804T031500,2023-08-04T03:15:00+00:00,180.0,11,15.28,15,9,0;11;10;15;2;0;1;3;8
CAMHDA301-20230804T061500,2023-08-04T06:15:00+00:00,480.0,6,8.33,8,9,0;0;0;3;2;8;6;1;3
CAMHDA301-20230804T091500,2023-08-04T09:15:00+00:00,240.0,6,8.33,10,9,0;3;6;10;1;5;0;0;3
CAMHDA301-20230804T121500,2023-08-04T12:15:00+00:00,180.0,10,13.89,17,9,0;10;17;6;0;0;1;4;0
CAMHDA301-20230804T151500,2023-08-04T15:15:00+00:00,180.0,10,13.89,16,9,0;10;16;2;1;0;0;4;1
CAMHDA301-20230804T181500,2023-08-04T18:15:00+00:00,180.0,11,15.28,32,9,0;11;32;0;0;0;0;4;1
CAMHDA301-20230804T211500,2023-08-04T21:15:00+00:00,420.0,10,13.89,15,9,0;6;9;15;2;10;3;4;7
CAMHDA301-20230808T001500,2023-08-08T00:15:00+00:00,300.0,18,25.0,21,9,0;6;21;18;0;9;2;0;5
CAMHDA301-20230808T031500,2023-08-08T03:15:00+00:00,240.0,9,12.5,20,9,0;7;9;20;2;7;4;2;3
CAMHDA301-20230808T061500,2023-08-08T06:15:00+00:00,180.0,10,13.89,21,9,0;10;21;1;1;0;0;1;9
CAMHDA301-20230808T091500,2023-08-08T09:15:00+00:00,180.0,14,19.44,29,9,0;14;29;10;1;0;1;2;6
CAMHDA301-20230808T121500,2023-08-08T12:15:00+00:00,420.0,10,13.89,14,9,0;6;9;14;2;10;4;0;7
CAMHDA301-20230808T151500,2023-08-08T15:15:00+00:00,240.0,10,13.89,14,9,0;14;10;6;1;0;0;1;10
CAMHDA301-20230808T181500,2023-08-08T18:15:00+00:00,180.0,19,26.39,23,9,0;19;23;12;2;0;0;1;6
CAMHDA301-20230809T211500,2023-08-09T21:15:00+00:00,420.0,14,19.44,19,9,0;7;13;19;2;14;2;3;1
CAMHDA301-20230810T001500,2023-08-10T00:15:00+00:00,120.0,4,5.56,5,9,4;2;5;4;3;2;1;0;0
CAMHDA301-20230810T031500,2023-08-10T03:15:00+00:00,300.0,4,5.56,5,9,2;2;2;4;4;5;0;3;1
CAMHDA301-20230810T061500,2023-08-10T06:15:00+00:00,360.0,13,18.06,13,9,8;10;10;11;13;9;13;11;8
CAMHDA301-20230810T091500,2023-08-10T09:15:00+00:00,120.0,10,13.89,11,9,10;7;8;6;7;7;5;6;11
CAMHDA301-20230810T121500,2023-08-10T12:15:00+00:00,120.0,3,4.17,4,9,3;3;3;2;4;1;2;1;1
CAMHDA301-20230810T151500,2023-08-10T15:15:00+00:00,120.0,0,0.0,0,9,0;0;0;0;0;0;0;0;0
CAMHDA301-20230810T181500,2023-08-10T18:15:00+00:00,300.0,2,2.78,2,9,1;0;1;2;2;1;0;1;0
CAMHDA301-20230810T211500,2023-08-10T21:15:00+00:00,420.0,33,45.83,37,9,13;24;28;37;24;33;23;32;32
CAMHDA301-20210101T031500,2021-01-01T03:15:00+00:00,240.0,4,5.56,5,9,3;2;4;3;3;1;5;2;4
CAMHDA301-20210101T061500,2021-01-01T06:15:00+00:00,240.0,5,6.94,5,9,4;4;5;5;3;3;4;3;3
CAMHDA301-20210101T091500,2021-01-01T09:15:00+00:00,120.0,0,0.0,0,9,0;0;0;0;0;0;0;0;0
CAMHDA301-20210101T121500,2021-01-01T12:15:00+00:00,120.0,0,0.0,0,9,0;0;0;0;0;0;0;0;0
CAMHDA301-20210101T151500,2021-01-01T15:15:00+00:00,120.0,0,0.0,0,9,0;0;0;0;0;0;0;0;0
CAMHDA301-20210101T181500,2021-01-01T18:15:00+00:00,360.0,1,1.39,2,9,0;0;0;0;1;0;1;2;1
CAMHDA301-20210101T211500,2021-01-01T21:15:00+00:00,300.0,2,2.78,4,9,1;0;1;2;4;0;0;0;0
CAMHDA301-20210104T001500,2021-01-04T00:15:00+00:00,120.0,0,0.0,0,9,0;0;0;0;0;0;0;0;0
CAMHDA301-20210104T031500,2021-01-04T03:15:00+00:00,420.0,2,2.78,7,9,0;0;0;0;0;2;2;0;7
CAMHDA301-20210104T061500,2021-01-04T06:15:00+00:00,480.0,3,4.17,4,9,0;0;0;0;0;4;3;1;3
CAMHDA301-20210104T091500,2021-01-04T09:15:00+00:00,420.0,6,8.33,7,9,0;0;0;0;0;6;7;0;3
CAMHDA301-20210104T121500,2021-01-04T12:15:00+00:00,600.0,2,2.78,3,9,0;0;0;0;0;0;3;0;2
CAMHDA301-20210104T151500,2021-01-04T15:15:00+00:00,480.0,1,1.39,2,9,0;0;0;0;0;0;1;0;2
CAMHDA301-20210104T181500,2021-01-04T18:15:00+00:00,540.0,2,2.78,2,9,0;0;0;0;0;0;1;2;2
CAMHDA301-20210104T211500,2021-01-04T21:15:00+00:00,600.0,2,2.78,4,9,0;0;0;0;0;4;0;1;2
CAMHDA301-20210105T001500,2021-01-05T00:15:00+00:00,420.0,2,2.78,4,9,0;0;0;0;0;2;4;2;0
CAMHDA301-20210105T031500,2021-01-05T03:15:00+00:00,600.0,2,2.78,4,9,0;0;0;0;0;4;0;1;2
CAMHDA301-20210105T061500,2021-01-05T06:15:00+00:00,420.0,3,4.17,3,9,0;0;0;0;0;3;2;0;3
CAMHDA301-20210105T091500,2021-01-05T09:15:00+00:00,420.0,2,2.78,4,9,0;0;0;0;0;2;4;0;2
CAMHDA301-20210105T121500,2021-01-05T12:15:00+00:00,420.0,2,2.78,2,9,0;0;0;0;1;2;0;1;2
CAMHDA301-20210105T151500,2021-01-05T15:15:00+00:00,480.0,4,5.56,5,9,0;0;0;0;0;5;4;1;2
CAMHDA301-20210105T181500,2021-01-05T18:15:00+00:00,480.0,2,2.78,4,9,0;0;0;0;0;4;2;1;0
CAMHDA301-20210105T211500,2021-01-05T21:15:00+00:00,360.0,1,1.39,1,9,0;0;0;0;1;0;1;0;0
CAMHDA301-20210106T001500,2021-01-06T00:15:00+00:00,120.0,0,0.0,0,9,0;0;0;0;0;0;0;0;0
CAMHDA301-20210106T031500,2021-01-06T03:15:00+00:00,120.0,0,0.0,1,9,0;0;0;0;0;0;0;1;0
CAMHDA301-20210106T061500,2021-01-06T06:15:00+00:00,420.0,1,1.39,2,9,0;0;0;0;0;1;1;0;2
CAMHDA301-20210106T091500,2021-01-06T09:15:00+00:00,600.0,3,4.17,6,9,0;0;0;0;0;6;2;0;3
CAMHDA301-20210106T121500,2021-01-06T12:15:00+00:00,420.0,1,1.39,2,9,0;0;0;0;0;1;0;0;2
CAMHDA301-20210106T151500,2021-01-06T15:15:00+00:00,120.0,0,0.0,1,9,0;0;0;0;0;0;0;0;1
CAMHDA301-20210106T181500,2021-01-06T18:15:00+00:00,120.0,0,0.0,7,9,0;0;0;0;0;0;0;0;7
CAMHDA301-20210106T211500,2021-01-06T21:15:00+00:00,420.0,3,4.17,3,9,0;0;0;1;0;3;0;1;3
CAMHDA301-20210107T001500,2021-01-07T00:15:00+00:00,540.0,1,1.39,3,9,0;0;0;0;0;3;0;1;0
CAMHDA301-20210107T031500,2021-01-07T03:15:00+00:00,420.0,1,1.39,1,9,0;0;0;0;0;1;0;0;1
CAMHDA301-20210107T061500,2021-01-07T06:15:00+00:00,120.0,0,0.0,0,9,0;0;0;0;0;0;0;0;0
CAMHDA301-20210107T091500,2021-01-07T09:15:00+00:00,120.0,0,0.0,4,9,0;0;0;0;0;4;0;0;0
CAMHDA301-20210107T121500,2021-01-07T12:15:00+00:00,540.0,2,2.78,3,9,0;0;0;0;0;1;3;2;2
CAMHDA301-20210107T151500,2021-01-07T15:15:00+00:00,600.0,2,2.78,5,9,0;1;0;0;0;0;5;0;2
CAMHDA301-20210107T181500,2021-01-07T18:15:00+00:00,480.0,1,1.39,2,9,0;0;0;0;0;0;1;1;2
CAMHDA301-20210107T211500,2021-01-07T21:15:00+00:00,420.0,1,1.39,2,9,0;0;0;0;0;1;0;1;2
CAMHDA301-20210108T001500,2021-01-08T00:15:00+00:00,600.0,4,5.56,7,9,0;0;0;0;0;7;1;1;4
CAMHDA301-20210108T031500,2021-01-08T03:15:00+00:00,600.0,2,2.78,7,9,0;0;0;0;0;7;0;1;2
CAMHDA301-20210108T061500,2021-01-08T06:15:00+00:00,480.0,2,2.78,3,9,0;0;0;0;0;1;2;0;3
CAMHDA301-20210108T091500,2021-01-08T09:15:00+00:00,600.0,3,4.17,4,9,0;0;0;0;0;4;2;0;3
CAMHDA301-20210108T121500,2021-01-08T12:15:00+00:00,600.0,3,4.17,6,9,0;0;0;0;0;2;6;1;3
CAMHDA301-20210108T151500,2021-01-08T15:15:00+00:00,480.0,2,2.78,5,9,0;0;0;0;0;0;2;2;5
CAMHDA301-20210108T181500,2021-01-08T18:15:00+00:00,600.0,2,2.78,4,9,0;0;0;0;0;0;4;0;2
CAMHDA301-20210108T211500,2021-01-08T21:15:00+00:00,420.0,3,4.17,4,9,0;0;0;0;0;3;2;0;4
CAMHDA301-20210111T001500,2021-01-11T00:15:00+00:00,480.0,3,4.17,4,9,0;0;0;0;0;4;3;1;0
CAMHDA301-20210111T031500,2021-01-11T03:15:00+00:00,480.0,4,5.56,5,9,0;0;0;1;0;0;4;2;5
CAMHDA301-20210111T061500,2021-01-11T06:15:00+00:00,480.0,2,2.78,3,9,0;0;0;0;0;0;2;3;2
CAMHDA301-20210111T091500,2021-01-11T09:15:00+00:00,540.0,3,4.17,4,9,0;0;0;0;0;0;4;3;2
CAMHDA301-20210111T121500,2021-01-11T12:15:00+00:00,480.0,4,5.56,5,9,0;0;0;0;0;5;4;0;3
CAMHDA301-20210111T151500,2021-01-11T15:15:00+00:00,120.0,0,0.0,0,9,0;0;0;0;0;0;0;0;0
CAMHDA301-20210111T181500,2021-01-11T18:15:00+00:00,300.0,1,1.39,1,9,0;0;0;1;0;0;1;0;1
CAMHDA301-20210111T211500,2021-01-11T21:15:00+00:00,600.0,1,1.39,3,9,0;0;0;0;0;0;3;0;1
CAMHDA301-20210112T001500,2021-01-12T00:15:00+00:00,420.0,2,2.78,3,9,0;0;0;0;0;2;3;2;2
CAMHDA301-20210112T031500,2021-01-12T03:15:00+00:00,120.0,0,0.0,2,9,0;0;0;0;0;0;0;0;2
CAMHDA301-20210112T061500,2021-01-12T06:15:00+00:00,420.0,3,4.17,4,9,0;0;0;0;0;3;4;0;1
CAMHDA301-20210112T091500,2021-01-12T09:15:00+00:00,480.0,4,5.56,5,9,0;0;0;0;0;5;4;0;2
CAMHDA301-20210112T121500,2021-01-12T12:15:00+00:00,600.0,4,5.56,5,9,0;0;0;0;0;5;0;1;4
CAMHDA301-20210112T151500,2021-01-12T15:15:00+00:00,300.0,1,1.39,1,9,0;0;0;1;0;0;0;1;1
CAMHDA301-20210112T181500,2021-01-12T18:15:00+00:00,120.0,0,0.0,3,9,0;0;0;0;0;3;0;0;0
CAMHDA301-20210112T211500,2021-01-12T21:15:00+00:00,120.0,0,0.0,2,9,0;0;0;0;0;0;2;0;0
CAMHDA301-20210113T001500,2021-01-13T00:15:00+00:00,420.0,2,2.78,2,9,0;0;0;0;0;2;2;0;2
CAMHDA301-20210113T031500,2021-01-13T03:15:00+00:00,480.0,2,2.78,2,9,0;0;0;0;0;1;2;2;2
CAMHDA301-20210113T061500,2021-01-13T06:15:00+00:00,480.0,3,4.17,4,9,0;0;0;0;0;4;3;1;2
CAMHDA301-20210113T091500,2021-01-13T09:15:00+00:00,420.0,2,2.78,2,9,0;0;0;0;0;2;1;2;2
CAMHDA301-20210113T121500,2021-01-13T12:15:00+00:00,120.0,0,0.0,0,9,0;0;0;0;0;0;0;0;0
CAMHDA301-20210113T151500,2021-01-13T15:15:00+00:00,120.0,0,0.0,0,9,0;0;0;0;0;0;0;0;0
CAMHDA301-20210113T181500,2021-01-13T18:15:00+00:00,120.0,0,0.0,0,9,0;0;0;0;0;0;0;0;0
CAMHDA301-20210113T211500,2021-01-13T21:15:00+00:00,120.0,0,0.0,0,9,0;0;0;0;0;0;0;0;0
CAMHDA301-20210114T001500,2021-01-14T00:15:00+00:00,120.0,0,0.0,0,9,0;0;0;0;0;0;0;0;0
CAMHDA301-20210114T031500,2021-01-14T03:15:00+00:00,120.0,0,0.0,0,9,0;0;0;0;0;0;0;0;0
CAMHDA301-20210114T061500,2021-01-14T06:15:00+00:00,120.0,0,0.0,0,9,0;0;0;0;0;0;0;0;0
CAMHDA301-20210114T091500,2021-01-14T09:15:00+00:00,120.0,0,0.0,0,9,0;0;0;0;0;0;0;0;0
CAMHDA301-20210114T121500,2021-01-14T12:15:00+00:00,120.0,0,0.0,0,9,0;0;0;0;0;0;0;0;0
CAMHDA301-20210114T151500,2021-01-14T15:15:00+00:00,120.0,0,0.0,0,9,0;0;0;0;0;0;0;0;0
CAMHDA301-20210114T181500,2021-01-14T18:15:00+00:00,120.0,0,0.0,0,9,0;0;0;0;0;0;0;0;0
CAMHDA301-20210114T211500,2021-01-14T21:15:00+00:00,120.0,0,0.0,0,9,0;0;0;0;0;0;0;0;0
CAMHDA301-20210115T001500,2021-01-15T00:15:00+00:00,120.0,0,0.0,0,9,0;0;0;0;0;0;0;0;0
CAMHDA301-20210115T031500,2021-01-15T03:15:00+00:00,120.0,0,0.0,0,9,0;0;0;0;0;0;0;0;0
CAMHDA301-20210115T061500,2021-01-15T06:15:00+00:00,120.0,0,0.0,0,9,0;0;0;0;0;0;0;0;0
CAMHDA301-20210115T091500,2021-01-15T09:15:00+00:00,120.0,0,0.0,0,9,0;0;0;0;0;0;0;0;0
CAMHDA301-20210115T121500,2021-01-15T12:15:00+00:00,120.0,0,0.0,0,9,0;0;0;0;0;0;0;0;0
CAMHDA301-20210115T151500,2021-01-15T15:15:00+00:00,120.0,0,0.0,0,9,0;0;0;0;0;0;0;0;0
CAMHDA301-20210115T181500,2021-01-15T18:15:00+00:00,120.0,0,0.0,0,9,0;0;0;0;0;0;0;0;0
CAMHDA301-20210115T211500,2021-01-15T21:15:00+00:00,480.0,3,4.17,4,9,0;0;0;0;0;4;3;0;3
CAMHDA301-20210118T001500,2021-01-18T00:15:00+00:00,420.0,2,2.78,5,9,0;0;0;0;0;2;1;1;5
CAMHDA301-20210118T031500,2021-01-18T03:15:00+00:00,120.0,0,0.0,1,9,0;0;0;0;0;0;1;0;0
CAMHDA301-20210118T061500,2021-01-18T06:15:00+00:00,120.0,0,0.0,1,9,0;0;0;1;0;0;0;0;0
CAMHDA301-20210118T091500,2021-01-18T09:15:00+00:00,120.0,0,0.0,0,9,0;0;0;0;0;0;0;0;0
CAMHDA301-20210118T121500,2021-01-18T12:15:00+00:00,420.0,2,2.78,3,9,0;0;0;0;0;2;1;3;1
CAMHDA301-20210118T151500,2021-01-18T15:15:00+00:00,420.0,1,1.39,2,9,0;0;0;0;0;1;1;0;2
CAMHDA301-20210118T181500,2021-01-18T18:15:00+00:00,600.0,5,6.94,6,9,0;0;0;1;0;2;6;0;5
CAMHDA301-20210118T211500,2021-01-18T21:15:00+00:00,120.0,0,0.0,3,9,0;0;0;0;0;3;0;0;0
CAMHDA301-20210119T001500,2021-01-19T00:15:00+00:00,120.0,0,0.0,1,9,0;0;0;0;0;0;1;0;0
CAMHDA301-20210119T031500,2021-01-19T03:15:00+00:00,420.0,1,1.39,2,9,0;0;0;0;0;1;0;1;2
CAMHDA301-20210119T061500,2021-01-19T06:15:00+00:00,420.0,2,2.78,2,9,0;0;0;0;0;2;1;2;1
CAMHDA301-20210119T091500,2021-01-19T09:15:00+00:00,540.0,1,1.39,4,9,0;0;0;0;0;4;0;1;1
CAMHDA301-20210119T121500,2021-01-19T12:15:00+00:00,420.0,3,4.17,4,9,0;0;0;0;0;3;0;1;4
CAMHDA301-20210119T151500,2021-01-19T15:15:00+00:00,120.0,0,0.0,0,9,0;0;0;0;0;0;0;0;0
CAMHDA301-20210119T181500,2021-01-19T18:15:00+00:00,120.0,0,0.0,3,9,0;0;0;0;0;3;0;0;0
CAMHDA301-20210119T211500,2021-01-19T21:15:00+00:00,300.0,1,1.39,3,9,0;0;0;1;0;3;0;0;0
CAMHDA301-20210120T001500,2021-01-20T00:15:00+00:00,120.0,5,6.94,5,9,5;5;2;3;2;2;1;1;1
CAMHDA301-20210120T031500,2021-01-20T03:15:00+00:00,120.0,0,0.0,0,9,0;0;0;0;0;0;0;0;0
CAMHDA301-20210120T061500,2021-01-20T06:15:00+00:00,360.0,4,5.56,5,9,2;2;3;5;4;0;0;2;4
CAMHDA301-20210120T091500,2021-01-20T09:15:00+00:00,120.0,0,0.0,1,9,0;0;1;0;0;0;0;0;0
CAMHDA301-20210120T121500,2021-01-20T12:15:00+00:00,120.0,0,0.0,1,9,0;0;1;0;0;0;0;0;0
CAMHDA301-20210120T151500,2021-01-20T15:15:00+00:00,120.0,1,1.39,2,9,1;0;0;1;1;1;0;1;2
CAMHDA301-20210120T181500,2021-01-20T18:15:00+00:00,120.0,0,0.0,0,9,0;0;0;0;0;0;0;0;0
CAMHDA301-20210120T211500,2021-01-20T21:15:00+00:00,600.0,1,1.39,6,9,0;6;0;0;0;0;0;0;1
CAMHDA301-20210121T001500,2021-01-21T00:15:00+00:00,600.0,4,5.56,5,9,0;0;0;0;1;5;2;1;4
CAMHDA301-20210121T031500,2021-01-21T03:15:00+00:00,600.0,5,6.94,6,9,0;0;0;0;0;6;4;1;5
CAMHDA301-20210121T061500,2021-01-21T06:15:00+00:00,420.0,4,5.56,4,9,0;0;0;0;0;4;1;0;4
CAMHDA301-20210121T091500,2021-01-21T09:15:00+00:00,420.0,4,5.56,5,9,0;0;0;0;0;4;1;1;5
CAMHDA301-20210121T121500,2021-01-21T12:15:00+00:00,420.0,4,5.56,4,9,0;0;0;0;0;4;2;2;4
CAMHDA301-20210121T151500,2021-01-21T15:15:00+00:00,420.0,3,4.17,3,9,0;0;0;0;0;3;2;3;2
CAMHDA301-20210121T181500,2021-01-21T18:15:00+00:00,180.0,1,1.39,3,9,0;1;0;0;0;1;3;0;1
CAMHDA301-20210121T211500,2021-01-21T21:15:00+00:00,420.0,4,5.56,6,9,0;0;0;0;0;4;2;2;6
CAMHDA301-20210122T001500,2021-01-22T00:15:00+00:00,600.0,2,2.78,4,9,0;0;0;1;0;4;1;0;2
CAMHDA301-20210122T031500,2021-01-22T03:15:00+00:00,540.0,1,1.39,2,9,0;0;0;0;0;0;0;1;2
CAMHDA301-20210122T061500,2021-01-22T06:15:00+00:00,540.0,2,2.78,3,9,0;0;0;0;0;0;0;2;3
CAMHDA301-20210122T091500,2021-01-22T09:15:00+00:00,120.0,0,0.0,1,9,0;0;0;0;0;0;0;0;1
CAMHDA301-20210122T121500,2021-01-22T12:15:00+00:00,120.0,0,0.0,0,9,0;0;0;0;0;0;0;0;0
CAMHDA301-20210122T151500,2021-01-22T15:15:00+00:00,120.0,0,0.0,1,9,0;0;0;0;0;1;0;0;0
CAMHDA301-20210122T181500,2021-01-22T18:15:00+00:00,120.0,0,0.0,4,9,0;0;0;0;0;4;0;0;0
CAMHDA301-20210122T211500,2021-01-22T21:15:00+00:00,480.0,1,1.39,2,9,0;0;0;0;0;2;1;0;0
CAMHDA301-20210125T001500,2021-01-25T00:15:00+00:00,600.0,4,5.56,6,9,0;0;0;1;0;6;0;0;4
CAMHDA301-20210125T031500,2021-01-25T03:15:00+00:00,480.0,1,1.39,3,9,0;0;0;0;0;3;1;1;1
CAMHDA301-20210125T061500,2021-01-25T06:15:00+00:00,600.0,3,4.17,5,9,0;0;0;0;0;5;1;1;3
CAMHDA301-20210125T091500,2021-01-25T09:15:00+00:00,480.0,1,1.39,3,9,0;0;0;0;0;3;1;1;1
CAMHDA301-20210125T121500,2021-01-25T12:15:00+00:00,120.0,0,0.0,0,9,0;0;0;0;0;0;0;0;0
CAMHDA301-20210125T151500,2021-01-25T15:15:00+00:00,420.0,1,1.39,7,9,0;0;0;0;0;1;7;0;1
CAMHDA301-20210125T181500,2021-01-25T18:15:00+00:00,540.0,1,1.39,4,9,0;0;0;0;0;0;4;1;0
CAMHDA301-20210125T211500,2021-01-25T21:15:00+00:00,420.0,3,4.17,4,9,0;0;0;0;0;3;2;2;4
CAMHDA301-20210126T001500,2021-01-26T00:15:00+00:00,420.0,4,5.56,5,9,0;0;0;0;0;4;4;1;5
CAMHDA301-20210126T031500,2021-01-26T03:15:00+00:00,420.0,3,4.17,5,9,0;0;0;0;0;3;0;1;5
CAMHDA301-20210126T061500,2021-01-26T06:15:00+00:00,420.0,3,4.17,8,9,0;0;0;0;0;3;1;2;8
CAMHDA301-20210126T091500,2021-01-26T09:15:00+00:00,600.0,2,2.78,5,9,0;0;0;0;0;5;0;1;2
CAMHDA301-20210126T121500,2021-01-26T12:15:00+00:00,600.0,3,4.17,6,9,0;0;0;0;0;6;2;1;3
CAMHDA301-20210126T151500,2021-01-26T15:15:00+00:00,300.0,1,1.39,3,9,0;0;0;1;0;3;1;0;0
CAMHDA301-20210126T181500,2021-01-26T18:15:00+00:00,120.0,0,0.0,0,9,0;0;0;0;0;0;0;0;0
CAMHDA301-20210126T211500,2021-01-26T21:15:00+00:00,600.0,4,5.56,6,9,0;0;0;0;0;3;6;0;4
CAMHDA301-20210127T001500,2021-01-27T00:15:00+00:00,600.0,4,5.56,6,9,0;0;0;0;0;6;3;0;4
CAMHDA301-20210127T031500,2021-01-27T03:15:00+00:00,480.0,3,4.17,5,9,0;0;0;0;0;5;3;0;3
CAMHDA301-20210127T061500,2021-01-27T06:15:00+00:00,420.0,3,4.17,4,9,0;0;0;0;0;3;2;1;4
CAMHDA301-20210127T091500,2021-01-27T09:15:00+00:00,420.0,4,5.56,4,9,0;0;0;0;0;4;4;2;2
CAMHDA301-20210127T121500,2021-01-27T12:15:00+00:00,420.0,2,2.78,2,9,0;0;0;0;0;2;2;1;2
CAMHDA301-20210127T151500,2021-01-27T15:15:00+00:00,300.0,2,2.78,4,9,0;0;0;2;0;4;1;1;2
CAMHDA301-20210127T181500,2021-01-27T18:15:00+00:00,420.0,3,4.17,5,9,0;0;0;0;0;3;2;1;5
CAMHDA301-20210127T211500,2021-01-27T21:15:00+00:00,120.0,0,0.0,0,9,0;0;0;0;0;0;0;0;0
CAMHDA301-20210128T001500,2021-01-28T00:15:00+00:00,420.0,4,5.56,5,9,0;0;0;0;0;4;5;1;4
CAMHDA301-20210128T031500,2021-01-28T03:15:00+00:00,420.0,3,4.17,5,9,0;0;0;0;0;3;0;1;5
CAMHDA301-20210128T061500,2021-01-28T06:15:00+00:00,420.0,4,5.56,5,9,0;0;0;0;0;4;0;4;5
CAMHDA301-20210128T091500,2021-01-28T09:15:00+00:00,600.0,2,2.78,8,9,0;0;0;0;0;8;1;0;2
CAMHDA301-20210128T121500,2021-01-28T12:15:00+00:00,600.0,3,4.17,4,9,0;0;0;0;0;4;1;1;3
CAMHDA301-20210128T151500,2021-01-28T15:15:00+00:00,600.0,4,5.56,6,9,0;0;0;0;0;0;6;1;4
CAMHDA301-20210128T181500,2021-01-28T18:15:00+00:00,120.0,0,0.0,1,9,0;0;0;0;0;0;1;0;0
CAMHDA301-20210128T211500,2021-01-28T21:15:00+00:00,120.0,0,0.0,2,9,0;0;0;0;0;0;0;2;0
CAMHDA301-20210129T001500,2021-01-29T00:15:00+00:00,600.0,3,4.17,6,9,0;0;0;0;0;6;1;0;3
CAMHDA301-20210129T031500,2021-01-29T03:15:00+00:00,420.0,3,4.17,3,9,0;0;0;0;0;3;2;3;2
CAMHDA301-20210129T061500,2021-01-29T06:15:00+00:00,420.0,4,5.56,4,9,0;0;0;0;0;4;4;2;3
CAMHDA301-20210129T091500,2021-01-29T09:15:00+00:00,480.0,1,1.39,2,9,0;0;0;0;0;2;1;0;0
CAMHDA301-20210129T121500,2021-01-29T12:15:00+00:00,420.0,5,6.94,6,9,0;0;0;0;0;5;4;0;6
CAMHDA301-20210129T151500,2021-01-29T15:15:00+00:00,300.0,3,4.17,5,9,0;0;0;3;0;5;2;1;3
CAMHDA301-20210129T181500,2021-01-29T18:15:00+00:00,120.0,0,0.0,4,9,0;0;0;0;0;0;0;0;4
CAMHDA301-20210129T211500,2021-01-29T21:15:00+00:00,420.0,2,2.78,3,9,0;0;0;0;0;2;3;0;0
CAMHDA301-20210201T031500,2021-02-01T03:15:00+00:00,420.0,6,8.33,7,9,5;4;1;7;4;6;4;3;4
CAMHDA301-20210201T061500,2021-02-01T06:15:00+00:00,240.0,6,8.33,7,9,7;5;6;2;4;2;4;5;3
CAMHDA301-20210201T091500,2021-02-01T09:15:00+00:00,120.0,0,0.0,0,9,0;0;0;0;0;0;0;0;0
CAMHDA301-20210201T121500,2021-02-01T12:15:00+00:00,120.0,0,0.0,0,9,0;0;0;0;0;0;0;0;0
CAMHDA301-20210201T151500,2021-02-01T15:15:00+00:00,120.0,0,0.0,0,9,0;0;0;0;0;0;0;0;0
CAMHDA301-20210201T181500,2021-02-01T18:15:00+00:00,120.0,0,0.0,1,9,0;0;0;1;0;0;0;0;0
CAMHDA301-20210201T211500,2021-02-01T21:15:00+00:00,180.0,1,1.39,1,9,0;1;1;0;0;0;0;0;0
CAMHDA301-20210202T001500,2021-02-02T00:15:00+00:00,120.0,0,0.0,0,9,0;0;0;0;0;0;0;0;0
CAMHDA301-20210202T031500,2021-02-02T03:15:00+00:00,120.0,7,9.72,7,9,7;3;4;6;7;4;7;6;6
CAMHDA301-20210202T061500,2021-02-02T06:15:00+00:00,120.0,4,5.56,5,9,4;1;4;3;4;5;2;1;3
CAMHDA301-20210202T091500,2021-02-02T09:15:00+00:00,240.0,5,6.94,6,9,4;2;5;4;4;4;5;2;6
CAMHDA301-20210202T121500,2021-02-02T12:15:00+00:00,120.0,1,1.39,2,9,1;1;1;0;1;1;2;1;1
CAMHDA301-20210202T151500,2021-02-02T15:15:00+00:00,120.0,1,1.39,2,9,1;0;1;0;0;0;0;0;2
CAMHDA301-20210202T181500,2021-02-02T18:15:00+00:00,360.0,2,2.78,2,9,0;0;1;1;2;1;1;2;1
CAMHDA301-20210202T211500,2021-02-02T21:15:00+00:00,120.0,1,1.39,1,9,1;0;0;0;1;0;0;1;0
CAMHDA301-20210203T001500,2021-02-03T00:15:00+00:00,360.0,1,1.39,2,9,0;0;0;0;1;2;0;0;0
CAMHDA301-20210203T031500,2021-02-03T03:15:00+00:00,240.0,3,4.17,4,9,4;0;3;2;2;2;2;3;3
CAMHDA301-20210203T061500,2021-02-03T06:15:00+00:00,120.0,0,0.0,0,9,0;0;0;0;0;0;0;0;0
CAMHDA301-20210203T091500,2021-02-03T09:15:00+00:00,120.0,0,0.0,0,9,0;0;0;0;0;0;0;0;0
CAMHDA301-20210203T121500,2021-02-03T12:15:00+00:00,120.0,0,0.0,0,9,0;0;0;0;0;0;0;0;0
CAMHDA301-20210203T151500,2021-02-03T15:15:00+00:00,180.0,11,15.28,13,9,13;11;6;8;9;7;5;7;6
CAMHDA301-20210203T181500,2021-02-03T18:15:00+00:00,360.0,16,22.22,18,9,11;11;6;12;16;16;13;15;18
CAMHDA301-20210203T211500,2021-02-03T21:15:00+00:00,120.0,15,20.83,15,9,15;14;15;12;14;10;11;9;12
CAMHDA301-20210204T001500,2021-02-04T00:15:00+00:00,480.0,3,4.17,5,9,0;0;0;0;0;5;3;0;2
CAMHDA301-20210204T031500,2021-02-04T03:15:00+00:00,300.0,1,1.39,7,9,0;0;0;1;0;7;0;0;1
CAMHDA301-20210204T061500,2021-02-04T06:15:00+00:00,420.0,5,6.94,9,9,0;0;0;0;0;5;3;3;9
CAMHDA301-20210204T091500,2021-02-04T09:15:00+00:00,480.0,2,2.78,8,9,0;0;0;0;0;8;2;0;0
CAMHDA301-20210204T121500,2021-02-04T12:15:00+00:00,420.0,4,5.56,4,9,0;3;0;0;0;4;4;1;1
CAMHDA301-20210208T031500,2021-02-08T03:15:00+00:00,600.0,3,4.17,5,9,0;0;0;0;0;5;2;2;3
CAMHDA301-20210208T061500,2021-02-08T06:15:00+00:00,480.0,2,2.78,6,9,0;0;0;0;0;6;2;1;2
CAMHDA301-20210208T091500,2021-02-08T09:15:00+00:00,480.0,1,1.39,1,9,0;0;0;0;0;0;1;0;1
CAMHDA301-20210208T121500,2021-02-08T12:15:00+00:00,480.0,2,2.78,2,9,0;0;0;0;0;0;2;0;2
CAMHDA301-20210208T151500,2021-02-08T15:15:00+00:00,420.0,1,1.39,2,9,0;0;0;0;0;1;0;0;2
CAMHDA301-20210208T181500,2021-02-08T18:15:00+00:00,480.0,2,2.78,6,9,0;0;0;0;0;6;2;0;2
CAMHDA301-20210208T211500,2021-02-08T21:15:00+00:00,480.0,4,5.56,8,9,0;0;0;0;0;8;4;3;0
CAMHDA301-20210209T001500,2021-02-09T00:15:00+00:00,540.0,2,2.78,6,9,0;0;0;0;0;6;1;2;1
CAMHDA301-20210209T031500,2021-02-09T03:15:00+00:00,600.0,2,2.78,7,9,0;0;0;0;0;7;0;1;2
CAMHDA301-20210209T061500,2021-02-09T06:15:00+00:00,420.0,3,4.17,4,9,0;0;0;0;0;3;4;0;0
CAMHDA301-20210209T091500,2021-02-09T09:15:00+00:00,420.0,1,1.39,4,9,0;0;0;0;0;1;1;0;4
CAMHDA301-20210209T121500,2021-02-09T12:15:00+00:00,600.0,1,1.39,2,9,0;0;0;0;0;2;0;0;1
CAMHDA301-20210209T151500,2021-02-09T15:15:00+00:00,540.0,1,1.39,2,9,0;0;0;0;0;2;0;1;0
CAMHDA301-20210209T181500,2021-02-09T18:15:00+00:00,120.0,0,0.0,1,9,0;0;0;0;0;0;1;0;0
CAMHDA301-20210209T211500,2021-02-09T21:15:00+00:00,120.0,0,0.0,1,9,0;0;0;0;0;0;1;0;0
CAMHDA301-20210210T001500,2021-02-10T00:15:00+00:00,120.0,3,4.17,4,9,3;3;1;2;2;3;1;1;4
CAMHDA301-20210210T031500,2021-02-10T03:15:00+00:00,120.0,0,0.0,0,9,0;0;0;0;0;0;0;0;0
CAMHDA301-20210210T061500,2021-02-10T06:15:00+00:00,360.0,1,1.39,1,9,0;0;0;0;1;1;1;1;1
CAMHDA301-20210210T091500,2021-02-10T09:15:00+00:00,300.0,5,6.94,6,9,3;4;3;5;3;4;3;6;1
CAMHDA301-20210210T121500,2021-02-10T12:15:00+00:00,300.0,2,2.78,3,9,1;3;1;2;1;1;0;1;1
CAMHDA301-20210210T151500,2021-02-10T15:15:00+00:00,120.0,0,0.0,1,9,0;0;0;1;0;0;0;0;0
CAMHDA301-20210210T181500,2021-02-10T18:15:00+00:00,120.0,0,0.0,0,9,0;0;0;0;0;0;0;0;0
CAMHDA301-20210210T211500,2021-02-10T21:15:00+00:00,540.0,4,5.56,5,9,1;2;0;2;0;1;0;4;5
CAMHDA301-20210211T001500,2021-02-11T00:15:00+00:00,480.0,2,2.78,11,9,0;0;0;0;0;11;2;2;1
CAMHDA301-20210211T031500,2021-02-11T03:15:00+00:00,600.0,2,2.78,7,9,0;0;0;0;0;7;1;0;2
CAMHDA301-20210211T061500,2021-02-11T06:15:00+00:00,480.0,4,5.56,7,9,0;0;0;0;0;7;4;2;2
CAMHDA301-20210211T091500,2021-02-11T09:15:00+00:00,120.0,0,0.0,5,9,0;0;0;0;0;5;0;0;0
CAMHDA301-20210211T121500,2021-02-11T12:15:00+00:00,420.0,2,2.78,7,9,0;0;0;0;0;2;2;0;7
CAMHDA301-20210211T151500,2021-02-11T15:15:00+00:00,420.0,4,5.56,4,9,0;0;0;0;0;4;4;1;4
CAMHDA301-20210211T181500,2021-02-11T18:15:00+00:00,480.0,2,2.78,3,9,0;0;0;0;0;0;2;0;3
CAMHDA301-20210211T211500,2021-02-11T21:15:00+00:00,180.0,1,1.39,3,9,0;1;0;0;1;0;3;0;1
CAMHDA301-20210212T001500,2021-02-12T00:15:00+00:00,480.0,1,1.39,2,9,0;0;0;0;0;2;1;1;1
CAMHDA301-20210212T031500,2021-02-12T03:15:00+00:00,480.0,1,1.39,2,9,0;0;0;0;0;2;1;1;0
CAMHDA301-20210212T061500,2021-02-12T06:15:00+00:00,420.0,3,4.17,4,9,0;0;0;0;0;3;4;2;1
CAMHDA301-20210212T091500,2021-02-12T09:15:00+00:00,420.0,5,6.94,7,9,0;0;0;0;0;5;0;0;7
CAMHDA301-20210212T121500,2021-02-12T12:15:00+00:00,480.0,5,6.94,11,9,0;0;0;0;0;11;5;1;4
CAMHDA301-20210212T151500,2021-02-12T15:15:00+00:00,600.0,4,5.56,5,9,0;0;0;0;0;3;5;2;4
CAMHDA301-20210212T181500,2021-02-12T18:15:00+00:00,480.0,1,1.39,10,9,0;0;0;0;0;10;1;0;0
CAMHDA301-20210212T211500,2021-02-12T21:15:00+00:00,540.0,1,1.39,2,9,0;0;0;0;0;0;0;1;2
CAMHDA301-20210215T001500,2021-02-15T00:15:00+00:00,480.0,1,1.39,3,9,0;0;0;0;0;3;1;1;0
CAMHDA301-20210215T031500,2021-02-15T03:15:00+00:00,540.0,2,2.78,3,9,0;0;0;0;0;3;0;2;1
CAMHDA301-20210215T061500,2021-02-15T06:15:00+00:00,480.0,5,6.94,5,9,0;0;0;0;0;3;5;2;5
CAMHDA301-20210215T091500,2021-02-15T09:15:00+00:00,540.0,3,4.17,3,9,0;0;0;0;0;1;0;3;3
CAMHDA301-20210215T121500,2021-02-15T12:15:00+00:00,480.0,3,4.17,4,9,0;0;0;4;0;2;3;0;1
CAMHDA301-20210215T151500,2021-02-15T15:15:00+00:00,180.0,4,5.56,5,9,0;4;0;0;0;5;0;4;3
CAMHDA301-20210215T181500,2021-02-15T18:15:00+00:00,480.0,3,4.17,4,9,0;0;0;0;0;4;3;1;2
CAMHDA301-20210215T211500,2021-02-15T21:15:00+00:00,180.0,4,5.56,4,9,0;4;0;0;0;3;2;2;4
CAMHDA301-20210216T001500,2021-02-16T00:15:00+00:00,420.0,4,5.56,8,9,0;0;0;0;0;4;8;0;2
CAMHDA301-20210216T031500,2021-02-16T03:15:00+00:00,480.0,2,2.78,7,9,0;0;0;0;0;7;2;1;2
CAMHDA301-20210216T061500,2021-02-16T06:15:00+00:00,420.0,2,2.78,2,9,0;0;0;0;0;2;1;2;2
CAMHDA301-20210216T091500,2021-02-16T09:15:00+00:00,420.0,5,6.94,5,9,0;0;0;0;0;5;2;0;5
CAMHDA301-20210216T121500,2021-02-16T12:15:00+00:00,600.0,3,4.17,4,9,0;0;0;0;0;2;4;0;3
CAMHDA301-20210216T151500,2021-02-16T15:15:00+00:00,420.0,4,5.56,4,9,0;0;0;0;0;4;2;4;2
CAMHDA301-20210216T181500,2021-02-16T18:15:00+00:00,420.0,4,5.56,4,9,0;0;0;1;0;4;3;4;2
CAMHDA301-20210216T211500,2021-02-16T21:15:00+00:00,120.0,0,0.0,2,9,0;0;0;0;0;0;2;0;0
CAMHDA301-20210217T001500,2021-02-17T00:15:00+00:00,120.0,0,0.0,0,9,0;0;0;0;0;0;0;0;0
CAMHDA301-20210217T031500,2021-02-17T03:15:00+00:00,420.0,3,4.17,4,9,0;0;0;0;0;3;2;4;3
CAMHDA301-20210217T061500,2021-02-17T06:15:00+00:00,420.0,2,2.78,4,9,0;0;0;0;0;2;1;0;4
CAMHDA301-20210217T091500,2021-02-17T09:15:00+00:00,300.0,1,1.39,2,9,0;0;0;1;0;2;0;0;0
CAMHDA301-20210217T121500,2021-02-17T12:15:00+00:00,420.0,4,5.56,6,9,0;0;0;0;0;4;6;3;2
CAMHDA301-20210217T151500,2021-02-17T15:15:00+00:00,600.0,4,5.56,5,9,0;0;0;0;0;5;0;2;4
CAMHDA301-20210217T181500,2021-02-17T18:15:00+00:00,600.0,3,4.17,8,9,0;0;0;0;0;8;2;2;3
CAMHDA301-20210217T211500,2021-02-17T21:15:00+00:00,540.0,3,4.17,6,9,0;0;0;0;0;6;2;3;2
CAMHDA301-20210218T001500,2021-02-18T00:15:00+00:00,120.0,0,0.0,3,9,0;0;0;0;0;0;0;3;0
CAMHDA301-20210218T031500,2021-02-18T03:15:00+00:00,420.0,3,4.17,4,9,0;0;0;0;0;3;4;1;0
CAMHDA301-20210218T061500,2021-02-18T06:15:00+00:00,420.0,3,4.17,3,9,0;0;0;1;0;3;0;0;3
CAMHDA301-20210218T091500,2021-02-18T09:15:00+00:00,420.0,3,4.17,3,9,0;0;0;0;0;3;1;1;3
CAMHDA301-20210218T121500,2021-02-18T12:15:00+00:00,480.0,5,6.94,5,9,0;0;0;0;0;4;5;2;5
CAMHDA301-20210218T151500,2021-02-18T15:15:00+00:00,480.0,4,5.56,7,9,0;0;0;0;0;7;4;1;4
CAMHDA301-20210218T181500,2021-02-18T18:15:00+00:00,600.0,1,1.39,3,9,0;0;0;0;0;3;0;0;1
CAMHDA301-20210218T211500,2021-02-18T21:15:00+00:00,480.0,2,2.78,9,9,0;0;0;0;0;9;2;2;2
CAMHDA301-20210219T001500,2021-02-19T00:15:00+00:00,600.0,2,2.78,5,9,0;0;0;0;0;5;1;0;2
CAMHDA301-20210219T031500,2021-02-19T03:15:00+00:00,420.0,4,5.56,4,9,0;0;0;0;0;4;4;1;3
CAMHDA301-20210219T061500,2021-02-19T06:15:00+00:00,600.0,3,4.17,5,9,0;0;0;0;0;5;1;1;3
CAMHDA301-20210219T091500,2021-02-19T09:15:00+00:00,420.0,2,2.78,2,9,0;0;0;0;0;2;0;0;2
CAMHDA301-20210219T121500,2021-02-19T12:15:00+00:00,120.0,0,0.0,0,9,0;0;0;0;0;0;0;0;0
CAMHDA301-20210219T151500,2021-02-19T15:15:00+00:00,300.0,3,4.17,3,9,0;0;0;3;0;0;1;1;3
CAMHDA301-20210219T181500,2021-02-19T18:15:00+00:00,480.0,1,1.39,2,9,0;0;0;0;0;2;1;0;1
CAMHDA301-20210219T211500,2021-02-19T21:15:00+00:00,420.0,3,4.17,3,9,0;0;0;1;0;3;1;3;2
CAMHDA301-20210222T001500,2021-02-22T00:15:00+00:00,420.0,6,8.33,6,9,0;0;0;0;0;6;6;1;0
CAMHDA301-20210222T031500,2021-02-22T03:15:00+00:00,480.0,1,1.39,5,9,0;0;0;0;0;5;1;0;0
CAMHDA301-20210222T061500,2021-02-22T06:15:00+00:00,600.0,3,4.17,5,9,0;0;0;0;0;5;0;0;3
CAMHDA301-20210222T091500,2021-02-22T09:15:00+00:00,420.0,2,2.78,2,9,0;0;0;0;0;2;2;2;1
CAMHDA301-20210222T121500,2021-02-22T12:15:00+00:00,420.0,3,4.17,3,9,0;0;0;0;0;3;3;1;0
CAMHDA301-20210222T151500,2021-02-22T15:15:00+00:00,120.0,0,0.0,2,9,0;0;0;0;0;2;0;0;0
CAMHDA301-20210222T181500,2021-02-22T18:15:00+00:00,600.0,2,2.78,3,9,0;0;0;1;0;3;1;0;2
CAMHDA301-20210222T211500,2021-02-22T21:15:00+00:00,300.0,2,2.78,8,9,0;0;0;2;0;8;2;1;1
CAMHDA301-20210223T001500,2021-02-23T00:15:00+00:00,480.0,2,2.78,5,9,0;0;0;0;0;5;2;1;0
CAMHDA301-20210223T031500,2021-02-23T03:15:00+00:00,300.0,1,1.39,10,9,0;0;0;1;0;10;1;1;0
CAMHDA301-20210223T061500,2021-02-23T06:15:00+00:00,420.0,3,4.17,3,9,0;0;0;0;0;3;2;3;2
CAMHDA301-20210223T091500,2021-02-23T09:15:00+00:00,600.0,2,2.78,6,9,0;0;0;0;0;6;0;0;2
CAMHDA301-20210223T121500,2021-02-23T12:15:00+00:00,540.0,2,2.78,5,9,0;0;0;0;0;5;1;2;2
CAMHDA301-20210223T151500,2021-02-23T15:15:00+00:00,420.0,4,5.56,4,9,0;0;0;0;0;4;1;0;4
CAMHDA301-20210223T181500,2021-02-23T18:15:00+00:00,600.0,6,8.33,7,9,0;0;0;0;0;7;1;1;6
CAMHDA301-20210223T211500,2021-02-23T21:15:00+00:00,600.0,2,2.78,4,9,0;0;0;0;0;4;0;0;2
CAMHDA301-20210224T001500,2021-02-24T00:15:00+00:00,420.0,3,4.17,3,9,0;0;0;0;0;3;1;0;3
CAMHDA301-20210224T031500,2021-02-24T03:15:00+00:00,480.0,3,4.17,5,9,0;0;0;0;0;5;3;0;2
CAMHDA301-20210224T061500,2021-02-24T06:15:00+00:00,540.0,4,5.56,5,9,0;0;0;0;0;5;0;4;3
CAMHDA301-20210224T091500,2021-02-24T09:15:00+00:00,300.0,1,1.39,3,9,0;0;0;1;0;3;0;1;1
CAMHDA301-20210224T121500,2021-02-24T12:15:00+00:00,600.0,5,6.94,8,9,0;0;0;0;0;8;4;1;5
CAMHDA301-20210224T151500,2021-02-24T15:15:00+00:00,420.0,1,1.39,2,9,0;0;0;0;0;1;0;0;2
CAMHDA301-20210224T181500,2021-02-24T18:15:00+00:00,540.0,4,5.56,4,9,0;0;0;0;0;1;1;4;4
CAMHDA301-20210224T211500,2021-02-24T21:15:00+00:00,420.0,3,4.17,3,9,0;0;0;1;0;3;3;3;1
CAMHDA301-20210225T001500,2021-02-25T00:15:00+00:00,300.0,2,2.78,3,9,0;0;0;2;0;2;3;2;2
CAMHDA301-20210225T031500,2021-02-25T03:15:00+00:00,420.0,4,5.56,4,9,0;0;0;1;0;4;4;2;2
CAMHDA301-20210225T061500,2021-02-25T06:15:00+00:00,120.0,0,0.0,0,9,0;0;0;0;0;0;0;0;0
CAMHDA301-20210225T091500,2021-02-25T09:15:00+00:00,480.0,3,4.17,6,9,0;0;0;0;0;6;3;2;1
CAMHDA301-20210225T121500,2021-02-25T12:15:00+00:00,480.0,2,2.78,3,9,0;0;0;0;0;3;2;1;1
CAMHDA301-20210225T151500,2021-02-25T15:15:00+00:00,480.0,3,4.17,4,9,0;0;0;0;0;4;3;3;1
CAMHDA301-20210225T181500,2021-02-25T18:15:00+00:00,480.0,1,1.39,5,9,0;0;0;0;0;0;1;0;5
CAMHDA301-20210225T211500,2021-02-25T21:15:00+00:00,480.0,4,5.56,7,9,0;1;0;0;0;0;4;4;7
CAMHDA301-20210226T001500,2021-02-26T00:15:00+00:00,600.0,5,6.94,6,9,0;0;0;2;0;6;0;0;5
CAMHDA301-20210226T031500,2021-02-26T03:15:00+00:00,300.0,2,2.78,2,9,0;0;0;2;0;2;2;1;1
CAMHDA301-20210226T061500,2021-02-26T06:15:00+00:00,480.0,5,6.94,5,9,0;0;0;0;0;0;5;1;5
CAMHDA301-20210226T091500,2021-02-26T09:15:00+00:00,420.0,5,6.94,7,9,0;0;0;0;0;5;4;4;7
CAMHDA301-20210226T121500,2021-02-26T12:15:00+00:00,600.0,3,4.17,6,9,0;0;0;0;0;6;1;1;3
CAMHDA301-20210226T151500,2021-02-26T15:15:00+00:00,420.0,3,4.17,5,9,0;0;0;1;0;3;2;3;5
CAMHDA301-20210226T181500,2021-02-26T18:15:00+00:00,420.0,5,6.94,6,9,0;0;0;0;0;5;6;1;1
CAMHDA301-20210226T211500,2021-02-26T21:15:00+00:00,480.0,4,5.56,7,9,0;0;0;1;0;7;4;2;3
CAMHDA301-20210301T031500,2021-03-01T03:15:00+00:00,240.0,3,4.17,5,9,2;2;3;3;1;2;1;1;5
CAMHDA301-20210301T061500,2021-03-01T06:15:00+00:00,120.0,2,2.78,2,9,2;1;1;1;0;0;2;1;1
CAMHDA301-20210301T091500,2021-03-01T09:15:00+00:00,120.0,0,0.0,0,9,0;0;0;0;0;0;0;0;0
CAMHDA301-20210301T121500,2021-03-01T12:15:00+00:00,120.0,0,0.0,0,9,0;0;0;0;0;0;0;0;0
CAMHDA301-20210301T151500,2021-03-01T15:15:00+00:00,120.0,0,0.0,0,9,0;0;0;0;0;0;0;0;0
CAMHDA301-20210301T181500,2021-03-01T18:15:00+00:00,120.0,1,1.39,2,9,1;1;1;2;1;0;1;1;1
CAMHDA301-20210301T211500,2021-03-01T21:15:00+00:00,240.0,1,1.39,1,9,0;0;1;1;0;1;0;1;1
CAMHDA301-20210302T001500,2021-03-02T00:15:00+00:00,480.0,3,4.17,4,9,2;4;1;2;1;2;3;3;0
CAMHDA301-20210302T031500,2021-03-02T03:15:00+00:00,180.0,10,13.89,11,9,9;10;11;8;8;8;6;8;9
CAMHDA301-20210302T061500,2021-03-02T06:15:00+00:00,420.0,5,6.94,5,9,4;4;3;4;4;5;2;5;2
CAMHDA301-20210302T091500,2021-03-02T09:15:00+00:00,120.0,5,6.94,5,9,5;1;3;0;0;0;5;5;0
CAMHDA301-20210302T121500,2021-03-02T12:15:00+00:00,120.0,2,2.78,3,9,2;2;3;1;1;2;2;2;1
CAMHDA301-20210302T151500,2021-03-02T15:15:00+00:00,420.0,5,6.94,5,9,3;4;1;1;3;5;1;5;4
CAMHDA301-20210302T181500,2021-03-02T18:15:00+00:00,180.0,3,4.17,3,9,1;3;1;0;3;1;3;1;2
CAMHDA301-20210302T211500,2021-03-02T21:15:00+00:00,120.0,1,1.39,1,9,1;1;0;1;0;1;1;0;0
CAMHDA301-20210303T001500,2021-03-03T00:15:00+00:00,300.0,2,2.78,2,9,1;0;1;2;0;2;1;1;0
CAMHDA301-20210303T031500,2021-03-03T03:15:00+00:00,360.0,2,2.78,2,9,0;1;1;1;2;2;1;1;0
CAMHDA301-20210303T061500,2021-03-03T06:15:00+00:00,540.0,1,1.39,1,9,0;0;0;0;0;0;0;1;1
CAMHDA301-20210303T091500,2021-03-03T09:15:00+00:00,120.0,1,1.39,1,9,1;0;1;0;1;0;1;1;1
CAMHDA301-20210303T121500,2021-03-03T12:15:00+00:00,120.0,0,0.0,2,9,0;0;0;0;0;0;0;0;2
CAMHDA301-20210303T151500,2021-03-03T15:15:00+00:00,360.0,22,30.56,23,9,21;15;19;20;22;23;16;20;18
CAMHDA301-20210303T181500,2021-03-03T18:15:00+00:00,420.0,17,23.61,19,9,19;13;10;16;16;17;13;7;15
CAMHDA301-20210303T211500,2021-03-03T21:15:00+00:00,180.0,21,29.17,22,9,9;21;16;22;20;19;14;18;21
CAMHDA301-20210304T001500,2021-03-04T00:15:00+00:00,120.0,0,0.0,6,9,0;0;0;0;0;6;0;0;0
CAMHDA301-20210304T031500,2021-03-04T03:15:00+00:00,480.0,1,1.39,3,9,0;0;0;0;0;3;1;0;1
CAMHDA301-20210304T061500,2021-03-04T06:15:00+00:00,480.0,4,5.56,5,9,0;0;0;0;0;5;4;2;2
CAMHDA301-20210304T091500,2021-03-04T09:15:00+00:00,480.0,3,4.17,4,9,0;0;0;0;0;4;3;0;1
CAMHDA301-20210304T121500,2021-03-04T12:15:00+00:00,480.0,3,4.17,8,9,0;0;0;0;0;1;3;2;8
CAMHDA301-20210304T151500,2021-03-04T15:15:00+00:00,420.0,1,1.39,2,9,0;0;0;0;0;1;0;2;0
CAMHDA301-20210304T181500,2021-03-04T18:15:00+00:00,420.0,2,2.78,3,9,0;0;0;0;0;2;1;0;3
CAMHDA301-20210304T211500,2021-03-04T21:15:00+00:00,480.0,1,1.39,13,9,0;0;0;0;0;13;1;0;0
CAMHDA301-20210305T001500,2021-03-05T00:15:00+00:00,120.0,0,0.0,1,9,0;0;0;0;0;0;0;0;1
CAMHDA301-20210305T031500,2021-03-05T03:15:00+00:00,480.0,3,4.17,11,9,0;0;0;0;0;11;3;1;2
CAMHDA301-20210305T061500,2021-03-05T06:15:00+00:00,540.0,3,4.17,4,9,0;0;0;0;0;4;2;3;2
CAMHDA301-20210305T091500,2021-03-05T09:15:00+00:00,480.0,2,2.78,8,9,0;0;0;1;0;8;2;0;2
CAMHDA301-20210305T121500,2021-03-05T12:15:00+00:00,600.0,2,2.78,5,9,0;0;0;0;0;0;5;0;2
CAMHDA301-20210305T151500,2021-03-05T15:15:00+00:00,540.0,2,2.78,6,9,0;0;0;0;0;0;6;2;0
CAMHDA301-20210305T181500,2021-03-05T18:15:00+00:00,600.0,6,8.33,13,9,0;0;0;0;0;13;1;4;6
CAMHDA301-20210305T211500,2021-03-05T21:15:00+00:00,600.0,2,2.78,7,9,0;0;0;0;0;7;0;0;2
CAMHDA301-20210308T001500,2021-03-08T00:15:00+00:00,480.0,6,8.33,7,9,0;0;0;0;0;5;6;4;7
CAMHDA301-20210308T031500,2021-03-08T03:15:00+00:00,480.0,6,8.33,6,9,0;0;0;0;0;0;6;4;6
CAMHDA301-20210308T061500,2021-03-08T06:15:00+00:00,480.0,5,6.94,7,9,0;0;0;0;0;7;5;2;5
CAMHDA301-20210308T091500,2021-03-08T09:15:00+00:00,540.0,6,8.33,8,9,0;0;0;0;0;8;2;6;4
CAMHDA301-20210308T121500,2021-03-08T12:15:00+00:00,120.0,0,0.0,0,9,0;0;0;0;0;0;0;0;0
CAMHDA301-20210308T151500,2021-03-08T15:15:00+00:00,600.0,1,1.39,8,9,0;0;0;0;0;8;0;0;1
CAMHDA301-20210308T181500,2021-03-08T18:15:00+00:00,480.0,3,4.17,9,9,0;0;0;2;0;9;3;0;0
CAMHDA301-20210308T211500,2021-03-08T21:15:00+00:00,600.0,11,15.28,12,9,0;0;0;0;0;12;2;1;11
CAMHDA301-20210309T001500,2021-03-09T00:15:00+00:00,480.0,5,6.94,6,9,0;0;0;0;0;6;5;1;2
CAMHDA301-20210309T031500,2021-03-09T03:15:00+00:00,480.0,5,6.94,5,9,0;0;0;0;0;3;5;2;5
CAMHDA301-20210309T061500,2021-03-09T06:15:00+00:00,480.0,5,6.94,8,9,0;0;0;0;1;8;5;4;1
CAMHDA301-20210309T091500,2021-03-09T09:15:00+00:00,540.0,3,4.17,5,9,0;0;0;0;0;5;1;3;3
CAMHDA301-20210309T121500,2021-03-09T12:15:00+00:00,540.0,3,4.17,6,9,0;0;0;0;0;6;1;3;2
CAMHDA301-20210309T151500,2021-03-09T15:15:00+00:00,420.0,1,1.39,3,9,0;0;0;0;0;1;3;0;0
CAMHDA301-20210309T181500,2021-03-09T18:15:00+00:00,120.0,0,0.0,1,9,0;0;0;0;0;0;1;0;0
CAMHDA301-20210309T211500,2021-03-09T21:15:00+00:00,600.0,6,8.33,8,9,0;0;0;1;1;8;5;2;6
CAMHDA301-20210310T001500,2021-03-10T00:15:00+00:00,300.0,3,4.17,4,9,2;4;0;3;2;3;2;3;2
CAMHDA301-20210310T031500,2021-03-10T03:15:00+00:00,120.0,0,0.0,0,9,0;0;0;0;0;0;0;0;0
CAMHDA301-20210310T061500,2021-03-10T06:15:00+00:00,180.0,3,4.17,3,9,0;3;0;0;0;0;0;3;0
CAMHDA301-20210310T091500,2021-03-10T09:15:00+00:00,120.0,11,15.28,15,9,11;15;10;10;5;4;9;10;10
CAMHDA301-20210310T121500,2021-03-10T12:15:00+00:00,480.0,3,4.17,3,9,2;2;2;2;2;1;3;2;3
CAMHDA301-20210310T151500,2021-03-10T15:15:00+00:00,120.0,1,1.39,1,9,1;0;0;0;0;0;1;0;0
CAMHDA301-20210310T181500,2021-03-10T18:15:00+00:00,120.0,0,0.0,0,9,0;0;0;0;0;0;0;0;0
CAMHDA301-20210310T211500,2021-03-10T21:15:00+00:00,240.0,16,22.22,19,9,7;0;16;1;3;19;1;4;4
CAMHDA301-20210311T001500,2021-03-11T00:15:00+00:00,600.0,5,6.94,10,9,0;0;0;0;0;10;3;3;5
CAMHDA301-20210311T031500,2021-03-11T03:15:00+00:00,540.0,4,5.56,8,9,0;0;0;0;0;8;3;4;2
CAMHDA301-20210311T061500,2021-03-11T06:15:00+00:00,540.0,6,8.33,12,9,0;0;0;0;0;12;2;6;5
CAMHDA301-20210311T091500,2021-03-11T09:15:00+00:00,540.0,4,5.56,10,9,0;0;0;1;0;10;1;4;3
CAMHDA301-20210311T121500,2021-03-11T12:15:00+00:00,480.0,6,8.33,12,9,0;0;0;0;0;12;6;4;4
CAMHDA301-20210311T151500,2021-03-11T15:15:00+00:00,480.0,2,2.78,3,9,0;0;0;3;0;0;2;0;0
CAMHDA301-20210311T181500,2021-03-11T18:15:00+00:00,600.0,2,2.78,10,9,0;0;0;1;0;10;1;0;2
CAMHDA301-20210311T211500,2021-03-11T21:15:00+00:00,600.0,3,4.17,6,9,0;0;0;0;0;0;6;1;3
CAMHDA301-20210312T001500,2021-03-12T00:15:00+00:00,420.0,6,8.33,7,9,0;0;0;1;0;6;7;6;4
CAMHDA301-20210312T031500,2021-03-12T03:15:00+00:00,420.0,6,8.33,6,9,0;0;0;3;0;6;6;3;2
CAMHDA301-20210312T061500,2021-03-12T06:15:00+00:00,480.0,1,1.39,11,9,0;0;0;0;0;11;1;0;0
CAMHDA301-20210312T091500,2021-03-12T09:15:00+00:00,120.0,0,0.0,2,9,0;0;0;0;0;0;0;0;2
CAMHDA301-20210312T121500,2021-03-12T12:15:00+00:00,540.0,4,5.56,15,9,0;0;0;0;0;15;3;4;3
CAMHDA301-20210312T151500,2021-03-12T15:15:00+00:00,540.0,5,6.94,11,9,0;0;0;2;0;11;4;5;3
CAMHDA301-20210312T181500,2021-03-12T18:15:00+00:00,120.0,0,0.0,2,9,0;0;0;0;0;0;0;0;2
CAMHDA301-20210312T211500,2021-03-12T21:15:00+00:00,540.0,3,4.17,5,9,0;0;0;0;0;0;5;3;0
CAMHDA301-20210315T001500,2021-03-15T00:15:00+00:00,120.0,0,0.0,4,9,0;0;0;0;0;0;0;4;0
CAMHDA301-20210315T031500,2021-03-15T03:15:00+00:00,480.0,5,6.94,5,9,0;0;0;0;0;4;5;3;5
CAMHDA301-20210315T061500,2021-03-15T06:15:00+00:00,420.0,1,1.39,1,9,0;0;0;0;0;1;1;0;1
CAMHDA301-20210315T091500,2021-03-15T09:15:00+00:00,120.0,0,0.0,2,9,0;0;0;0;0;2;0;0;0
CAMHDA301-20210315T121500,2021-03-15T12:15:00+00:00,480.0,7,9.72,11,9,0;0;0;0;0;11;7;2;7
CAMHDA301-20210315T151500,2021-03-15T15:15:00+00:00,600.0,7,9.72,9,9,0;0;0;0;0;9;5;2;7
CAMHDA301-20210315T181500,2021-03-15T18:15:00+00:00,480.0,6,8.33,10,9,0;0;0;0;0;10;6;2;2
CAMHDA301-20210315T211500,2021-03-15T21:15:00+00:00,600.0,7,9.72,13,9,0;0;0;0;0;13;4;5;7
CAMHDA301-20210316T001500,2021-03-16T00:15:00+00:00,480.0,5,6.94,11,9,0;0;0;1;0;11;5;0;5
CAMHDA301-20210316T031500,2021-03-16T03:15:00+00:00,480.0,6,8.33,13,9,0;0;0;1;0;13;6;2;6
CAMHDA301-20210316T061500,2021-03-16T06:15:00+00:00,300.0,1,1.39,20,9,0;0;0;1;0;20;1;0;1
CAMHDA301-20210316T091500,2021-03-16T09:15:00+00:00,480.0,2,2.78,8,9,0;0;0;1;0;0;2;1;8
CAMHDA301-20210316T121500,2021-03-16T12:15:00+00:00,600.0,4,5.56,9,9,0;0;0;0;0;9;2;3;4
CAMHDA301-20210316T151500,2021-03-16T15:15:00+00:00,420.0,4,5.56,6,9,0;0;0;2;0;4;6;1;1
CAMHDA301-20210316T181500,2021-03-16T18:15:00+00:00,600.0,6,8.33,12,9,0;0;0;2;0;12;3;3;6
CAMHDA301-20210316T211500,2021-03-16T21:15:00+00:00,480.0,5,6.94,16,9,0;0;0;1;0;16;5;0;0
CAMHDA301-20210317T001500,2021-03-17T00:15:00+00:00,600.0,11,15.28,16,9,0;0;0;1;0;16;3;1;11
CAMHDA301-20210317T031500,2021-03-17T03:15:00+00:00,420.0,4,5.56,5,9,0;0;0;0;0;4;5;2;4
CAMHDA301-20210317T061500,2021-03-17T06:15:00+00:00,600.0,3,4.17,5,9,0;0;0;0;1;1;5;1;3
CAMHDA301-20210317T091500,2021-03-17T09:15:00+00:00,480.0,6,8.33,7,9,0;0;0;0;0;7;6;5;3
CAMHDA301-20210317T121500,2021-03-17T12:15:00+00:00,600.0,2,2.78,3,9,0;0;0;0;0;0;3;0;2
CAMHDA301-20210317T151500,2021-03-17T15:15:00+00:00,480.0,5,6.94,7,9,0;0;0;1;0;7;5;1;5
CAMHDA301-20210317T181500,2021-03-17T18:15:00+00:00,540.0,2,2.78,6,9,0;0;0;0;0;1;6;2;1
CAMHDA301-20210317T211500,2021-03-17T21:15:00+00:00,480.0,3,4.17,11,9,0;0;0;0;0;11;3;0;1
CAMHDA301-20210318T001500,2021-03-18T00:15:00+00:00,600.0,3,4.17,6,9,0;0;0;0;0;0;1;6;3
CAMHDA301-20210318T031500,2021-03-18T03:15:00+00:00,420.0,9,12.5,9,9,0;0;0;1;0;9;3;0;9
CAMHDA301-20210318T061500,2021-03-18T06:15:00+00:00,480.0,4,5.56,12,9,0;0;0;0;0;12;4;0;0
CAMHDA301-20210318T091500,2021-03-18T09:15:00+00:00,600.0,5,6.94,8,9,0;0;0;2;0;8;2;2;5
CAMHDA301-20210318T121500,2021-03-18T12:15:00+00:00,420.0,5,6.94,6,9,0;0;0;0;0;5;6;2;5
CAMHDA301-20210318T151500,2021-03-18T15:15:00+00:00,600.0,9,12.5,10,9,0;0;0;2;0;10;6;2;9
CAMHDA301-20210318T181500,2021-03-18T18:15:00+00:00,540.0,4,5.56,5,9,0;0;0;0;0;0;5;4;4
CAMHDA301-20210318T211500,2021-03-18T21:15:00+00:00,480.0,1,1.39,11,9,0;0;0;0;0;11;1;0;0
CAMHDA301-20210319T001500,2021-03-19T00:15:00+00:00,120.0,0,0.0,0,9,0;0;0;0;0;0;0;0;0
CAMHDA301-20210319T031500,2021-03-19T03:15:00+00:00,420.0,7,9.72,8,9,0;0;0;1;0;7;5;5;8
CAMHDA301-20210319T061500,2021-03-19T06:15:00+00:00,480.0,2,2.78,2,9,0;0;0;0;0;0;2;0;2
CAMHDA301-20210319T091500,2021-03-19T09:15:00+00:00,480.0,2,2.78,9,9,0;0;0;0;0;9;2;0;1
CAMHDA301-20210319T121500,2021-03-19T12:15:00+00:00,480.0,2,2.78,11,9,0;0;0;0;0;11;2;0;0
CAMHDA301-20210319T151500,2021-03-19T15:15:00+00:00,480.0,5,6.94,13,9,0;0;0;0;0;13;5;2;2
CAMHDA301-20210319T181500,2021-03-19T18:15:00+00:00,480.0,7,9.72,8,9,0;0;0;1;0;8;7;2;1
CAMHDA301-20210319T211500,2021-03-19T21:15:00+00:00,480.0,5,6.94,11,9,0;0;0;0;0;11;5;0;5
CAMHDA301-20210322T001500,2021-03-22T00:15:00+00:00,480.0,5,6.94,12,9,0;0;0;1;0;12;5;3;5
CAMHDA301-20210322T031500,2021-03-22T03:15:00+00:00,420.0,5,6.94,14,9,0;0;0;1;0;5;14;4;4
CAMHDA301-20210322T061500,2021-03-22T06:15:00+00:00,480.0,7,9.72,11,9,0;0;0;1;0;11;7;5;1
CAMHDA301-20210322T091500,2021-03-22T09:15:00+00:00,480.0,5,6.94,6,9,0;0;0;0;0;3;5;0;6
CAMHDA301-20210322T121500,2021-03-22T12:15:00+00:00,480.0,5,6.94,6,9,0;0;0;0;0;4;5;4;6
CAMHDA301-20210322T151500,2021-03-22T15:15:00+00:00,600.0,3,4.17,5,9,0;0;0;0;0;2;5;2;3
CAMHDA301-20210322T181500,2021-03-22T18:15:00+00:00,420.0,7,9.72,7,9,0;0;0;0;0;7;7;2;7
CAMHDA301-20210322T211500,2021-03-22T21:15:00+00:00,480.0,6,8.33,7,9,0;0;0;1;0;7;6;1;4
CAMHDA301-20210323T001500,2021-03-23T00:15:00+00:00,480.0,5,6.94,8,9,0;0;0;0;0;8;5;1;3
CAMHDA301-20210323T031500,2021-03-23T03:15:00+00:00,480.0,6,8.33,6,9,0;0;0;0;0;5;6;1;6
CAMHDA301-20210323T061500,2021-03-23T06:15:00+00:00,600.0,5,6.94,7,9,0;0;0;0;0;7;4;1;5
CAMHDA301-20210323T091500,2021-03-23T09:15:00+00:00,480.0,4,5.56,10,9,0;0;0;0;0;10;4;4;3
CAMHDA301-20210323T121500,2021-03-23T12:15:00+00:00,600.0,3,4.17,4,9,0;0;0;0;0;0;4;0;3
CAMHDA301-20210323T151500,2021-03-23T15:15:00+00:00,120.0,0,0.0,0,9,0;0;0;0;0;0;0;0;0
CAMHDA301-20210323T181500,2021-03-23T18:15:00+00:00,180.0,3,4.17,6,9,0;3;0;0;0;0;2;3;6
CAMHDA301-20210323T211500,2021-03-23T21:15:00+00:00,600.0,7,9.72,9,9,0;0;0;0;0;9;6;6;7
CAMHDA301-20210324T001500,2021-03-24T00:15:00+00:00,420.0,8,11.11,8,9,0;0;0;0;0;8;8;2;8
CAMHDA301-20210324T031500,2021-03-24T03:15:00+00:00,480.0,4,5.56,7,9,0;0;0;2;0;7;4;0;0
CAMHDA301-20210324T061500,2021-03-24T06:15:00+00:00,480.0,6,8.33,7,9,0;0;0;0;0;7;6;5;4
CAMHDA301-20210324T091500,2021-03-24T09:15:00+00:00,540.0,7,9.72,9,9,0;0;0;0;0;9;4;7;4
CAMHDA301-20210324T121500,2021-03-24T12:15:00+00:00,540.0,6,8.33,14,9,0;1;1;0;0;14;3;6;5
CAMHDA301-20210324T151500,2021-03-24T15:15:00+00:00,540.0,6,8.33,11,9,0;0;0;0;0;2;11;6;2
CAMHDA301-20210324T181500,2021-03-24T18:15:00+00:00,120.0,0,0.0,0,9,0;0;0;0;0;0;0;0;0
CAMHDA301-20210324T211500,2021-03-24T21:15:00+00:00,120.0,0,0.0,0,9,0;0;0;0;0;0;0;0;0
CAMHDA301-20210325T001500,2021-03-25T00:15:00+00:00,120.0,0,0.0,0,9,0;0;0;0;0;0;0;0;0
CAMHDA301-20210325T031500,2021-03-25T03:15:00+00:00,480.0,6,8.33,14,9,0;0;0;2;0;14;6;2;3
CAMHDA301-20210325T061500,2021-03-25T06:15:00+00:00,480.0,4,5.56,6,9,0;0;0;0;1;6;4;0;4
CAMHDA301-20210325T091500,2021-03-25T09:15:00+00:00,480.0,1,1.39,1,9,0;0;0;0;0;0;1;1;0
CAMHDA301-20210325T121500,2021-03-25T12:15:00+00:00,120.0,0,0.0,0,9,0;0;0;0;0;0;0;0;0
CAMHDA301-20210325T151500,2021-03-25T15:15:00+00:00,120.0,0,0.0,3,9,0;0;0;0;0;0;3;0;0
CAMHDA301-20210325T181500,2021-03-25T18:15:00+00:00,420.0,4,5.56,4,9,0;0;0;1;0;4;0;4;2
CAMHDA301-20210325T211500,2021-03-25T21:15:00+00:00,420.0,8,11.11,8,9,0;0;0;0;1;8;8;6;1
CAMHDA301-20210326T001500,2021-03-26T00:15:00+00:00,420.0,7,9.72,9,9,0;0;0;3;0;7;9;4;3
CAMHDA301-20210326T031500,2021-03-26T03:15:00+00:00,600.0,1,1.39,4,9,0;0;0;0;0;0;4;0;1
CAMHDA301-20210326T061500,2021-03-26T06:15:00+00:00,480.0,6,8.33,8,9,0;2;0;0;0;8;6;3;1
CAMHDA301-20210326T091500,2021-03-26T09:15:00+00:00,480.0,7,9.72,11,9,0;0;0;2;0;11;7;4;5
CAMHDA301-20210326T121500,2021-03-26T12:15:00+00:00,480.0,5,6.94,9,9,0;0;0;1;0;9;5;2;3
CAMHDA301-20210326T151500,2021-03-26T15:15:00+00:00,600.0,9,12.5,12,9,0;0;0;1;0;12;5;5;9
CAMHDA301-20210326T181500,2021-03-26T18:15:00+00:00,120.0,0,0.0,1,9,0;0;0;0;0;0;0;0;1
CAMHDA301-20210326T211500,2021-03-26T21:15:00+00:00,480.0,10,13.89,13,9,0;0;0;2;0;13;10;7;2
CAMHDA301-20210329T001500,2021-03-29T00:15:00+00:00,420.0,8,11.11,8,9,0;0;0;0;0;8;8;3;5
CAMHDA301-20210329T031500,2021-03-29T03:15:00+00:00,480.0,4,5.56,11,9,0;0;0;0;0;11;4;4;4
CAMHDA301-20210329T061500,2021-03-29T06:15:00+00:00,480.0,4,5.56,12,9,0;0;0;0;0;12;4;0;4
CAMHDA301-20210329T091500,2021-03-29T09:15:00+00:00,480.0,2,2.78,9,9,0;0;0;0;0;9;2;2;0
CAMHDA301-20210329T121500,2021-03-29T12:15:00+00:00,480.0,10,13.89,12,9,0;0;0;2;0;12;10;4;2
CAMHDA301-20210329T151500,2021-03-29T15:15:00+00:00,480.0,6,8.33,8,9,0;0;0;4;0;8;6;4;2
CAMHDA301-20210329T181500,2021-03-29T18:15:00+00:00,300.0,3,4.17,14,9,0;0;0;3;0;14;0;0;2
CAMHDA301-20210329T211500,2021-03-29T21:15:00+00:00,480.0,4,5.56,5,9,0;0;0;0;0;0;4;2;5
CAMHDA301-20210330T001500,2021-03-30T00:15:00+00:00,540.0,5,6.94,5,9,0;0;0;0;0;2;0;5;5
CAMHDA301-20210330T031500,2021-03-30T03:15:00+00:00,420.0,7,9.72,9,9,0;0;0;0;0;7;9;7;2
CAMHDA301-20210330T061500,2021-03-30T06:15:00+00:00,480.0,3,4.17,13,9,0;0;0;0;1;13;3;0;3
CAMHDA301-20210330T091500,2021-03-30T09:15:00+00:00,600.0,5,6.94,7,9,0;0;0;0;0;7;2;4;5
CAMHDA301-20210330T121500,2021-03-30T12:15:00+00:00,420.0,7,9.72,8,9,0;0;0;0;0;7;8;3;5
CAMHDA301-20210330T151500,2021-03-30T15:15:00+00:00,480.0,5,6.94,7,9,0;0;0;0;0;7;5;1;4
CAMHDA301-20210330T181500,2021-03-30T18:15:00+00:00,300.0,1,1.39,8,9,0;0;0;1;0;8;0;0;1
CAMHDA301-20210330T211500,2021-03-30T21:15:00+00:00,480.0,2,2.78,17,9,0;0;0;0;0;17;2;0;0
CAMHDA301-20210331T001500,2021-03-31T00:15:00+00:00,600.0,9,12.5,10,9,0;0;0;2;0;10;7;3;9
CAMHDA301-20210331T031500,2021-03-31T03:15:00+00:00,480.0,10,13.89,12,9,0;0;0;0;0;12;10;2;3
CAMHDA301-20210331T061500,2021-03-31T06:15:00+00:00,600.0,5,6.94,10,9,0;0;0;0;0;10;0;0;5
CAMHDA301-20210331T091500,2021-03-31T09:15:00+00:00,120.0,0,0.0,2,9,0;0;0;0;0;0;2;0;0
CAMHDA301-20210331T121500,2021-03-31T12:15:00+00:00,600.0,1,1.39,5,9,0;0;0;0;0;0;5;0;1
CAMHDA301-20210331T151500,2021-03-31T15:15:00+00:00,420.0,7,9.72,8,9,0;0;0;0;0;7;8;6;6
CAMHDA301-20210331T181500,2021-03-31T18:15:00+00:00,480.0,5,6.94,10,9,0;0;0;0;0;10;5;3;2
CAMHDA301-20210331T211500,2021-03-31T21:15:00+00:00,480.0,2,2.78,10,9,0;0;0;0;0;10;2;0;0
CAMHDA301-20210401T031500,2021-04-01T03:15:00+00:00,300.0,6,8.33,9,9,4;4;9;6;3;1;5;3;5
CAMHDA301-20210401T061500,2021-04-01T06:15:00+00:00,180.0,1,1.39,2,9,0;1;1;0;2;0;0;0;1
CAMHDA301-20210401T091500,2021-04-01T09:15:00+00:00,120.0,0,0.0,0,9,0;0;0;0;0;0;0;0;0
CAMHDA301-20210401T121500,2021-04-01T12:15:00+00:00,120.0,0,0.0,0,9,0;0;0;0;0;0;0;0;0
CAMHDA301-20210401T151500,2021-04-01T15:15:00+00:00,120.0,0,0.0,0,9,0;0;0;0;0;0;0;0;0
CAMHDA301-20210401T181500,2021-04-01T18:15:00+00:00,120.0,2,2.78,3,9,2;2;2;2;2;1;2;2;3
CAMHDA301-20210401T211500,2021-04-01T21:15:00+00:00,120.0,2,2.78,3,9,2;0;0;0;3;2;2;2;2
CAMHDA301-20210402T001500,2021-04-02T00:15:00+00:00,300.0,1,1.39,1,9,0;0;0;1;1;1;1;1;1
CAMHDA301-20210402T031500,2021-04-02T03:15:00+00:00,120.0,8,11.11,9,9,8;4;9;6;8;7;6;7;7
CAMHDA301-20210402T061500,2021-04-02T06:15:00+00:00,120.0,0,0.0,1,9,0;0;0;0;0;0;0;1;0
CAMHDA301-20210402T091500,2021-04-02T09:15:00+00:00,180.0,7,9.72,7,9,3;7;1;6;7;0;6;7;0
CAMHDA301-20210402T121500,2021-04-02T12:15:00+00:00,240.0,4,5.56,4,9,3;0;4;4;1;2;2;1;1
CAMHDA301-20210402T151500,2021-04-02T15:15:00+00:00,240.0,4,5.56,4,9,2;2;4;3;1;1;4;3;1
CAMHDA301-20210402T181500,2021-04-02T18:15:00+00:00,120.0,4,5.56,4,9,4;3;1;2;2;2;4;3;3
CAMHDA301-20210402T211500,2021-04-02T21:15:00+00:00,180.0,2,2.78,2,9,1;2;2;2;1;2;1;1;1
CAMHDA301-20210405T001500,2021-04-05T00:15:00+00:00,480.0,3,4.17,14,9,0;0;0;1;0;14;3;0;1
CAMHDA301-20210405T031500,2021-04-05T03:15:00+00:00,600.0,7,9.72,9,9,0;0;0;2;0;9;2;0;7
CAMHDA301-20210405T061500,2021-04-05T06:15:00+00:00,600.0,7,9.72,14,9,0;0;0;1;0;14;0;1;7
CAMHDA301-20210405T091500,2021-04-05T09:15:00+00:00,480.0,4,5.56,8,9,0;0;0;0;0;8;4;3;2
CAMHDA301-20210405T121500,2021-04-05T12:15:00+00:00,480.0,6,8.33,10,9,0;0;0;0;0;10;6;2;3
CAMHDA301-20210405T151500,2021-04-05T15:15:00+00:00,300.0,2,2.78,4,9,0;0;0;2;0;4;2;0;0
CAMHDA301-20210405T181500,2021-04-05T18:15:00+00:00,600.0,5,6.94,10,9,0;0;0;0;0;10;3;2;5
CAMHDA301-20210405T211500,2021-04-05T21:15:00+00:00,600.0,6,8.33,12,9,0;0;0;0;0;12;4;1;6
CAMHDA301-20210406T001500,2021-04-06T00:15:00+00:00,540.0,3,4.17,6,9,0;0;0;0;0;6;2;3;3
CAMHDA301-20210406T031500,2021-04-06T03:15:00+00:00,420.0,5,6.94,5,9,0;0;0;1;0;5;2;5;2
CAMHDA301-20210406T061500,2021-04-06T06:15:00+00:00,540.0,6,8.33,14,9,0;0;0;0;0;14;5;6;1
CAMHDA301-20210406T091500,2021-04-06T09:15:00+00:00,480.0,5,6.94,9,9,0;0;0;0;0;9;5;4;3
CAMHDA301-20210406T121500,2021-04-06T12:15:00+00:00,480.0,5,6.94,10,9,0;0;0;1;0;10;5;2;4
CAMHDA301-20210406T151500,2021-04-06T15:15:00+00:00,480.0,2,2.78,6,9,0;0;0;0;0;6;2;0;1
CAMHDA301-20210406T181500,2021-04-06T18:15:00+00:00,480.0,4,5.56,9,9,0;0;0;0;0;9;4;4;2
CAMHDA301-20210406T211500,2021-04-06T21:15:00+00:00,420.0,2,2.78,5,9,0;0;0;0;0;2;2;1;5
CAMHDA301-20210407T001500,2021-04-07T00:15:00+00:00,420.0,4,5.56,4,9,0;0;0;0;0;4;4;1;3
CAMHDA301-20210407T031500,2021-04-07T03:15:00+00:00,480.0,6,8.33,13,9,0;0;0;0;0;13;6;2;4
CAMHDA301-20210407T061500,2021-04-07T06:15:00+00:00,600.0,6,8.33,8,9,0;0;0;0;0;8;5;2;6
CAMHDA301-20210407T091500,2021-04-07T09:15:00+00:00,480.0,7,9.72,11,9,0;0;0;0;0;11;7;2;6
CAMHDA301-20210407T121500,2021-04-07T12:15:00+00:00,600.0,5,6.94,8,9,0;1;0;0;0;8;2;1;5
CAMHDA301-20210407T151500,2021-04-07T15:15:00+00:00,120.0,0,0.0,5,9,0;0;0;0;0;0;0;0;5
CAMHDA301-20210407T181500,2021-04-07T18:15:00+00:00,480.0,4,5.56,4,9,0;0;0;0;0;0;4;4;3
CAMHDA301-20210407T211500,2021-04-07T21:15:00+00:00,300.0,4,5.56,10,9,0;0;0;4;0;10;4;2;4
CAMHDA301-20210408T001500,2021-04-08T00:15:00+00:00,420.0,6,8.33,9,9,0;0;0;1;0;6;4;0;9
CAMHDA301-20210408T031500,2021-04-08T03:15:00+00:00,540.0,5,6.94,9,9,0;0;0;0;1;9;3;5;5
CAMHDA301-20210408T061500,2021-04-08T06:15:00+00:00,480.0,3,4.17,4,9,0;0;0;0;0;0;3;4;3
CAMHDA301-20210408T091500,2021-04-08T09:15:00+00:00,540.0,6,8.33,9,9,0;0;0;0;0;9;2;6;6
CAMHDA301-20210408T121500,2021-04-08T12:15:00+00:00,480.0,5,6.94,6,9,0;0;0;2;0;4;5;2;6
CAMHDA301-20210408T151500,2021-04-08T15:15:00+00:00,480.0,3,4.17,9,9,0;0;0;1;0;9;3;3;3
CAMHDA301-20210408T181500,2021-04-08T18:15:00+00:00,120.0,0,0.0,3,9,0;0;0;0;0;0;3;0;0
CAMHDA301-20210408T211500,2021-04-08T21:15:00+00:00,600.0,5,6.94,6,9,0;0;0;0;0;6;3;1;5
CAMHDA301-20210409T001500,2021-04-09T00:15:00+00:00,420.0,5,6.94,9,9,0;0;0;0;0;5;9;1;0
CAMHDA301-20210409T031500,2021-04-09T03:15:00+00:00,600.0,3,4.17,6,9,0;0;0;0;0;6;2;1;3
CAMHDA301-20210409T061500,2021-04-09T06:15:00+00:00,600.0,1,1.39,8,9,0;0;0;0;0;8;0;0;1
CAMHDA301-20210409T091500,2021-04-09T09:15:00+00:00,420.0,6,8.33,6,9,0;0;0;0;0;6;3;3;6
CAMHDA301-20210409T121500,2021-04-09T12:15:00+00:00,120.0,0,0.0,4,9,0;0;0;0;0;0;0;0;4
CAMHDA301-20210409T151500,2021-04-09T15:15:00+00:00,420.0,4,5.56,4,9,0;0;0;0;0;4;4;1;1
CAMHDA301-20210409T181500,2021-04-09T18:15:00+00:00,480.0,4,5.56,9,9,0;0;0;1;0;9;4;0;0
CAMHDA301-20210409T211500,2021-04-09T21:15:00+00:00,600.0,1,1.39,2,9,0;0;0;0;0;0;2;0;1
CAMHDA301-20210412T001500,2021-04-12T00:15:00+00:00,420.0,4,5.56,8,9,0;0;0;1;0;4;2;2;8
CAMHDA301-20210412T031500,2021-04-12T03:15:00+00:00,420.0,4,5.56,6,9,0;0;0;0;0;4;6;1;4
CAMHDA301-20210412T061500,2021-04-12T06:15:00+00:00,480.0,2,2.78,9,9,0;0;0;0;0;9;2;0;1
CAMHDA301-20210412T091500,2021-04-12T09:15:00+00:00,120.0,0,0.0,2,9,0;0;0;0;0;0;2;0;0
CAMHDA301-20210412T121500,2021-04-12T12:15:00+00:00,480.0,5,6.94,13,9,0;0;0;1;0;13;5;4;4
CAMHDA301-20210412T151500,2021-04-12T15:15:00+00:00,600.0,4,5.56,5,9,0;0;0;0;0;5;1;1;4
CAMHDA301-20210412T181500,2021-04-12T18:15:00+00:00,420.0,4,5.56,4,9,0;0;0;1;0;4;3;0;4
CAMHDA301-20210412T211500,2021-04-12T21:15:00+00:00,540.0,2,2.78,2,9,0;0;0;0;0;0;1;2;2
CAMHDA301-20210413T001500,2021-04-13T00:15:00+00:00,480.0,6,8.33,7,9,0;0;0;0;0;7;6;3;6
CAMHDA301-20210413T031500,2021-04-13T03:15:00+00:00,420.0,5,6.94,6,9,0;0;0;0;0;5;4;4;6
CAMHDA301-20210413T061500,2021-04-13T06:15:00+00:00,180.0,2,2.78,6,9,0;2;0;0;0;0;6;0;2
CAMHDA301-20210413T091500,2021-04-13T09:15:00+00:00,180.0,2,2.78,2,9,0;2;0;0;0;1;1;2;1
CAMHDA301-20210413T121500,2021-04-13T12:15:00+00:00,600.0,5,6.94,15,9,0;0;0;0;0;15;1;2;5
CAMHDA301-20210413T151500,2021-04-13T15:15:00+00:00,420.0,6,8.33,8,9,0;0;0;0;1;6;8;4;2
CAMHDA301-20210413T181500,2021-04-13T18:15:00+00:00,420.0,7,9.72,8,9,0;0;0;2;0;7;8;4;1
CAMHDA301-20210413T211500,2021-04-13T21:15:00+00:00,480.0,2,2.78,13,9,0;0;0;0;0;13;2;0;1
CAMHDA301-20210414T001500,2021-04-14T00:15:00+00:00,600.0,9,12.5,12,9,0;0;0;0;0;12;5;5;9
CAMHDA301-20210414T031500,2021-04-14T03:15:00+00:00,300.0,4,5.56,7,9,0;0;0;4;0;7;2;2;2
CAMHDA301-20210414T061500,2021-04-14T06:15:00+00:00,120.0,0,0.0,1,9,0;0;0;0;0;0;1;0;0
CAMHDA301-20210414T091500,2021-04-14T09:15:00+00:00,300.0,3,4.17,9,9,0;0;0;3;0;9;2;0;0
CAMHDA301-20210414T121500,2021-04-14T12:15:00+00:00,540.0,4,5.56,6,9,0;0;0;0;0;6;2;4;3
CAMHDA301-20210414T151500,2021-04-14T15:15:00+00:00,480.0,7,9.72,12,9,0;0;0;1;0;12;7;2;5
CAMHDA301-20210414T181500,2021-04-14T18:15:00+00:00,480.0,9,12.5,12,9,0;0;0;1;0;8;9;5;12
CAMHDA301-20210414T211500,2021-04-14T21:15:00+00:00,600.0,6,8.33,12,9,0;0;0;1;0;12;4;3;6
CAMHDA301-20210415T001500,2021-04-15T00:15:00+00:00,600.0,6,8.33,13,9,0;0;0;1;0;13;0;0;6
CAMHDA301-20210415T031500,2021-04-15T03:15:00+00:00,420.0,9,12.5,11,9,0;0;0;1;0;9;6;1;11
CAMHDA301-20210415T061500,2021-04-15T06:15:00+00:00,420.0,6,8.33,11,9,0;0;0;0;0;6;2;6;11
CAMHDA301-20210415T091500,2021-04-15T09:15:00+00:00,120.0,0,0.0,0,9,0;0;0;0;0;0;0;0;0
CAMHDA301-20210415T121500,2021-04-15T12:15:00+00:00,420.0,6,8.33,6,9,0;0;0;0;0;6;2;6;4
CAMHDA301-20210415T151500,2021-04-15T15:15:00+00:00,600.0,7,9.72,9,9,0;0;0;2;0;9;4;4;7
CAMHDA301-20210415T181500,2021-04-15T18:15:00+00:00,120.0,0,0.0,4,9,0;0;0;0;0;4;0;0;0
CAMHDA301-20210415T211500,2021-04-15T21:15:00+00:00,120.0,0,0.0,3,9,0;0;0;0;0;0;3;0;0
CAMHDA301-20210416T001500,2021-04-16T00:15:00+00:00,600.0,7,9.72,9,9,0;3;0;0;0;9;5;6;7
CAMHDA301-20210416T031500,2021-04-16T03:15:00+00:00,600.0,7,9.72,10,9,0;0;0;0;0;10;4;5;7
CAMHDA301-20210416T061500,2021-04-16T06:15:00+00:00,300.0,1,1.39,13,9,0;0;0;1;0;13;0;0;0
CAMHDA301-20210416T091500,2021-04-16T09:15:00+00:00,120.0,0,0.0,1,9,0;1;0;0;0;0;0;0;0
CAMHDA301-20210416T121500,2021-04-16T12:15:00+00:00,540.0,3,4.17,8,9,0;0;0;1;0;0;8;3;0
CAMHDA301-20210416T151500,2021-04-16T15:15:00+00:00,480.0,8,11.11,10,9,0;0;0;0;0;10;8;3;6
CAMHDA301-20210416T181500,2021-04-16T18:15:00+00:00,600.0,4,5.56,13,9,0;0;0;0;0;13;3;2;4
CAMHDA301-20210416T211500,2021-04-16T21:15:00+00:00,420.0,4,5.56,7,9,0;0;3;0;0;4;7;0;2
CAMHDA301-20210419T001500,2021-04-19T00:15:00+00:00,480.0,5,6.94,10,9,0;0;0;0;0;10;5;0;5
CAMHDA301-20210419T031500,2021-04-19T03:15:00+00:00,480.0,5,6.94,12,9,0;0;0;1;0;12;5;3;3
CAMHDA301-20210419T061500,2021-04-19T06:15:00+00:00,600.0,9,12.5,11,9,0;0;0;0;0;11;3;1;9
CAMHDA301-20210419T091500,2021-04-19T09:15:00+00:00,600.0,4,5.56,8,9,0;0;0;0;0;0;8;1;4
CAMHDA301-20210419T121500,2021-04-19T12:15:00+00:00,120.0,0,0.0,1,9,0;0;0;0;0;0;1;0;0
CAMHDA301-20210419T151500,2021-04-19T15:15:00+00:00,600.0,6,8.33,9,9,0;0;0;0;0;9;5;2;6
CAMHDA301-20210419T181500,2021-04-19T18:15:00+00:00,600.0,4,5.56,9,9,0;0;0;0;0;9;3;3;4
CAMHDA301-20210419T211500,2021-04-19T21:15:00+00:00,600.0,5,6.94,9,9,0;3;0;0;0;9;3;3;5
CAMHDA301-20210420T001500,2021-04-20T00:15:00+00:00,120.0,5,6.94,6,9,5;2;1;4;4;6;2;5;2
CAMHDA301-20210420T031500,2021-04-20T03:15:00+00:00,120.0,0,0.0,0,9,0;0;0;0;0;0;0;0;0
CAMHDA301-20210420T061500,2021-04-20T06:15:00+00:00,480.0,8,11.11,9,9,7;3;3;4;5;7;8;8;9
CAMHDA301-20210420T091500,2021-04-20T09:15:00+00:00,420.0,12,16.67,15,9,11;0;10;10;10;12;10;15;11
CAMHDA301-20210420T121500,2021-04-20T12:15:00+00:00,120.0,0,0.0,1,9,0;0;0;0;0;0;0;0;1
CAMHDA301-20210420T151500,2021-04-20T15:15:00+00:00,180.0,0,0.0,4,9,4;0;0;0;0;0;0;0;0
CAMHDA301-20210420T181500,2021-04-20T18:15:00+00:00,120.0,0,0.0,1,9,0;0;1;0;0;0;0;0;0
CAMHDA301-20210420T211500,2021-04-20T21:15:00+00:00,120.0,28,38.89,28,9,28;27;26;28;24;21;22;25;20
CAMHDA301-20210421T001500,2021-04-21T00:15:00+00:00,480.0,8,11.11,18,9,0;0;0;0;0;18;8;2;2
CAMHDA301-20210421T031500,2021-04-21T03:15:00+00:00,600.0,6,8.33,9,9,0;0;0;0;0;9;5;2;6
CAMHDA301-20210421T061500,2021-04-21T06:15:00+00:00,600.0,2,2.78,3,9,0;0;0;0;0;0;3;1;2
CAMHDA301-20210421T091500,2021-04-21T09:15:00+00:00,480.0,5,6.94,8,9,0;0;0;0;0;8;5;1;2
CAMHDA301-20210421T121500,2021-04-21T12:15:00+00:00,480.0,4,5.56,4,9,0;0;0;0;0;2;4;3;4
CAMHDA301-20210421T151500,2021-04-21T15:15:00+00:00,480.0,4,5.56,5,9,0;0;0;0;0;0;4;2;5
CAMHDA301-20210421T181500,2021-04-21T18:15:00+00:00,600.0,9,12.5,13,9,0;0;0;0;0;13;6;4;9
CAMHDA301-20210421T211500,2021-04-21T21:15:00+00:00,420.0,4,5.56,11,9,0;0;0;1;0;4;1;2;11
CAMHDA301-20210422T001500,2021-04-22T00:15:00+00:00,480.0,8,11.11,10,9,0;0;0;2;0;10;8;2;5
CAMHDA301-20210422T031500,2021-04-22T03:15:00+00:00,600.0,4,5.56,5,9,0;0;0;2;0;0;5;0;4
CAMHDA301-20210422T061500,2021-04-22T06:15:00+00:00,480.0,3,4.17,5,9,0;0;0;0;0;0;3;0;5
CAMHDA301-20210422T091500,2021-04-22T09:15:00+00:00,300.0,1,1.39,7,9,0;0;0;1;0;7;1;1;1
CAMHDA301-20210422T121500,2021-04-22T12:15:00+00:00,600.0,7,9.72,10,9,0;0;0;2;0;10;4;2;7
CAMHDA301-20210422T151500,2021-04-22T15:15:00+00:00,480.0,6,8.33,11,9,0;0;0;1;0;11;6;6;3
CAMHDA301-20210422T181500,2021-04-22T18:15:00+00:00,600.0,4,5.56,6,9,0;0;0;0;0;0;6;0;4
CAMHDA301-20210422T211500,2021-04-22T21:15:00+00:00,420.0,13,18.06,13,9,0;0;0;0;0;13;6;3;13
CAMHDA301-20210423T001500,2021-04-23T00:15:00+00:00,600.0,6,8.33,18,9,0;0;0;1;0;18;5;3;6
CAMHDA301-20210423T031500,2021-04-23T03:15:00+00:00,480.0,6,8.33,14,9,0;0;0;0;0;14;6;3;3
CAMHDA301-20210423T061500,2021-04-23T06:15:00+00:00,420.0,7,9.72,9,9,0;0;0;0;0;7;9;6;6
CAMHDA301-20210423T091500,2021-04-23T09:15:00+00:00,600.0,7,9.72,10,9,0;0;0;2;0;10;6;4;7
CAMHDA301-20210423T121500,2021-04-23T12:15:00+00:00,480.0,7,9.72,13,9,0;0;0;3;0;13;7;5;7
CAMHDA301-20210423T151500,2021-04-23T15:15:00+00:00,480.0,9,12.5,13,9,0;0;0;5;0;13;9;2;8
CAMHDA301-20210423T181500,2021-04-23T18:15:00+00:00,600.0,6,8.33,12,9,0;0;0;1;0;12;5;5;6
CAMHDA301-20210423T211500,2021-04-23T21:15:00+00:00,480.0,6,8.33,11,9,0;0;0;0;0;11;6;3;5
CAMHDA301-20210426T001500,2021-04-26T00:15:00+00:00,420.0,5,6.94,8,9,0;2;0;0;0;5;2;4;8
CAMHDA301-20210426T031500,2021-04-26T03:15:00+00:00,540.0,4,5.56,4,9,0;0;0;0;0;0;3;4;4
CAMHDA301-20210426T061500,2021-04-26T06:15:00+00:00,540.0,5,6.94,9,9,0;0;0;0;0;0;9;5;0
CAMHDA301-20210426T091500,2021-04-26T09:15:00+00:00,540.0,5,6.94,5,9,0;0;0;0;0;0;3;5;5
CAMHDA301-20210426T121500,2021-04-26T12:15:00+00:00,480.0,7,9.72,13,9,0;0;0;1;0;13;7;5;6
CAMHDA301-20210426T151500,2021-04-26T15:15:00+00:00,600.0,7,9.72,15,9,0;5;1;0;0;15;3;3;7
CAMHDA301-20210426T181500,2021-04-26T18:15:00+00:00,480.0,7,9.72,10,9,0;0;0;0;0;1;7;2;10
CAMHDA301-20210426T211500,2021-04-26T21:15:00+00:00,600.0,3,4.17,5,9,0;0;0;0;0;2;1;5;3
CAMHDA301-20210427T001500,2021-04-27T00:15:00+00:00,600.0,4,5.56,5,9,0;0;0;2;1;1;2;5;4
CAMHDA301-20210427T031500,2021-04-27T03:15:00+00:00,540.0,7,9.72,10,9,0;0;0;0;0;10;3;7;6
CAMHDA301-20210427T061500,2021-04-27T06:15:00+00:00,300.0,4,5.56,4,9,0;0;0;4;0;0;4;0;1
CAMHDA301-20210427T091500,2021-04-27T09:15:00+00:00,480.0,1,1.39,5,9,0;0;0;0;0;5;1;0;0
CAMHDA301-20210427T121500,2021-04-27T12:15:00+00:00,540.0,9,12.5,15,9,0;0;0;1;0;15;5;9;5
CAMHDA301-20210427T151500,2021-04-27T15:15:00+00:00,420.0,7,9.72,8,9,0;0;0;2;0;7;8;3;5
CAMHDA301-20210427T181500,2021-04-27T18:15:00+00:00,300.0,5,6.94,9,9,0;0;0;5;0;9;4;3;4
CAMHDA301-20210427T211500,2021-04-27T21:15:00+00:00,540.0,3,4.17,4,9,0;0;0;0;0;0;2;3;4
CAMHDA301-20210428T001500,2021-04-28T00:15:00+00:00,420.0,7,9.72,8,9,0;0;0;1;0;7;3;3;8
CAMHDA301-20210428T031500,2021-04-28T03:15:00+00:00,420.0,9,12.5,17,9,0;0;0;0;0;9;4;4;17
CAMHDA301-20210428T061500,2021-04-28T06:15:00+00:00,300.0,1,1.39,1,9,0;0;0;1;0;0;0;0;1
CAMHDA301-20210428T091500,2021-04-28T09:15:00+00:00,480.0,5,6.94,6,9,0;0;0;0;0;0;5;6;4
CAMHDA301-20210428T121500,2021-04-28T12:15:00+00:00,420.0,11,15.28,13,9,0;0;0;1;0;11;4;3;13
CAMHDA301-20210428T151500,2021-04-28T15:15:00+00:00,480.0,6,8.33,7,9,0;0;0;0;0;3;6;2;7
CAMHDA301-20210428T181500,2021-04-28T18:15:00+00:00,600.0,6,8.33,13,9,0;0;0;1;0;13;2;3;6
CAMHDA301-20210428T211500,2021-04-28T21:15:00+00:00,600.0,5,6.94,13,9,0;0;0;1;0;13;4;4;5
CAMHDA301-20210429T001500,2021-04-29T00:15:00+00:00,420.0,3,4.17,4,9,0;0;0;2;0;3;2;3;4
CAMHDA301-20210429T031500,2021-04-29T03:15:00+00:00,480.0,5,6.94,13,9,0;0;0;1;0;13;5;2;5
CAMHDA301-20210429T061500,2021-04-29T06:15:00+00:00,600.0,1,1.39,5,9,0;0;0;0;0;0;5;0;1
CAMHDA301-20210429T091500,2021-04-29T09:15:00+00:00,120.0,0,0.0,3,9,0;0;0;0;0;0;3;0;0
CAMHDA301-20210429T121500,2021-04-29T12:15:00+00:00,420.0,12,16.67,12,9,0;0;0;1;0;12;7;4;12
CAMHDA301-20210429T151500,2021-04-29T15:15:00+00:00,600.0,8,11.11,14,9,0;0;0;1;0;14;5;3;8
CAMHDA301-20210429T181500,2021-04-29T18:15:00+00:00,600.0,9,12.5,14,9,0;3;0;0;0;14;5;1;9
CAMHDA301-20210429T211500,2021-04-29T21:15:00+00:00,540.0,4,5.56,10,9,0;0;0;0;0;1;10;4;0
CAMHDA301-20210430T001500,2021-04-30T00:15:00+00:00,480.0,7,9.72,14,9,0;0;0;1;0;14;7;0;7
CAMHDA301-20210430T031500,2021-04-30T03:15:00+00:00,480.0,5,6.94,5,9,0;2;0;0;0;0;5;3;5
CAMHDA301-20210430T061500,2021-04-30T06:15:00+00:00,480.0,2,2.78,2,9,0;0;0;0;0;0;2;2;1
CAMHDA301-20210430T091500,2021-04-30T09:15:00+00:00,120.0,0,0.0,2,9,0;0;0;0;0;0;2;0;0
CAMHDA301-20210430T121500,2021-04-30T12:15:00+00:00,120.0,0,0.0,0,9,0;0;0;0;0;0;0;0;0
CAMHDA301-20210430T151500,2021-04-30T15:15:00+00:00,420.0,2,2.78,3,9,0;0;0;3;0;2;0;2;1
CAMHDA301-20210430T181500,2021-04-30T18:15:00+00:00,480.0,7,9.72,9,9,0;0;0;3;0;9;7;1;7
CAMHDA301-20210430T211500,2021-04-30T21:15:00+00:00,480.0,6,8.33,9,9,0;0;0;2;0;3;6;2;9
CAMHDA301-20210503T001500,2021-05-03T00:15:00+00:00,180.0,2,2.78,4,9,4;2;2;1;2;1;0;2;1
CAMHDA301-20210503T031500,2021-05-03T03:15:00+00:00,240.0,2,2.78,2,9,0;1;2;1;1;1;0;1;2
CAMHDA301-20210503T061500,2021-05-03T06:15:00+00:00,120.0,0,0.0,0,9,0;0;0;0;0;0;0;0;0
CAMHDA301-20210503T091500,2021-05-03T09:15:00+00:00,120.0,0,0.0,0,9,0;0;0;0;0;0;0;0;0
CAMHDA301-20210503T121500,2021-05-03T12:15:00+00:00,120.0,0,0.0,0,9,0;0;0;0;0;0;0;0;0
CAMHDA301-20210503T151500,2021-05-03T15:15:00+00:00,240.0,12,16.67,14,9,6;4;12;10;14;11;5;7;6
CAMHDA301-20210503T181500,2021-05-03T18:15:00+00:00,180.0,18,25.0,18,9,17;18;16;11;12;10;13;16;18
CAMHDA301-20210503T211500,2021-05-03T21:15:00+00:00,240.0,18,25.0,23,9,10;17;18;15;16;23;18;15;16
CAMHDA301-20210504T001500,2021-05-04T00:15:00+00:00,600.0,10,13.89,23,9,0;0;0;0;0;23;7;1;10
CAMHDA301-20210504T031500,2021-05-04T03:15:00+00:00,480.0,8,11.11,13,9,0;0;0;1;0;13;8;2;5
CAMHDA301-20210504T061500,2021-05-04T06:15:00+00:00,600.0,7,9.72,13,9,0;0;0;1;0;13;3;5;7
CAMHDA301-20210504T091500,2021-05-04T09:15:00+00:00,420.0,9,12.5,11,9,0;0;0;1;0;9;4;4;11
CAMHDA301-20210504T121500,2021-05-04T12:15:00+00:00,480.0,9,12.5,13,9,0;0;0;0;0;13;9;4;8
CAMHDA301-20210504T151500,2021-05-04T15:15:00+00:00,480.0,7,9.72,8,9,0;0;0;0;0;0;7;2;8
CAMHDA301-20210504T181500,2021-05-04T18:15:00+00:00,600.0,2,2.78,11,9,0;0;0;0;0;0;11;0;2
CAMHDA301-20210504T211500,2021-05-04T21:15:00+00:00,600.0,8,11.11,16,9,0;0;0;2;0;16;5;3;8
CAMHDA301-20210505T001500,2021-05-05T00:15:00+00:00,420.0,13,18.06,13,9,0;0;0;0;0;13;5;3;13
CAMHDA301-20210505T031500,2021-05-05T03:15:00+00:00,600.0,2,2.78,11,9,0;0;0;0;0;0;11;0;2
CAMHDA301-20210505T061500,2021-05-05T06:15:00+00:00,540.0,4,5.56,6,9,0;0;0;0;0;0;6;4;2
CAMHDA301-20210505T091500,2021-05-05T09:15:00+00:00,600.0,6,8.33,13,9,0;0;0;0;0;13;3;4;6
CAMHDA301-20210505T121500,2021-05-05T12:15:00+00:00,480.0,7,9.72,11,9,0;0;0;2;0;11;7;1;1
CAMHDA301-20210505T151500,2021-05-05T15:15:00+00:00,180.0,5,6.94,7,9,0;5;0;0;0;0;7;3;0
CAMHDA301-20210505T181500,2021-05-05T18:15:00+00:00,600.0,4,5.56,6,9,0;0;0;1;0;6;2;3;4
CAMHDA301-20210505T211500,2021-05-05T21:15:00+00:00,540.0,3,4.17,10,9,0;0;0;1;0;10;2;3;3
CAMHDA301-20210506T001500,2021-05-06T00:15:00+00:00,480.0,6,8.33,9,9,0;0;0;1;0;9;6;3;4
CAMHDA301-20210506T031500,2021-05-06T03:15:00+00:00,600.0,4,5.56,13,9,0;0;0;1;0;13;1;2;4
CAMHDA301-20210506T061500,2021-05-06T06:15:00+00:00,600.0,3,4.17,11,9,0;0;0;1;0;11;2;2;3
CAMHDA301-20210506T091500,2021-05-06T09:15:00+00:00,600.0,6,8.33,9,9,0;0;0;0;0;9;1;1;6
CAMHDA301-20210506T121500,2021-05-06T12:15:00+00:00,600.0,6,8.33,8,9,0;0;0;0;0;8;3;2;6
CAMHDA301-20210506T151500,2021-05-06T15:15:00+00:00,480.0,2,2.78,5,9,0;0;0;0;0;0;2;5;1
CAMHDA301-20210506T181500,2021-05-06T18:15:00+00:00,480.0,4,5.56,6,9,0;0;0;0;0;2;4;6;1
CAMHDA301-20210506T211500,2021-05-06T21:15:00+00:00,420.0,7,9.72,9,9,0;0;0;2;0;7;3;4;9
CAMHDA301-20210507T001500,2021-05-07T00:15:00+00:00,600.0,5,6.94,11,9,0;0;0;0;0;11;4;1;5
CAMHDA301-20210507T031500,2021-05-07T03:15:00+00:00,420.0,10,13.89,10,9,0;0;0;1;0;10;3;1;10
CAMHDA301-20210507T061500,2021-05-07T06:15:00+00:00,600.0,6,8.33,13,9,0;0;0;1;0;13;3;0;6
CAMHDA301-20210507T091500,2021-05-07T09:15:00+00:00,300.0,5,6.94,11,9,0;0;0;5;0;11;3;2;3
CAMHDA301-20210507T121500,2021-05-07T12:15:00+00:00,600.0,6,8.33,13,9,0;0;0;4;0;13;1;1;6
CAMHDA301-20210507T151500,2021-05-07T15:15:00+00:00,600.0,3,4.17,5,9,0;0;0;1;0;2;5;0;3
CAMHDA301-20210507T181500,2021-05-07T18:15:00+00:00,600.0,2,2.78,5,9,0;0;0;0;0;0;5;0;2
CAMHDA301-20210507T211500,2021-05-07T21:15:00+00:00,420.0,1,1.39,1,9,0;0;0;0;0;1;0;0;1
CAMHDA301-20210510T001500,2021-05-10T00:15:00+00:00,120.0,3,4.17,4,9,3;1;3;3;4;2;2;2;1
CAMHDA301-20210510T031500,2021-05-10T03:15:00+00:00,120.0,0,0.0,0,9,0;0;0;0;0;0;0;0;0
CAMHDA301-20210510T061500,2021-05-10T06:15:00+00:00,540.0,5,6.94,6,9,4;6;0;0;4;4;2;5;4
CAMHDA301-20210510T091500,2021-05-10T09:15:00+00:00,480.0,4,5.56,7,9,0;0;0;1;1;7;4;1;0
CAMHDA301-20210510T121500,2021-05-10T12:15:00+00:00,540.0,3,4.17,5,9,2;1;2;5;2;1;1;3;3
CAMHDA301-20210510T151500,2021-05-10T15:15:00+00:00,180.0,1,1.39,2,9,0;1;0;2;0;1;1;1;0
CAMHDA301-20210510T181500,2021-05-10T18:15:00+00:00,120.0,0,0.0,0,9,0;0;0;0;0;0;0;0;0
CAMHDA301-20210510T211500,2021-05-10T21:15:00+00:00,600.0,8,11.11,9,9,2;1;4;9;3;3;7;5;8
CAMHDA301-20210511T001500,2021-05-11T00:15:00+00:00,480.0,4,5.56,19,9,0;0;0;0;0;19;4;3;3
CAMHDA301-20210511T031500,2021-05-11T03:15:00+00:00,600.0,3,4.17,6,9,0;0;0;0;0;0;6;2;3
CAMHDA301-20210511T061500,2021-05-11T06:15:00+00:00,480.0,2,2.78,5,9,0;0;0;0;0;0;2;0;5
CAMHDA301-20210511T091500,2021-05-11T09:15:00+00:00,480.0,2,2.78,2,9,0;0;0;0;0;0;2;2;1
CAMHDA301-20210511T121500,2021-05-11T12:15:00+00:00,600.0,8,11.11,9,9,0;0;0;1;0;9;4;5;8
CAMHDA301-20210511T151500,2021-05-11T15:15:00+00:00,600.0,7,9.72,11,9,0;0;0;0;0;11;5;3;7
CAMHDA301-20210511T181500,2021-05-11T18:15:00+00:00,600.0,5,6.94,14,9,0;0;0;0;0;14;2;4;5
CAMHDA301-20210511T211500,2021-05-11T21:15:00+00:00,120.0,0,0.0,5,9,0;0;0;0;0;0;0;0;5
CAMHDA301-20210512T001500,2021-05-12T00:15:00+00:00,300.0,5,6.94,8,9,0;0;1;5;0;8;5;2;5
CAMHDA301-20210512T031500,2021-05-12T03:15:00+00:00,540.0,3,4.17,3,9,0;0;0;0;0;0;1;3;3
CAMHDA301-20210512T061500,2021-05-12T06:15:00+00:00,480.0,1,1.39,4,9,0;0;0;0;0;0;1;4;0
CAMHDA301-20210512T091500,2021-05-12T09:15:00+00:00,420.0,1,1.39,2,9,0;0;0;0;0;1;1;2;1
CAMHDA301-20210512T121500,2021-05-12T12:15:00+00:00,300.0,5,6.94,12,9,0;0;0;5;0;12;1;4;4
CAMHDA301-20210512T151500,2021-05-12T15:15:00+00:00,420.0,6,8.33,7,9,0;0;0;1;0;6;4;2;7
CAMHDA301-20210512T181500,2021-05-12T18:15:00+00:00,420.0,6,8.33,6,9,0;0;0;1;0;6;6;3;5
CAMHDA301-20210512T211500,2021-05-12T21:15:00+00:00,480.0,5,6.94,9,9,0;0;1;0;0;9;5;2;3
CAMHDA301-20210513T001500,2021-05-13T00:15:00+00:00,600.0,4,5.56,9,9,0;0;0;0;0;9;1;3;4
CAMHDA301-20210513T031500,2021-05-13T03:15:00+00:00,180.0,3,4.17,4,9,0;3;0;0;0;0;1;0;4
CAMHDA301-20210513T061500,2021-05-13T06:15:00+00:00,600.0,4,5.56,10,9,0;2;2;0;0;10;1;1;4
CAMHDA301-20210513T091500,2021-05-13T09:15:00+00:00,480.0,2,2.78,3,9,0;0;0;0;0;0;2;0;3
CAMHDA301-20210513T121500,2021-05-13T12:15:00+00:00,600.0,4,5.56,10,9,0;0;0;1;0;10;3;2;4
CAMHDA301-20210513T151500,2021-05-13T15:15:00+00:00,600.0,4,5.56,8,9,0;0;0;1;0;8;3;1;4
CAMHDA301-20210513T181500,2021-05-13T18:15:00+00:00,600.0,2,2.78,3,9,0;3;0;0;0;0;1;0;2
CAMHDA301-20210513T211500,2021-05-13T21:15:00+00:00,420.0,7,9.72,7,9,0;0;0;0;0;7;3;3;7
CAMHDA301-20210514T001500,2021-05-14T00:15:00+00:00,480.0,6,8.33,9,9,0;0;0;1;0;9;6;2;5
CAMHDA301-20210514T031500,2021-05-14T03:15:00+00:00,420.0,5,6.94,5,9,0;0;0;0;0;5;4;5;2
CAMHDA301-20210514T061500,2021-05-14T06:15:00+00:00,540.0,3,4.17,4,9,0;0;0;0;0;0;2;3;4
CAMHDA301-20210514T091500,2021-05-14T09:15:00+00:00,120.0,0,0.0,2,9,0;0;0;0;0;0;2;0;0
CAMHDA301-20210514T121500,2021-05-14T12:15:00+00:00,600.0,3,4.17,5,9,0;0;0;0;0;0;5;1;3
CAMHDA301-20210514T151500,2021-05-14T15:15:00+00:00,420.0,6,8.33,8,9,0;0;0;1;0;6;0;2;8
CAMHDA301-20210514T181500,2021-05-14T18:15:00+00:00,420.0,7,9.72,10,9,0;5;3;5;3;7;3;3;10
CAMHDA301-20210514T211500,2021-05-14T21:15:00+00:00,480.0,6,8.33,14,9,0;0;0;2;0;14;6;2;4
CAMHDA301-20210517T001500,2021-05-17T00:15:00+00:00,600.0,3,4.17,6,9,0;0;0;0;0;6;2;1;3
CAMHDA301-20210517T031500,2021-05-17T03:15:00+00:00,420.0,8,11.11,8,9,0;0;0;2;0;8;4;1;8
CAMHDA301-20210517T061500,2021-05-17T06:15:00+00:00,420.0,8,11.11,8,9,0;0;0;2;0;8;1;2;8
CAMHDA301-20210517T091500,2021-05-17T09:15:00+00:00,540.0,3,4.17,4,9,0;0;0;0;0;0;4;3;3
CAMHDA301-20210517T121500,2021-05-17T12:15:00+00:00,480.0,2,2.78,3,9,0;0;0;0;0;0;2;2;3
CAMHDA301-20210517T151500,2021-05-17T15:15:00+00:00,420.0,4,5.56,7,9,0;0;0;0;0;4;0;2;7
CAMHDA301-20210517T181500,2021-05-17T18:15:00+00:00,600.0,10,13.89,12,9,0;0;0;0;0;12;0;3;10
CAMHDA301-20210517T211500,2021-05-17T21:15:00+00:00,480.0,1,1.39,4,9,0;0;0;0;0;4;1;0;1
CAMHDA301-20210518T001500,2021-05-18T00:15:00+00:00,600.0,3,4.17,9,9,0;0;0;0;0;9;2;2;3
CAMHDA301-20210518T031500,2021-05-18T03:15:00+00:00,600.0,7,9.72,8,9,0;0;0;1;0;8;3;2;7
CAMHDA301-20210518T061500,2021-05-18T06:15:00+00:00,600.0,3,4.17,9,9,0;0;0;1;0;9;2;2;3
CAMHDA301-20210518T091500,2021-05-18T09:15:00+00:00,540.0,2,2.78,11,9,0;0;0;0;0;11;1;2;2
CAMHDA301-20210518T121500,2021-05-18T12:15:00+00:00,540.0,1,1.39,4,9,0;0;0;0;0;0;0;1;4
CAMHDA301-20210518T151500,2021-05-18T15:15:00+00:00,600.0,6,8.33,10,9,0;0;0;0;0;10;2;3;6
CAMHDA301-20210518T181500,2021-05-18T18:15:00+00:00,420.0,2,2.78,3,9,0;0;0;1;0;2;0;3;2
CAMHDA301-20210518T211500,2021-05-18T21:15:00+00:00,480.0,5,6.94,6,9,0;0;0;0;0;6;5;2;2
CAMHDA301-20210519T001500,2021-05-19T00:15:00+00:00,480.0,2,2.78,7,9,0;0;0;1;0;7;2;0;1
CAMHDA301-20210519T031500,2021-05-19T03:15:00+00:00,600.0,4,5.56,6,9,0;0;0;0;0;6;3;1;4
CAMHDA301-20210519T061500,2021-05-19T06:15:00+00:00,540.0,3,4.17,9,9,0;0;0;0;0;9;1;3;3
CAMHDA301-20210519T091500,2021-05-19T09:15:00+00:00,600.0,3,4.17,6,9,0;0;0;0;0;1;1;6;3
CAMHDA301-20210519T121500,2021-05-19T12:15:00+00:00,480.0,3,4.17,4,9,0;0;0;0;0;0;3;4;1
CAMHDA301-20210519T151500,2021-05-19T15:15:00+00:00,540.0,2,2.78,3,9,0;0;0;0;0;0;1;2;3
CAMHDA301-20210519T181500,2021-05-19T18:15:00+00:00,600.0,4,5.56,7,9,0;0;0;2;0;7;3;1;4
CAMHDA301-20210519T211500,2021-05-19T21:15:00+00:00,600.0,2,2.78,7,9,0;0;0;0;0;7;1;1;2
CAMHDA301-20210520T001500,2021-05-20T00:15:00+00:00,420.0,2,2.78,5,9,5;1;1;1;1;2;2;0;2
CAMHDA301-20210520T031500,2021-05-20T03:15:00+00:00,120.0,0,0.0,0,9,0;0;0;0;0;0;0;0;0
CAMHDA301-20210520T061500,2021-05-20T06:15:00+00:00,540.0,1,1.39,2,9,0;0;0;0;0;0;0;1;2
CAMHDA301-20210520T091500,2021-05-20T09:15:00+00:00,120.0,7,9.72,8,9,7;8;4;7;6;7;5;1;2
CAMHDA301-20210520T121500,2021-05-20T12:15:00+00:00,120.0,4,5.56,4,9,4;3;4;3;3;3;3;2;3
CAMHDA301-20210520T151500,2021-05-20T15:15:00+00:00,120.0,0,0.0,1,9,0;0;0;1;0;0;0;0;0
CAMHDA301-20210520T181500,2021-05-20T18:15:00+00:00,120.0,0,0.0,0,9,0;0;0;0;0;0;0;0;0
CAMHDA301-20210520T211500,2021-05-20T21:15:00+00:00,360.0,18,25.0,19,9,15;11;11;17;18;19;14;9;9
CAMHDA301-20210521T001500,2021-05-21T00:15:00+00:00,120.0,0,0.0,12,9,0;0;0;0;0;12;0;0;0
CAMHDA301-20210521T031500,2021-05-21T03:15:00+00:00,540.0,4,5.56,6,9,0;0;0;0;0;6;2;4;2
CAMHDA301-20210521T061500,2021-05-21T06:15:00+00:00,480.0,4,5.56,7,9,0;0;0;0;0;7;4;2;2
CAMHDA301-20210521T091500,2021-05-21T09:15:00+00:00,420.0,2,2.78,3,9,0;0;0;0;0;2;1;1;3
CAMHDA301-20210521T121500,2021-05-21T12:15:00+00:00,540.0,3,4.17,4,9,0;0;0;0;0;4;1;3;0
CAMHDA301-20210521T151500,2021-05-21T15:15:00+00:00,120.0,0,0.0,1,9,0;0;0;0;0;0;0;0;1
CAMHDA301-20210521T181500,2021-05-21T18:15:00+00:00,480.0,2,2.78,5,9,0;0;0;0;0;5;2;1;2
CAMHDA301-20210521T211500,2021-05-21T21:15:00+00:00,540.0,1,1.39,3,9,0;0;0;0;0;3;0;1;0
CAMHDA301-20210524T001500,2021-05-24T00:15:00+00:00,600.0,3,4.17,4,9,0;0;0;0;0;4;2;0;3
CAMHDA301-20210524T031500,2021-05-24T03:15:00+00:00,120.0,0,0.0,1,9,0;0;0;0;0;0;1;0;0
CAMHDA301-20210524T061500,2021-05-24T06:15:00+00:00,540.0,1,1.39,2,9,0;0;0;0;0;0;0;1;2
CAMHDA301-20210524T091500,2021-05-24T09:15:00+00:00,420.0,4,5.56,4,9,0;0;0;1;0;4;4;1;2
CAMHDA301-20210524T121500,2021-05-24T12:15:00+00:00,480.0,3,4.17,5,9,0;0;0;0;0;2;3;1;5
CAMHDA301-20210524T151500,2021-05-24T15:15:00+00:00,420.0,4,5.56,4,9,0;0;0;0;0;4;2;2;4
CAMHDA301-20210524T181500,2021-05-24T18:15:00+00:00,540.0,3,4.17,4,9,0;0;0;0;0;4;1;3;0
CAMHDA301-20210524T211500,2021-05-24T21:15:00+00:00,420.0,1,1.39,3,9,0;0;0;0;0;1;0;0;3
CAMHDA301-20210525T001500,2021-05-25T00:15:00+00:00,120.0,0,0.0,3,9,0;0;0;0;0;3;0;0;0
CAMHDA301-20210525T031500,2021-05-25T03:15:00+00:00,120.0,0,0.0,1,9,0;0;0;0;0;0;1;0;0
CAMHDA301-20210525T061500,2021-05-25T06:15:00+00:00,120.0,0,0.0,0,9,0;0;0;0;0;0;0;0;0
CAMHDA301-20210525T091500,2021-05-25T09:15:00+00:00,420.0,1,1.39,1,9,0;0;0;0;0;1;1;0;1
CAMHDA301-20210525T121500,2021-05-25T12:15:00+00:00,600.0,2,2.78,4,9,0;0;0;1;0;1;4;0;2
CAMHDA301-20210525T151500,2021-05-25T15:15:00+00:00,420.0,3,4.17,4,9,0;0;0;0;0;3;4;0;2
CAMHDA301-20210525T181500,2021-05-25T18:15:00+00:00,120.0,0,0.0,1,9,0;0;0;0;0;0;0;0;1
CAMHDA301-20210525T211500,2021-05-25T21:15:00+00:00,120.0,0,0.0,5,9,0;0;0;0;0;5;0;0;0
CAMHDA301-20210526T001500,2021-05-26T00:15:00+00:00,420.0,3,4.17,3,9,0;0;0;0;0;3;3;1;2
CAMHDA301-20210526T031500,2021-05-26T03:15:00+00:00,120.0,0,0.0,7,9,0;0;0;0;0;7;0;0;0
CAMHDA301-20210526T061500,2021-05-26T06:15:00+00:00,600.0,1,1.39,8,9,0;0;0;0;0;8;0;0;1
CAMHDA301-20210526T091500,2021-05-26T09:15:00+00:00,600.0,2,2.78,5,9,0;0;0;0;0;0;5;0;2
CAMHDA301-20210526T121500,2021-05-26T12:15:00+00:00,420.0,4,5.56,4,9,0;0;0;0;0;4;2;2;4
CAMHDA301-20210526T151500,2021-05-26T15:15:00+00:00,480.0,1,1.39,9,9,0;0;0;0;0;9;1;1;1
CAMHDA301-20210526T181500,2021-05-26T18:15:00+00:00,300.0,3,4.17,7,9,0;0;0;3;0;3;2;0;7
CAMHDA301-20210526T211500,2021-05-26T21:15:00+00:00,420.0,3,4.17,5,9,0;0;0;0;0;3;5;0;2
CAMHDA301-20210527T001500,2021-05-27T00:15:00+00:00,600.0,2,2.78,10,9,0;0;0;0;0;10;1;0;2
CAMHDA301-20210527T031500,2021-05-27T03:15:00+00:00,420.0,3,4.17,4,9,0;1;1;0;0;3;1;0;4
CAMHDA301-20210527T061500,2021-05-27T06:15:00+00:00,120.0,0,0.0,2,9,0;0;0;0;0;2;0;0;0
CAMHDA301-20210527T091500,2021-05-27T09:15:00+00:00,480.0,3,4.17,10,9,0;0;0;0;0;10;3;2;3
CAMHDA301-20210527T121500,2021-05-27T12:15:00+00:00,480.0,2,2.78,3,9,0;0;0;1;0;3;2;0;2
CAMHDA301-20210527T151500,2021-05-27T15:15:00+00:00,120.0,0,0.0,4,9,0;0;0;0;0;4;0;0;0
CAMHDA301-20210527T181500,2021-05-27T18:15:00+00:00,600.0,3,4.17,8,9,0;0;0;0;0;8;1;0;3
CAMHDA301-20210527T211500,2021-05-27T21:15:00+00:00,420.0,1,1.39,3,9,0;0;0;0;0;1;3;0;1
CAMHDA301-20210528T001500,2021-05-28T00:15:00+00:00,480.0,2,2.78,2,9,0;0;0;0;0;0;2;1;2
CAMHDA301-20210528T031500,2021-05-28T03:15:00+00:00,480.0,5,6.94,6,9,0;0;0;0;0;6;5;0;1
CAMHDA301-20210528T061500,2021-05-28T06:15:00+00:00,300.0,1,1.39,2,9,0;0;0;1;0;0;1;0;2
CAMHDA301-20210528T091500,2021-05-28T09:15:00+00:00,420.0,2,2.78,2,9,0;0;0;0;0;2;2;0;0
CAMHDA301-20210528T121500,2021-05-28T12:15:00+00:00,600.0,4,5.56,5,9,0;0;0;1;0;2;5;1;4
CAMHDA301-20210528T151500,2021-05-28T15:15:00+00:00,600.0,2,2.78,3,9,0;0;0;0;0;1;3;0;2
CAMHDA301-20210528T181500,2021-05-28T18:15:00+00:00,120.0,0,0.0,2,9,0;0;0;0;0;0;2;0;0
CAMHDA301-20210528T211500,2021-05-28T21:15:00+00:00,120.0,0,0.0,1,9,0;0;0;0;0;0;1;0;0
CAMHDA301-20210531T001500,2021-05-31T00:15:00+00:00,420.0,1,1.39,2,9,0;0;0;0;0;1;1;0;2
CAMHDA301-20210531T031500,2021-05-31T03:15:00+00:00,120.0,0,0.0,1,9,0;0;0;0;0;1;0;0;0
CAMHDA301-20210531T061500,2021-05-31T06:15:00+00:00,120.0,0,0.0,1,9,0;0;0;0;0;0;1;0;0
CAMHDA301-20210531T091500,2021-05-31T09:15:00+00:00,420.0,1,1.39,1,9,0;0;0;0;0;1;0;0;1
CAMHDA301-20210531T121500,2021-05-31T12:15:00+00:00,600.0,1,1.39,3,9,0;0;0;0;0;0;3;0;1
CAMHDA301-20210531T151500,2021-05-31T15:15:00+00:00,600.0,2,2.78,3,9,0;0;0;0;0;3;1;0;2
CAMHDA301-20210531T181500,2021-05-31T18:15:00+00:00,480.0,1,1.39,4,9,0;0;0;0;0;0;1;0;4
CAMHDA301-20210531T211500,2021-05-31T21:15:00+00:00,600.0,4,5.56,5,9,0;1;0;0;0;5;0;0;4
CAMHDA301-20210601T031500,2021-06-01T03:15:00+00:00,180.0,4,5.56,4,9,1;4;2;2;4;4;2;3;2
CAMHDA301-20210601T061500,2021-06-01T06:15:00+00:00,540.0,3,4.17,3,9,2;1;0;0;1;1;1;3;3
CAMHDA301-20210601T091500,2021-06-01T09:15:00+00:00,120.0,0,0.0,0,9,0;0;0;0;0;0;0;0;0
CAMHDA301-20210601T121500,2021-06-01T12:15:00+00:00,120.0,0,0.0,0,9,0;0;0;0;0;0;0;0;0
CAMHDA301-20210601T151500,2021-06-01T15:15:00+00:00,120.0,0,0.0,0,9,0;0;0;0;0;0;0;0;0
CAMHDA301-20210601T181500,2021-06-01T18:15:00+00:00,360.0,2,2.78,2,9,1;1;1;1;2;2;2;1;0
CAMHDA301-20210601T211500,2021-06-01T21:15:00+00:00,120.0,0,0.0,0,9,0;0;0;0;0;0;0;0;0
CAMHDA301-20210602T001500,2021-06-02T00:15:00+00:00,120.0,0,0.0,1,9,0;0;1;0;0;0;0;0;0
CAMHDA301-20210602T031500,2021-06-02T03:15:00+00:00,300.0,2,2.78,3,9,0;0;0;2;1;2;1;3;2
CAMHDA301-20210602T061500,2021-06-02T06:15:00+00:00,120.0,0,0.0,0,9,0;0;0;0;0;0;0;0;0
CAMHDA301-20210602T091500,2021-06-02T09:15:00+00:00,300.0,1,1.39,1,9,0;0;0;1;0;0;0;0;1
CAMHDA301-20210602T121500,2021-06-02T12:15:00+00:00,120.0,0,0.0,0,9,0;0;0;0;0;0;0;0;0
CAMHDA301-20210602T151500,2021-06-02T15:15:00+00:00,120.0,0,0.0,0,9,0;0;0;0;0;0;0;0;0
CAMHDA301-20210602T181500,2021-06-02T18:15:00+00:00,120.0,0,0.0,0,9,0;0;0;0;0;0;0;0;0
CAMHDA301-20210602T211500,2021-06-02T21:15:00+00:00,480.0,2,2.78,3,9,1;1;0;0;0;0;2;0;3
CAMHDA301-20210603T001500,2021-06-03T00:15:00+00:00,240.0,1,1.39,1,9,0;0;1;1;1;0;0;0;0
CAMHDA301-20210603T031500,2021-06-03T03:15:00+00:00,600.0,1,1.39,2,9,0;0;0;0;0;0;0;2;1
CAMHDA301-20210603T061500,2021-06-03T06:15:00+00:00,120.0,1,1.39,1,9,1;1;0;0;0;0;0;0;0
CAMHDA301-20210603T091500,2021-06-03T09:15:00+00:00,120.0,0,0.0,0,9,0;0;0;0;0;0;0;0;0
CAMHDA301-20210603T121500,2021-06-03T12:15:00+00:00,120.0,0,0.0,0,9,0;0;0;0;0;0;0;0;0
CAMHDA301-20210603T151500,2021-06-03T15:15:00+00:00,240.0,5,6.94,6,9,6;0;5;5;2;4;4;4;4
CAMHDA301-20210603T181500,2021-06-03T18:15:00+00:00,360.0,7,9.72,8,9,6;5;5;5;7;7;3;7;8
CAMHDA301-20210603T211500,2021-06-03T21:15:00+00:00,180.0,9,12.5,10,9,5;9;10;6;5;3;4;4;3
CAMHDA301-20210604T001500,2021-06-04T00:15:00+00:00,120.0,0,0.0,3,9,0;0;0;0;0;3;0;0;0
CAMHDA301-20210604T031500,2021-06-04T03:15:00+00:00,120.0,0,0.0,0,9,0;0;0;0;0;0;0;0;0
CAMHDA301-20210604T061500,2021-06-04T06:15:00+00:00,120.0,0,0.0,1,9,0;0;0;0;0;1;0;0;0
CAMHDA301-20210604T091500,2021-06-04T09:15:00+00:00,600.0,1,1.39,2,9,0;0;0;0;0;2;0;0;1
CAMHDA301-20210604T121500,2021-06-04T12:15:00+00:00,120.0,0,0.0,0,9,0;0;0;0;0;0;0;0;0
CAMHDA301-20210604T151500,2021-06-04T15:15:00+00:00,120.0,0,0.0,1,9,0;0;0;0;0;0;0;0;1
CAMHDA301-20210604T181500,2021-06-04T18:15:00+00:00,420.0,1,1.39,2,9,0;0;0;0;0;1;1;0;2
CAMHDA301-20210604T211500,2021-06-04T21:15:00+00:00,120.0,0,0.0,1,9,0;0;0;0;0;0;0;0;1
CAMHDA301-20210607T001500,2021-06-07T00:15:00+00:00,120.0,0,0.0,0,9,0;0;0;0;0;0;0;0;0
CAMHDA301-20210607T031500,2021-06-07T03:15:00+00:00,120.0,0,0.0,0,9,0;0;0;0;0;0;0;0;0
CAMHDA301-20210607T061500,2021-06-07T06:15:00+00:00,420.0,2,2.78,3,9,0;0;0;0;0;2;3;0;2
CAMHDA301-20210607T091500,2021-06-07T09:15:00+00:00,120.0,0,0.0,1,9,0;0;0;0;0;0;0;0;1
CAMHDA301-20210607T121500,2021-06-07T12:15:00+00:00,540.0,1,1.39,1,9,0;0;0;0;0;0;0;1;1
CAMHDA301-20210607T151500,2021-06-07T15:15:00+00:00,120.0,0,0.0,0,9,0;0;0;0;0;0;0;0;0
CAMHDA301-20210607T181500,2021-06-07T18:15:00+00:00,420.0,1,1.39,1,9,0;0;0;0;0;1;1;0;0
CAMHDA301-20210607T211500,2021-06-07T21:15:00+00:00,420.0,1,1.39,1,9,0;0;0;0;0;1;0;0;1
CAMHDA301-20210608T001500,2021-06-08T00:15:00+00:00,600.0,1,1.39,2,9,0;0;0;0;0;2;0;0;1
CAMHDA301-20210608T031500,2021-06-08T03:15:00+00:00,120.0,0,0.0,1,9,0;0;0;0;0;0;0;0;1
CAMHDA301-20210608T061500,2021-06-08T06:15:00+00:00,480.0,1,1.39,2,9,0;0;0;0;0;2;1;0;0
CAMHDA301-20210608T091500,2021-06-08T09:15:00+00:00,420.0,2,2.78,3,9,0;0;0;0;0;2;2;1;3
CAMHDA301-20210608T121500,2021-06-08T12:15:00+00:00,420.0,1,1.39,4,9,0;0;0;0;0;1;4;0;1
CAMHDA301-20210608T151500,2021-06-08T15:15:00+00:00,120.0,0,0.0,1,9,0;0;0;0;0;0;0;0;1
CAMHDA301-20210608T181500,2021-06-08T18:15:00+00:00,120.0,0,0.0,2,9,0;0;0;0;0;0;0;0;2
CAMHDA301-20210608T211500,2021-06-08T21:15:00+00:00,540.0,1,1.39,2,9,0;0;0;0;0;2;0;1;1
CAMHDA301-20210609T001500,2021-06-09T00:15:00+00:00,420.0,1,1.39,2,9,0;0;0;0;0;1;0;1;2
CAMHDA301-20210609T031500,2021-06-09T03:15:00+00:00,120.0,0,0.0,3,9,0;0;0;0;0;0;0;0;3
CAMHDA301-20210609T061500,2021-06-09T06:15:00+00:00,120.0,0,0.0,0,9,0;0;0;0;0;0;0;0;0
CAMHDA301-20210609T091500,2021-06-09T09:15:00+00:00,480.0,2,2.78,5,9,0;0;0;0;0;0;2;0;5
CAMHDA301-20210609T121500,2021-06-09T12:15:00+00:00,120.0,0,0.0,1,9,0;0;0;0;0;1;0;0;0
CAMHDA301-20210609T151500,2021-06-09T15:15:00+00:00,120.0,0,0.0,1,9,0;0;0;0;0;0;0;0;1
CAMHDA301-20210609T181500,2021-06-09T18:15:00+00:00,600.0,1,1.39,2,9,0;0;0;0;0;0;2;0;1
CAMHDA301-20210609T211500,2021-06-09T21:15:00+00:00,120.0,0,0.0,0,9,0;0;0;0;0;0;0;0;0
CAMHDA301-20210610T001500,2021-06-10T00:15:00+00:00,120.0,4,5.56,6,9,4;0;6;3;1;2;2;1;2
CAMHDA301-20210610T031500,2021-06-10T03:15:00+00:00,120.0,0,0.0,0,9,0;0;0;0;0;0;0;0;0
CAMHDA301-20210610T061500,2021-06-10T06:15:00+00:00,120.0,0,0.0,1,9,0;1;0;0;0;0;0;0;0
CAMHDA301-20210610T091500,2021-06-10T09:15:00+00:00,480.0,3,4.17,4,9,2;1;1;0;1;4;3;2;3
CAMHDA301-20210610T121500,2021-06-10T12:15:00+00:00,120.0,0,0.0,0,9,0;0;0;0;0;0;0;0;0
CAMHDA301-20210610T151500,2021-06-10T15:15:00+00:00,120.0,2,2.78,3,9,2;1;1;1;1;2;1;3;1
CAMHDA301-20210610T181500,2021-06-10T18:15:00+00:00,120.0,0,0.0,0,9,0;0;0;0;0;0;0;0;0
CAMHDA301-20210610T211500,2021-06-10T21:15:00+00:00,300.0,11,15.28,11,9,8;4;4;11;7;8;5;8;11
CAMHDA301-20210611T001500,2021-06-11T00:15:00+00:00,480.0,4,5.56,9,9,0;0;0;0;0;9;4;1;1
CAMHDA301-20210611T031500,2021-06-11T03:15:00+00:00,120.0,0,0.0,0,9,0;0;0;0;0;0;0;0;0
CAMHDA301-20210611T061500,2021-06-11T06:15:00+00:00,120.0,0,0.0,2,9,0;0;0;0;0;0;0;0;2
CAMHDA301-20210611T091500,2021-06-11T09:15:00+00:00,600.0,1,1.39,2,9,0;0;0;0;0;2;0;0;1
CAMHDA301-20210611T121500,2021-06-11T12:15:00+00:00,120.0,0,0.0,0,9,0;0;0;0;0;0;0;0;0
CAMHDA301-20210611T151500,2021-06-11T15:15:00+00:00,420.0,4,5.56,5,9,0;0;0;0;0;4;5;1;2
CAMHDA301-20210611T181500,2021-06-11T18:15:00+00:00,420.0,4,5.56,4,9,0;0;0;0;0;4;3;0;4
CAMHDA301-20210611T211500,2021-06-11T21:15:00+00:00,600.0,4,5.56,5,9,0;0;0;0;0;1;5;1;4
CAMHDA301-20210614T001500,2021-06-14T00:15:00+00:00,420.0,6,8.33,8,9,0;0;0;1;0;6;8;2;2
CAMHDA301-20210614T031500,2021-06-14T03:15:00+00:00,480.0,4,5.56,5,9,0;0;0;0;0;3;4;0;5
CAMHDA301-20210614T061500,2021-06-14T06:15:00+00:00,420.0,6,8.33,6,9,0;0;0;0;0;6;6;1;4
CAMHDA301-20210614T091500,2021-06-14T09:15:00+00:00,420.0,2,2.78,4,9,0;0;0;0;0;2;4;0;2
CAMHDA301-20210614T121500,2021-06-14T12:15:00+00:00,420.0,4,5.56,4,9,0;0;0;0;0;4;4;4;4
CAMHDA301-20210614T151500,2021-06-14T15:15:00+00:00,600.0,3,4.17,5,9,0;0;0;0;0;5;1;2;3
CAMHDA301-20210614T181500,2021-06-14T18:15:00+00:00,420.0,4,5.56,6,9,0;0;0;2;0;4;6;2;1
CAMHDA301-20210614T211500,2021-06-14T21:15:00+00:00,420.0,2,2.78,4,9,0;0;0;0;0;2;2;1;4
CAMHDA301-20210615T001500,2021-06-15T00:15:00+00:00,480.0,4,5.56,7,9,0;0;0;3;0;7;4;2;1
CAMHDA301-20210615T031500,2021-06-15T03:15:00+00:00,480.0,3,4.17,9,9,0;0;0;0;0;9;3;2;2
CAMHDA301-20210615T061500,2021-06-15T06:15:00+00:00,480.0,4,5.56,5,9,0;0;0;0;0;5;4;1;2
CAMHDA301-20210615T091500,2021-06-15T09:15:00+00:00,540.0,3,4.17,10,9,0;0;0;0;0;10;0;3;3
CAMHDA301-20210615T121500,2021-06-15T12:15:00+00:00,420.0,2,2.78,2,9,0;0;0;0;0;2;0;0;2
CAMHDA301-20210615T151500,2021-06-15T15:15:00+00:00,480.0,6,8.33,7,9,0;0;0;0;0;7;6;0;2
CAMHDA301-20210615T181500,2021-06-15T18:15:00+00:00,600.0,4,5.56,8,9,0;0;0;1;0;8;3;1;4
CAMHDA301-20210615T211500,2021-06-15T21:15:00+00:00,420.0,4,5.56,9,9,0;0;0;1;0;4;9;2;2
CAMHDA301-20210616T001500,2021-06-16T00:15:00+00:00,480.0,3,4.17,7,9,0;0;0;0;0;7;3;2;2
CAMHDA301-20210616T031500,2021-06-16T03:15:00+00:00,420.0,3,4.17,3,9,0;0;0;0;0;3;1;3;3
CAMHDA301-20210616T061500,2021-06-16T06:15:00+00:00,600.0,7,9.72,11,9,0;0;0;0;0;11;5;1;7
CAMHDA301-20210616T091500,2021-06-16T09:15:00+00:00,480.0,3,4.17,6,9,0;0;0;0;0;6;3;0;1
CAMHDA301-20210616T121500,2021-06-16T12:15:00+00:00,600.0,1,1.39,2,9,0;0;0;0;0;0;2;0;1
CAMHDA301-20210616T151500,2021-06-16T15:15:00+00:00,480.0,6,8.33,7,9,0;0;0;0;0;7;6;2;4
CAMHDA301-20210616T181500,2021-06-16T18:15:00+00:00,420.0,4,5.56,6,9,0;0;0;1;0;4;0;1;6
CAMHDA301-20210616T211500,2021-06-16T21:15:00+00:00,420.0,4,5.56,6,9,0;0;0;2;0;4;6;2;2
CAMHDA301-20210617T001500,2021-06-17T00:15:00+00:00,480.0,4,5.56,9,9,0;0;0;1;0;9;4;3;4
CAMHDA301-20210617T031500,2021-06-17T03:15:00+00:00,480.0,4,5.56,4,9,0;0;0;0;0;0;4;0;4
CAMHDA301-20210617T061500,2021-06-17T06:15:00+00:00,540.0,3,4.17,6,9,0;0;0;0;0;6;1;3;3
CAMHDA301-20210617T091500,2021-06-17T09:15:00+00:00,600.0,1,1.39,6,9,0;0;0;0;0;0;6;0;1
CAMHDA301-20210617T121500,2021-06-17T12:15:00+00:00,540.0,5,6.94,6,9,0;0;0;2;0;4;6;5;1
CAMHDA301-20210617T151500,2021-06-17T15:15:00+00:00,180.0,6,8.33,11,9,0;6;1;0;0;11;5;4;3
CAMHDA301-20210617T181500,2021-06-17T18:15:00+00:00,480.0,3,4.17,10,9,0;0;0;1;0;10;3;3;2
CAMHDA301-20210617T211500,2021-06-17T21:15:00+00:00,420.0,8,11.11,8,9,0;0;0;0;0;8;8;4;2
CAMHDA301-20210618T001500,2021-06-18T00:15:00+00:00,480.0,1,1.39,3,9,0;0;0;0;0;0;1;3;0
CAMHDA301-20210618T031500,2021-06-18T03:15:00+00:00,420.0,7,9.72,9,9,0;0;0;2;0;7;9;5;1
CAMHDA301-20210618T061500,2021-06-18T06:15:00+00:00,420.0,9,12.5,9,9,0;0;0;0;1;9;9;2;5
CAMHDA301-20210618T091500,2021-06-18T09:15:00+00:00,480.0,4,5.56,8,9,0;0;0;0;0;8;4;3;0
CAMHDA301-20210618T121500,2021-06-18T12:15:00+00:00,360.0,5,6.94,7,9,0;0;2;0;5;0;7;3;2
CAMHDA301-20210618T151500,2021-06-18T15:15:00+00:00,480.0,2,2.78,5,9,0;0;0;0;0;0;2;1;5
CAMHDA301-20210618T181500,2021-06-18T18:15:00+00:00,480.0,5,6.94,11,9,0;0;0;0;0;11;5;3;5
CAMHDA301-20210618T211500,2021-06-18T21:15:00+00:00,420.0,4,5.56,5,9,0;0;0;3;0;4;5;3;4
CAMHDA301-20210621T001500,2021-06-21T00:15:00+00:00,480.0,3,4.17,3,9,0;0;0;0;0;2;3;3;3
CAMHDA301-20210621T031500,2021-06-21T03:15:00+00:00,420.0,4,5.56,7,9,0;0;0;0;0;4;1;1;7
CAMHDA301-20210621T061500,2021-06-21T06:15:00+00:00,480.0,4,5.56,8,9,0;0;0;0;0;0;4;0;8
CAMHDA301-20210621T091500,2021-06-21T09:15:00+00:00,540.0,9,12.5,16,9,0;0;0;1;0;16;8;9;3
CAMHDA301-20210621T121500,2021-06-21T12:15:00+00:00,600.0,6,8.33,10,9,0;0;0;0;0;10;3;5;6
CAMHDA301-20210621T151500,2021-06-21T15:15:00+00:00,480.0,7,9.72,10,9,0;0;0;0;0;10;7;5;3
CAMHDA301-20210621T181500,2021-06-21T18:15:00+00:00,600.0,6,8.33,12,9,0;0;0;1;0;5;12;5;6
CAMHDA301-20210621T211500,2021-06-21T21:15:00+00:00,480.0,8,11.11,17,9,0;0;0;1;0;17;8;4;5
CAMHDA301-20210622T001500,2021-06-22T00:15:00+00:00,540.0,5,6.94,7,9,0;0;0;0;0;0;7;5;4
CAMHDA301-20210622T031500,2021-06-22T03:15:00+00:00,540.0,2,2.78,7,9,0;0;0;0;0;1;7;2;2
CAMHDA301-20210622T061500,2021-06-22T06:15:00+00:00,600.0,5,6.94,12,9,0;0;0;0;0;12;3;0;5
CAMHDA301-20210622T091500,2021-06-22T09:15:00+00:00,600.0,9,12.5,12,9,0;0;0;0;0;12;7;3;9
CAMHDA301-20210622T121500,2021-06-22T12:15:00+00:00,540.0,7,9.72,9,9,0;0;0;0;0;3;1;7;9
CAMHDA301-20210622T151500,2021-06-22T15:15:00+00:00,600.0,9,12.5,13,9,0;0;0;1;0;8;13;3;9
CAMHDA301-20210622T181500,2021-06-22T18:15:00+00:00,420.0,10,13.89,13,9,0;0;0;2;0;10;13;5;8
CAMHDA301-20210622T211500,2021-06-22T21:15:00+00:00,600.0,6,8.33,11,9,0;0;0;0;0;11;4;4;6
CAMHDA301-20210623T001500,2021-06-23T00:15:00+00:00,420.0,14,19.44,14,9,0;0;0;0;0;14;9;7;14
CAMHDA301-20210623T031500,2021-06-23T03:15:00+00:00,120.0,0,0.0,8,9,0;0;0;0;0;0;8;0;0
CAMHDA301-20210623T061500,2021-06-23T06:15:00+00:00,540.0,3,4.17,3,9,0;0;0;0;0;0;0;3;3
CAMHDA301-20210623T091500,2021-06-23T09:15:00+00:00,600.0,6,8.33,13,9,0;0;0;0;0;0;13;3;6
CAMHDA301-20210623T121500,2021-06-23T12:15:00+00:00,480.0,2,2.78,3,9,0;0;0;1;0;3;2;1;0
CAMHDA301-20210623T151500,2021-06-23T15:15:00+00:00,480.0,6,8.33,16,9,0;0;0;0;0;16;6;6;5
CAMHDA301-20210623T181500,2021-06-23T18:15:00+00:00,420.0,11,15.28,11,9,0;0;0;1;0;11;6;3;11
CAMHDA301-20210623T211500,2021-06-23T21:15:00+00:00,180.0,3,4.17,7,9,0;3;0;0;0;7;2;2;3
CAMHDA301-20210624T001500,2021-06-24T00:15:00+00:00,480.0,6,8.33,14,9,0;0;0;2;0;14;6;5;6
CAMHDA301-20210624T031500,2021-06-24T03:15:00+00:00,480.0,6,8.33,6,9,0;0;0;0;0;0;6;6;6
CAMHDA301-20210624T061500,2021-06-24T06:15:00+00:00,540.0,2,2.78,7,9,0;0;0;0;0;0;1;2;7
CAMHDA301-20210624T091500,2021-06-24T09:15:00+00:00,600.0,1,1.39,2,9,0;0;0;0;0;0;2;0;1
CAMHDA301-20210624T121500,2021-06-24T12:15:00+00:00,480.0,7,9.72,14,9,0;0;0;1;0;14;7;5;6
CAMHDA301-20210624T151500,2021-06-24T15:15:00+00:00,540.0,8,11.11,10,9,0;0;0;0;0;10;0;8;4
CAMHDA301-20210624T181500,2021-06-24T18:15:00+00:00,120.0,0,0.0,7,9,0;0;0;0;0;0;7;0;0
CAMHDA301-20210624T211500,2021-06-24T21:15:00+00:00,420.0,8,11.11,9,9,0;0;0;4;0;8;3;5;9
CAMHDA301-20210625T001500,2021-06-25T00:15:00+00:00,480.0,4,5.56,10,9,0;0;0;0;0;10;4;2;4
CAMHDA301-20210625T031500,2021-06-25T03:15:00+00:00,120.0,0,0.0,0,9,0;0;0;0;0;0;0;0;0
CAMHDA301-20210625T061500,2021-06-25T06:15:00+00:00,120.0,0,0.0,0,9,0;0;0;0;0;0;0;0;0
CAMHDA301-20210625T091500,2021-06-25T09:15:00+00:00,120.0,0,0.0,0,9,0;0;0;0;0;0;0;0;0
CAMHDA301-20210625T121500,2021-06-25T12:15:00+00:00,120.0,0,0.0,0,9,0;0;0;0;0;0;0;0;0
CAMHDA301-20210625T151500,2021-06-25T15:15:00+00:00,480.0,5,6.94,18,9,0;0;0;0;0;18;5;3;3
CAMHDA301-20210625T181500,2021-06-25T18:15:00+00:00,540.0,6,8.33,8,9,0;0;0;1;0;8;1;6;3
CAMHDA301-20210625T211500,2021-06-25T21:15:00+00:00,480.0,2,2.78,7,9,0;0;0;0;0;7;2;1;1
CAMHDA301-20210628T001500,2021-06-28T00:15:00+00:00,540.0,3,4.17,10,9,0;0;0;0;0;10;1;3;2
CAMHDA301-20210628T031500,2021-06-28T03:15:00+00:00,540.0,8,11.11,9,9,0;0;0;1;0;9;4;8;0
CAMHDA301-20210628T061500,2021-06-28T06:15:00+00:00,600.0,5,6.94,11,9,0;0;0;4;0;11;3;0;5
CAMHDA301-20210628T091500,2021-06-28T09:15:00+00:00,600.0,7,9.72,19,9,0;0;0;0;0;19;4;6;7
CAMHDA301-20210628T121500,2021-06-28T12:15:00+00:00,420.0,7,9.72,7,9,0;0;0;1;0;7;7;3;1
CAMHDA301-20210628T151500,2021-06-28T15:15:00+00:00,540.0,3,4.17,3,9,0;0;0;0;0;0;2;3;3
CAMHDA301-20210628T181500,2021-06-28T18:15:00+00:00,600.0,4,5.56,5,9,0;0;0;0;0;0;2;5;4
CAMHDA301-20210628T211500,2021-06-28T21:15:00+00:00,480.0,7,9.72,17,9,0;0;0;1;0;3;7;4;17
CAMHDA301-20210629T001500,2021-06-29T00:15:00+00:00,420.0,9,12.5,9,9,0;0;0;5;0;9;4;3;9
CAMHDA301-20210629T031500,2021-06-29T03:15:00+00:00,480.0,4,5.56,20,9,0;0;0;1;0;20;4;4;4
CAMHDA301-20210629T061500,2021-06-29T06:15:00+00:00,420.0,5,6.94,6,9,0;0;0;0;0;5;6;0;0
CAMHDA301-20210629T091500,2021-06-29T09:15:00+00:00,600.0,4,5.56,6,9,0;0;0;0;0;0;2;6;4
CAMHDA301-20210629T121500,2021-06-29T12:15:00+00:00,600.0,4,5.56,15,9,0;0;0;2;0;15;3;0;4
CAMHDA301-20210629T151500,2021-06-29T15:15:00+00:00,420.0,10,13.89,13,9,0;0;0;0;0;10;10;8;13
CAMHDA301-20210629T181500,2021-06-29T18:15:00+00:00,420.0,12,16.67,14,9,0;4;0;0;0;12;5;5;14
CAMHDA301-20210629T211500,2021-06-29T21:15:00+00:00,480.0,7,9.72,13,9,0;0;0;0;0;13;7;6;6
CAMHDA301-20210630T001500,2021-06-30T00:15:00+00:00,420.0,9,12.5,9,9,0;0;0;2;0;9;9;9;7
CAMHDA301-20210630T031500,2021-06-30T03:15:00+00:00,420.0,6,8.33,9,9,0;0;0;1;0;6;1;4;9
CAMHDA301-20210630T061500,2021-06-30T06:15:00+00:00,600.0,12,16.67,14,9,0;0;0;0;0;14;2;8;12
CAMHDA301-20210630T091500,2021-06-30T09:15:00+00:00,480.0,3,4.17,13,9,0;0;0;0;0;13;3;0;0
CAMHDA301-20210630T121500,2021-06-30T12:15:00+00:00,480.0,3,4.17,11,9,0;0;0;0;1;11;3;0;0
CAMHDA301-20210630T151500,2021-06-30T15:15:00+00:00,600.0,6,8.33,12,9,0;0;0;0;0;12;4;5;6
CAMHDA301-20210630T181500,2021-06-30T18:15:00+00:00,480.0,5,6.94,5,9,0;0;0;0;0;4;5;5;4
CAMHDA301-20210630T211500,2021-06-30T21:15:00+00:00,600.0,10,13.89,14,9,0;0;0;2;0;14;5;6;10
CAMHDA301-20210701T031500,2021-07-01T03:15:00+00:00,480.0,9,12.5,11,9,6;7;8;6;7;11;9;6;3
CAMHDA301-20210701T061500,2021-07-01T06:15:00+00:00,180.0,7,9.72,8,9,6;7;3;5;5;8;4;6;4
CAMHDA301-20210701T091500,2021-07-01T09:15:00+00:00,120.0,0,0.0,0,9,0;0;0;0;0;0;0;0;0
CAMHDA301-20210701T121500,2021-07-01T12:15:00+00:00,120.0,0,0.0,0,9,0;0;0;0;0;0;0;0;0
CAMHDA301-20210701T151500,2021-07-01T15:15:00+00:00,120.0,0,0.0,0,9,0;0;0;0;0;0;0;0;0
CAMHDA301-20210701T181500,2021-07-01T18:15:00+00:00,420.0,5,6.94,6,9,4;4;6;3;2;5;1;3;1
CAMHDA301-20210701T211500,2021-07-01T21:15:00+00:00,180.0,2,2.78,4,9,4;2;2;2;2;1;1;2;2
CAMHDA301-20210702T001500,2021-07-02T00:15:00+00:00,360.0,2,2.78,2,9,1;1;1;1;2;1;0;2;2
CAMHDA301-20210702T031500,2021-07-02T03:15:00+00:00,420.0,14,19.44,15,9,13;13;12;11;10;14;15;13;12
CAMHDA301-20210702T061500,2021-07-02T06:15:00+00:00,540.0,7,9.72,8,9,8;5;0;6;0;6;0;7;0
CAMHDA301-20210702T091500,2021-07-02T09:15:00+00:00,480.0,22,30.56,23,9,0;0;19;23;15;16;22;20;0
CAMHDA301-20210702T121500,2021-07-02T12:15:00+00:00,180.0,2,2.78,3,9,3;2;1;2;0;0;0;0;0
CAMHDA301-20210702T151500,2021-07-02T15:15:00+00:00,180.0,5,6.94,5,9,4;5;3;2;5;4;4;3;4
CAMHDA301-20210702T181500,2021-07-02T18:15:00+00:00,240.0,7,9.72,9,9,9;5;7;7;5;7;6;6;7
CAMHDA301-20210702T211500,2021-07-02T21:15:00+00:00,300.0,2,2.78,2,9,0;1;0;2;2;0;2;0;0
CAMHDA301-20210705T001500,2021-07-05T00:15:00+00:00,480.0,4,5.56,12,9,0;0;0;1;0;12;4;2;2
CAMHDA301-20210705T031500,2021-07-05T03:15:00+00:00,300.0,1,1.39,8,9,0;0;0;1;0;8;0;0;0
CAMHDA301-20210705T061500,2021-07-05T06:15:00+00:00,480.0,5,6.94,10,9,0;3;0;0;0;0;5;10;4
CAMHDA301-20210705T091500,2021-07-05T09:15:00+00:00,540.0,1,1.39,2,9,0;0;0;0;0;0;2;1;0
CAMHDA301-20210705T121500,2021-07-05T12:15:00+00:00,540.0,11,15.28,14,9,0;0;0;2;0;14;6;11;7
CAMHDA301-20210705T151500,2021-07-05T15:15:00+00:00,480.0,6,8.33,7,9,0;0;0;1;0;7;6;5;4
CAMHDA301-20210705T181500,2021-07-05T18:15:00+00:00,480.0,9,12.5,11,9,0;0;0;0;0;11;9;2;2
CAMHDA301-20210705T211500,2021-07-05T21:15:00+00:00,540.0,8,11.11,17,9,0;0;0;0;0;17;6;8;4
CAMHDA301-20210706T001500,2021-07-06T00:15:00+00:00,540.0,6,8.33,14,9,0;0;0;1;0;14;4;6;5
CAMHDA301-20210706T031500,2021-07-06T03:15:00+00:00,180.0,1,1.39,7,9,0;1;0;0;0;7;0;0;0
CAMHDA301-20210706T061500,2021-07-06T06:15:00+00:00,480.0,7,9.72,14,9,0;0;0;2;0;14;7;1;1
CAMHDA301-20210706T091500,2021-07-06T09:15:00+00:00,600.0,7,9.72,15,9,0;0;0;2;0;15;3;4;7
CAMHDA301-20210706T121500,2021-07-06T12:15:00+00:00,600.0,7,9.72,17,9,0;0;0;2;0;17;3;5;7
CAMHDA301-20210706T151500,2021-07-06T15:15:00+00:00,600.0,8,11.11,14,9,0;0;0;0;0;14;6;3;8
CAMHDA301-20210706T181500,2021-07-06T18:15:00+00:00,480.0,2,2.78,4,9,0;0;0;0;0;4;2;0;0
CAMHDA301-20210706T211500,2021-07-06T21:15:00+00:00,600.0,10,13.89,15,9,0;4;1;0;0;15;8;3;10
CAMHDA301-20210707T001500,2021-07-07T00:15:00+00:00,600.0,8,11.11,12,9,0;0;0;1;0;12;3;2;8
CAMHDA301-20210707T031500,2021-07-07T03:15:00+00:00,480.0,9,12.5,9,9,0;0;0;1;0;0;9;9;1
CAMHDA301-20210707T061500,2021-07-07T06:15:00+00:00,540.0,4,5.56,5,9,0;0;0;0;0;1;5;4;4
CAMHDA301-20210707T091500,2021-07-07T09:15:00+00:00,420.0,13,18.06,23,9,0;0;0;2;0;13;8;4;23
CAMHDA301-20210707T121500,2021-07-07T12:15:00+00:00,540.0,3,4.17,5,9,0;0;0;1;0;5;1;3;2
CAMHDA301-20210707T151500,2021-07-07T15:15:00+00:00,540.0,5,6.94,7,9,0;0;0;1;0;7;2;5;2
CAMHDA301-20210707T181500,2021-07-07T18:15:00+00:00,540.0,4,5.56,6,9,0;0;0;0;0;6;2;4;2
CAMHDA301-20210707T211500,2021-07-07T21:15:00+00:00,480.0,5,6.94,14,9,0;0;0;1;0;14;5;4;5
CAMHDA301-20210708T001500,2021-07-08T00:15:00+00:00,600.0,7,9.72,8,9,0;0;0;2;0;8;2;2;7
CAMHDA301-20210708T031500,2021-07-08T03:15:00+00:00,480.0,7,9.72,14,9,0;0;0;0;0;14;7;2;5
CAMHDA301-20210708T061500,2021-07-08T06:15:00+00:00,600.0,4,5.56,9,9,0;0;0;0;0;0;9;3;4
CAMHDA301-20210708T091500,2021-07-08T09:15:00+00:00,480.0,9,12.5,17,9,0;0;0;1;0;17;9;3;3
CAMHDA301-20210708T121500,2021-07-08T12:15:00+00:00,480.0,5,6.94,14,9,0;0;0;0;0;14;5;5;3
CAMHDA301-20210708T151500,2021-07-08T15:15:00+00:00,480.0,7,9.72,11,9,0;0;0;0;0;11;7;7;5
CAMHDA301-20210708T181500,2021-07-08T18:15:00+00:00,420.0,8,11.11,8,9,0;0;0;2;0;8;4;4;8
CAMHDA301-20210708T211500,2021-07-08T21:15:00+00:00,420.0,3,4.17,3,9,0;0;0;0;0;3;1;3;3
CAMHDA301-20210709T001500,2021-07-09T00:15:00+00:00,600.0,10,13.89,11,9,0;0;0;1;0;11;1;3;10
CAMHDA301-20210709T031500,2021-07-09T03:15:00+00:00,600.0,5,6.94,9,9,0;0;0;0;0;9;2;2;5
CAMHDA301-20210709T061500,2021-07-09T06:15:00+00:00,120.0,0,0.0,1,9,0;0;0;0;0;0;0;1;0
CAMHDA301-20210709T091500,2021-07-09T09:15:00+00:00,480.0,3,4.17,22,9,0;0;0;0;0;22;3;0;1
CAMHDA301-20210709T121500,2021-07-09T12:15:00+00:00,420.0,4,5.56,7,9,0;2;0;0;0;4;1;2;7
CAMHDA301-20210709T151500,2021-07-09T15:15:00+00:00,540.0,4,5.56,5,9,0;0;0;0;0;3;2;4;5
CAMHDA301-20210709T181500,2021-07-09T18:15:00+00:00,540.0,7,9.72,9,9,0;0;0;1;0;9;4;7;2
CAMHDA301-20210709T211500,2021-07-09T21:15:00+00:00,600.0,9,12.5,12,9,0;0;0;1;0;12;4;3;9
CAMHDA301-20210712T001500,2021-07-12T00:15:00+00:00,480.0,11,15.28,15,9,0;0;0;0;0;15;11;3;7
CAMHDA301-20210712T031500,2021-07-12T03:15:00+00:00,480.0,6,8.33,13,9,0;0;0;0;0;13;6;2;4
CAMHDA301-20210712T061500,2021-07-12T06:15:00+00:00,480.0,7,9.72,11,9,0;5;1;0;0;11;7;5;5
CAMHDA301-20210712T091500,2021-07-12T09:15:00+00:00,600.0,3,4.17,4,9,0;0;0;0;0;0;4;1;3
CAMHDA301-20210712T121500,2021-07-12T12:15:00+00:00,420.0,7,9.72,10,9,0;0;0;2;0;7;4;3;10
CAMHDA301-20210712T151500,2021-07-12T15:15:00+00:00,480.0,11,15.28,12,9,0;0;0;1;0;12;11;5;2
CAMHDA301-20210712T181500,2021-07-12T18:15:00+00:00,480.0,9,12.5,11,9,0;0;0;1;0;11;9;3;9
CAMHDA301-20210712T211500,2021-07-12T21:15:00+00:00,480.0,11,15.28,15,9,0;0;0;0;0;7;11;2;15
CAMHDA301-20210713T001500,2021-07-13T00:15:00+00:00,420.0,4,5.56,7,9,0;0;0;0;0;4;7;3;4
CAMHDA301-20210713T031500,2021-07-13T03:15:00+00:00,480.0,8,11.11,17,9,0;0;0;0;0;17;8;2;0
CAMHDA301-20210713T061500,2021-07-13T06:15:00+00:00,480.0,8,11.11,17,9,0;0;0;0;0;17;8;5;2
CAMHDA301-20210713T091500,2021-07-13T09:15:00+00:00,600.0,1,1.39,2,9,0;0;0;0;0;0;2;0;1
CAMHDA301-20210713T121500,2021-07-13T12:15:00+00:00,600.0,3,4.17,11,9,0;0;0;0;0;0;11;1;3
CAMHDA301-20210713T151500,2021-07-13T15:15:00+00:00,600.0,4,5.56,7,9,0;0;0;0;0;7;2;3;4
CAMHDA301-20210713T181500,2021-07-13T18:15:00+00:00,420.0,9,12.5,9,9,0;0;0;1;0;9;9;5;7
CAMHDA301-20210713T211500,2021-07-13T21:15:00+00:00,480.0,9,12.5,13,9,0;0;0;3;0;13;9;5;6
CAMHDA301-20210714T001500,2021-07-14T00:15:00+00:00,420.0,4,5.56,7,9,0;0;0;0;0;4;7;3;3
CAMHDA301-20210714T031500,2021-07-14T03:15:00+00:00,540.0,2,2.78,3,9,0;0;0;0;0;3;0;2;1
CAMHDA301-20210714T061500,2021-07-14T06:15:00+00:00,480.0,2,2.78,4,9,0;0;0;0;0;0;2;4;2
CAMHDA301-20210714T091500,2021-07-14T09:15:00+00:00,600.0,3,4.17,6,9,0;0;0;1;0;0;6;0;3
CAMHDA301-20210714T121500,2021-07-14T12:15:00+00:00,420.0,6,8.33,10,9,0;0;0;0;0;6;1;2;10
CAMHDA301-20210714T151500,2021-07-14T15:15:00+00:00,480.0,8,11.11,9,9,0;0;0;0;0;9;8;6;6
CAMHDA301-20210714T181500,2021-07-14T18:15:00+00:00,480.0,6,8.33,14,9,0;0;0;1;0;14;6;2;6
CAMHDA301-20210714T211500,2021-07-14T21:15:00+00:00,480.0,13,18.06,14,9,0;0;0;0;0;14;13;3;5
CAMHDA301-20210715T001500,2021-07-15T00:15:00+00:00,300.0,2,2.78,5,9,0;0;0;2;0;0;5;0;1
CAMHDA301-20210715T031500,2021-07-15T03:15:00+00:00,180.0,9,12.5,18,9,0;9;0;0;0;18;9;6;5
CAMHDA301-20210715T061500,2021-07-15T06:15:00+00:00,600.0,10,13.89,11,9,0;0;0;0;0;8;11;1;10
CAMHDA301-20210715T091500,2021-07-15T09:15:00+00:00,300.0,1,1.39,4,9,0;0;0;1;0;0;1;0;4
CAMHDA301-20210715T121500,2021-07-15T12:15:00+00:00,600.0,2,2.78,11,9,0;0;0;0;0;11;1;0;2
CAMHDA301-20210715T151500,2021-07-15T15:15:00+00:00,480.0,7,9.72,10,9,0;0;0;0;0;10;7;2;4
CAMHDA301-20210715T181500,2021-07-15T18:15:00+00:00,480.0,6,8.33,17,9,0;0;0;0;0;17;6;3;3
CAMHDA301-20210715T211500,2021-07-15T21:15:00+00:00,480.0,9,12.5,14,9,0;0;0;1;0;14;9;3;4
CAMHDA301-20210716T001500,2021-07-16T00:15:00+00:00,540.0,4,5.56,5,9,0;0;0;0;0;0;2;4;5
CAMHDA301-20210716T031500,2021-07-16T03:15:00+00:00,480.0,8,11.11,9,9,0;0;0;2;0;9;8;3;3
CAMHDA301-20210716T061500,2021-07-16T06:15:00+00:00,600.0,7,9.72,9,9,0;0;0;0;0;5;9;2;7
CAMHDA301-20210716T091500,2021-07-16T09:15:00+00:00,420.0,9,12.5,9,9,0;0;0;0;0;9;4;4;9
CAMHDA301-20210716T121500,2021-07-16T12:15:00+00:00,420.0,5,6.94,5,9,0;0;0;0;0;5;5;1;0
CAMHDA301-20210716T151500,2021-07-16T15:15:00+00:00,600.0,9,12.5,10,9,0;0;0;0;0;10;2;5;9
CAMHDA301-20210716T181500,2021-07-16T18:15:00+00:00,480.0,7,9.72,9,9,0;0;0;2;0;9;7;2;5
CAMHDA301-20210716T211500,2021-07-16T21:15:00+00:00,600.0,9,12.5,13,9,0;0;0;0;0;13;4;7;9
CAMHDA301-20210719T001500,2021-07-19T00:15:00+00:00,420.0,5,6.94,5,9,0;0;0;0;0;5;0;3;5
CAMHDA301-20210719T031500,2021-07-19T03:15:00+00:00,480.0,4,5.56,18,9,0;0;0;0;0;18;4;0;0
CAMHDA301-20210719T061500,2021-07-19T06:15:00+00:00,120.0,0,0.0,0,9,0;0;0;0;0;0;0;0;0
CAMHDA301-20210719T091500,2021-07-19T09:15:00+00:00,600.0,7,9.72,12,9,0;0;0;0;0;6;12;4;7
CAMHDA301-20210719T121500,2021-07-19T12:15:00+00:00,420.0,10,13.89,10,9,0;0;0;0;0;10;10;3;9
CAMHDA301-20210719T151500,2021-07-19T15:15:00+00:00,480.0,5,6.94,6,9,0;0;0;0;1;1;5;5;6
CAMHDA301-20210719T181500,2021-07-19T18:15:00+00:00,420.0,3,4.17,4,9,0;0;0;1;0;3;3;4;2
CAMHDA301-20210719T211500,2021-07-19T21:15:00+00:00,480.0,9,12.5,17,9,0;0;0;0;0;17;9;7;9
CAMHDA301-20210720T001500,2021-07-20T00:15:00+00:00,180.0,8,11.11,9,9,5;8;9;3;6;3;7;4;7
CAMHDA301-20210720T031500,2021-07-20T03:15:00+00:00,120.0,0,0.0,0,9,0;0;0;0;0;0;0;0;0
CAMHDA301-20210720T061500,2021-07-20T06:15:00+00:00,540.0,2,2.78,2,9,0;0;0;0;0;0;0;2;2
CAMHDA301-20210720T091500,2021-07-20T09:15:00+00:00,360.0,14,19.44,14,9,8;6;11;9;14;14;14;9;8
CAMHDA301-20210720T121500,2021-07-20T12:15:00+00:00,180.0,3,4.17,4,9,1;3;4;2;3;3;0;0;1
CAMHDA301-20210720T151500,2021-07-20T15:15:00+00:00,120.0,4,5.56,4,9,4;3;4;4;4;3;2;2;3
CAMHDA301-20210720T181500,2021-07-20T18:15:00+00:00,300.0,1,1.39,1,9,0;0;0;1;0;0;1;1;1
CAMHDA301-20210720T211500,2021-07-20T21:15:00+00:00,360.0,27,37.5,29,9,26;23;25;24;27;29;23;21;27
CAMHDA301-20210721T001500,2021-07-21T00:15:00+00:00,480.0,11,15.28,30,9,0;0;0;0;0;30;11;2;4
CAMHDA301-20210721T031500,2021-07-21T03:15:00+00:00,120.0,0,0.0,1,9,0;0;0;0;0;0;1;0;0
CAMHDA301-20210721T061500,2021-07-21T06:15:00+00:00,120.0,0,0.0,1,9,0;0;0;0;0;0;0;0;1
CAMHDA301-20210721T091500,2021-07-21T09:15:00+00:00,600.0,6,8.33,8,9,0;0;0;5;0;8;5;2;6
CAMHDA301-20210721T121500,2021-07-21T12:15:00+00:00,480.0,6,8.33,14,9,0;0;0;1;0;14;6;3;4
CAMHDA301-20210721T151500,2021-07-21T15:15:00+00:00,420.0,8,11.11,10,9,0;0;0;0;0;8;2;3;10
CAMHDA301-20210721T181500,2021-07-21T18:15:00+00:00,480.0,7,9.72,23,9,0;0;0;0;0;23;7;4;4
CAMHDA301-20210721T211500,2021-07-21T21:15:00+00:00,600.0,5,6.94,6,9,0;0;0;0;0;6;3;1;5
CAMHDA301-20210722T001500,2021-07-22T00:15:00+00:00,600.0,10,13.89,17,9,0;0;0;0;0;17;8;4;10
CAMHDA301-20210722T031500,2021-07-22T03:15:00+00:00,420.0,12,16.67,14,9,0;0;0;0;0;12;4;4;14
CAMHDA301-20210722T061500,2021-07-22T06:15:00+00:00,480.0,2,2.78,15,9,0;0;0;1;0;15;2;0;0
CAMHDA301-20210722T091500,2021-07-22T09:15:00+00:00,600.0,4,5.56,6,9,0;1;0;0;0;0;3;6;4
CAMHDA301-20210722T121500,2021-07-22T12:15:00+00:00,600.0,7,9.72,8,9,0;0;0;0;0;8;3;1;7
CAMHDA301-20210722T151500,2021-07-22T15:15:00+00:00,480.0,7,9.72,12,9,0;0;0;2;0;12;7;5;3
CAMHDA301-20210722T181500,2021-07-22T18:15:00+00:00,420.0,8,11.11,10,9,0;0;0;0;0;8;3;1;10
CAMHDA301-20210722T211500,2021-07-22T21:15:00+00:00,420.0,8,11.11,11,9,0;0;0;1;0;8;11;3;6
CAMHDA301-20210723T001500,2021-07-23T00:15:00+00:00,480.0,7,9.72,9,9,0;0;0;1;0;9;7;3;7
CAMHDA301-20210723T031500,2021-07-23T03:15:00+00:00,480.0,7,9.72,14,9,0;0;0;0;0;14;7;6;5
CAMHDA301-20210723T061500,2021-07-23T06:15:00+00:00,300.0,2,2.78,6,9,0;0;0;2;0;0;1;0;6
CAMHDA301-20210723T091500,2021-07-23T09:15:00+00:00,480.0,6,8.33,11,9,0;0;0;0;0;11;6;2;6
CAMHDA301-20210723T121500,2021-07-23T12:15:00+00:00,480.0,7,9.72,14,9,0;0;0;0;0;14;7;3;7
CAMHDA301-20210723T151500,2021-07-23T15:15:00+00:00,480.0,6,8.33,16,9,0;0;0;0;0;16;6;5;4
CAMHDA301-20210723T181500,2021-07-23T18:15:00+00:00,600.0,5,6.94,8,9,0;0;0;1;0;4;8;3;5
CAMHDA301-20210723T211500,2021-07-23T21:15:00+00:00,600.0,6,8.33,8,9,0;0;0;1;0;8;0;5;6
CAMHDA301-20210726T001500,2021-07-26T00:15:00+00:00,480.0,11,15.28,15,9,0;0;0;1;0;15;11;1;6
CAMHDA301-20210726T031500,2021-07-26T03:15:00+00:00,420.0,10,13.89,10,9,0;0;0;1;0;10;9;3;10
CAMHDA301-20210726T061500,2021-07-26T06:15:00+00:00,540.0,9,12.5,15,9,0;0;0;2;0;15;5;9;5
CAMHDA301-20210726T091500,2021-07-26T09:15:00+00:00,480.0,2,2.78,3,9,0;0;0;0;0;0;2;1;3
CAMHDA301-20210726T121500,2021-07-26T12:15:00+00:00,540.0,6,8.33,10,9,0;0;0;1;0;10;5;6;6
CAMHDA301-20210726T151500,2021-07-26T15:15:00+00:00,480.0,7,9.72,18,9,0;0;0;0;0;18;7;2;5
CAMHDA301-20210726T181500,2021-07-26T18:15:00+00:00,480.0,12,16.67,19,9,0;0;0;1;0;19;12;8;6
CAMHDA301-20210726T211500,2021-07-26T21:15:00+00:00,480.0,9,12.5,10,9,0;0;0;0;0;4;9;3;10
CAMHDA301-20210727T001500,2021-07-27T00:15:00+00:00,420.0,11,15.28,11,9,0;0;0;0;0;11;6;2;11
CAMHDA301-20210727T031500,2021-07-27T03:15:00+00:00,540.0,5,6.94,7,9,0;0;0;2;0;4;1;5;7
CAMHDA301-20210727T061500,2021-07-27T06:15:00+00:00,600.0,5,6.94,7,9,0;0;0;0;0;0;7;0;5
CAMHDA301-20210727T091500,2021-07-27T09:15:00+00:00,600.0,6,8.33,8,9,0;0;0;0;0;0;8;0;6
CAMHDA301-20210727T121500,2021-07-27T12:15:00+00:00,600.0,2,2.78,4,9,0;0;0;4;0;0;0;0;2
CAMHDA301-20210727T151500,2021-07-27T15:15:00+00:00,600.0,8,11.11,10,9,0;0;0;1;0;10;5;2;8
CAMHDA301-20210727T181500,2021-07-27T18:15:00+00:00,480.0,12,16.67,14,9,0;0;0;0;0;14;12;4;12
CAMHDA301-20210727T211500,2021-07-27T21:15:00+00:00,420.0,4,5.56,4,9,0;0;0;1;0;4;1;2;4
CAMHDA301-20210728T001500,2021-07-28T00:15:00+00:00,540.0,1,1.39,7,9,0;0;0;0;0;0;7;1;0
CAMHDA301-20210728T031500,2021-07-28T03:15:00+00:00,600.0,11,15.28,13,9,0;0;0;1;0;13;7;5;11
CAMHDA301-20210728T061500,2021-07-28T06:15:00+00:00,420.0,8,11.11,12,9,0;0;0;0;0;8;12;3;4
CAMHDA301-20210728T091500,2021-07-28T09:15:00+00:00,480.0,2,2.78,2,9,0;0;0;0;0;0;2;1;2
CAMHDA301-20210728T121500,2021-07-28T12:15:00+00:00,120.0,0,0.0,0,9,0;0;0;0;0;0;0;0;0
CAMHDA301-20210728T151500,2021-07-28T15:15:00+00:00,420.0,9,12.5,11,9,0;0;0;0;0;9;11;4;5
CAMHDA301-20210728T181500,2021-07-28T18:15:00+00:00,480.0,10,13.89,11,9,0;0;0;1;0;11;10;3;6
CAMHDA301-20210728T211500,2021-07-28T21:15:00+00:00,480.0,7,9.72,14,9,0;0;0;0;0;14;7;4;4
CAMHDA301-20210729T001500,2021-07-29T00:15:00+00:00,600.0,7,9.72,14,9,0;0;0;0;0;14;3;3;7
CAMHDA301-20210729T031500,2021-07-29T03:15:00+00:00,480.0,5,6.94,16,9,0;0;0;0;0;16;5;1;2
CAMHDA301-20210729T061500,2021-07-29T06:15:00+00:00,480.0,8,11.11,9,9,0;0;0;0;0;9;8;3;7
CAMHDA301-20210729T091500,2021-07-29T09:15:00+00:00,120.0,0,0.0,1,9,0;0;0;0;0;0;1;0;0
CAMHDA301-20210729T121500,2021-07-29T12:15:00+00:00,600.0,2,2.78,5,9,0;0;0;0;0;1;5;0;2
CAMHDA301-20210729T151500,2021-07-29T15:15:00+00:00,480.0,7,9.72,8,9,0;0;0;1;0;8;7;6;7
CAMHDA301-20210729T181500,2021-07-29T18:15:00+00:00,600.0,8,11.11,10,9,0;0;0;2;0;10;3;4;8
CAMHDA301-20210729T211500,2021-07-29T21:15:00+00:00,480.0,5,6.94,7,9,0;0;0;2;0;7;5;2;5
CAMHDA301-20210730T001500,2021-07-30T00:15:00+00:00,420.0,11,15.28,12,9,0;0;0;0;0;11;6;5;12
CAMHDA301-20210730T031500,2021-07-30T03:15:00+00:00,480.0,5,6.94,7,9,0;0;0;0;7;0;5;0;5
CAMHDA301-20210730T061500,2021-07-30T06:15:00+00:00,480.0,8,11.11,10,9,0;0;0;2;0;10;8;2;3
CAMHDA301-20210730T091500,2021-07-30T09:15:00+00:00,120.0,0,0.0,1,9,0;0;0;0;0;0;0;0;1
CAMHDA301-20210730T121500,2021-07-30T12:15:00+00:00,420.0,1,1.39,2,9,0;0;0;0;0;1;2;0;0
CAMHDA301-20210730T151500,2021-07-30T15:15:00+00:00,600.0,8,11.11,11,9,0;0;0;1;0;11;6;4;8
CAMHDA301-20210730T181500,2021-07-30T18:15:00+00:00,420.0,7,9.72,7,9,0;0;0;0;0;7;6;4;7
CAMHDA301-20210730T211500,2021-07-30T21:15:00+00:00,600.0,5,6.94,18,9,0;0;0;1;0;18;3;2;5
CAMHDA301-20210802T001500,2021-08-02T00:15:00+00:00,480.0,8,11.11,10,9,4;5;0;0;7;10;8;7;1
CAMHDA301-20210802T031500,2021-08-02T03:15:00+00:00,420.0,2,2.78,7,9,7;1;0;0;0;2;0;1;0
CAMHDA301-20210802T061500,2021-08-02T06:15:00+00:00,120.0,0,0.0,0,9,0;0;0;0;0;0;0;0;0
CAMHDA301-20210802T091500,2021-08-02T09:15:00+00:00,360.0,16,22.22,17,9,13;9;8;11;16;17;11;4;10
CAMHDA301-20210802T121500,2021-08-02T12:15:00+00:00,120.0,4,5.56,5,9,4;0;3;3;3;5;4;3;3
CAMHDA301-20210802T151500,2021-08-02T15:15:00+00:00,360.0,4,5.56,5,9,3;5;3;1;4;3;1;2;4
CAMHDA301-20210802T181500,2021-08-02T18:15:00+00:00,180.0,5,6.94,5,9,4;5;3;2;5;3;0;2;3
CAMHDA301-20210802T211500,2021-08-02T21:15:00+00:00,360.0,6,8.33,7,9,3;7;4;4;6;5;5;5;6
CAMHDA301-20210803T001500,2021-08-03T00:15:00+00:00,300.0,2,2.78,3,9,3;0;1;2;0;0;1;0;2
CAMHDA301-20210803T031500,2021-08-03T03:15:00+00:00,180.0,1,1.39,1,9,0;1;0;1;1;0;0;0;0
CAMHDA301-20210803T061500,2021-08-03T06:15:00+00:00,360.0,1,1.39,1,9,0;0;0;0;1;1;0;0;0
CAMHDA301-20210803T091500,2021-08-03T09:15:00+00:00,240.0,1,1.39,1,9,0;0;1;1;0;0;0;0;0
CAMHDA301-20210803T121500,2021-08-03T12:15:00+00:00,120.0,0,0.0,0,9,0;0;0;0;0;0;0;0;0
CAMHDA301-20210803T151500,2021-08-03T15:15:00+00:00,180.0,24,33.33,29,9,29;24;21;21;21;19;21;22;22
CAMHDA301-20210803T181500,2021-08-03T18:15:00+00:00,180.0,17,23.61,21,9,21;17;15;15;16;14;14;15;16
CAMHDA301-20210803T211500,2021-08-03T21:15:00+00:00,120.0,18,25.0,18,9,18;14;13;16;16;12;17;17;18
CAMHDA301-20210804T001500,2021-08-04T00:15:00+00:00,540.0,5,6.94,8,9,0;0;0;0;0;3;8;5;4
CAMHDA301-20210804T031500,2021-08-04T03:15:00+00:00,480.0,2,2.78,5,9,0;0;0;0;0;0;2;0;5
CAMHDA301-20210804T061500,2021-08-04T06:15:00+00:00,120.0,0,0.0,2,9,0;0;0;2;0;0;0;0;0
CAMHDA301-20210804T091500,2021-08-04T09:15:00+00:00,480.0,7,9.72,9,9,0;0;0;0;0;9;7;2;5
CAMHDA301-20210804T121500,2021-08-04T12:15:00+00:00,420.0,6,8.33,7,9,0;0;0;0;0;6;7;2;2
CAMHDA301-20210804T151500,2021-08-04T15:15:00+00:00,480.0,6,8.33,11,9,0;0;0;1;0;11;6;4;4
CAMHDA301-20210804T181500,2021-08-04T18:15:00+00:00,540.0,1,1.39,3,9,0;0;0;0;0;0;3;1;1
CAMHDA301-20210804T211500,2021-08-04T21:15:00+00:00,480.0,4,5.56,14,9,0;0;0;0;0;14;4;2;3
CAMHDA301-20210805T001500,2021-08-05T00:15:00+00:00,600.0,5,6.94,9,9,0;0;0;0;0;4;9;3;5
CAMHDA301-20210805T031500,2021-08-05T03:15:00+00:00,300.0,1,1.39,1,9,0;0;0;1;0;0;0;1;1
CAMHDA301-20210805T061500,2021-08-05T06:15:00+00:00,420.0,3,4.17,3,9,0;0;0;0;0;3;3;1;1
CAMHDA301-20210805T091500,2021-08-05T09:15:00+00:00,480.0,5,6.94,9,9,0;0;0;0;0;9;5;2;5
CAMHDA301-20210805T121500,2021-08-05T12:15:00+00:00,480.0,7,9.72,11,9,0;0;0;0;0;11;7;2;3
CAMHDA301-20210805T151500,2021-08-05T15:15:00+00:00,600.0,3,4.17,10,9,0;0;0;0;0;10;2;1;3
CAMHDA301-20210805T181500,2021-08-05T18:15:00+00:00,480.0,3,4.17,7,9,0;0;0;0;0;7;3;0;3
CAMHDA301-20210805T211500,2021-08-05T21:15:00+00:00,480.0,5,6.94,11,9,0;0;0;2;0;11;5;5;2
CAMHDA301-20210806T001500,2021-08-06T00:15:00+00:00,600.0,3,4.17,6,9,0;0;0;0;0;6;1;0;3
CAMHDA301-20210806T031500,2021-08-06T03:15:00+00:00,420.0,5,6.94,7,9,0;0;0;1;0;5;4;7;3
CAMHDA301-20210806T061500,2021-08-06T06:15:00+00:00,480.0,3,4.17,6,9,0;0;0;0;0;0;3;0;6
CAMHDA301-20210806T091500,2021-08-06T09:15:00+00:00,480.0,4,5.56,8,9,0;0;0;0;0;8;4;0;4
CAMHDA301-20210806T121500,2021-08-06T12:15:00+00:00,540.0,4,5.56,5,9,0;0;0;0;0;5;2;4;2
CAMHDA301-20210806T151500,2021-08-06T15:15:00+00:00,480.0,5,6.94,6,9,0;4;0;0;0;6;5;4;4
CAMHDA301-20210806T181500,2021-08-06T18:15:00+00:00,540.0,5,6.94,8,9,0;0;0;0;0;0;1;5;8
CAMHDA301-20210806T211500,2021-08-06T21:15:00+00:00,600.0,7,9.72,10,9,0;0;0;0;0;10;4;1;7
CAMHDA301-20210809T001500,2021-08-09T00:15:00+00:00,480.0,2,2.78,7,9,0;0;0;0;0;7;2;1;1
CAMHDA301-20210809T031500,2021-08-09T03:15:00+00:00,420.0,6,8.33,7,9,0;0;0;0;0;6;4;6;7
CAMHDA301-20210809T061500,2021-08-09T06:15:00+00:00,120.0,0,0.0,0,9,0;0;0;0;0;0;0;0;0
CAMHDA301-20210809T091500,2021-08-09T09:15:00+00:00,120.0,0,0.0,0,9,0;0;0;0;0;0;0;0;0
CAMHDA301-20210809T121500,2021-08-09T12:15:00+00:00,480.0,1,1.39,4,9,0;0;0;0;0;4;1;0;0
CAMHDA301-20210809T151500,2021-08-09T15:15:00+00:00,420.0,2,2.78,2,9,0;0;0;0;0;2;0;0;2
CAMHDA301-20210809T181500,2021-08-09T18:15:00+00:00,600.0,3,4.17,6,9,0;0;0;0;0;6;1;0;3
CAMHDA301-20210809T211500,2021-08-09T21:15:00+00:00,420.0,1,1.39,4,9,0;0;0;0;0;1;4;1;1
CAMHDA301-20210810T001500,2021-08-10T00:15:00+00:00,360.0,5,6.94,5,9,2;4;3;1;5;5;2;4;4
CAMHDA301-20210810T031500,2021-08-10T03:15:00+00:00,120.0,0,0.0,0,9,0;0;0;0;0;0;0;0;0
CAMHDA301-20210810T061500,2021-08-10T06:15:00+00:00,420.0,4,5.56,4,9,1;2;1;2;2;4;4;1;1
CAMHDA301-20210810T091500,2021-08-10T09:15:00+00:00,120.0,0,0.0,0,9,0;0;0;0;0;0;0;0;0
CAMHDA301-20210810T121500,2021-08-10T12:15:00+00:00,120.0,2,2.78,3,9,2;2;2;1;1;3;1;0;0
CAMHDA301-20210810T151500,2021-08-10T15:15:00+00:00,120.0,0,0.0,1,9,0;0;0;0;0;0;0;1;0
CAMHDA301-20210810T181500,2021-08-10T18:15:00+00:00,120.0,0,0.0,1,9,0;0;0;0;0;0;1;0;0
CAMHDA301-20210810T211500,2021-08-10T21:15:00+00:00,180.0,13,18.06,13,9,12;13;3;4;1;7;3;13;4
CAMHDA301-20210811T001500,2021-08-11T00:15:00+00:00,540.0,3,4.17,14,9,0;0;0;0;0;14;0;3;2
CAMHDA301-20210811T031500,2021-08-11T03:15:00+00:00,480.0,4,5.56,6,9,0;0;0;0;0;6;4;0;0
CAMHDA301-20210811T061500,2021-08-11T06:15:00+00:00,120.0,0,0.0,0,9,0;0;0;0;0;0;0;0;0
CAMHDA301-20210811T091500,2021-08-11T09:15:00+00:00,120.0,0,0.0,1,9,0;0;0;0;0;0;0;1;0
CAMHDA301-20210811T121500,2021-08-11T12:15:00+00:00,420.0,4,5.56,5,9,0;0;0;0;0;4;5;3;1
CAMHDA301-20210811T151500,2021-08-11T15:15:00+00:00,600.0,3,4.17,6,9,0;0;0;0;0;6;2;0;3
CAMHDA301-20210811T181500,2021-08-11T18:15:00+00:00,480.0,1,1.39,5,9,0;0;0;0;0;5;1;1;1
CAMHDA301-20210811T211500,2021-08-11T21:15:00+00:00,120.0,0,0.0,2,9,0;0;0;0;0;0;0;0;2
CAMHDA301-20210812T001500,2021-08-12T00:15:00+00:00,600.0,3,4.17,4,9,0;0;0;1;0;4;1;0;3
CAMHDA301-20210812T031500,2021-08-12T03:15:00+00:00,480.0,4,5.56,4,9,0;0;0;0;0;3;4;0;4
CAMHDA301-20210812T061500,2021-08-12T06:15:00+00:00,420.0,1,1.39,2,9,0;0;0;0;0;1;1;1;2
CAMHDA301-20210812T091500,2021-08-12T09:15:00+00:00,540.0,5,6.94,6,9,0;0;0;0;0;0;0;5;6
CAMHDA301-20210812T121500,2021-08-12T12:15:00+00:00,480.0,1,1.39,2,9,0;0;0;0;0;0;1;2;0
CAMHDA301-20210812T151500,2021-08-12T15:15:00+00:00,600.0,3,4.17,5,9,0;0;0;2;0;5;1;0;3
CAMHDA301-20210812T181500,2021-08-12T18:15:00+00:00,540.0,2,2.78,3,9,0;0;0;0;0;0;3;2;0
CAMHDA301-20210812T211500,2021-08-12T21:15:00+00:00,120.0,0,0.0,0,9,0;0;0;0;0;0;0;0;0
CAMHDA301-20210813T001500,2021-08-13T00:15:00+00:00,120.0,0,0.0,1,9,0;0;0;0;0;0;0;0;1
CAMHDA301-20210813T031500,2021-08-13T03:15:00+00:00,480.0,2,2.78,2,9,0;0;0;0;0;0;2;2;2
CAMHDA301-20210813T061500,2021-08-13T06:15:00+00:00,600.0,4,5.56,7,9,0;0;0;0;0;7;2;1;4
CAMHDA301-20210813T091500,2021-08-13T09:15:00+00:00,120.0,0,0.0,0,9,0;0;0;0;0;0;0;0;0
CAMHDA301-20210813T121500,2021-08-13T12:15:00+00:00,120.0,0,0.0,1,9,0;0;0;0;0;0;0;0;1
CAMHDA301-20210813T151500,2021-08-13T15:15:00+00:00,600.0,5,6.94,11,9,0;0;0;0;0;11;3;1;5
CAMHDA301-20210813T181500,2021-08-13T18:15:00+00:00,420.0,3,4.17,4,9,0;0;0;0;0;3;4;1;3
CAMHDA301-20210813T211500,2021-08-13T21:15:00+00:00,480.0,1,1.39,2,9,0;0;0;0;0;0;1;0;2
CAMHDA301-20210816T001500,2021-08-16T00:15:00+00:00,480.0,1,1.39,1,9,0;0;0;0;0;0;1;0;1
CAMHDA301-20210816T031500,2021-08-16T03:15:00+00:00,120.0,0,0.0,0,9,0;0;0;0;0;0;0;0;0
CAMHDA301-20210816T061500,2021-08-16T06:15:00+00:00,420.0,1,1.39,1,9,0;0;0;0;0;1;0;0;1
CAMHDA301-20210816T091500,2021-08-16T09:15:00+00:00,420.0,4,5.56,6,9,0;0;0;0;0;4;6;0;2
CAMHDA301-20210816T121500,2021-08-16T12:15:00+00:00,120.0,0,0.0,2,9,0;0;0;0;0;0;2;0;0
CAMHDA301-20210816T151500,2021-08-16T15:15:00+00:00,120.0,0,0.0,3,9,0;0;0;0;0;0;3;0;0
CAMHDA301-20210816T181500,2021-08-16T18:15:00+00:00,480.0,2,2.78,2,9,0;0;0;0;0;0;2;2;2
CAMHDA301-20210816T211500,2021-08-16T21:15:00+00:00,600.0,2,2.78,4,9,0;0;0;0;0;0;4;0;2
CAMHDA301-20210817T001500,2021-08-17T00:15:00+00:00,480.0,1,1.39,1,9,0;0;0;0;0;0;1;1;0
CAMHDA301-20210817T031500,2021-08-17T03:15:00+00:00,600.0,1,1.39,2,9,0;0;0;0;0;0;2;0;1
CAMHDA301-20210817T061500,2021-08-17T06:15:00+00:00,540.0,1,1.39,1,9,0;0;0;0;0;0;0;1;1
CAMHDA301-20210817T091500,2021-08-17T09:15:00+00:00,480.0,7,9.72,14,9,0;0;0;0;0;14;7;5;6
CAMHDA301-20210817T121500,2021-08-17T12:15:00+00:00,480.0,3,4.17,11,9,0;1;0;0;0;11;3;2;2
CAMHDA301-20210817T151500,2021-08-17T15:15:00+00:00,420.0,6,8.33,7,9,0;0;0;0;0;6;7;1;3
CAMHDA301-20210817T181500,2021-08-17T18:15:00+00:00,480.0,2,2.78,4,9,0;0;0;1;0;4;2;1;2
CAMHDA301-20210817T211500,2021-08-17T21:15:00+00:00,480.0,5,6.94,8,9,0;0;0;1;0;8;5;1;1
CAMHDA301-20210818T001500,2021-08-18T00:15:00+00:00,600.0,2,2.78,5,9,0;0;0;0;0;1;5;1;2
CAMHDA301-20210818T031500,2021-08-18T03:15:00+00:00,120.0,0,0.0,2,9,0;0;0;0;0;0;2;0;0
CAMHDA301-20210818T061500,2021-08-18T06:15:00+00:00,600.0,1,1.39,2,9,0;0;0;0;0;0;2;0;1
CAMHDA301-20210818T091500,2021-08-18T09:15:00+00:00,480.0,4,5.56,13,9,0;0;0;1;0;13;4;2;3
CAMHDA301-20210818T121500,2021-08-18T12:15:00+00:00,480.0,2,2.78,12,9,0;0;0;0;0;12;2;2;2
CAMHDA301-20210818T151500,2021-08-18T15:15:00+00:00,600.0,2,2.78,3,9,0;0;0;0;0;3;0;0;2
CAMHDA301-20210818T181500,2021-08-18T18:15:00+00:00,480.0,1,1.39,2,9,0;0;0;0;0;2;1;0;1
CAMHDA301-20210818T211500,2021-08-18T21:15:00+00:00,120.0,0,0.0,3,9,0;0;0;0;0;3;0;0;0
CAMHDA301-20210819T001500,2021-08-19T00:15:00+00:00,480.0,1,1.39,6,9,0;0;0;0;0;6;1;0;0
CAMHDA301-20210819T031500,2021-08-19T03:15:00+00:00,540.0,1,1.39,2,9,0;0;0;0;0;0;2;1;1
CAMHDA301-20210819T061500,2021-08-19T06:15:00+00:00,120.0,0,0.0,2,9,0;0;0;0;0;0;0;0;2
CAMHDA301-20210819T091500,2021-08-19T09:15:00+00:00,420.0,6,8.33,7,9,0;0;0;0;0;6;7;3;3
CAMHDA301-20210819T121500,2021-08-19T12:15:00+00:00,480.0,2,2.78,5,9,0;0;0;1;0;5;2;2;0
CAMHDA301-20210819T151500,2021-08-19T15:15:00+00:00,420.0,3,4.17,3,9,0;0;0;0;0;3;0;0;3
CAMHDA301-20210819T181500,2021-08-19T18:15:00+00:00,480.0,1,1.39,5,9,0;0;0;0;0;5;1;1;0
CAMHDA301-20210819T211500,2021-08-19T21:15:00+00:00,540.0,3,4.17,4,9,0;0;0;0;0;4;1;3;0
CAMHDA301-20210820T001500,2021-08-20T00:15:00+00:00,120.0,6,8.33,6,9,6;2;3;4;5;3;2;3;6
CAMHDA301-20210820T031500,2021-08-20T03:15:00+00:00,120.0,0,0.0,0,9,0;0;0;0;0;0;0;0;0
CAMHDA301-20210820T061500,2021-08-20T06:15:00+00:00,600.0,1,1.39,2,9,2;0;0;0;0;0;0;0;1
CAMHDA301-20210820T091500,2021-08-20T09:15:00+00:00,360.0,17,23.61,18,9,10;5;16;15;17;18;13;10;15
CAMHDA301-20210820T121500,2021-08-20T12:15:00+00:00,600.0,3,4.17,4,9,2;2;2;2;2;4;2;2;3
CAMHDA301-20210820T151500,2021-08-20T15:15:00+00:00,120.0,1,1.39,1,9,1;1;1;1;1;1;1;1;1
CAMHDA301-20210820T181500,2021-08-20T18:15:00+00:00,120.0,0,0.0,0,9,0;0;0;0;0;0;0;0;0
CAMHDA301-20210820T211500,2021-08-20T21:15:00+00:00,600.0,17,23.61,18,9,11;16;8;12;16;11;18;8;17
CAMHDA301-20210823T001500,2021-08-23T00:15:00+00:00,480.0,5,6.94,11,9,0;0;0;0;0;11;5;2;2
CAMHDA301-20210823T031500,2021-08-23T03:15:00+00:00,420.0,1,1.39,2,9,0;0;0;0;0;1;2;0;0
CAMHDA301-20210823T061500,2021-08-23T06:15:00+00:00,120.0,0,0.0,1,9,0;0;0;0;0;1;0;0;0
CAMHDA301-20210823T091500,2021-08-23T09:15:00+00:00,540.0,1,1.39,4,9,0;0;0;0;0;0;4;1;0
CAMHDA301-20210823T121500,2021-08-23T12:15:00+00:00,600.0,4,5.56,5,9,0;0;0;0;0;5;1;2;4
CAMHDA301-20210823T151500,2021-08-23T15:15:00+00:00,600.0,7,9.72,8,9,0;0;0;0;0;8;2;3;7
CAMHDA301-20210823T181500,2021-08-23T18:15:00+00:00,420.0,3,4.17,3,9,0;1;0;0;0;3;0;2;3
CAMHDA301-20210823T211500,2021-08-23T21:15:00+00:00,480.0,1,1.39,1,9,0;0;0;0;0;0;1;0;1
CAMHDA301-20210824T001500,2021-08-24T00:15:00+00:00,420.0,4,5.56,4,9,0;1;0;0;0;4;1;4;2
CAMHDA301-20210824T031500,2021-08-24T03:15:00+00:00,540.0,2,2.78,4,9,0;0;0;0;0;1;0;2;4
CAMHDA301-20210824T061500,2021-08-24T06:15:00+00:00,120.0,0,0.0,0,9,0;0;0;0;0;0;0;0;0
CAMHDA301-20210824T091500,2021-08-24T09:15:00+00:00,600.0,1,1.39,2,9,0;0;0;0;0;0;0;2;1
CAMHDA301-20210824T121500,2021-08-24T12:15:00+00:00,420.0,1,1.39,1,9,0;0;0;0;0;1;1;1;0
CAMHDA301-20210824T151500,2021-08-24T15:15:00+00:00,420.0,3,4.17,3,9,0;0;0;0;0;3;1;3;2
CAMHDA301-20210824T181500,2021-08-24T18:15:00+00:00,540.0,4,5.56,4,9,0;0;0;0;0;3;0;4;4
CAMHDA301-20210824T211500,2021-08-24T21:15:00+00:00,540.0,1,1.39,2,9,0;0;0;0;0;0;0;1;2
CAMHDA301-20210825T001500,2021-08-25T00:15:00+00:00,540.0,3,4.17,7,9,0;0;0;0;0;7;0;3;2
CAMHDA301-20210825T031500,2021-08-25T03:15:00+00:00,540.0,5,6.94,6,9,0;0;0;0;0;6;4;5;3
CAMHDA301-20210825T061500,2021-08-25T06:15:00+00:00,540.0,3,4.17,4,9,0;0;0;0;0;4;0;3;2
CAMHDA301-20210825T091500,2021-08-25T09:15:00+00:00,480.0,1,1.39,1,9,0;0;0;0;0;0;1;0;1
CAMHDA301-20210825T121500,2021-08-25T12:15:00+00:00,600.0,2,2.78,3,9,0;0;0;0;0;0;0;3;2
CAMHDA301-20210825T151500,2021-08-25T15:15:00+00:00,480.0,3,4.17,7,9,0;0;0;0;0;7;3;2;2
CAMHDA301-20210825T181500,2021-08-25T18:15:00+00:00,600.0,5,6.94,7,9,0;0;0;0;0;7;2;2;5
CAMHDA301-20210825T211500,2021-08-25T21:15:00+00:00,480.0,3,4.17,5,9,0;0;0;0;0;5;3;1;2
CAMHDA301-20210826T001500,2021-08-26T00:15:00+00:00,540.0,4,5.56,5,9,0;0;0;0;0;5;0;4;0
CAMHDA301-20210826T031500,2021-08-26T03:15:00+00:00,120.0,0,0.0,2,9,0;0;0;0;0;0;0;2;0
CAMHDA301-20210826T061500,2021-08-26T06:15:00+00:00,540.0,3,4.17,7,9,0;0;0;0;0;7;2;3;1
CAMHDA301-20210826T091500,2021-08-26T09:15:00+00:00,600.0,3,4.17,6,9,0;0;0;0;0;0;0;6;3
CAMHDA301-20210826T121500,2021-08-26T12:15:00+00:00,120.0,0,0.0,3,9,0;0;0;0;0;0;3;0;0
CAMHDA301-20210826T151500,2021-08-26T15:15:00+00:00,420.0,3,4.17,5,9,0;0;0;0;0;3;1;3;5
CAMHDA301-20210826T181500,2021-08-26T18:15:00+00:00,480.0,1,1.39,5,9,0;0;0;0;0;5;1;0;1
CAMHDA301-20210826T211500,2021-08-26T21:15:00+00:00,120.0,0,0.0,1,9,0;0;0;0;0;0;0;0;1
CAMHDA301-20210827T001500,2021-08-27T00:15:00+00:00,120.0,0,0.0,1,9,0;0;0;0;0;0;0;0;1
CAMHDA301-20210827T031500,2021-08-27T03:15:00+00:00,120.0,0,0.0,2,9,0;0;0;0;0;0;0;2;0
CAMHDA301-20210827T061500,2021-08-27T06:15:00+00:00,600.0,2,2.78,4,9,0;0;0;0;0;4;0;0;2
CAMHDA301-20210827T091500,2021-08-27T09:15:00+00:00,120.0,0,0.0,0,9,0;0;0;0;0;0;0;0;0
CAMHDA301-20210827T121500,2021-08-27T12:15:00+00:00,480.0,1,1.39,4,9,0;0;0;0;0;4;1;1;1
CAMHDA301-20210827T151500,2021-08-27T15:15:00+00:00,540.0,2,2.78,5,9,0;0;0;0;0;5;1;2;1
CAMHDA301-20210827T181500,2021-08-27T18:15:00+00:00,600.0,2,2.78,3,9,0;0;0;0;0;3;0;1;2
CAMHDA301-20210827T211500,2021-08-27T21:15:00+00:00,120.0,0,0.0,1,9,0;0;0;0;0;0;0;0;1
CAMHDA301-20210830T031500,2021-08-30T03:15:00+00:00,240.0,20,27.78,24,9,24;13;20;14;13;9;16;20;17
CAMHDA301-20210830T061500,2021-08-30T06:15:00+00:00,420.0,27,37.5,28,9,18;20;19;28;22;27;27;24;20
CAMHDA301-20210830T091500,2021-08-30T09:15:00+00:00,360.0,21,29.17,24,9,15;24;15;18;21;15;13;13;13
CAMHDA301-20210830T121500,2021-08-30T12:15:00+00:00,480.0,21,29.17,32,9,20;32;19;10;18;16;21;8;17
CAMHDA301-20210830T151500,2021-08-30T15:15:00+00:00,480.0,4,5.56,10,9,10;0;0;0;0;0;4;2;0
CAMHDA301-20210830T181500,2021-08-30T18:15:00+00:00,480.0,3,4.17,10,9,0;0;0;0;0;0;3;10;0
CAMHDA301-20210830T211500,2021-08-30T21:15:00+00:00,120.0,0,0.0,0,9,0;0;0;0;0;0;0;0;0
CAMHDA301-20210831T001500,2021-08-31T00:15:00+00:00,120.0,0,0.0,0,9,0;0;0;0;0;0;0;0;0
CAMHDA301-20210831T031500,2021-08-31T03:15:00+00:00,120.0,0,0.0,0,9,0;0;0;0;0;0;0;0;0
CAMHDA301-20210831T061500,2021-08-31T06:15:00+00:00,120.0,0,0.0,0,9,0;0;0;0;0;0;0;0;0
CAMHDA301-20210831T091500,2021-08-31T09:15:00+00:00,120.0,0,0.0,0,9,0;0;0;0;0;0;0;0;0
CAMHDA301-20210831T121500,2021-08-31T12:15:00+00:00,120.0,0,0.0,0,9,0;0;0;0;0;0;0;0;0
CAMHDA301-20210831T151500,2021-08-31T15:15:00+00:00,120.0,0,0.0,0,9,0;0;0;0;0;0;0;0;0
CAMHDA301-20210831T181500,2021-08-31T18:15:00+00:00,120.0,0,0.0,0,9,0;0;0;0;0;0;0;0;0
CAMHDA301-20210831T211500,2021-08-31T21:15:00+00:00,120.0,0,0.0,0,9,0;0;0;0;0;0;0;0;0
CAMHDA301-20210901T211500,2021-09-01T21:15:00+00:00,480.0,1,1.39,6,9,0;0;0;0;0;0;1;6;0
CAMHDA301-20210902T001500,2021-09-02T00:15:00+00:00,600.0,4,5.56,14,9,0;0;0;0;0;0;2;14;4
CAMHDA301-20210902T031500,2021-09-02T03:15:00+00:00,480.0,3,4.17,12,9,0;0;2;0;0;0;3;0;12
CAMHDA301-20210902T061500,2021-09-02T06:15:00+00:00,480.0,4,5.56,5,9,0;0;2;0;0;0;4;1;5
CAMHDA301-20210902T091500,2021-09-02T09:15:00+00:00,240.0,5,6.94,5,9,0;0;5;0;0;0;1;5;0
CAMHDA301-20210902T121500,2021-09-02T12:15:00+00:00,240.0,6,8.33,9,9,0;0;6;0;0;0;1;9;0
CAMHDA301-20210902T151500,2021-09-02T15:15:00+00:00,480.0,1,1.39,10,9,0;0;0;0;0;0;1;10;0
CAMHDA301-20210902T181500,2021-09-02T18:15:00+00:00,240.0,2,2.78,7,9,0;0;2;0;0;0;0;0;7
CAMHDA301-20210902T211500,2021-09-02T21:15:00+00:00,540.0,3,4.17,9,9,0;0;2;0;0;0;2;3;9
CAMHDA301-20210903T001500,2021-09-03T00:15:00+00:00,480.0,5,6.94,5,9,0;3;1;0;0;0;5;0;5
CAMHDA301-20210903T031500,2021-09-03T03:15:00+00:00,600.0,3,4.17,4,9,0;0;0;0;0;0;4;2;3
CAMHDA301-20210903T061500,2021-09-03T06:15:00+00:00,480.0,2,2.78,7,9,0;0;1;0;0;0;2;2;7
CAMHDA301-20210903T091500,2021-09-03T09:15:00+00:00,480.0,4,5.56,10,9,0;0;0;0;0;0;4;0;10
CAMHDA301-20210903T121500,2021-09-03T12:15:00+00:00,480.0,4,5.56,6,9,0;0;0;0;0;0;4;6;1
CAMHDA301-20210903T151500,2021-09-03T15:15:00+00:00,240.0,4,5.56,4,9,0;0;4;0;0;0;3;0;4
CAMHDA301-20210903T181500,2021-09-03T18:15:00+00:00,540.0,2,2.78,6,9,0;0;0;0;0;0;1;2;6
CAMHDA301-20210903T211500,2021-09-03T21:15:00+00:00,240.0,3,4.17,3,9,0;0;3;0;0;0;3;0;3
CAMHDA301-20210906T001500,2021-09-06T00:15:00+00:00,480.0,5,6.94,12,9,0;0;0;0;0;0;5;12;0
CAMHDA301-20210906T031500,2021-09-06T03:15:00+00:00,480.0,1,1.39,12,9,0;0;0;0;0;0;1;0;12
CAMHDA301-20210906T061500,2021-09-06T06:15:00+00:00,480.0,2,2.78,6,9,0;0;0;0;0;0;2;0;6
CAMHDA301-20210906T091500,2021-09-06T09:15:00+00:00,240.0,1,1.39,6,9,0;0;1;0;0;0;1;0;6
CAMHDA301-20210906T121500,2021-09-06T12:15:00+00:00,480.0,1,1.39,10,9,0;0;0;0;0;0;1;10;0
CAMHDA301-20210906T151500,2021-09-06T15:15:00+00:00,600.0,1,1.39,11,9,0;0;0;0;0;0;0;11;1
CAMHDA301-20210906T181500,2021-09-06T18:15:00+00:00,480.0,3,4.17,8,9,0;0;0;0;0;0;3;1;8
CAMHDA301-20210906T211500,2021-09-06T21:15:00+00:00,240.0,2,2.78,7,9,0;0;2;0;0;0;1;0;7
CAMHDA301-20210913T001500,2021-09-13T00:15:00+00:00,480.0,3,4.17,8,9,0;0;1;0;0;0;3;0;8
CAMHDA301-20210913T031500,2021-09-13T03:15:00+00:00,480.0,1,1.39,2,9,0;0;0;0;0;0;1;0;2
CAMHDA301-20210913T061500,2021-09-13T06:15:00+00:00,480.0,1,1.39,4,9,0;0;0;0;0;0;1;0;4
CAMHDA301-20210913T091500,2021-09-13T09:15:00+00:00,480.0,2,2.78,7,9,0;0;0;0;0;0;2;0;7
CAMHDA301-20210913T121500,2021-09-13T12:15:00+00:00,480.0,2,2.78,7,9,0;1;0;0;0;0;2;7;1
CAMHDA301-20210913T151500,2021-09-13T15:15:00+00:00,600.0,8,11.11,12,9,0;0;2;0;0;0;2;12;8
CAMHDA301-20210913T181500,2021-09-13T18:15:00+00:00,240.0,3,4.17,9,9,0;0;3;0;0;0;0;9;0
CAMHDA301-20210913T211500,2021-09-13T21:15:00+00:00,480.0,5,6.94,8,9,0;0;1;0;0;0;5;8;5
CAMHDA301-20210920T001500,2021-09-20T00:15:00+00:00,120.0,1,1.39,1,9,1;0;0;1;1;1;0;0;1
CAMHDA301-20210920T031500,2021-09-20T03:15:00+00:00,120.0,1,1.39,4,9,1;0;1;0;4;0;0;1;0
CAMHDA301-20210920T061500,2021-09-20T06:15:00+00:00,120.0,0,0.0,0,9,0;0;0;0;0;0;0;0;0
CAMHDA301-20210920T091500,2021-09-20T09:15:00+00:00,120.0,0,0.0,0,9,0;0;0;0;0;0;0;0;0
CAMHDA301-20210920T121500,2021-09-20T12:15:00+00:00,120.0,16,22.22,17,9,16;11;10;9;11;13;14;17;11
CAMHDA301-20210920T151500,2021-09-20T15:15:00+00:00,120.0,0,0.0,0,9,0;0;0;0;0;0;0;0;0
CAMHDA301-20210920T181500,2021-09-20T18:15:00+00:00,240.0,12,16.67,13,9,4;9;12;13;10;9;10;5;11
CAMHDA301-20210920T211500,2021-09-20T21:15:00+00:00,420.0,14,19.44,15,9,10;11;10;13;13;14;12;15;6
CAMHDA301-20210927T001500,2021-09-27T00:15:00+00:00,600.0,7,9.72,13,9,0;0;1;0;0;0;2;13;7
CAMHDA301-20210927T031500,2021-09-27T03:15:00+00:00,120.0,0,0.0,12,9,0;0;0;0;0;0;0;12;0
CAMHDA301-20210927T061500,2021-09-27T06:15:00+00:00,480.0,2,2.78,6,9,0;0;0;0;0;0;2;6;1
CAMHDA301-20210927T091500,2021-09-27T09:15:00+00:00,240.0,4,5.56,7,9,0;0;4;0;0;0;2;7;1
CAMHDA301-20210927T121500,2021-09-27T12:15:00+00:00,120.0,0,0.0,9,9,0;0;0;0;0;0;0;0;9
CAMHDA301-20210927T151500,2021-09-27T15:15:00+00:00,480.0,1,1.39,4,9,0;0;0;0;0;0;1;4;0
CAMHDA301-20210927T181500,2021-09-27T18:15:00+00:00,480.0,6,8.33,7,9,0;0;0;0;0;0;6;0;7
CAMHDA301-20210927T211500,2021-09-27T21:15:00+00:00,600.0,6,8.33,7,9,0;0;3;0;0;0;2;7;6
CAMHDA301-20211004T001500,2021-10-04T00:15:00+00:00,240.0,3,4.17,16,9,0;0;3;0;0;0;2;16;0
CAMHDA301-20211004T031500,2021-10-04T03:15:00+00:00,540.0,4,5.56,11,9,0;0;0;0;0;0;0;4;11
CAMHDA301-20211004T061500,2021-10-04T06:15:00+00:00,480.0,3,4.17,6,9,0;0;1;0;0;0;3;1;6
CAMHDA301-20211004T091500,2021-10-04T09:15:00+00:00,480.0,1,1.39,6,9,0;0;0;0;0;0;1;6;0
CAMHDA301-20211004T121500,2021-10-04T12:15:00+00:00,480.0,1,1.39,6,9,0;0;0;0;0;0;1;6;0
CAMHDA301-20211004T151500,2021-10-04T15:15:00+00:00,480.0,5,6.94,5,9,0;0;0;0;3;0;5;1;5
CAMHDA301-20211004T181500,2021-10-04T18:15:00+00:00,600.0,4,5.56,10,9,0;0;1;0;0;0;3;10;4
CAMHDA301-20211004T211500,2021-10-04T21:15:00+00:00,480.0,4,5.56,8,9,0;0;2;0;0;0;4;8;2
CAMHDA301-20211011T001500,2021-10-11T00:15:00+00:00,600.0,3,4.17,5,9,0;0;1;0;0;0;5;0;3
CAMHDA301-20211011T031500,2021-10-11T03:15:00+00:00,480.0,4,5.56,6,9,0;0;0;0;0;0;4;6;3
CAMHDA301-20211011T061500,2021-10-11T06:15:00+00:00,240.0,3,4.17,13,9,0;0;3;0;0;0;3;13;0
CAMHDA301-20211011T091500,2021-10-11T09:15:00+00:00,480.0,2,2.78,8,9,0;0;1;0;0;0;2;8;0
CAMHDA301-20211011T121500,2021-10-11T12:15:00+00:00,480.0,2,2.78,8,9,0;0;1;0;0;0;2;8;0
CAMHDA301-20211011T151500,2021-10-11T15:15:00+00:00,480.0,3,4.17,5,9,0;0;0;0;1;0;3;5;0
CAMHDA301-20211011T181500,2021-10-11T18:15:00+00:00,540.0,5,6.94,8,9,0;0;0;0;0;0;3;5;8
CAMHDA301-20211011T211500,2021-10-11T21:15:00+00:00,480.0,5,6.94,5,9,0;0;0;0;0;0;5;5;2
CAMHDA301-20211018T001500,2021-10-18T00:15:00+00:00,480.0,6,8.33,11,9,0;0;5;0;0;0;6;11;0
CAMHDA301-20211018T031500,2021-10-18T03:15:00+00:00,480.0,4,5.56,7,9,0;0;0;0;0;0;4;7;3
CAMHDA301-20211018T061500,2021-10-18T06:15:00+00:00,240.0,7,9.72,9,9,0;0;7;0;0;0;2;0;9
CAMHDA301-20211018T091500,2021-10-18T09:15:00+00:00,480.0,2,2.78,9,9,0;0;1;0;0;0;2;9;0
CAMHDA301-20211018T121500,2021-10-18T12:15:00+00:00,240.0,4,5.56,11,9,0;0;4;0;0;0;4;11;0
CAMHDA301-20211018T151500,2021-10-18T15:15:00+00:00,480.0,3,4.17,6,9,0;1;0;0;0;0;3;0;6
CAMHDA301-20211018T181500,2021-10-18T18:15:00+00:00,480.0,3,4.17,5,9,0;0;0;0;0;0;3;3;5
CAMHDA301-20211018T211500,2021-10-18T21:15:00+00:00,480.0,3,4.17,7,9,0;0;0;0;0;0;3;7;0
CAMHDA301-20211025T001500,2021-10-25T00:15:00+00:00,120.0,0,0.0,11,9,0;0;0;0;0;0;0;11;0
CAMHDA301-20211025T031500,2021-10-25T03:15:00+00:00,240.0,2,2.78,5,9,0;0;2;0;0;0;2;5;0
CAMHDA301-20211025T061500,2021-10-25T06:15:00+00:00,480.0,3,4.17,13,9,0;0;1;0;0;0;3;13;0
CAMHDA301-20211025T091500,2021-10-25T09:15:00+00:00,480.0,1,1.39,10,9,0;0;0;0;0;0;1;10;0
CAMHDA301-20211025T121500,2021-10-25T12:15:00+00:00,480.0,1,1.39,10,9,0;0;0;0;0;0;1;10;0
CAMHDA301-20211025T151500,2021-10-25T15:15:00+00:00,540.0,6,8.33,8,9,0;0;8;0;0;0;0;6;0
CAMHDA301-20211025T181500,2021-10-25T18:15:00+00:00,120.0,0,0.0,12,9,0;0;0;0;0;0;0;12;0
CAMHDA301-20211025T211500,2021-10-25T21:15:00+00:00,540.0,8,11.11,9,9,0;0;9;0;0;0;1;8;0
CAMHDA301-20211101T031500,2021-11-01T03:15:00+00:00,420.0,3,4.17,6,9,1;2;1;1;1;3;6;1;3
CAMHDA301-20211101T061500,2021-11-01T06:15:00+00:00,180.0,4,5.56,5,9,1;4;1;3;3;4;4;0;5
CAMHDA301-20211101T091500,2021-11-01T09:15:00+00:00,180.0,1,1.39,1,9,0;1;1;0;0;1;0;0;1
CAMHDA301-20211101T121500,2021-11-01T12:15:00+00:00,180.0,6,8.33,7,9,3;6;3;6;2;4;3;7;5
CAMHDA301-20211101T151500,2021-11-01T15:15:00+00:00,180.0,7,9.72,7,9,6;7;7;6;6;6;7;7;7
CAMHDA301-20211108T001500,2021-11-08T00:15:00+00:00,480.0,1,1.39,8,9,0;0;0;0;0;0;1;8;0
CAMHDA301-20211108T031500,2021-11-08T03:15:00+00:00,240.0,3,4.17,10,9,0;0;3;0;0;0;3;10;2
CAMHDA301-20211108T061500,2021-11-08T06:15:00+00:00,240.0,4,5.56,6,9,0;0;4;0;0;0;0;6;0
CAMHDA301-20211108T091500,2021-11-08T09:15:00+00:00,240.0,4,5.56,6,9,0;0;4;0;0;0;0;6;0
CAMHDA301-20211108T121500,2021-11-08T12:15:00+00:00,480.0,5,6.94,10,9,0;0;0;0;0;0;5;10;0
CAMHDA301-20211108T151500,2021-11-08T15:15:00+00:00,480.0,1,1.39,7,9,0;0;0;0;0;0;1;7;0
CAMHDA301-20211108T181500,2021-11-08T18:15:00+00:00,600.0,4,5.56,5,9,0;0;0;0;0;0;3;5;4
CAMHDA301-20211108T211500,2021-11-08T21:15:00+00:00,600.0,4,5.56,11,9,0;0;2;0;0;0;2;11;4
CAMHDA301-20211115T001500,2021-11-15T00:15:00+00:00,480.0,1,1.39,2,9,0;0;0;0;0;0;1;2;0
CAMHDA301-20211115T031500,2021-11-15T03:15:00+00:00,120.0,0,0.0,7,9,0;0;0;0;0;0;0;7;0
CAMHDA301-20211115T061500,2021-11-15T06:15:00+00:00,600.0,2,2.78,11,9,0;0;0;0;0;0;1;11;2
CAMHDA301-20211115T091500,2021-11-15T09:15:00+00:00,480.0,3,4.17,12,9,0;0;0;0;0;0;3;12;0
CAMHDA301-20211115T121500,2021-11-15T12:15:00+00:00,480.0,4,5.56,10,9,0;0;0;0;0;0;4;0;10
CAMHDA301-20211115T151500,2021-11-15T15:15:00+00:00,540.0,8,11.11,12,9,0;0;0;0;0;0;4;8;12
CAMHDA301-20211115T181500,2021-11-15T18:15:00+00:00,480.0,3,4.17,4,9,0;0;1;0;0;0;3;0;4
CAMHDA301-20211115T211500,2021-11-15T21:15:00+00:00,480.0,4,5.56,10,9,0;0;0;0;0;0;4;0;10
CAMHDA301-20211122T001500,2021-11-22T00:15:00+00:00,120.0,0,0.0,0,9,0;0;0;0;0;0;0;0;0
CAMHDA301-20211122T031500,2021-11-22T03:15:00+00:00,240.0,5,6.94,7,9,0;0;5;0;0;0;3;7;1
CAMHDA301-20211122T061500,2021-11-22T06:15:00+00:00,480.0,4,5.56,6,9,0;0;0;0;0;0;4;6;0
CAMHDA301-20211122T091500,2021-11-22T09:15:00+00:00,600.0,4,5.56,5,9,0;0;0;0;0;0;5;1;4
CAMHDA301-20211122T121500,2021-11-22T12:15:00+00:00,480.0,4,5.56,13,9,0;0;0;0;0;0;4;13;0
CAMHDA301-20211122T151500,2021-11-22T15:15:00+00:00,480.0,1,1.39,9,9,0;0;0;0;0;0;1;9;0
CAMHDA301-20211122T181500,2021-11-22T18:15:00+00:00,600.0,6,8.33,7,9,0;0;0;0;0;0;3;7;6
CAMHDA301-20211122T211500,2021-11-22T21:15:00+00:00,480.0,5,6.94,5,9,0;0;0;0;0;0;5;0;5
CAMHDA301-20211129T001500,2021-11-29T00:15:00+00:00,480.0,1,1.39,11,9,0;0;0;0;0;0;1;11;0
CAMHDA301-20211129T031500,2021-11-29T03:15:00+00:00,240.0,1,1.39,5,9,0;0;1;0;0;0;1;0;5
CAMHDA301-20211129T061500,2021-11-29T06:15:00+00:00,600.0,5,6.94,7,9,0;1;2;0;0;0;0;7;5
CAMHDA301-20211129T091500,2021-11-29T09:15:00+00:00,240.0,3,4.17,9,9,0;0;3;0;0;0;3;0;9
CAMHDA301-20211129T121500,2021-11-29T12:15:00+00:00,540.0,4,5.56,5,9,0;0;0;0;0;0;0;4;5
CAMHDA301-20211129T151500,2021-11-29T15:15:00+00:00,540.0,5,6.94,7,9,0;0;0;0;0;0;2;5;7
CAMHDA301-20211129T181500,2021-11-29T18:15:00+00:00,240.0,1,1.39,6,9,0;0;1;0;0;0;1;0;6
CAMHDA301-20211129T211500,2021-11-29T21:15:00+00:00,480.0,3,4.17,9,9,0;0;1;0;0;0;3;0;9
CAMHDA301-20211206T001500,2021-12-06T00:15:00+00:00,600.0,6,8.33,12,9,0;0;0;0;0;0;3;12;6
CAMHDA301-20211206T031500,2021-12-06T03:15:00+00:00,240.0,6,8.33,10,9,0;0;6;0;0;0;2;10;1
CAMHDA301-20211206T061500,2021-12-06T06:15:00+00:00,480.0,1,1.39,8,9,0;0;0;0;0;0;1;8;0
CAMHDA301-20211206T091500,2021-12-06T09:15:00+00:00,480.0,3,4.17,5,9,0;2;0;0;0;0;3;5;0
CAMHDA301-20211206T121500,2021-12-06T12:15:00+00:00,600.0,3,4.17,8,9,0;0;2;0;0;0;1;8;3
CAMHDA301-20211206T151500,2021-12-06T15:15:00+00:00,180.0,1,1.39,9,9,0;1;1;0;0;0;1;9;0
CAMHDA301-20211206T181500,2021-12-06T18:15:00+00:00,600.0,7,9.72,9,9,0;0;2;0;0;0;2;9;7
CAMHDA301-20211206T211500,2021-12-06T21:15:00+00:00,600.0,5,6.94,6,9,0;0;1;0;0;0;0;6;5
CAMHDA301-20211213T001500,2021-12-13T00:15:00+00:00,600.0,5,6.94,9,9,0;0;2;0;0;0;3;9;5
CAMHDA301-20211213T031500,2021-12-13T03:15:00+00:00,480.0,2,2.78,11,9,0;0;0;0;0;0;2;11;0
CAMHDA301-20211213T061500,2021-12-13T06:15:00+00:00,480.0,3,4.17,4,9,0;0;1;0;0;0;3;4;0
CAMHDA301-20211213T091500,2021-12-13T09:15:00+00:00,240.0,3,4.17,7,9,0;0;3;0;0;0;3;7;0
CAMHDA301-20211213T121500,2021-12-13T12:15:00+00:00,480.0,2,2.78,10,9,0;0;0;0;0;0;2;10;0
CAMHDA301-20211213T151500,2021-12-13T15:15:00+00:00,480.0,5,6.94,12,9,0;0;2;0;0;0;5;12;3
CAMHDA301-20211213T181500,2021-12-13T18:15:00+00:00,600.0,5,6.94,13,9,0;0;1;0;0;0;2;13;5
CAMHDA301-20211213T211500,2021-12-13T21:15:00+00:00,480.0,2,2.78,3,9,0;0;0;0;0;0;2;0;3
CAMHDA301-20211220T001500,2021-12-20T00:15:00+00:00,360.0,1,1.39,1,9,0;0;0;0;1;0;1;0;1
CAMHDA301-20211220T031500,2021-12-20T03:15:00+00:00,240.0,8,11.11,9,9,4;6;8;8;6;9;7;7;5
CAMHDA301-20211220T061500,2021-12-20T06:15:00+00:00,120.0,0,0.0,0,9,0;0;0;0;0;0;0;0;0
CAMHDA301-20211220T091500,2021-12-20T09:15:00+00:00,120.0,0,0.0,0,9,0;0;0;0;0;0;0;0;0
CAMHDA301-20211220T121500,2021-12-20T12:15:00+00:00,180.0,12,16.67,14,9,9;12;10;9;9;11;14;12;10
CAMHDA301-20211220T151500,2021-12-20T15:15:00+00:00,120.0,0,0.0,0,9,0;0;0;0;0;0;0;0;0
CAMHDA301-20211220T181500,2021-12-20T18:15:00+00:00,240.0,9,12.5,11,9,5;8;9;11;8;8;8;9;7
CAMHDA301-20211220T211500,2021-12-20T21:15:00+00:00,600.0,1,1.39,2,9,2;0;0;0;0;0;0;0;1
CAMHDA301-20211227T001500,2021-12-27T00:15:00+00:00,600.0,6,8.33,12,9,0;0;2;0;0;0;4;12;6
CAMHDA301-20211227T031500,2021-12-27T03:15:00+00:00,240.0,1,1.39,15,9,0;0;1;0;0;0;1;15;0
CAMHDA301-20211227T061500,2021-12-27T06:15:00+00:00,240.0,2,2.78,6,9,0;0;2;0;0;0;0;6;0
CAMHDA301-20211227T091500,2021-12-27T09:15:00+00:00,120.0,0,0.0,9,9,0;0;0;0;0;0;0;9;0
CAMHDA301-20211227T121500,2021-12-27T12:15:00+00:00,480.0,9,12.5,10,9,0;4;0;0;5;0;9;10;1
CAMHDA301-20211227T151500,2021-12-27T15:15:00+00:00,480.0,4,5.56,7,9,0;0;0;0;1;0;4;7;2
CAMHDA301-20211227T181500,2021-12-27T18:15:00+00:00,480.0,3,4.17,4,9,0;0;0;0;0;0;3;4;0
CAMHDA301-20211227T211500,2021-12-27T21:15:00+00:00,480.0,2,2.78,9,9,0;0;0;0;1;0;2;9;0
CAMHDA301-20220103T001500,2022-01-03T00:15:00+00:00,480.0,2,2.78,3,9,1;0;0;3;0;0;2;1;0
CAMHDA301-20220103T031500,2022-01-03T03:15:00+00:00,120.0,0,0.0,0,9,0;0;0;0;0;0;0;0;0
CAMHDA301-20220103T061500,2022-01-03T06:15:00+00:00,120.0,0,0.0,0,9,0;0;0;0;0;0;0;0;0
CAMHDA301-20220103T091500,2022-01-03T09:15:00+00:00,120.0,0,0.0,1,9,0;0;0;0;1;0;0;0;0
CAMHDA301-20220103T121500,2022-01-03T12:15:00+00:00,420.0,2,2.78,3,9,3;0;0;0;1;2;1;0;2
CAMHDA301-20220103T151500,2022-01-03T15:15:00+00:00,240.0,11,15.28,11,9,5;7;11;5;3;7;7;10;11
CAMHDA301-20220103T181500,2022-01-03T18:15:00+00:00,300.0,11,15.28,11,9,8;8;10;11;11;8;10;10;9
CAMHDA301-20220103T211500,2022-01-03T21:15:00+00:00,360.0,2,2.78,3,9,1;0;1;1;2;2;1;3;1
CAMHDA301-20220110T001500,2022-01-10T00:15:00+00:00,120.0,0,0.0,1,9,0;0;0;0;1;0;0;0;0
CAMHDA301-20220110T031500,2022-01-10T03:15:00+00:00,360.0,2,2.78,6,9,0;0;0;6;2;0;0;0;0
CAMHDA301-20220110T061500,2022-01-10T06:15:00+00:00,120.0,0,0.0,0,9,0;0;0;0;0;0;0;0;0
CAMHDA301-20220110T091500,2022-01-10T09:15:00+00:00,120.0,0,0.0,0,9,0;0;0;0;0;0;0;0;0
CAMHDA301-20220110T121500,2022-01-10T12:15:00+00:00,420.0,10,13.89,10,9,8;8;8;9;7;10;7;7;10
CAMHDA301-20220110T151500,2022-01-10T15:15:00+00:00,180.0,3,4.17,4,9,1;3;1;3;1;2;4;2;2
CAMHDA301-20220110T181500,2022-01-10T18:15:00+00:00,480.0,1,1.39,2,9,0;0;0;0;0;0;1;2;0
CAMHDA301-20220110T211500,2022-01-10T21:15:00+00:00,120.0,7,9.72,7,9,7;6;3;6;4;7;4;3;5
CAMHDA301-20220117T001500,2022-01-17T00:15:00+00:00,240.0,8,11.11,9,9,0;0;8;0;0;0;0;9;1
CAMHDA301-20220117T031500,2022-01-17T03:15:00+00:00,240.0,3,4.17,10,9,0;0;3;0;0;0;0;10;0
CAMHDA301-20220117T061500,2022-01-17T06:15:00+00:00,600.0,6,8.33,7,9,0;0;7;0;0;0;4;0;6
CAMHDA301-20220117T091500,2022-01-17T09:15:00+00:00,480.0,2,2.78,5,9,0;1;1;0;0;0;2;0;5
CAMHDA301-20220117T121500,2022-01-17T12:15:00+00:00,540.0,7,9.72,10,9,0;0;10;0;0;0;1;7;0
CAMHDA301-20220117T151500,2022-01-17T15:15:00+00:00,540.0,4,5.56,5,9,0;0;5;0;0;0;0;4;0
CAMHDA301-20220117T181500,2022-01-17T18:15:00+00:00,600.0,3,4.17,8,9,0;0;1;0;0;0;1;8;3
CAMHDA301-20220117T211500,2022-01-17T21:15:00+00:00,480.0,7,9.72,14,9,0;0;0;0;0;0;7;14;4
CAMHDA301-20220124T001500,2022-01-24T00:15:00+00:00,480.0,2,2.78,2,9,0;0;0;0;0;0;2;0;2
CAMHDA301-20220124T031500,2022-01-24T03:15:00+00:00,480.0,1,1.39,4,9,0;0;0;0;0;0;1;4;1
CAMHDA301-20220124T061500,2022-01-24T06:15:00+00:00,120.0,0,0.0,3,9,0;0;0;0;0;0;0;3;0
CAMHDA301-20220124T091500,2022-01-24T09:15:00+00:00,480.0,3,4.17,11,9,0;0;1;0;0;0;3;0;11
CAMHDA301-20220124T121500,2022-01-24T12:15:00+00:00,480.0,4,5.56,6,9,0;0;0;0;0;0;4;6;3
CAMHDA301-20220124T151500,2022-01-24T15:15:00+00:00,480.0,2,2.78,6,9,0;0;0;0;0;0;2;0;6
CAMHDA301-20220124T181500,2022-01-24T18:15:00+00:00,600.0,1,1.39,4,9,0;0;0;0;0;0;0;4;1
CAMHDA301-20220124T211500,2022-01-24T21:15:00+00:00,480.0,2,2.78,5,9,0;0;1;0;0;0;2;0;5
CAMHDA301-20220131T001500,2022-01-31T00:15:00+00:00,240.0,2,2.78,6,9,0;0;2;0;0;0;0;6;1
CAMHDA301-20220131T031500,2022-01-31T03:15:00+00:00,540.0,7,9.72,9,9,0;0;9;0;0;0;0;7;0
CAMHDA301-20220131T061500,2022-01-31T06:15:00+00:00,240.0,4,5.56,5,9,0;0;4;0;0;0;2;4;5
CAMHDA301-20220131T091500,2022-01-31T09:15:00+00:00,540.0,4,5.56,6,9,0;0;3;0;0;0;6;4;0
CAMHDA301-20220131T121500,2022-01-31T12:15:00+00:00,240.0,8,11.11,8,9,0;0;8;0;0;0;1;8;0
CAMHDA301-20220131T151500,2022-01-31T15:15:00+00:00,480.0,4,5.56,5,9,0;0;5;0;0;0;4;0;4
CAMHDA301-20220131T181500,2022-01-31T18:15:00+00:00,540.0,4,5.56,4,9,0;0;1;0;0;0;1;4;4
CAMHDA301-20220131T211500,2022-01-31T21:15:00+00:00,600.0,2,2.78,3,9,0;0;0;0;0;0;1;3;2
CAMHDA301-20220207T001500,2022-02-07T00:15:00+00:00,540.0,4,5.56,12,9,0;0;2;0;0;0;3;4;12
CAMHDA301-20220207T031500,2022-02-07T03:15:00+00:00,240.0,1,1.39,7,9,0;0;1;0;0;0;1;7;0
CAMHDA301-20220207T061500,2022-02-07T06:15:00+00:00,240.0,1,1.39,10,9,0;0;1;0;0;0;0;10;0
CAMHDA301-20220207T091500,2022-02-07T09:15:00+00:00,240.0,1,1.39,7,9,0;0;1;0;0;0;1;7;0
CAMHDA301-20220207T121500,2022-02-07T12:15:00+00:00,480.0,3,4.17,7,9,0;0;2;0;0;0;3;1;7
CAMHDA301-20220207T151500,2022-02-07T15:15:00+00:00,480.0,1,1.39,9,9,0;0;0;0;0;0;1;9;0
CAMHDA301-20220207T181500,2022-02-07T18:15:00+00:00,540.0,5,6.94,12,9,0;0;1;0;0;0;2;5;12
CAMHDA301-20220207T211500,2022-02-07T21:15:00+00:00,240.0,5,6.94,6,9,0;0;5;0;0;0;2;6;0
CAMHDA301-20220214T001500,2022-02-14T00:15:00+00:00,600.0,4,5.56,5,9,0;0;2;0;0;0;1;5;4
CAMHDA301-20220214T031500,2022-02-14T03:15:00+00:00,540.0,5,6.94,7,9,0;0;7;0;0;0;1;5;4
CAMHDA301-20220214T061500,2022-02-14T06:15:00+00:00,240.0,7,9.72,8,9,0;0;7;0;0;0;1;7;8
CAMHDA301-20220214T091500,2022-02-14T09:15:00+00:00,540.0,4,5.56,6,9,0;2;2;0;0;0;0;4;6
CAMHDA301-20220214T121500,2022-02-14T12:15:00+00:00,540.0,8,11.11,8,9,0;0;2;0;0;0;1;8;8
CAMHDA301-20220214T151500,2022-02-14T15:15:00+00:00,480.0,3,4.17,8,9,0;0;0;0;0;0;3;8;1
CAMHDA301-20220214T181500,2022-02-14T18:15:00+00:00,540.0,3,4.17,10,9,0;0;2;0;0;0;0;3;10
CAMHDA301-20220214T211500,2022-02-14T21:15:00+00:00,240.0,3,4.17,4,9,0;0;3;0;0;0;2;4;0
CAMHDA301-20220221T001500,2022-02-21T00:15:00+00:00,240.0,3,4.17,6,9,0;0;3;0;0;0;1;0;6
CAMHDA301-20220221T031500,2022-02-21T03:15:00+00:00,240.0,5,6.94,9,9,0;1;5;0;0;0;2;0;9
CAMHDA301-20220221T061500,2022-02-21T06:15:00+00:00,480.0,1,1.39,6,9,0;0;0;0;0;0;1;1;6
CAMHDA301-20220221T091500,2022-02-21T09:15:00+00:00,540.0,4,5.56,6,9,0;0;0;0;0;0;1;4;6
CAMHDA301-20220221T121500,2022-02-21T12:15:00+00:00,540.0,7,9.72,11,9,0;0;0;0;0;0;2;7;11
CAMHDA301-20220221T151500,2022-02-21T15:15:00+00:00,480.0,3,4.17,10,9,0;0;1;0;0;0;3;1;10
CAMHDA301-20220221T181500,2022-02-21T18:15:00+00:00,540.0,7,9.72,7,9,0;0;0;0;0;0;1;7;7
CAMHDA301-20220221T211500,2022-02-21T21:15:00+00:00,480.0,2,2.78,6,9,0;0;0;0;0;0;2;2;6
CAMHDA301-20220228T001500,2022-02-28T00:15:00+00:00,240.0,2,2.78,3,9,0;0;2;0;0;0;0;2;3
CAMHDA301-20220228T031500,2022-02-28T03:15:00+00:00,240.0,1,1.39,8,9,0;0;1;0;0;0;0;8;0
CAMHDA301-20220228T061500,2022-02-28T06:15:00+00:00,480.0,6,8.33,10,9,0;0;2;0;0;0;6;4;10
CAMHDA301-20220228T091500,2022-02-28T09:15:00+00:00,540.0,4,5.56,6,9,0;0;0;0;0;0;1;4;6
CAMHDA301-20220228T121500,2022-02-28T12:15:00+00:00,600.0,5,6.94,6,9,0;0;1;0;0;0;3;6;5
CAMHDA301-20220228T151500,2022-02-28T15:15:00+00:00,120.0,0,0.0,0,9,0;0;0;0;0;0;0;0;0
CAMHDA301-20220228T181500,2022-02-28T18:15:00+00:00,120.0,0,0.0,0,9,0;0;0;0;0;0;0;0;0
CAMHDA301-20220228T211500,2022-02-28T21:15:00+00:00,120.0,0,0.0,0,9,0;0;0;0;0;0;0;0;0
CAMHDA301-20220307T001500,2022-03-07T00:15:00+00:00,480.0,4,5.56,6,9,0;0;0;0;0;0;4;6;0
CAMHDA301-20220307T031500,2022-03-07T03:15:00+00:00,240.0,8,11.11,10,9,0;0;8;0;0;0;0;10;5
CAMHDA301-20220307T061500,2022-03-07T06:15:00+00:00,240.0,3,4.17,12,9,0;0;3;0;0;0;1;12;0
CAMHDA301-20220307T091500,2022-03-07T09:15:00+00:00,600.0,6,8.33,9,9,0;1;1;0;0;0;4;9;6
CAMHDA301-20220307T121500,2022-03-07T12:15:00+00:00,480.0,5,6.94,5,9,0;0;1;0;0;0;5;0;5
CAMHDA301-20220307T151500,2022-03-07T15:15:00+00:00,480.0,1,1.39,10,9,0;0;0;0;0;0;1;10;0
CAMHDA301-20220307T181500,2022-03-07T18:15:00+00:00,600.0,4,5.56,8,9,0;0;3;0;0;0;2;8;4
CAMHDA301-20220307T211500,2022-03-07T21:15:00+00:00,480.0,2,2.78,8,9,0;0;0;0;0;0;2;0;8
CAMHDA301-20220314T001500,2022-03-14T00:15:00+00:00,600.0,6,8.33,8,9,0;0;2;0;0;0;0;8;6
CAMHDA301-20220314T031500,2022-03-14T03:15:00+00:00,540.0,3,4.17,4,9,0;0;4;0;0;0;1;3;0
CAMHDA301-20220314T061500,2022-03-14T06:15:00+00:00,240.0,2,2.78,8,9,0;0;2;0;1;0;0;8;2
CAMHDA301-20220314T091500,2022-03-14T09:15:00+00:00,240.0,3,4.17,5,9,0;0;3;0;0;0;0;5;0
CAMHDA301-20220314T121500,2022-03-14T12:15:00+00:00,240.0,2,2.78,7,9,0;0;2;0;0;0;1;7;0
CAMHDA301-20220314T151500,2022-03-14T15:15:00+00:00,480.0,2,2.78,6,9,0;0;0;0;0;0;2;0;6
CAMHDA301-20220314T181500,2022-03-14T18:15:00+00:00,540.0,7,9.72,8,9,0;1;0;0;0;0;2;7;8
CAMHDA301-20220314T211500,2022-03-14T21:15:00+00:00,240.0,2,2.78,5,9,0;0;2;0;0;0;2;0;5
CAMHDA301-20220321T001500,2022-03-21T00:15:00+00:00,480.0,2,2.78,8,9,0;0;0;0;0;0;2;8;1
CAMHDA301-20220321T031500,2022-03-21T03:15:00+00:00,480.0,2,2.78,6,9,0;0;0;0;0;0;2;6;1
CAMHDA301-20220321T061500,2022-03-21T06:15:00+00:00,480.0,5,6.94,11,9,0;0;0;0;0;0;5;1;11
CAMHDA301-20220321T091500,2022-03-21T09:15:00+00:00,540.0,7,9.72,10,9,0;0;1;0;0;0;5;7;10
CAMHDA301-20220321T121500,2022-03-21T12:15:00+00:00,540.0,8,11.11,8,9,0;0;0;0;0;0;2;8;8
CAMHDA301-20220321T151500,2022-03-21T15:15:00+00:00,240.0,1,1.39,6,9,0;0;1;0;0;0;0;6;1
CAMHDA301-20220321T181500,2022-03-21T18:15:00+00:00,120.0,0,0.0,9,9,0;0;0;0;0;0;0;9;0
CAMHDA301-20220321T211500,2022-03-21T21:15:00+00:00,240.0,1,1.39,8,9,0;0;1;0;0;0;0;8;0
CAMHDA301-20220328T001500,2022-03-28T00:15:00+00:00,120.0,0,0.0,1,9,0;0;0;0;0;0;0;1;0
CAMHDA301-20220328T031500,2022-03-28T03:15:00+00:00,240.0,4,5.56,9,9,0;0;4;0;0;0;0;9;0
CAMHDA301-20220328T061500,2022-03-28T06:15:00+00:00,120.0,0,0.0,10,9,0;0;0;0;0;0;0;10;0
CAMHDA301-20220328T091500,2022-03-28T09:15:00+00:00,480.0,1,1.39,11,9,0;0;0;0;0;0;1;11;0
CAMHDA301-20220328T121500,2022-03-28T12:15:00+00:00,120.0,0,0.0,8,9,0;0;0;0;0;0;0;8;0
CAMHDA301-20220328T151500,2022-03-28T15:15:00+00:00,240.0,2,2.78,7,9,0;0;2;0;0;0;0;7;0
CAMHDA301-20220328T181500,2022-03-28T18:15:00+00:00,480.0,6,8.33,10,9,0;1;0;0;0;0;6;10;6
CAMHDA301-20220328T211500,2022-03-28T21:15:00+00:00,480.0,1,1.39,11,9,0;0;0;0;0;0;1;11;0
CAMHDA301-20220404T001500,2022-04-04T00:15:00+00:00,600.0,3,4.17,4,9,0;1;0;0;0;0;1;4;3
CAMHDA301-20220404T031500,2022-04-04T03:15:00+00:00,600.0,3,4.17,8,9,0;0;0;0;0;0;0;8;3
CAMHDA301-20220404T061500,2022-04-04T06:15:00+00:00,240.0,4,5.56,7,9,0;0;4;0;0;0;3;0;7
CAMHDA301-20220404T091500,2022-04-04T09:15:00+00:00,540.0,7,9.72,9,9,0;0;1;0;0;0;4;7;9
CAMHDA301-20220404T121500,2022-04-04T12:15:00+00:00,540.0,7,9.72,8,9,0;0;0;0;0;0;0;7;8
CAMHDA301-20220404T151500,2022-04-04T15:15:00+00:00,480.0,4,5.56,12,9,0;0;1;0;0;0;4;12;0
CAMHDA301-20220404T181500,2022-04-04T18:15:00+00:00,120.0,0,0.0,8,9,0;0;0;0;0;0;0;8;0
CAMHDA301-20220404T211500,2022-04-04T21:15:00+00:00,480.0,1,1.39,7,9,0;0;0;0;0;0;1;7;0
CAMHDA301-20220411T001500,2022-04-11T00:15:00+00:00,240.0,1,1.39,9,9,0;0;1;0;0;0;0;9;0
CAMHDA301-20220411T031500,2022-04-11T03:15:00+00:00,240.0,2,2.78,7,9,0;0;2;0;0;0;0;7;0
CAMHDA301-20220411T061500,2022-04-11T06:15:00+00:00,480.0,2,2.78,5,9,0;0;0;0;0;0;2;5;0
CAMHDA301-20220411T091500,2022-04-11T09:15:00+00:00,240.0,4,5.56,9,9,0;1;4;0;0;0;0;9;0
CAMHDA301-20220411T121500,2022-04-11T12:15:00+00:00,600.0,5,6.94,7,9,0;1;0;0;0;0;4;7;5
CAMHDA301-20220411T151500,2022-04-11T15:15:00+00:00,540.0,8,11.11,11,9,0;0;0;0;0;0;5;8;11
CAMHDA301-20220411T181500,2022-04-11T18:15:00+00:00,540.0,6,8.33,10,9,0;0;0;0;0;0;5;6;10
CAMHDA301-20220411T211500,2022-04-11T21:15:00+00:00,540.0,2,2.78,3,9,0;0;0;0;0;0;3;2;1
CAMHDA301-20220418T001500,2022-04-18T00:15:00+00:00,240.0,3,4.17,9,9,0;1;3;0;0;0;2;9;0
CAMHDA301-20220418T031500,2022-04-18T03:15:00+00:00,480.0,2,2.78,7,9,0;0;0;0;0;0;2;2;7
CAMHDA301-20220418T061500,2022-04-18T06:15:00+00:00,480.0,3,4.17,7,9,0;0;0;0;0;0;3;0;7
CAMHDA301-20220418T091500,2022-04-18T09:15:00+00:00,120.0,0,0.0,4,9,0;0;0;0;0;0;0;0;4
CAMHDA301-20220418T121500,2022-04-18T12:15:00+00:00,240.0,3,4.17,8,9,0;0;3;0;0;0;0;8;0
CAMHDA301-20220418T151500,2022-04-18T15:15:00+00:00,240.0,6,8.33,7,9,0;0;6;0;0;0;1;7;0
CAMHDA301-20220418T181500,2022-04-18T18:15:00+00:00,600.0,1,1.39,10,9,0;0;0;0;0;0;0;10;1
CAMHDA301-20220418T211500,2022-04-18T21:15:00+00:00,240.0,4,5.56,8,9,0;0;4;0;0;0;2;8;0
CAMHDA301-20220425T001500,2022-04-25T00:15:00+00:00,180.0,12,16.67,20,9,0;12;20;10;1;0;0;1;5
CAMHDA301-20220425T031500,2022-04-25T03:15:00+00:00,240.0,21,29.17,37,9,0;8;21;37;1;8;1;2;7
CAMHDA301-20220425T061500,2022-04-25T06:15:00+00:00,240.0,24,33.33,31,9,0;16;24;31;0;0;1;4;9
CAMHDA301-20220425T091500,2022-04-25T09:15:00+00:00,180.0,6,8.33,11,9,0;6;6;0;0;0;1;5;11
CAMHDA301-20220425T121500,2022-04-25T12:15:00+00:00,180.0,16,22.22,23,9,0;16;23;15;1;0;1;4;2
CAMHDA301-20220425T151500,2022-04-25T15:15:00+00:00,180.0,15,20.83,41,9,0;15;8;41;0;9;1;0;8
CAMHDA301-20220425T181500,2022-04-25T18:15:00+00:00,240.0,14,19.44,39,9,0;9;14;39;0;9;0;3;2
CAMHDA301-20220425T211500,2022-04-25T21:15:00+00:00,240.0,18,25.0,30,9,0;12;18;30;1;6;0;3;8
CAMHDA301-20220502T001500,2022-05-02T00:15:00+00:00,360.0,12,16.67,13,9,0;5;8;5;12;0;13;6;8
CAMHDA301-20220502T031500,2022-05-02T03:15:00+00:00,120.0,0,0.0,0,9,0;0;0;0;0;0;0;0;0
CAMHDA301-20220502T061500,2022-05-02T06:15:00+00:00,600.0,8,11.11,10,9,10;7;7;6;6;2;5;6;8
CAMHDA301-20220502T091500,2022-05-02T09:15:00+00:00,300.0,12,16.67,13,9,7;13;2;12;11;8;11;11;7
CAMHDA301-20220502T121500,2022-05-02T12:15:00+00:00,300.0,5,6.94,6,9,1;1;1;5;3;6;4;3;3
CAMHDA301-20220502T151500,2022-05-02T15:15:00+00:00,540.0,4,5.56,6,9,3;2;3;6;3;3;3;4;4
CAMHDA301-20220502T181500,2022-05-02T18:15:00+00:00,120.0,5,6.94,7,9,5;4;7;2;2;3;3;4;2
CAMHDA301-20220502T211500,2022-05-02T21:15:00+00:00,180.0,3,4.17,4,9,4;3;1;2;2;2;1;3;3
CAMHDA301-20220509T001500,2022-05-09T00:15:00+00:00,240.0,12,16.67,16,9,0;16;12;12;1;6;2;3;5
CAMHDA301-20220509T031500,2022-05-09T03:15:00+00:00,180.0,9,12.5,13,9,0;9;13;0;1;3;0;4;7
CAMHDA301-20220509T061500,2022-05-09T06:15:00+00:00,600.0,13,18.06,27,9,0;0;0;27;3;0;0;3;13
CAMHDA301-20220509T091500,2022-05-09T09:15:00+00:00,240.0,18,25.0,23,9,0;13;18;23;0;0;0;3;4
CAMHDA301-20220509T121500,2022-05-09T12:15:00+00:00,240.0,18,25.0,27,9,0;9;18;27;1;6;1;4;4
CAMHDA301-20220509T151500,2022-05-09T15:15:00+00:00,420.0,17,23.61,35,9,0;9;11;35;0;17;4;0;3
CAMHDA301-20220509T181500,2022-05-09T18:15:00+00:00,240.0,22,30.56,47,9,0;18;22;47;0;8;1;4;4
CAMHDA301-20220509T211500,2022-05-09T21:15:00+00:00,540.0,7,9.72,19,9,0;19;2;0;0;0;1;7;6
CAMHDA301-20220516T001500,2022-05-16T00:15:00+00:00,240.0,16,22.22,28,9,0;14;16;28;0;0;0;3;2
CAMHDA301-20220516T031500,2022-05-16T03:15:00+00:00,420.0,18,25.0,42,9,0;5;5;42;2;18;0;3;8
CAMHDA301-20220516T061500,2022-05-16T06:15:00+00:00,240.0,20,27.78,21,9,0;7;20;21;0;3;4;0;3
CAMHDA301-20220516T091500,2022-05-16T09:15:00+00:00,240.0,19,26.39,27,9,0;14;19;27;3;17;4;0;2
CAMHDA301-20220516T121500,2022-05-16T12:15:00+00:00,180.0,14,19.44,23,9,0;14;23;0;0;0;0;3;7
CAMHDA301-20220516T151500,2022-05-16T15:15:00+00:00,180.0,13,18.06,21,9,0;13;21;0;0;0;1;1;3
CAMHDA301-20220516T181500,2022-05-16T18:15:00+00:00,240.0,15,20.83,30,9,0;9;15;30;2;14;2;3;5
CAMHDA301-20220516T211500,2022-05-16T21:15:00+00:00,600.0,8,11.11,15,9,0;2;0;1;1;15;3;5;8
CAMHDA301-20220523T001500,2022-05-23T00:15:00+00:00,180.0,13,18.06,28,9,0;13;7;28;1;11;1;5;13
CAMHDA301-20220523T031500,2022-05-23T03:15:00+00:00,240.0,24,33.33,26,9,0;15;24;26;1;7;1;3;4
CAMHDA301-20220523T061500,2022-05-23T06:15:00+00:00,240.0,17,23.61,19,9,0;13;17;19;1;0;0;4;10
CAMHDA301-20220523T091500,2022-05-23T09:15:00+00:00,180.0,12,16.67,12,9,0;12;9;0;3;12;2;4;6
CAMHDA301-20220523T121500,2022-05-23T12:15:00+00:00,240.0,19,26.39,29,9,0;12;19;29;0;10;2;2;3
CAMHDA301-20220523T151500,2022-05-23T15:15:00+00:00,300.0,20,27.78,21,9,0;14;21;20;1;8;0;4;12
CAMHDA301-20220523T181500,2022-05-23T18:15:00+00:00,180.0,15,20.83,15,9,0;15;15;0;1;0;0;2;8
CAMHDA301-20220523T211500,2022-05-23T21:15:00+00:00,300.0,12,16.67,15,9,0;10;15;12;2;0;0;5;6
CAMHDA301-20220530T001500,2022-05-30T00:15:00+00:00,240.0,23,31.94,28,9,0;20;23;28;0;12;0;1;0
CAMHDA301-20220530T031500,2022-05-30T03:15:00+00:00,180.0,13,18.06,20,9,0;13;20;13;3;0;0;2;8
CAMHDA301-20220530T061500,2022-05-30T06:15:00+00:00,240.0,14,19.44,41,9,0;10;14;41;0;10;3;2;1
CAMHDA301-20220530T091500,2022-05-30T09:15:00+00:00,300.0,17,23.61,18,9,0;7;18;17;2;10;1;6;3
CAMHDA301-20220530T121500,2022-05-30T12:15:00+00:00,240.0,20,27.78,39,9,0;16;20;39;1;0;0;1;6
CAMHDA301-20220530T151500,2022-05-30T15:15:00+00:00,240.0,19,26.39,33,9,0;18;19;33;0;0;0;1;2
CAMHDA301-20220530T181500,2022-05-30T18:15:00+00:00,180.0,5,6.94,23,9,0;5;23;0;1;0;0;2;5
CAMHDA301-20220530T211500,2022-05-30T21:15:00+00:00,240.0,21,29.17,31,9,0;12;21;31;0;12;3;2;2
CAMHDA301-20220606T001500,2022-06-06T00:15:00+00:00,240.0,16,22.22,23,9,0;6;16;23;0;6;1;0;0
CAMHDA301-20220606T031500,2022-06-06T03:15:00+00:00,420.0,13,18.06,30,9,0;11;11;30;0;13;3;0;2
CAMHDA301-20220606T061500,2022-06-06T06:15:00+00:00,420.0,12,16.67,29,9,0;0;0;29;1;12;4;2;8
CAMHDA301-20220606T091500,2022-06-06T09:15:00+00:00,420.0,14,19.44,36,9,0;2;0;36;3;14;4;8;4
CAMHDA301-20220606T121500,2022-06-06T12:15:00+00:00,240.0,12,16.67,39,9,0;4;12;39;1;10;1;0;2
CAMHDA301-20220606T151500,2022-06-06T15:15:00+00:00,240.0,13,18.06,32,9,0;10;13;32;0;10;2;0;1
CAMHDA301-20220606T181500,2022-06-06T18:15:00+00:00,240.0,15,20.83,15,9,0;9;15;15;2;0;0;0;4
CAMHDA301-20220606T211500,2022-06-06T21:15:00+00:00,180.0,20,27.78,21,9,0;20;21;0;0;0;0;4;5
CAMHDA301-20220613T001500,2022-06-13T00:15:00+00:00,180.0,10,13.89,18,9,0;10;18;0;0;0;0;2;10
CAMHDA301-20220613T031500,2022-06-13T03:15:00+00:00,240.0,12,16.67,27,9,0;5;12;27;0;3;1;0;5
CAMHDA301-20220613T061500,2022-06-13T06:15:00+00:00,240.0,4,5.56,9,9,0;1;4;9;0;4;4;0;3
CAMHDA301-20220613T091500,2022-06-13T09:15:00+00:00,240.0,13,18.06,23,9,0;4;13;23;0;0;0;5;9
CAMHDA301-20220613T121500,2022-06-13T12:15:00+00:00,420.0,15,20.83,42,9,0;8;9;42;0;15;2;1;5
CAMHDA301-20220613T151500,2022-06-13T15:15:00+00:00,240.0,13,18.06,42,9,0;7;13;42;1;13;3;1;6
CAMHDA301-20220613T181500,2022-06-13T18:15:00+00:00,180.0,13,18.06,15,9,0;13;15;0;1;0;1;2;7
CAMHDA301-20220613T211500,2022-06-13T21:15:00+00:00,240.0,18,25.0,18,9,0;9;18;18;1;0;0;3;3
CAMHDA301-20220620T001500,2022-06-20T00:15:00+00:00,360.0,3,4.17,6,9,2;2;1;0;3;6;1;0;1
CAMHDA301-20220620T031500,2022-06-20T03:15:00+00:00,240.0,9,12.5,10,9,1;10;9;5;0;7;0;0;0
CAMHDA301-20220620T061500,2022-06-20T06:15:00+00:00,420.0,14,19.44,14,9,12;8;4;12;12;14;14;2;1
CAMHDA301-20220620T091500,2022-06-20T09:15:00+00:00,240.0,14,19.44,14,9,5;7;14;14;11;11;12;9;11
CAMHDA301-20220620T121500,2022-06-20T12:15:00+00:00,120.0,2,2.78,3,9,2;0;0;0;2;3;0;0;0
CAMHDA301-20220620T151500,2022-06-20T15:15:00+00:00,120.0,0,0.0,0,9,0;0;0;0;0;0;0;0;0
CAMHDA301-20220620T181500,2022-06-20T18:15:00+00:00,180.0,2,2.78,2,9,0;2;0;0;0;1;2;1;0
CAMHDA301-20220620T211500,2022-06-20T21:15:00+00:00,180.0,2,2.78,8,9,1;2;0;0;0;0;8;1;1
CAMHDA301-20220627T001500,2022-06-27T00:15:00+00:00,420.0,9,12.5,34,9,2;8;3;34;0;9;0;0;4
CAMHDA301-20220627T031500,2022-06-27T03:15:00+00:00,240.0,15,20.83,37,9,0;11;15;37;0;12;1;0;9
CAMHDA301-20220627T061500,2022-06-27T06:15:00+00:00,240.0,12,16.67,31,9,0;4;12;31;0;4;0;0;6
CAMHDA301-20220627T091500,2022-06-27T09:15:00+00:00,240.0,19,26.39,37,9,0;10;19;37;1;12;2;3;5
CAMHDA301-20220627T121500,2022-06-27T12:15:00+00:00,240.0,22,30.56,34,9,0;11;22;34;0;11;0;1;7
CAMHDA301-20220627T151500,2022-06-27T15:15:00+00:00,180.0,15,20.83,15,9,0;15;15;0;0;0;0;1;11
CAMHDA301-20220627T181500,2022-06-27T18:15:00+00:00,420.0,13,18.06,43,9,0;10;11;43;0;13;0;0;2
CAMHDA301-20220627T211500,2022-06-27T21:15:00+00:00,180.0,8,11.11,15,9,0;8;15;0;0;0;0;5;6
CAMHDA301-20220704T001500,2022-07-04T00:15:00+00:00,600.0,9,12.5,11,9,0;2;3;0;1;11;0;7;9
CAMHDA301-20220704T031500,2022-07-04T03:15:00+00:00,240.0,11,15.28,21,9,0;9;11;21;1;0;0;3;10
CAMHDA301-20220704T061500,2022-07-04T06:15:00+00:00,240.0,13,18.06,37,9,0;10;13;37;1;3;4;0;2
CAMHDA301-20220704T091500,2022-07-04T09:15:00+00:00,240.0,9,12.5,22,9,0;5;9;22;1;8;4;0;2
CAMHDA301-20220704T121500,2022-07-04T12:15:00+00:00,180.0,12,16.67,19,9,0;12;19;0;0;0;0;3;2
CAMHDA301-20220704T151500,2022-07-04T15:15:00+00:00,240.0,18,25.0,44,9,0;10;18;44;2;7;0;0;3
CAMHDA301-20220704T181500,2022-07-04T18:15:00+00:00,180.0,15,20.83,24,9,0;15;24;0;0;0;0;3;2
CAMHDA301-20220704T211500,2022-07-04T21:15:00+00:00,240.0,9,12.5,38,9,0;7;9;38;1;9;2;0;7
CAMHDA301-20220711T001500,2022-07-11T00:15:00+00:00,240.0,3,4.17,11,9,0;11;3;0;0;1;0;3;3
CAMHDA301-20220711T031500,2022-07-11T03:15:00+00:00,240.0,16,22.22,18,9,0;7;16;18;1;3;2;0;1
CAMHDA301-20220711T061500,2022-07-11T06:15:00+00:00,240.0,12,16.67,27,9,0;3;12;27;0;8;2;3;3
CAMHDA301-20220711T091500,2022-07-11T09:15:00+00:00,600.0,10,13.89,20,9,0;7;3;20;1;0;0;4;10
CAMHDA301-20220711T121500,2022-07-11T12:15:00+00:00,240.0,13,18.06,46,9,0;12;13;46;2;6;1;5;5
CAMHDA301-20220711T151500,2022-07-11T15:15:00+00:00,240.0,14,19.44,37,9,0;12;14;37;1;0;1;4;6
CAMHDA301-20220711T181500,2022-07-11T18:15:00+00:00,240.0,14,19.44,25,9,0;7;14;25;1;12;1;1;5
CAMHDA301-20220711T211500,2022-07-11T21:15:00+00:00,240.0,17,23.61,30,9,0;5;17;30;1;0;0;2;5
CAMHDA301-20220718T001500,2022-07-18T00:15:00+00:00,240.0,13,18.06,16,9,0;4;13;0;1;16;1;1;6
CAMHDA301-20220718T031500,2022-07-18T03:15:00+00:00,540.0,3,4.17,6,9,0;0;6;0;1;0;0;3;3
CAMHDA301-20220718T061500,2022-07-18T06:15:00+00:00,180.0,5,6.94,9,9,0;5;3;0;1;0;1;4;9
CAMHDA301-20220718T091500,2022-07-18T09:15:00+00:00,240.0,12,16.67,28,9,0;10;12;28;0;10;1;0;2
CAMHDA301-20220718T121500,2022-07-18T12:15:00+00:00,240.0,13,18.06,22,9,0;3;13;22;0;5;2;0;4
CAMHDA301-20220718T151500,2022-07-18T15:15:00+00:00,180.0,16,22.22,37,9,0;16;15;37;1;0;0;2;6
CAMHDA301-20220718T181500,2022-07-18T18:15:00+00:00,240.0,16,22.22,39,9,0;6;16;39;1;13;0;3;3
CAMHDA301-20220718T211500,2022-07-18T21:15:00+00:00,180.0,11,15.28,13,9,0;11;13;0;0;0;1;1;4
CAMHDA301-20220725T001500,2022-07-25T00:15:00+00:00,180.0,9,12.5,9,9,0;9;9;0;2;0;1;1;3
CAMHDA301-20220725T031500,2022-07-25T03:15:00+00:00,240.0,14,19.44,29,9,0;6;14;29;0;12;4;0;6
CAMHDA301-20220725T061500,2022-07-25T06:15:00+00:00,240.0,12,16.67,19,9,0;11;12;19;2;8;3;0;2
CAMHDA301-20220725T091500,2022-07-25T09:15:00+00:00,240.0,16,22.22,36,9,0;2;16;36;0;0;1;5;7
CAMHDA301-20220725T121500,2022-07-25T12:15:00+00:00,420.0,12,16.67,40,9,0;7;11;40;0;12;0;4;4
CAMHDA301-20220725T151500,2022-07-25T15:15:00+00:00,180.0,16,22.22,45,9,0;16;13;45;3;0;1;6;8
CAMHDA301-20220725T181500,2022-07-25T18:15:00+00:00,240.0,9,12.5,9,9,0;4;9;0;1;0;0;0;9
CAMHDA301-20220725T211500,2022-07-25T21:15:00+00:00,240.0,11,15.28,33,9,0;5;11;33;0;7;0;1;9
CAMHDA301-20220801T031500,2022-08-01T03:15:00+00:00,180.0,2,2.78,2,9,0;2;2;1;0;1;1;1;1
CAMHDA301-20220801T061500,2022-08-01T06:15:00+00:00,300.0,4,5.56,6,9,6;2;2;4;2;2;1;2;1
CAMHDA301-20220801T091500,2022-08-01T09:15:00+00:00,180.0,6,8.33,8,9,5;6;6;3;5;3;4;8;5
CAMHDA301-20220801T121500,2022-08-01T12:15:00+00:00,600.0,13,18.06,15,9,12;15;8;10;10;11;10;7;13
CAMHDA301-20220801T151500,2022-08-01T15:15:00+00:00,480.0,16,22.22,17,9,14;15;11;9;14;12;16;17;15
CAMHDA301-20220801T181500,2022-08-01T18:15:00+00:00,120.0,0,0.0,3,9,0;0;0;0;0;0;0;3;0
CAMHDA301-20220801T211500,2022-08-01T21:15:00+00:00,240.0,11,15.28,12,9,7;10;11;10;9;7;9;10;12
CAMHDA301-20220808T001500,2022-08-08T00:15:00+00:00,240.0,10,13.89,34,9,1;6;10;34;0;10;3;1;2
CAMHDA301-20220808T031500,2022-08-08T03:15:00+00:00,180.0,9,12.5,33,9,0;9;9;33;1;4;2;0;9
CAMHDA301-20220808T061500,2022-08-08T06:15:00+00:00,240.0,14,19.44,27,9,0;12;14;27;0;6;1;0;3
CAMHDA301-20220808T091500,2022-08-08T09:15:00+00:00,420.0,15,20.83,41,9,0;11;10;41;0;15;3;0;0
CAMHDA301-20220808T121500,2022-08-08T12:15:00+00:00,180.0,10,13.89,14,9,0;10;14;0;0;0;0;2;8
CAMHDA301-20220808T151500,2022-08-08T15:15:00+00:00,240.0,9,12.5,43,9,0;4;9;43;0;5;1;0;1
CAMHDA301-20220808T181500,2022-08-08T18:15:00+00:00,600.0,12,16.67,16,9,0;11;16;0;0;0;1;5;12
CAMHDA301-20220808T211500,2022-08-08T21:15:00+00:00,240.0,16,22.22,24,9,0;6;16;24;1;0;0;2;7
CAMHDA301-20220815T001500,2022-08-15T00:15:00+00:00,180.0,10,13.89,30,9,0;10;10;30;0;0;0;1;6
CAMHDA301-20220815T031500,2022-08-15T03:15:00+00:00,240.0,16,22.22,40,9,0;14;16;40;2;11;3;2;5
CAMHDA301-20220815T061500,2022-08-15T06:15:00+00:00,240.0,12,16.67,16,9,0;16;12;1;1;2;2;2;1
CAMHDA301-20220815T091500,2022-08-15T09:15:00+00:00,180.0,16,22.22,24,9,0;16;12;24;2;12;0;2;4
CAMHDA301-20220815T121500,2022-08-15T12:15:00+00:00,540.0,4,5.56,10,9,0;0;0;0;0;0;0;4;10
CAMHDA301-20220815T151500,2022-08-15T15:15:00+00:00,180.0,22,30.56,48,9,0;22;14;48;0;13;2;3;13
CAMHDA301-20220815T181500,2022-08-15T18:15:00+00:00,180.0,18,25.0,26,9,0;18;9;26;1;0;0;3;5
CAMHDA301-20220815T211500,2022-08-15T21:15:00+00:00,180.0,16,22.22,47,9,0;16;9;47;0;10;2;0;2
CAMHDA301-20220822T001500,2022-08-22T00:15:00+00:00,240.0,21,29.17,44,9,5;13;21;44;0;10;2;0;5
CAMHDA301-20220822T031500,2022-08-22T03:15:00+00:00,180.0,17,23.61,26,9,6;17;3;26;2;17;2;0;2
CAMHDA301-20220822T061500,2022-08-22T06:15:00+00:00,180.0,16,22.22,35,9,4;16;12;35;0;11;0;0;6
CAMHDA301-20220822T091500,2022-08-22T09:15:00+00:00,420.0,15,20.83,40,9,3;1;0;40;0;15;1;4;6
CAMHDA301-20220822T121500,2022-08-22T12:15:00+00:00,240.0,11,15.28,21,9,4;21;11;0;2;10;2;2;6
CAMHDA301-20220822T151500,2022-08-22T15:15:00+00:00,420.0,15,20.83,31,9,6;0;0;31;0;15;1;1;2
CAMHDA301-20220822T181500,2022-08-22T18:15:00+00:00,240.0,15,20.83,36,9,3;12;15;36;0;14;0;0;8
CAMHDA301-20220822T211500,2022-08-22T21:15:00+00:00,180.0,12,16.67,13,9,0;12;13;0;1;0;0;6;2
CAMHDA301-20220829T001500,2022-08-29T00:15:00+00:00,240.0,20,27.78,33,9,0;18;20;33;0;10;1;1;7
CAMHDA301-20220829T031500,2022-08-29T03:15:00+00:00,600.0,15,20.83,37,9,0;11;14;37;0;14;0;2;15
CAMHDA301-20220829T061500,2022-08-29T06:15:00+00:00,420.0,11,15.28,20,9,0;0;0;20;3;11;2;0;3
CAMHDA301-20220829T091500,2022-08-29T09:15:00+00:00,240.0,19,26.39,45,9,0;12;19;45;0;15;0;0;7
CAMHDA301-20220829T121500,2022-08-29T12:15:00+00:00,180.0,17,23.61,39,9,0;17;17;39;0;0;0;3;6
CAMHDA301-20220829T151500,2022-08-29T15:15:00+00:00,240.0,17,23.61,45,9,0;13;17;45;0;0;1;1;1
CAMHDA301-20220829T181500,2022-08-29T18:15:00+00:00,240.0,25,34.72,47,9,0;8;25;47;0;13;1;0;4
CAMHDA301-20220829T211500,2022-08-29T21:15:00+00:00,240.0,17,23.61,44,9,0;15;17;44;2;13;2;0;2
CAMHDA301-20220905T001500,2022-09-05T00:15:00+00:00,180.0,15,20.83,18,9,0;15;18;0;2;0;0;6;10
CAMHDA301-20220905T031500,2022-09-05T03:15:00+00:00,420.0,17,23.61,37,9,0;15;12;37;1;17;0;6;4
CAMHDA301-20220905T061500,2022-09-05T06:15:00+00:00,240.0,23,31.94,44,9,0;17;23;44;1;11;2;6;8
CAMHDA301-20220905T091500,2022-09-05T09:15:00+00:00,240.0,19,26.39,52,9,0;18;19;52;0;11;1;5;5
CAMHDA301-20220905T121500,2022-09-05T12:15:00+00:00,240.0,23,31.94,35,9,0;13;23;35;0;7;1;2;2
CAMHDA301-20220905T151500,2022-09-05T15:15:00+00:00,180.0,12,16.67,40,9,0;12;12;40;0;0;0;2;6
CAMHDA301-20220905T181500,2022-09-05T18:15:00+00:00,240.0,21,29.17,37,9,0;13;21;37;3;7;2;4;7
CAMHDA301-20220905T211500,2022-09-05T21:15:00+00:00,240.0,23,31.94,26,9,0;12;23;26;2;0;2;3;9
CAMHDA301-20220912T001500,2022-09-12T00:15:00+00:00,180.0,15,20.83,35,9,0;15;14;35;1;0;1;8;12
CAMHDA301-20220912T031500,2022-09-12T03:15:00+00:00,240.0,13,18.06,16,9,0;16;13;0;1;0;1;3;6
CAMHDA301-20220912T061500,2022-09-12T06:15:00+00:00,240.0,18,25.0,29,9,0;10;18;29;0;5;0;1;5
CAMHDA301-20220912T091500,2022-09-12T09:15:00+00:00,240.0,16,22.22,30,9,0;12;16;30;1;10;2;1;10
CAMHDA301-20220912T121500,2022-09-12T12:15:00+00:00,240.0,20,27.78,29,9,0;19;20;29;1;0;1;6;8
CAMHDA301-20220912T151500,2022-09-12T15:15:00+00:00,180.0,19,26.39,29,9,0;19;11;29;0;1;0;3;1
CAMHDA301-20220912T181500,2022-09-12T18:15:00+00:00,600.0,6,8.33,8,9,0;0;8;0;0;2;0;4;6
CAMHDA301-20220912T211500,2022-09-12T21:15:00+00:00,240.0,26,36.11,31,9,1;8;26;31;0;5;2;0;2
CAMHDA301-20220919T001500,2022-09-19T00:15:00+00:00,420.0,10,13.89,29,9,0;1;2;29;1;10;1;0;8
CAMHDA301-20220919T031500,2022-09-19T03:15:00+00:00,240.0,12,16.67,28,9,1;7;12;28;0;10;2;0;2
CAMHDA301-20220919T061500,2022-09-19T06:15:00+00:00,300.0,6,8.33,12,9,0;0;5;6;0;12;5;4;6
CAMHDA301-20220919T091500,2022-09-19T09:15:00+00:00,180.0,11,15.28,31,9,0;11;11;31;2;11;1;1;3
CAMHDA301-20220919T121500,2022-09-19T12:15:00+00:00,180.0,13,18.06,16,9,0;13;16;1;1;0;0;3;7
CAMHDA301-20220919T151500,2022-09-19T15:15:00+00:00,240.0,13,18.06,30,9,0;12;13;30;0;13;3;0;3
CAMHDA301-20220919T181500,2022-09-19T18:15:00+00:00,420.0,4,5.56,9,9,0;2;1;9;0;4;0;1;2
CAMHDA301-20220919T211500,2022-09-19T21:15:00+00:00,180.0,13,18.06,18,9,0;13;18;0;1;0;0;6;4
CAMHDA301-20220926T001500,2022-09-26T00:15:00+00:00,180.0,15,20.83,29,9,0;15;15;29;1;2;1;4;9
CAMHDA301-20220926T031500,2022-09-26T03:15:00+00:00,180.0,23,31.94,32,9,0;23;32;0;1;0;0;4;4
CAMHDA301-20220926T061500,2022-09-26T06:15:00+00:00,420.0,11,15.28,31,9,1;6;10;31;1;11;2;3;9
CAMHDA301-20220926T091500,2022-09-26T09:15:00+00:00,240.0,14,19.44,25,9,0;4;14;25;0;10;2;4;8
CAMHDA301-20220926T121500,2022-09-26T12:15:00+00:00,240.0,24,33.33,30,9,0;19;24;30;0;0;0;8;8
CAMHDA301-20220926T151500,2022-09-26T15:15:00+00:00,180.0,12,16.67,20,9,0;12;20;0;0;0;0;3;8
CAMHDA301-20220926T181500,2022-09-26T18:15:00+00:00,180.0,12,16.67,37,9,0;12;9;37;0;6;2;1;0
CAMHDA301-20220926T211500,2022-09-26T21:15:00+00:00,240.0,22,30.56,27,9,0;10;22;27;2;8;1;0;0
CAMHDA301-20221003T001500,2022-10-03T00:15:00+00:00,420.0,1,1.39,4,9,0;0;0;0;0;1;1;4;1
CAMHDA301-20221003T031500,2022-10-03T03:15:00+00:00,120.0,0,0.0,1,9,0;0;0;0;1;0;0;0;0
CAMHDA301-20221003T061500,2022-10-03T06:15:00+00:00,240.0,1,1.39,2,9,0;0;1;1;1;1;1;2;1
CAMHDA301-20221003T091500,2022-10-03T09:15:00+00:00,180.0,1,1.39,1,9,0;1;1;0;0;0;0;0;0
CAMHDA301-20221003T121500,2022-10-03T12:15:00+00:00,120.0,1,1.39,1,9,1;1;1;1;0;1;1;0;0
CAMHDA301-20221003T151500,2022-10-03T15:15:00+00:00,480.0,14,19.44,14,9,11;12;9;13;10;7;14;14;10
CAMHDA301-20221003T181500,2022-10-03T18:15:00+00:00,120.0,12,16.67,14,9,12;11;10;14;9;7;7;8;8
CAMHDA301-20221003T211500,2022-10-03T21:15:00+00:00,240.0,12,16.67,13,9,7;6;12;4;13;9;7;4;5
CAMHDA301-20221010T001500,2022-10-10T00:15:00+00:00,180.0,1,1.39,2,9,2;1;1;0;0;1;1;0;1
CAMHDA301-20221010T031500,2022-10-10T03:15:00+00:00,240.0,6,8.33,8,9,2;0;6;8;3;0;0;0;5
CAMHDA301-20221010T061500,2022-10-10T06:15:00+00:00,180.0,20,27.78,20,9,19;20;20;16;16;17;17;17;14
CAMHDA301-20221010T091500,2022-10-10T09:15:00+00:00,240.0,9,12.5,9,9,7;7;9;6;8;6;9;9;8
CAMHDA301-20221010T121500,2022-10-10T12:15:00+00:00,300.0,9,12.5,11,9,7;8;7;9;7;8;8;11;9
CAMHDA301-20221010T151500,2022-10-10T15:15:00+00:00,180.0,13,18.06,14,9,14;13;11;11;8;5;4;0;0
CAMHDA301-20221010T181500,2022-10-10T18:15:00+00:00,240.0,2,2.78,3,9,1;0;2;3;1;2;0;0;2
CAMHDA301-20221010T211500,2022-10-10T21:15:00+00:00,420.0,13,18.06,14,9,12;10;12;11;11;13;11;14;12
CAMHDA301-20221017T001500,2022-10-17T00:15:00+00:00,240.0,8,11.11,27,9,0;1;8;27;1;6;3;0;1
CAMHDA301-20221017T031500,2022-10-17T03:15:00+00:00,240.0,10,13.89,12,9,2;3;10;0;0;12;2;2;5
CAMHDA301-20221017T061500,2022-10-17T06:15:00+00:00,240.0,20,27.78,21,9,0;21;20;0;0;0;0;2;10
CAMHDA301-20221017T091500,2022-10-17T09:15:00+00:00,180.0,14,19.44,21,9,1;14;21;0;1;0;1;4;0
CAMHDA301-20221017T121500,2022-10-17T12:15:00+00:00,180.0,16,22.22,25,9,0;16;25;0;0;0;0;2;4
CAMHDA301-20221017T151500,2022-10-17T15:15:00+00:00,180.0,19,26.39,26,9,0;19;26;0;0;0;0;3;4
CAMHDA301-20221017T181500,2022-10-17T18:15:00+00:00,180.0,19,26.39,19,9,0;19;19;0;0;0;0;3;5
CAMHDA301-20221017T211500,2022-10-17T21:15:00+00:00,180.0,17,23.61,24,9,0;17;24;0;0;5;0;6;6
CAMHDA301-20221024T001500,2022-10-24T00:15:00+00:00,240.0,28,38.89,31,9,0;17;28;31;0;0;1;2;4
CAMHDA301-20221024T031500,2022-10-24T03:15:00+00:00,180.0,15,20.83,15,9,0;15;15;0;0;0;0;1;4
CAMHDA301-20221024T061500,2022-10-24T06:15:00+00:00,180.0,11,15.28,21,9,0;11;0;21;1;4;0;2;0
CAMHDA301-20221024T091500,2022-10-24T09:15:00+00:00,180.0,23,31.94,26,9,0;23;26;0;0;0;0;4;6
CAMHDA301-20221024T121500,2022-10-24T12:15:00+00:00,300.0,25,34.72,27,9,0;19;27;25;0;2;2;1;2
CAMHDA301-20221024T151500,2022-10-24T15:15:00+00:00,300.0,30,41.67,32,9,0;19;32;30;0;0;3;2;6
CAMHDA301-20221024T181500,2022-10-24T18:15:00+00:00,180.0,13,18.06,23,9,0;13;23;0;1;0;1;5;8
CAMHDA301-20221024T211500,2022-10-24T21:15:00+00:00,180.0,17,23.61,22,9,0;17;22;0;0;0;0;3;6
CAMHDA301-20221031T001500,2022-10-31T00:15:00+00:00,120.0,0,0.0,0,9,0;0;0;0;0;0;0;0;0
CAMHDA301-20221031T031500,2022-10-31T03:15:00+00:00,120.0,0,0.0,0,9,0;0;0;0;0;0;0;0;0
CAMHDA301-20221031T061500,2022-10-31T06:15:00+00:00,120.0,0,0.0,0,9,0;0;0;0;0;0;0;0;0
CAMHDA301-20221031T091500,2022-10-31T09:15:00+00:00,120.0,0,0.0,0,9,0;0;0;0;0;0;0;0;0
CAMHDA301-20221031T121500,2022-10-31T12:15:00+00:00,120.0,0,0.0,0,9,0;0;0;0;0;0;0;0;0
CAMHDA301-20221031T151500,2022-10-31T15:15:00+00:00,120.0,0,0.0,0,9,0;0;0;0;0;0;0;0;0
CAMHDA301-20221031T181500,2022-10-31T18:15:00+00:00,120.0,0,0.0,0,9,0;0;0;0;0;0;0;0;0
CAMHDA301-20221031T211500,2022-10-31T21:15:00+00:00,180.0,15,20.83,25,9,0;15;25;0;1;0;0;4;5
CAMHDA301-20221107T001500,2022-11-07T00:15:00+00:00,180.0,13,18.06,22,9,0;13;22;0;0;0;0;4;4
CAMHDA301-20221107T031500,2022-11-07T03:15:00+00:00,180.0,16,22.22,16,9,0;16;16;0;0;0;0;8;5
CAMHDA301-20221107T061500,2022-11-07T06:15:00+00:00,240.0,19,26.39,40,9,0;9;19;40;1;5;3;5;4
CAMHDA301-20221107T091500,2022-11-07T09:15:00+00:00,240.0,23,31.94,32,9,0;15;23;32;0;0;2;0;7
CAMHDA301-20221107T121500,2022-11-07T12:15:00+00:00,240.0,19,26.39,24,9,0;16;19;24;1;1;0;5;8
CAMHDA301-20221107T151500,2022-11-07T15:15:00+00:00,180.0,12,16.67,18,9,0;12;18;0;0;2;0;4;3
CAMHDA301-20221107T181500,2022-11-07T18:15:00+00:00,300.0,19,26.39,28,9,0;14;28;19;0;8;0;0;2
CAMHDA301-20221107T211500,2022-11-07T21:15:00+00:00,240.0,15,20.83,27,9,2;13;15;27;2;6;2;6;2
CAMHDA301-20221114T001500,2022-11-14T00:15:00+00:00,360.0,2,2.78,4,9,0;0;0;0;2;1;0;1;4
CAMHDA301-20221114T031500,2022-11-14T03:15:00+00:00,240.0,18,25.0,36,9,0;17;18;36;0;0;1;2;1
CAMHDA301-20221114T061500,2022-11-14T06:15:00+00:00,240.0,12,16.67,19,9,0;19;12;0;1;0;0;2;5
CAMHDA301-20221114T091500,2022-11-14T09:15:00+00:00,240.0,21,29.17,24,9,0;24;21;0;0;2;1;1;6
CAMHDA301-20221114T121500,2022-11-14T12:15:00+00:00,600.0,2,2.78,29,9,0;0;29;0;0;1;0;0;2
CAMHDA301-20221114T151500,2022-11-14T15:15:00+00:00,540.0,2,2.78,28,9,0;0;28;0;0;0;0;2;2
CAMHDA301-20221114T181500,2022-11-14T18:15:00+00:00,600.0,8,11.11,21,9,0;4;21;0;0;0;0;0;8
CAMHDA301-20221114T211500,2022-11-14T21:15:00+00:00,240.0,11,15.28,17,9,0;7;11;17;1;8;3;0;6
CAMHDA301-20221121T001500,2022-11-21T00:15:00+00:00,180.0,16,22.22,16,9,0;16;16;4;7;14;0;6;4
CAMHDA301-20221121T031500,2022-11-21T03:15:00+00:00,240.0,12,16.67,20,9,4;10;12;20;1;2;4;1;3
CAMHDA301-20221121T061500,2022-11-21T06:15:00+00:00,300.0,9,12.5,20,9,0;20;0;9;0;4;1;1;0
CAMHDA301-20221121T091500,2022-11-21T09:15:00+00:00,240.0,19,26.39,25,9,1;25;19;0;1;0;1;2;12
CAMHDA301-20221121T121500,2022-11-21T12:15:00+00:00,180.0,13,18.06,30,9,0;13;30;0;0;0;0;3;7
CAMHDA301-20221121T151500,2022-11-21T15:15:00+00:00,180.0,10,13.89,23,9,1;10;10;23;0;7;1;0;0
CAMHDA301-20221121T181500,2022-11-21T18:15:00+00:00,240.0,19,26.39,21,9,0;17;19;21;2;13;4;0;4
CAMHDA301-20221121T211500,2022-11-21T21:15:00+00:00,600.0,10,13.89,21,9,0;0;0;21;3;5;0;6;10
CAMHDA301-20221128T001500,2022-11-28T00:15:00+00:00,420.0,14,19.44,15,9,0;15;2;0;1;14;2;3;1
CAMHDA301-20221128T031500,2022-11-28T03:15:00+00:00,180.0,26,36.11,29,9,0;26;29;15;1;20;0;1;5
CAMHDA301-20221128T061500,2022-11-28T06:15:00+00:00,180.0,15,20.83,17,9,0;15;17;14;0;0;0;3;9
CAMHDA301-20221128T091500,2022-11-28T09:15:00+00:00,180.0,25,34.72,33,9,0;25;33;19;2;9;1;3;6
CAMHDA301-20221128T121500,2022-11-28T12:15:00+00:00,420.0,8,11.11,12,9,0;2;3;12;1;8;1;0;3
CAMHDA301-20221128T151500,2022-11-28T15:15:00+00:00,240.0,17,23.61,20,9,0;20;17;15;1;0;1;4;5
CAMHDA301-20221128T181500,2022-11-28T18:15:00+00:00,420.0,13,18.06,20,9,1;10;12;20;0;13;0;0;2
CAMHDA301-20221128T211500,2022-11-28T21:15:00+00:00,180.0,14,19.44,24,9,1;14;14;24;0;10;1;2;4
CAMHDA301-20221205T001500,2022-12-05T00:15:00+00:00,300.0,18,25.0,21,9,0;12;21;18;0;0;1;3;3
CAMHDA301-20221205T031500,2022-12-05T03:15:00+00:00,180.0,18,25.0,29,9,0;18;29;1;0;0;3;1;5
CAMHDA301-20221205T061500,2022-12-05T06:15:00+00:00,240.0,6,8.33,10,9,0;0;6;2;2;10;0;4;6
CAMHDA301-20221205T091500,2022-12-05T09:15:00+00:00,240.0,23,31.94,25,9,0;19;23;25;1;0;0;2;2
CAMHDA301-20221205T121500,2022-12-05T12:15:00+00:00,300.0,22,30.56,24,9,0;19;24;22;0;0;1;2;4
CAMHDA301-20221205T151500,2022-12-05T15:15:00+00:00,180.0,19,26.39,20,9,0;19;20;0;0;0;1;5;8
CAMHDA301-20221205T181500,2022-12-05T18:15:00+00:00,420.0,13,18.06,24,9,0;7;11;24;0;13;2;3;2
CAMHDA301-20221205T211500,2022-12-05T21:15:00+00:00,240.0,17,23.61,19,9,0;9;17;19;0;0;0;6;3
CAMHDA301-20221212T001500,2022-12-12T00:15:00+00:00,240.0,11,15.28,16,9,2;8;11;16;2;10;1;0;3
CAMHDA301-20221212T031500,2022-12-12T03:15:00+00:00,180.0,16,22.22,22,9,0;16;22;1;0;0;0;2;1
CAMHDA301-20221212T061500,2022-12-12T06:15:00+00:00,300.0,20,27.78,21,9,0;0;0;20;1;21;3;7;8
CAMHDA301-20221212T091500,2022-12-12T09:15:00+00:00,240.0,14,19.44,17,9,3;12;14;17;0;11;2;1;4
CAMHDA301-20221212T121500,2022-12-12T12:15:00+00:00,300.0,15,20.83,15,9,0;9;14;15;1;15;1;0;4
CAMHDA301-20221212T151500,2022-12-12T15:15:00+00:00,240.0,13,18.06,15,9,0;6;13;15;2;8;5;0;5
CAMHDA301-20221212T181500,2022-12-12T18:15:00+00:00,240.0,18,25.0,22,9,1;8;18;22;0;11;3;0;10
CAMHDA301-20221212T211500,2022-12-12T21:15:00+00:00,540.0,6,8.33,19,9,0;0;19;0;0;0;1;6;4
CAMHDA301-20221219T001500,2022-12-19T00:15:00+00:00,300.0,22,30.56,23,9,0;16;23;22;0;0;0;1;7
CAMHDA301-20221219T031500,2022-12-19T03:15:00+00:00,540.0,4,5.56,13,9,0;0;0;0;3;13;3;4;3
CAMHDA301-20221219T061500,2022-12-19T06:15:00+00:00,540.0,6,8.33,34,9,0;0;34;1;1;0;0;6;0
CAMHDA301-20221219T091500,2022-12-19T09:15:00+00:00,540.0,2,2.78,3,9,0;0;3;0;0;0;1;2;1
CAMHDA301-20221219T121500,2022-12-19T12:15:00+00:00,300.0,9,12.5,14,9,0;0;0;9;1;14;0;5;5
CAMHDA301-20221219T151500,2022-12-19T15:15:00+00:00,300.0,16,22.22,18,9,0;5;6;16;2;18;1;0;2
CAMHDA301-20221219T181500,2022-12-19T18:15:00+00:00,240.0,10,13.89,26,9,5;8;10;26;1;7;1;0;1
CAMHDA301-20221219T211500,2022-12-19T21:15:00+00:00,300.0,2,2.78,13,9,0;1;0;2;0;13;0;2;1
CAMHDA301-20221226T001500,2022-12-26T00:15:00+00:00,180.0,19,26.39,24,9,0;19;19;24;1;16;2;4;2
CAMHDA301-20221226T031500,2022-12-26T03:15:00+00:00,180.0,21,29.17,24,9,0;21;24;9;1;13;1;1;1
CAMHDA301-20221226T061500,2022-12-26T06:15:00+00:00,240.0,24,33.33,31,9,0;31;24;8;2;6;3;1;6
CAMHDA301-20221226T091500,2022-12-26T09:15:00+00:00,180.0,28,38.89,28,9,0;28;28;17;1;6;0;2;2
CAMHDA301-20221226T121500,2022-12-26T12:15:00+00:00,180.0,20,27.78,28,9,0;20;28;19;0;7;2;2;0
CAMHDA301-20221226T151500,2022-12-26T15:15:00+00:00,180.0,20,27.78,24,9,0;20;24;11;1;11;3;7;2
CAMHDA301-20221226T181500,2022-12-26T18:15:00+00:00,180.0,24,33.33,25,9,0;24;25;2;0;0;1;2;6
CAMHDA301-20221226T211500,2022-12-26T21:15:00+00:00,240.0,22,30.56,27,9,0;4;22;27;1;8;2;0;4
CAMHDA301-20230102T001500,2023-01-02T00:15:00+00:00,120.0,5,6.94,5,9,5;1;5;4;0;1;2;2;2
CAMHDA301-20230102T031500,2023-01-02T03:15:00+00:00,480.0,17,23.61,22,9,10;12;4;16;1;14;17;22;15
CAMHDA301-20230102T061500,2023-01-02T06:15:00+00:00,120.0,0,0.0,0,9,0;0;0;0;0;0;0;0;0
CAMHDA301-20230102T091500,2023-01-02T09:15:00+00:00,120.0,0,0.0,0,9,0;0;0;0;0;0;0;0;0
CAMHDA301-20230102T121500,2023-01-02T12:15:00+00:00,300.0,5,6.94,6,9,2;4;3;5;6;4;5;3;5
CAMHDA301-20230102T151500,2023-01-02T15:15:00+00:00,240.0,7,9.72,8,9,2;4;7;4;6;5;4;8;3
CAMHDA301-20230102T181500,2023-01-02T18:15:00+00:00,120.0,0,0.0,1,9,0;0;0;0;0;0;1;0;0
CAMHDA301-20230102T211500,2023-01-02T21:15:00+00:00,240.0,8,11.11,8,9,7;7;8;8;8;8;5;5;7
CAMHDA301-20230109T001500,2023-01-09T00:15:00+00:00,240.0,10,13.89,28,9,2;8;10;28;0;9;2;0;4
CAMHDA301-20230109T031500,2023-01-09T03:15:00+00:00,180.0,21,29.17,26,9,0;21;26;16;1;0;0;4;2
CAMHDA301-20230109T061500,2023-01-09T06:15:00+00:00,180.0,17,23.61,28,9,1;17;28;17;1;0;1;6;2
CAMHDA301-20230109T091500,2023-01-09T09:15:00+00:00,180.0,23,31.94,27,9,0;23;27;14;1;0;0;2;7
CAMHDA301-20230109T121500,2023-01-09T12:15:00+00:00,180.0,24,33.33,33,9,0;24;33;15;0;15;3;3;4
CAMHDA301-20230109T151500,2023-01-09T15:15:00+00:00,180.0,22,30.56,26,9,0;22;26;18;2;0;0;4;5
CAMHDA301-20230109T181500,2023-01-09T18:15:00+00:00,180.0,24,33.33,24,9,0;24;24;0;0;0;0;1;2
CAMHDA301-20230109T211500,2023-01-09T21:15:00+00:00,300.0,5,6.94,8,9,0;0;0;5;1;8;2;1;3
CAMHDA301-20230116T001500,2023-01-16T00:15:00+00:00,240.0,15,20.83,18,9,0;18;15;10;2;7;1;0;4
CAMHDA301-20230116T031500,2023-01-16T03:15:00+00:00,240.0,16,22.22,16,9,0;7;16;16;1;9;2;0;3
CAMHDA301-20230116T061500,2023-01-16T06:15:00+00:00,420.0,3,4.17,16,9,0;0;16;0;0;3;0;3;2
CAMHDA301-20230116T091500,2023-01-16T09:15:00+00:00,180.0,20,27.78,22,9,0;20;22;14;1;0;0;3;2
CAMHDA301-20230116T121500,2023-01-16T12:15:00+00:00,180.0,18,25.0,22,9,1;18;22;17;0;18;3;0;3
CAMHDA301-20230116T151500,2023-01-16T15:15:00+00:00,300.0,15,20.83,16,9,2;4;4;15;3;16;2;0;9
CAMHDA301-20230116T181500,2023-01-16T18:15:00+00:00,420.0,15,20.83,22,9,0;12;22;12;1;15;1;0;3
CAMHDA301-20230116T211500,2023-01-16T21:15:00+00:00,420.0,17,23.61,20,9,0;14;20;16;1;17;1;0;5
CAMHDA301-20230123T001500,2023-01-23T00:15:00+00:00,180.0,16,22.22,20,9,0;16;20;12;0;11;2;3;6
CAMHDA301-20230123T031500,2023-01-23T03:15:00+00:00,180.0,19,26.39,28,9,0;19;28;11;0;12;1;2;0
CAMHDA301-20230123T061500,2023-01-23T06:15:00+00:00,180.0,24,33.33,35,9,0;24;35;12;0;0;0;1;3
CAMHDA301-20230123T091500,2023-01-23T09:15:00+00:00,300.0,18,25.0,25,9,0;11;25;18;3;9;2;0;4
CAMHDA301-20230123T121500,2023-01-23T12:15:00+00:00,240.0,9,12.5,13,9,0;13;9;0;0;0;0;1;5
CAMHDA301-20230123T151500,2023-01-23T15:15:00+00:00,420.0,17,23.61,25,9,0;14;25;13;2;17;5;6;1
CAMHDA301-20230123T181500,2023-01-23T18:15:00+00:00,420.0,21,29.17,22,9,0;11;22;9;0;21;6;1;4
CAMHDA301-20230123T211500,2023-01-23T21:15:00+00:00,240.0,15,20.83,18,9,0;9;15;4;2;18;3;0;3
CAMHDA301-20230130T001500,2023-01-30T00:15:00+00:00,240.0,15,20.83,16,9,2;12;15;12;2;16;3;0;7
CAMHDA301-20230130T031500,2023-01-30T03:15:00+00:00,240.0,15,20.83,16,9,0;10;15;13;2;16;0;0;3
CAMHDA301-20230130T061500,2023-01-30T06:15:00+00:00,240.0,6,8.33,19,9,1;19;6;0;0;0;0;4;2
CAMHDA301-20230130T091500,2023-01-30T09:15:00+00:00,300.0,8,11.11,12,9,0;0;0;8;0;12;0;3;2
CAMHDA301-20230130T121500,2023-01-30T12:15:00+00:00,300.0,16,22.22,17,9,2;8;17;16;0;15;2;0;6
CAMHDA301-20230130T151500,2023-01-30T15:15:00+00:00,300.0,10,13.89,10,9,0;3;9;10;1;10;0;0;4
CAMHDA301-20230130T181500,2023-01-30T18:15:00+00:00,600.0,8,11.11,16,9,0;16;2;1;1;0;0;2;8
CAMHDA301-20230130T211500,2023-01-30T21:15:00+00:00,180.0,19,26.39,31,9,0;19;31;0;3;0;0;2;7
CAMHDA301-20230206T001500,2023-02-06T00:15:00+00:00,180.0,14,19.44,23,9,0;14;23;3;2;0;2;3;2
CAMHDA301-20230206T031500,2023-02-06T03:15:00+00:00,180.0,19,26.39,33,9,0;19;33;0;0;0;2;2;9
CAMHDA301-20230206T061500,2023-02-06T06:15:00+00:00,180.0,20,27.78,28,9,0;20;28;2;3;0;0;3;6
CAMHDA301-20230206T091500,2023-02-06T09:15:00+00:00,300.0,6,8.33,13,9,0;0;0;6;0;13;1;1;0
CAMHDA301-20230206T121500,2023-02-06T12:15:00+00:00,180.0,19,26.39,20,9,0;19;20;0;0;0;1;1;5
CAMHDA301-20230206T151500,2023-02-06T15:15:00+00:00,180.0,18,25.0,29,9,0;18;29;10;0;0;1;0;5
CAMHDA301-20230206T181500,2023-02-06T18:15:00+00:00,240.0,13,18.06,27,9,0;9;13;9;4;27;3;1;2
CAMHDA301-20230206T211500,2023-02-06T21:15:00+00:00,420.0,13,18.06,15,9,0;4;15;8;1;13;1;0;7
CAMHDA301-20230213T001500,2023-02-13T00:15:00+00:00,180.0,9,12.5,26,9,0;9;26;0;1;0;0;2;8
CAMHDA301-20230213T031500,2023-02-13T03:15:00+00:00,240.0,3,4.17,6,9,0;6;3;3;1;0;1;3;1
CAMHDA301-20230213T061500,2023-02-13T06:15:00+00:00,300.0,16,22.22,20,9,0;11;20;16;3;16;3;0;4
CAMHDA301-20230213T091500,2023-02-13T09:15:00+00:00,240.0,12,16.67,18,9,0;18;12;0;1;0;0;3;5
CAMHDA301-20230213T121500,2023-02-13T12:15:00+00:00,420.0,13,18.06,23,9,0;12;23;12;2;13;2;0;1
CAMHDA301-20230213T151500,2023-02-13T15:15:00+00:00,180.0,13,18.06,15,9,2;13;2;15;0;13;0;1;4
CAMHDA301-20230213T181500,2023-02-13T18:15:00+00:00,180.0,14,19.44,18,9,0;14;18;10;2;8;3;0;5
CAMHDA301-20230213T211500,2023-02-13T21:15:00+00:00,180.0,16,22.22,16,9,0;16;13;8;4;16;1;0;1
CAMHDA301-20230220T001500,2023-02-20T00:15:00+00:00,120.0,3,4.17,4,9,3;4;2;1;1;0;3;1;2
CAMHDA301-20230220T031500,2023-02-20T03:15:00+00:00,540.0,15,20.83,18,9,14;18;12;13;12;12;11;15;13
CAMHDA301-20230220T061500,2023-02-20T06:15:00+00:00,240.0,11,15.28,11,9,5;10;11;6;5;9;10;11;8
CAMHDA301-20230220T091500,2023-02-20T09:15:00+00:00,120.0,0,0.0,0,9,0;0;0;0;0;0;0;0;0
CAMHDA301-20230220T121500,2023-02-20T12:15:00+00:00,300.0,5,6.94,5,9,2;2;3;5;2;5;1;3;0
CAMHDA301-20230220T151500,2023-02-20T15:15:00+00:00,180.0,5,6.94,5,9,1;5;1;5;2;2;3;5;4
CAMHDA301-20230220T181500,2023-02-20T18:15:00+00:00,480.0,2,2.78,3,9,0;0;0;0;3;1;2;0;1
CAMHDA301-20230220T211500,2023-02-20T21:15:00+00:00,180.0,22,30.56,28,9,20;22;19;17;20;21;28;22;18
CAMHDA301-20230227T001500,2023-02-27T00:15:00+00:00,540.0,3,4.17,7,9,0;0;0;2;1;7;2;3;2
CAMHDA301-20230227T031500,2023-02-27T03:15:00+00:00,180.0,11,15.28,14,9,0;11;14;6;2;11;4;0;4
CAMHDA301-20230227T061500,2023-02-27T06:15:00+00:00,300.0,9,12.5,20,9,0;6;20;9;0;6;4;0;2
CAMHDA301-20230227T091500,2023-02-27T09:15:00+00:00,240.0,9,12.5,14,9,0;4;9;14;0;9;3;0;6
CAMHDA301-20230227T121500,2023-02-27T12:15:00+00:00,180.0,15,20.83,23,9,0;15;23;3;0;12;4;0;9
CAMHDA301-20230227T151500,2023-02-27T15:15:00+00:00,300.0,10,13.89,18,9,0;9;18;10;0;8;5;0;5
CAMHDA301-20230227T181500,2023-02-27T18:15:00+00:00,180.0,19,26.39,20,9,0;19;20;9;1;0;0;9;8
CAMHDA301-20230227T211500,2023-02-27T21:15:00+00:00,180.0,14,19.44,19,9,0;14;19;10;1;0;0;3;6
CAMHDA301-20230306T001500,2023-03-06T00:15:00+00:00,180.0,7,9.72,21,9,0;7;21;0;1;0;0;4;1
CAMHDA301-20230306T031500,2023-03-06T03:15:00+00:00,180.0,22,30.56,24,9,0;22;24;13;1;0;0;1;9
CAMHDA301-20230306T061500,2023-03-06T06:15:00+00:00,180.0,16,22.22,17,9,0;16;17;0;1;1;0;2;8
CAMHDA301-20230306T091500,2023-03-06T09:15:00+00:00,180.0,14,19.44,29,9,0;14;29;0;0;0;3;7;5
CAMHDA301-20230306T121500,2023-03-06T12:15:00+00:00,180.0,7,9.72,22,9,0;7;22;0;1;0;2;1;0
CAMHDA301-20230306T151500,2023-03-06T15:15:00+00:00,420.0,7,9.72,8,9,0;0;0;8;0;7;2;2;2
CAMHDA301-20230306T181500,2023-03-06T18:15:00+00:00,240.0,12,16.67,18,9,0;8;12;7;0;18;4;0;8
CAMHDA301-20230306T211500,2023-03-06T21:15:00+00:00,240.0,13,18.06,14,9,0;5;13;7;2;14;1;0;4
CAMHDA301-20230313T001500,2023-03-13T00:15:00+00:00,180.0,10,13.89,22,9,0;10;22;1;1;0;0;4;6
CAMHDA301-20230313T031500,2023-03-13T03:15:00+00:00,180.0,25,34.72,36,9,0;25;36;7;0;14;2;3;6
CAMHDA301-20230313T061500,2023-03-13T06:15:00+00:00,180.0,17,23.61,27,9,0;17;27;1;1;0;1;6;5
CAMHDA301-20230313T091500,2023-03-13T09:15:00+00:00,420.0,11,15.28,17,9,0;6;17;7;2;11;1;1;6
CAMHDA301-20230313T121500,2023-03-13T12:15:00+00:00,180.0,18,25.0,18,9,0;18;18;6;0;14;6;0;6
CAMHDA301-20230313T151500,2023-03-13T15:15:00+00:00,420.0,15,20.83,17,9,0;10;17;9;1;15;2;4;5
CAMHDA301-20230313T181500,2023-03-13T18:15:00+00:00,180.0,19,26.39,24,9,0;19;24;1;2;0;0;2;4
CAMHDA301-20230313T211500,2023-03-13T21:15:00+00:00,180.0,5,6.94,8,9,0;5;8;3;0;0;3;4;2
CAMHDA301-20230320T001500,2023-03-20T00:15:00+00:00,540.0,6,8.33,9,9,3;2;3;1;2;1;9;6;2
CAMHDA301-20230320T031500,2023-03-20T03:15:00+00:00,420.0,17,23.61,18,9,14;14;4;3;15;17;18;16;15
CAMHDA301-20230320T061500,2023-03-20T06:15:00+00:00,120.0,0,0.0,0,9,0;0;0;0;0;0;0;0;0
CAMHDA301-20230320T091500,2023-03-20T09:15:00+00:00,300.0,1,1.39,1,9,0;0;0;1;1;1;1;0;0
CAMHDA301-20230320T121500,2023-03-20T12:15:00+00:00,240.0,4,5.56,5,9,2;5;4;4;1;3;4;4;3
CAMHDA301-20230320T151500,2023-03-20T15:15:00+00:00,180.0,2,2.78,4,9,4;2;2;1;1;2;2;2;2
CAMHDA301-20230320T181500,2023-03-20T18:15:00+00:00,300.0,1,1.39,2,9,0;0;2;1;0;0;1;1;1
CAMHDA301-20230320T211500,2023-03-20T21:15:00+00:00,480.0,37,51.39,38,9,38;32;31;30;28;27;37;36;32
CAMHDA301-20230327T001500,2023-03-27T00:15:00+00:00,540.0,6,8.33,10,9,0;10;0;2;1;0;0;6;2
CAMHDA301-20230327T031500,2023-03-27T03:15:00+00:00,180.0,5,6.94,5,9,2;5;0;0;1;0;5;3;0
CAMHDA301-20230327T061500,2023-03-27T06:15:00+00:00,300.0,26,36.11,28,9,0;0;0;26;2;28;2;7;6
CAMHDA301-20230327T091500,2023-03-27T09:15:00+00:00,420.0,12,16.67,15,9,0;9;15;10;0;12;0;0;2
CAMHDA301-20230327T121500,2023-03-27T12:15:00+00:00,300.0,8,11.11,9,9,0;0;0;8;0;9;1;0;4
CAMHDA301-20230327T151500,2023-03-27T15:15:00+00:00,180.0,15,20.83,21,9,0;15;21;2;1;0;0;3;3
CAMHDA301-20230327T181500,2023-03-27T18:15:00+00:00,420.0,15,20.83,17,9,0;7;14;17;1;15;2;0;2
CAMHDA301-20230327T211500,2023-03-27T21:15:00+00:00,240.0,21,29.17,27,9,0;3;21;0;0;27;4;1;3
CAMHDA301-20230403T001500,2023-04-03T00:15:00+00:00,360.0,5,6.94,6,9,6;1;1;4;5;4;2;5;0
CAMHDA301-20230403T031500,2023-04-03T03:15:00+00:00,300.0,3,4.17,4,9,0;0;1;3;2;1;4;1;0
CAMHDA301-20230403T061500,2023-04-03T06:15:00+00:00,120.0,1,1.39,1,9,1;0;0;0;0;0;0;1;0
CAMHDA301-20230403T091500,2023-04-03T09:15:00+00:00,120.0,0,0.0,1,9,0;0;0;0;0;0;1;0;0
CAMHDA301-20230403T121500,2023-04-03T12:15:00+00:00,120.0,0,0.0,0,9,0;0;0;0;0;0;0;0;0
CAMHDA301-20230403T151500,2023-04-03T15:15:00+00:00,360.0,49,68.06,53,9,35;47;44;43;49;45;44;53;46
CAMHDA301-20230403T181500,2023-04-03T18:15:00+00:00,540.0,41,56.94,45,9,34;40;38;40;40;38;40;41;45
CAMHDA301-20230403T211500,2023-04-03T21:15:00+00:00,600.0,41,56.94,53,9,53;39;37;34;12;30;39;37;41
CAMHDA301-20230410T001500,2023-04-10T00:15:00+00:00,240.0,5,6.94,7,9,3;4;5;2;3;2;7;2;5
CAMHDA301-20230410T031500,2023-04-10T03:15:00+00:00,600.0,23,31.94,24,9,13;20;22;21;21;24;17;21;23
CAMHDA301-20230410T061500,2023-04-10T06:15:00+00:00,180.0,10,13.89,10,9,8;10;10;8;9;3;9;9;8
CAMHDA301-20230410T091500,2023-04-10T09:15:00+00:00,120.0,0,0.0,1,9,0;0;0;1;0;0;0;0;0
CAMHDA301-20230410T121500,2023-04-10T12:15:00+00:00,120.0,6,8.33,6,9,6;2;6;3;5;6;5;3;4
CAMHDA301-20230410T151500,2023-04-10T15:15:00+00:00,120.0,6,8.33,8,9,6;6;5;4;5;6;8;4;5
CAMHDA301-20230410T181500,2023-04-10T18:15:00+00:00,120.0,0,0.0,1,9,0;1;0;0;0;0;0;0;0
CAMHDA301-20230410T211500,2023-04-10T21:15:00+00:00,120.0,2,2.78,26,9,2;1;0;0;0;1;0;1;26
CAMHDA301-20230417T001500,2023-04-17T00:15:00+00:00,600.0,6,8.33,13,9,0;13;0;0;1;5;2;2;6
CAMHDA301-20230417T031500,2023-04-17T03:15:00+00:00,180.0,8,11.11,9,9,0;8;0;8;1;9;3;4;0
CAMHDA301-20230417T061500,2023-04-17T06:15:00+00:00,600.0,9,12.5,11,9,0;11;0;6;0;0;0;3;9
CAMHDA301-20230417T091500,2023-04-17T09:15:00+00:00,300.0,11,15.28,18,9,0;18;2;11;0;0;2;2;9
CAMHDA301-20230417T121500,2023-04-17T12:15:00+00:00,180.0,13,18.06,14,9,0;13;0;0;1;0;3;0;14
CAMHDA301-20230417T151500,2023-04-17T15:15:00+00:00,540.0,7,9.72,25,9,0;0;0;25;1;4;1;7;0
CAMHDA301-20230417T181500,2023-04-17T18:15:00+00:00,180.0,4,5.56,6,9,0;4;1;4;0;6;3;0;1
CAMHDA301-20230417T211500,2023-04-17T21:15:00+00:00,600.0,7,9.72,17,9,0;17;0;0;0;0;0;3;7
CAMHDA301-20230424T001500,2023-04-24T00:15:00+00:00,420.0,8,11.11,10,9,0;10;1;7;1;8;4;1;6
CAMHDA301-20230424T031500,2023-04-24T03:15:00+00:00,300.0,11,15.28,16,9,0;16;2;11;0;2;5;1;6
CAMHDA301-20230424T061500,2023-04-24T06:15:00+00:00,120.0,0,0.0,8,9,0;0;0;0;0;0;0;8;0
CAMHDA301-20230424T091500,2023-04-24T09:15:00+00:00,300.0,8,11.11,8,9,1;6;1;8;1;8;2;0;3
CAMHDA301-20230424T121500,2023-04-24T12:15:00+00:00,420.0,6,8.33,8,9,0;8;0;3;0;6;6;0;1
CAMHDA301-20230424T151500,2023-04-24T15:15:00+00:00,300.0,8,11.11,12,9,0;12;2;8;1;0;0;1;4
CAMHDA301-20230424T181500,2023-04-24T18:15:00+00:00,600.0,9,12.5,13,9,0;13;0;8;0;0;1;2;9
CAMHDA301-20230424T211500,2023-04-24T21:15:00+00:00,540.0,1,1.39,8,9,0;0;0;8;0;0;0;1;0
CAMHDA301-20230501T031500,2023-05-01T03:15:00+00:00,120.0,3,4.17,4,9,3;3;1;4;0;1;2;0;2
CAMHDA301-20230501T061500,2023-05-01T06:15:00+00:00,120.0,2,2.78,2,9,2;1;2;0;1;1;1;0;0
CAMHDA301-20230501T091500,2023-05-01T09:15:00+00:00,420.0,15,20.83,17,9,13;17;6;13;12;15;15;13;13
CAMHDA301-20230501T121500,2023-05-01T12:15:00+00:00,240.0,16,22.22,19,9,14;19;16;14;13;5;10;0;0
CAMHDA301-20230501T151500,2023-05-01T15:15:00+00:00,180.0,14,19.44,16,9,11;14;10;16;12;13;13;14;14
CAMHDA301-20230501T181500,2023-05-01T18:15:00+00:00,180.0,12,16.67,12,9,6;12;9;7;9;12;8;7;9
CAMHDA301-20230501T211500,2023-05-01T21:15:00+00:00,420.0,2,2.78,4,9,0;0;0;0;0;2;0;4;0
CAMHDA301-20230508T001500,2023-05-08T00:15:00+00:00,180.0,11,15.28,15,9,0;11;2;15;1;1;3;4;3
CAMHDA301-20230508T031500,2023-05-08T03:15:00+00:00,300.0,8,11.11,11,9,0;11;2;8;1;0;7;5;1
CAMHDA301-20230508T061500,2023-05-08T06:15:00+00:00,420.0,6,8.33,11,9,0;5;1;11;0;6;4;0;3
CAMHDA301-20230508T091500,2023-05-08T09:15:00+00:00,420.0,6,8.33,17,9,0;1;1;17;0;6;1;3;0
CAMHDA301-20230508T121500,2023-05-08T12:15:00+00:00,180.0,3,4.17,6,9,0;3;0;0;0;1;3;6;0
CAMHDA301-20230508T151500,2023-05-08T15:15:00+00:00,180.0,10,13.89,10,9,0;10;1;10;0;9;0;4;4
CAMHDA301-20230508T181500,2023-05-08T18:15:00+00:00,540.0,9,12.5,14,9,0;6;2;14;2;0;0;9;3
CAMHDA301-20230508T211500,2023-05-08T21:15:00+00:00,300.0,9,12.5,13,9,0;13;1;9;0;0;1;6;2
CAMHDA301-20230515T001500,2023-05-15T00:15:00+00:00,180.0,13,18.06,17,9,0;13;1;17;0;1;2;1;2
CAMHDA301-20230515T031500,2023-05-15T03:15:00+00:00,480.0,4,5.56,12,9,0;12;0;0;0;0;4;4;3
CAMHDA301-20230515T061500,2023-05-15T06:15:00+00:00,180.0,4,5.56,9,9,0;4;1;0;0;1;0;9;3
CAMHDA301-20230515T091500,2023-05-15T09:15:00+00:00,300.0,11,15.28,14,9,0;14;1;11;0;5;0;4;4
CAMHDA301-20230515T121500,2023-05-15T12:15:00+00:00,300.0,13,18.06,17,9,0;17;1;13;0;8;0;3;3
CAMHDA301-20230515T151500,2023-05-15T15:15:00+00:00,180.0,10,13.89,15,9,0;10;1;15;0;0;6;4;9
CAMHDA301-20230515T181500,2023-05-15T18:15:00+00:00,540.0,4,5.56,8,9,0;0;0;8;0;0;0;4;1
CAMHDA301-20230515T211500,2023-05-15T21:15:00+00:00,600.0,5,6.94,11,9,0;11;0;0;1;0;1;1;5
CAMHDA301-20230522T001500,2023-05-22T00:15:00+00:00,300.0,5,6.94,11,9,0;11;2;5;2;0;2;4;4
CAMHDA301-20230522T031500,2023-05-22T03:15:00+00:00,540.0,5,6.94,11,9,0;11;0;3;2;0;0;5;5
CAMHDA301-20230522T061500,2023-05-22T06:15:00+00:00,420.0,10,13.89,18,9,0;3;2;18;2;10;5;0;2
CAMHDA301-20230522T091500,2023-05-22T09:15:00+00:00,480.0,9,12.5,13,9,0;4;2;13;0;3;9;0;4
CAMHDA301-20230522T121500,2023-05-22T12:15:00+00:00,180.0,6,8.33,6,9,0;6;0;2;0;6;5;0;2
CAMHDA301-20230522T151500,2023-05-22T15:15:00+00:00,180.0,9,12.5,12,9,0;9;2;12;2;0;0;3;1
CAMHDA301-20230522T181500,2023-05-22T18:15:00+00:00,600.0,7,9.72,12,9,0;12;0;0;0;0;5;5;7
CAMHDA301-20230522T211500,2023-05-22T21:15:00+00:00,420.0,7,9.72,11,9,0;3;4;11;1;7;5;6;0
CAMHDA301-20230529T001500,2023-05-29T00:15:00+00:00,540.0,5,6.94,6,9,0;6;1;0;3;0;2;5;3
CAMHDA301-20230529T031500,2023-05-29T03:15:00+00:00,480.0,3,4.17,7,9,0;1;0;0;1;0;3;7;2
CAMHDA301-20230529T061500,2023-05-29T06:15:00+00:00,180.0,5,6.94,5,9,0;5;0;0;0;0;1;5;2
CAMHDA301-20230529T091500,2023-05-29T09:15:00+00:00,180.0,12,16.67,13,9,0;12;4;13;1;8;6;3;2
CAMHDA301-20230529T121500,2023-05-29T12:15:00+00:00,540.0,4,5.56,14,9,0;14;2;0;0;0;0;4;2
CAMHDA301-20230529T151500,2023-05-29T15:15:00+00:00,600.0,3,4.17,14,9,0;14;0;0;0;0;0;2;3
CAMHDA301-20230529T181500,2023-05-29T18:15:00+00:00,300.0,4,5.56,8,9,0;8;2;4;0;0;0;4;2
CAMHDA301-20230529T211500,2023-05-29T21:15:00+00:00,600.0,5,6.94,15,9,0;15;2;1;1;0;2;4;5
CAMHDA301-20230605T001500,2023-06-05T00:15:00+00:00,420.0,5,6.94,10,9,0;10;2;3;1;5;1;3;1
CAMHDA301-20230605T031500,2023-06-05T03:15:00+00:00,300.0,7,9.72,14,9,0;14;1;7;1;0;0;3;6
CAMHDA301-20230605T061500,2023-06-05T06:15:00+00:00,480.0,5,6.94,9,9,0;9;2;0;0;0;5;2;2
CAMHDA301-20230605T091500,2023-06-05T09:15:00+00:00,180.0,7,9.72,9,9,0;7;0;0;2;9;1;0;2
CAMHDA301-20230605T121500,2023-06-05T12:15:00+00:00,180.0,11,15.28,12,9,0;11;3;12;3;9;6;2;2
CAMHDA301-20230605T151500,2023-06-05T15:15:00+00:00,420.0,10,13.89,17,9,0;17;2;7;0;10;6;2;4
CAMHDA301-20230605T181500,2023-06-05T18:15:00+00:00,300.0,13,18.06,16,9,0;11;2;13;1;11;16;0;5
CAMHDA301-20230605T211500,2023-06-05T21:15:00+00:00,240.0,3,4.17,14,9,0;14;3;0;1;0;0;1;2
CAMHDA301-20230612T001500,2023-06-12T00:15:00+00:00,540.0,3,4.17,7,9,0;0;0;0;0;7;2;3;0
CAMHDA301-20230612T031500,2023-06-12T03:15:00+00:00,180.0,10,13.89,11,9,0;10;2;7;0;11;7;0;0
CAMHDA301-20230612T061500,2023-06-12T06:15:00+00:00,180.0,11,15.28,12,9,0;11;0;12;2;0;1;5;5
CAMHDA301-20230612T091500,2023-06-12T09:15:00+00:00,540.0,4,5.56,8,9,0;1;3;8;0;0;1;4;2
CAMHDA301-20230612T121500,2023-06-12T12:15:00+00:00,180.0,3,4.17,4,9,0;3;2;4;1;0;2;3;2
CAMHDA301-20230612T151500,2023-06-12T15:15:00+00:00,300.0,8,11.11,8,9,0;7;0;8;0;8;2;0;2
CAMHDA301-20230612T181500,2023-06-12T18:15:00+00:00,600.0,4,5.56,8,9,0;0;1;0;1;0;1;8;4
CAMHDA301-20230612T211500,2023-06-12T21:15:00+00:00,540.0,6,8.33,8,9,0;8;1;0;1;0;1;6;4
CAMHDA301-20230619T001500,2023-06-19T00:15:00+00:00,120.0,0,0.0,0,9,0;0;0;0;0;0;0;0;0
CAMHDA301-20230619T031500,2023-06-19T03:15:00+00:00,120.0,0,0.0,0,9,0;0;0;0;0;0;0;0;0
CAMHDA301-20230619T061500,2023-06-19T06:15:00+00:00,120.0,0,0.0,0,9,0;0;0;0;0;0;0;0;0
CAMHDA301-20230619T091500,2023-06-19T09:15:00+00:00,120.0,0,0.0,0,9,0;0;0;0;0;0;0;0;0
CAMHDA301-20230619T121500,2023-06-19T12:15:00+00:00,120.0,0,0.0,0,9,0;0;0;0;0;0;0;0;0
CAMHDA301-20230619T151500,2023-06-19T15:15:00+00:00,120.0,0,0.0,0,9,0;0;0;0;0;0;0;0;0
CAMHDA301-20230619T181500,2023-06-19T18:15:00+00:00,120.0,0,0.0,0,9,0;0;0;0;0;0;0;0;0
CAMHDA301-20230619T211500,2023-06-19T21:15:00+00:00,120.0,0,0.0,0,9,0;0;0;0;0;0;0;0;0
CAMHDA301-20230626T001500,2023-06-26T00:15:00+00:00,540.0,5,6.94,8,9,0;8;3;0;0;0;0;5;5
CAMHDA301-20230626T031500,2023-06-26T03:15:00+00:00,240.0,11,15.28,18,9,0;7;11;18;3;4;1;1;4
CAMHDA301-20230626T061500,2023-06-26T06:15:00+00:00,180.0,6,8.33,12,9,0;6;12;0;0;0;1;1;6
CAMHDA301-20230626T091500,2023-06-26T09:15:00+00:00,240.0,11,15.28,12,9,0;12;11;3;0;0;0;3;1
CAMHDA301-20230626T121500,2023-06-26T12:15:00+00:00,420.0,5,6.94,8,9,8;0;0;0;0;5;2;1;4
CAMHDA301-20230626T151500,2023-06-26T15:15:00+00:00,480.0,6,8.33,7,9,0;0;7;0;2;1;6;1;0
CAMHDA301-20230626T181500,2023-06-26T18:15:00+00:00,240.0,6,8.33,20,9,1;4;6;20;3;3;0;0;6
CAMHDA301-20230626T211500,2023-06-26T21:15:00+00:00,240.0,2,2.78,6,9,1;0;2;0;6;2;0;0;0
CAMHDA301-20230703T001500,2023-07-03T00:15:00+00:00,240.0,1,1.39,1,9,0;0;1;1;0;0;1;0;0
CAMHDA301-20230703T031500,2023-07-03T03:15:00+00:00,180.0,1,1.39,1,9,0;1;0;0;0;1;1;0;0
CAMHDA301-20230703T061500,2023-07-03T06:15:00+00:00,120.0,1,1.39,1,9,1;0;0;0;1;0;0;0;0
CAMHDA301-20230703T091500,2023-07-03T09:15:00+00:00,120.0,0,0.0,1,9,0;1;0;0;0;0;0;0;0
CAMHDA301-20230703T121500,2023-07-03T12:15:00+00:00,420.0,1,1.39,1,9,0;0;0;0;0;1;0;0;1
CAMHDA301-20230703T151500,2023-07-03T15:15:00+00:00,480.0,17,23.61,21,9,12;1;0;21;0;6;17;1;13
CAMHDA301-20230703T181500,2023-07-03T18:15:00+00:00,360.0,22,30.56,23,9,0;0;0;1;22;0;0;23;0
CAMHDA301-20230703T211500,2023-07-03T21:15:00+00:00,120.0,4,5.56,4,9,4;0;0;0;0;0;4;0;0
CAMHDA301-20230710T001500,2023-07-10T00:15:00+00:00,420.0,3,4.17,4,9,2;2;4;2;1;3;2;0;1
CAMHDA301-20230710T031500,2023-07-10T03:15:00+00:00,300.0,10,13.89,11,9,11;5;7;10;8;10;10;7;10
CAMHDA301-20230710T061500,2023-07-10T06:15:00+00:00,420.0,9,12.5,9,9,8;4;4;5;8;9;9;8;8
CAMHDA301-20230710T091500,2023-07-10T09:15:00+00:00,180.0,9,12.5,9,9,7;9;9;7;9;9;9;8;8
CAMHDA301-20230710T121500,2023-07-10T12:15:00+00:00,240.0,9,12.5,9,9,7;8;9;9;7;8;8;6;9
CAMHDA301-20230710T151500,2023-07-10T15:15:00+00:00,120.0,1,1.39,1,9,1;1;1;1;1;1;0;0;0
CAMHDA301-20230710T181500,2023-07-10T18:15:00+00:00,120.0,1,1.39,2,9,1;2;1;0;1;1;0;1;1
CAMHDA301-20230710T211500,2023-07-10T21:15:00+00:00,120.0,34,47.22,36,9,34;27;36;30;24;28;28;27;32
CAMHDA301-20230717T001500,2023-07-17T00:15:00+00:00,180.0,7,9.72,16,9,0;7;16;2;0;0;0;1;3
CAMHDA301-20230717T031500,2023-07-17T03:15:00+00:00,240.0,13,18.06,16,9,0;6;13;16;0;10;1;0;1
CAMHDA301-20230717T061500,2023-07-17T06:15:00+00:00,420.0,7,9.72,10,9,0;0;0;10;0;7;2;4;6
CAMHDA301-20230717T091500,2023-07-17T09:15:00+00:00,240.0,16,22.22,18,9,0;9;16;18;0;6;2;1;6
CAMHDA301-20230717T121500,2023-07-17T12:15:00+00:00,240.0,14,19.44,29,9,0;12;14;29;0;11;1;1;7
CAMHDA301-20230717T151500,2023-07-17T15:15:00+00:00,180.0,12,16.67,25,9,0;12;25;9;0;0;0;2;4
CAMHDA301-20230717T181500,2023-07-17T18:15:00+00:00,180.0,21,29.17,27,9,0;21;27;20;1;15;1;5;7
CAMHDA301-20230717T211500,2023-07-17T21:15:00+00:00,300.0,20,27.78,22,9,0;16;22;20;1;0;0;5;6
CAMHDA301-20230724T001500,2023-07-24T00:15:00+00:00,120.0,0,0.0,0,9,0;0;0;0;0;0;0;0;0
CAMHDA301-20230724T031500,2023-07-24T03:15:00+00:00,120.0,0,0.0,0,9,0;0;0;0;0;0;0;0;0
CAMHDA301-20230724T061500,2023-07-24T06:15:00+00:00,120.0,0,0.0,0,9,0;0;0;0;0;0;0;0;0
CAMHDA301-20230724T091500,2023-07-24T09:15:00+00:00,120.0,0,0.0,0,9,0;0;0;0;0;0;0;0;0
CAMHDA301-20230724T121500,2023-07-24T12:15:00+00:00,120.0,0,0.0,0,9,0;0;0;0;0;0;0;0;0
CAMHDA301-20230724T151500,2023-07-24T15:15:00+00:00,120.0,0,0.0,0,9,0;0;0;0;0;0;0;0;0
CAMHDA301-20230724T181500,2023-07-24T18:15:00+00:00,120.0,0,0.0,0,9,0;0;0;0;0;0;0;0;0
CAMHDA301-20230724T211500,2023-07-24T21:15:00+00:00,120.0,0,0.0,0,9,0;0;0;0;0;0;0;0;0
CAMHDA301-20230731T001500,2023-07-31T00:15:00+00:00,180.0,14,19.44,14,9,0;14;14;0;1;0;0;4;4
CAMHDA301-20230731T031500,2023-07-31T03:15:00+00:00,420.0,6,8.33,12,9,1;1;5;12;2;6;6;0;3
CAMHDA301-20230731T061500,2023-07-31T06:15:00+00:00,420.0,8,11.11,23,9,1;3;5;23;3;8;1;0;4
CAMHDA301-20230731T091500,2023-07-31T09:15:00+00:00,240.0,3,4.17,9,9,0;9;3;0;1;0;0;2;3
CAMHDA301-20230731T121500,2023-07-31T12:15:00+00:00,240.0,18,25.0,22,9,0;13;18;22;0;12;2;1;4
CAMHDA301-20230731T151500,2023-07-31T15:15:00+00:00,240.0,18,25.0,24,9,0;14;18;24;0;15;0;3;4
CAMHDA301-20230731T181500,2023-07-31T18:15:00+00:00,300.0,25,34.72,30,9,0;21;30;25;0;0;0;7;8
CAMHDA301-20230731T211500,2023-07-31T21:15:00+00:00,300.0,9,12.5,22,9,0;0;22;9;0;0;3;4;6
CAMHDA301-20230807T001500,2023-08-07T00:15:00+00:00,300.0,14,19.44,14,9,0;8;5;14;1;14;4;2;7
CAMHDA301-20230807T031500,2023-08-07T03:15:00+00:00,180.0,11,15.28,21,9,0;11;21;1;3;0;0;5;4
CAMHDA301-20230807T061500,2023-08-07T06:15:00+00:00,300.0,25,34.72,26,9,0;13;26;25;0;0;0;1;5
CAMHDA301-20230807T091500,2023-08-07T09:15:00+00:00,180.0,13,18.06,24,9,0;13;24;1;1;0;0;10;4
CAMHDA301-20230807T121500,2023-08-07T12:15:00+00:00,300.0,12,16.67,16,9,0;8;16;12;0;0;0;2;6
CAMHDA301-20230807T151500,2023-08-07T15:15:00+00:00,240.0,14,19.44,15,9,0;8;14;15;0;1;0;2;8
CAMHDA301-20230807T181500,2023-08-07T18:15:00+00:00,300.0,18,25.0,23,9,0;14;23;18;0;0;1;3;3
CAMHDA301-20230807T211500,2023-08-07T21:15:00+00:00,240.0,13,18.06,14,9,0;14;13;0;0;6;2;6;6
CAMHDA301-20230811T001500,2023-08-11T00:15:00+00:00,420.0,10,13.89,15,9,0;15;5;8;3;10;1;0;4
CAMHDA301-20230811T031500,2023-08-11T03:15:00+00:00,600.0,15,20.83,18,9,0;5;7;18;0;6;2;0;15
CAMHDA301-20230811T061500,2023-08-11T06:15:00+00:00,240.0,17,23.61,25,9,0;10;17;25;1;10;2;0;7
CAMHDA301-20230811T091500,2023-08-11T09:15:00+00:00,180.0,13,18.06,18,9,0;13;18;5;2;0;1;3;7
CAMHDA301-20230811T121500,2023-08-11T12:15:00+00:00,180.0,19,26.39,24,9,0;19;24;1;0;0;1;3;5
CAMHDA301-20230811T151500,2023-08-11T15:15:00+00:00,300.0,18,25.0,24,9,0;15;24;18;2;13;0;6;8
CAMHDA301-20230811T181500,2023-08-11T18:15:00+00:00,180.0,17,23.61,25,9,0;17;25;0;1;7;0;4;4
CAMHDA301-20230811T211500,2023-08-11T21:15:00+00:00,180.0,16,22.22,25,9,0;16;25;0;1;0;3;3;6
CAMHDA301-20230814T001500,2023-08-14T00:15:00+00:00,240.0,14,19.44,21,9,0;10;14;21;1;8;1;0;2
CAMHDA301-20230814T031500,2023-08-14T03:15:00+00:00,420.0,5,6.94,5,9,0;0;0;2;1;5;2;5;4
CAMHDA301-20230814T061500,2023-08-14T06:15:00+00:00,420.0,14,19.44,17,9,0;3;5;17;4;14;4;0;5
CAMHDA301-20230814T091500,2023-08-14T09:15:00+00:00,300.0,20,27.78,21,9,0;9;21;20;1;0;1;5;3
CAMHDA301-20230814T121500,2023-08-14T12:15:00+00:00,240.0,12,16.67,19,9,0;11;12;19;1;0;2;4;1
CAMHDA301-20230814T151500,2023-08-14T15:15:00+00:00,240.0,21,29.17,26,9,0;11;21;26;1;0;0;4;2
CAMHDA301-20230814T181500,2023-08-14T18:15:00+00:00,240.0,18,25.0,20,9,0;13;18;20;1;15;3;0;1
CAMHDA301-20230814T211500,2023-08-14T21:15:00+00:00,420.0,13,18.06,18,9,1;0;9;18;0;13;3;4;5
CAMHDA301-20230815T001500,2023-08-15T00:15:00+00:00,180.0,15,20.83,19,9,0;15;19;1;0;0;1;5;6
CAMHDA301-20230815T031500,2023-08-15T03:15:00+00:00,240.0,15,20.83,30,9,0;11;15;30;2;9;5;3;8
CAMHDA301-20230815T061500,2023-08-15T06:15:00+00:00,420.0,14,19.44,21,9,0;5;8;21;2;14;9;0;4
CAMHDA301-20230815T091500,2023-08-15T09:15:00+00:00,300.0,16,22.22,16,9,0;11;12;16;2;16;3;0;2
CAMHDA301-20230815T121500,2023-08-15T12:15:00+00:00,240.0,14,19.44,20,9,0;12;14;20;1;0;0;2;4
CAMHDA301-20230815T151500,2023-08-15T15:15:00+00:00,180.0,19,26.39,26,9,0;19;26;10;1;0;0;3;3
CAMHDA301-20230815T181500,2023-08-15T18:15:00+00:00,420.0,8,11.11,22,9,0;0;1;22;1;8;2;6;7
CAMHDA301-20230815T211500,2023-08-15T21:15:00+00:00,240.0,11,15.28,14,9,0;3;11;14;3;4;5;0;5
CAMHDA301-20230816T001500,2023-08-16T00:15:00+00:00,180.0,12,16.67,20,9,0;12;20;0;0;0;0;0;6
CAMHDA301-20230816T031500,2023-08-16T03:15:00+00:00,180.0,7,9.72,12,9,0;7;7;12;1;6;1;0;5
CAMHDA301-20230816T061500,2023-08-16T06:15:00+00:00,240.0,11,15.28,25,9,0;6;11;25;0;11;2;0;7
CAMHDA301-20230816T091500,2023-08-16T09:15:00+00:00,240.0,13,18.06,17,9,0;6;13;17;0;11;0;0;4
CAMHDA301-20230816T121500,2023-08-16T12:15:00+00:00,180.0,11,15.28,21,9,0;11;21;1;0;0;1;2;7
CAMHDA301-20230816T151500,2023-08-16T15:15:00+00:00,300.0,8,11.11,8,9,0;0;0;8;0;8;0;1;2
CAMHDA301-20230816T181500,2023-08-16T18:15:00+00:00,240.0,5,6.94,14,9,0;2;5;0;1;14;3;2;5
CAMHDA301-20230816T211500,2023-08-16T21:15:00+00:00,300.0,10,13.89,15,9,0;4;15;10;0;9;4;5;5
CAMHDA301-20230817T001500,2023-08-17T00:15:00+00:00,180.0,14,19.44,26,9,0;14;26;13;0;0;0;6;3
CAMHDA301-20230817T031500,2023-08-17T03:15:00+00:00,180.0,16,22.22,21,9,0;16;21;0;0;0;0;0;5
CAMHDA301-20230817T061500,2023-08-17T06:15:00+00:00,240.0,13,18.06,22,9,0;8;13;22;3;7;1;0;3
CAMHDA301-20230817T091500,2023-08-17T09:15:00+00:00,480.0,9,12.5,15,9,0;0;8;15;2;6;9;0;6
CAMHDA301-20230817T121500,2023-08-17T12:15:00+00:00,600.0,6,8.33,10,9,0;5;10;0;1;0;1;4;6
CAMHDA301-20230817T151500,2023-08-17T15:15:00+00:00,240.0,17,23.61,17,9,0;13;17;17;3;12;2;2;3
CAMHDA301-20230817T181500,2023-08-17T18:15:00+00:00,180.0,19,26.39,24,9,0;19;24;8;0;0;1;3;4
CAMHDA301-20230817T211500,2023-08-17T21:15:00+00:00,180.0,15,20.83,17,9,0;15;15;17;0;8;3;0;2
CAMHDA301-20230818T001500,2023-08-18T00:15:00+00:00,240.0,15,20.83,17,9,0;17;15;15;0;0;0;0;3
CAMHDA301-20230818T031500,2023-08-18T03:15:00+00:00,240.0,16,22.22,18,9,0;7;16;18;0;5;2;1;5
CAMHDA301-20230818T061500,2023-08-18T06:15:00+00:00,540.0,8,11.11,16,9,0;7;16;0;0;0;1;8;7
CAMHDA301-20230818T091500,2023-08-18T09:15:00+00:00,300.0,16,22.22,21,9,0;9;21;16;1;6;1;0;4
CAMHDA301-20230818T121500,2023-08-18T12:15:00+00:00,420.0,15,20.83,16,9,0;10;12;16;0;15;4;0;6
CAMHDA301-20230818T151500,2023-08-18T15:15:00+00:00,600.0,7,9.72,8,9,0;1;4;0;0;0;0;8;7
CAMHDA301-20230818T181500,2023-08-18T18:15:00+00:00,240.0,7,9.72,15,9,0;15;7;0;0;0;0;1;3
CAMHDA301-20230818T211500,2023-08-18T21:15:00+00:00,240.0,10,13.89,12,9,0;7;10;10;0;12;3;0;5
CAMHDA301-20230821T001500,2023-08-21T00:15:00+00:00,240.0,13,18.06,16,9,0;16;13;4;1;5;3;2;1
CAMHDA301-20230821T031500,2023-08-21T03:15:00+00:00,240.0,20,27.78,22,9,0;10;20;22;0;0;2;2;5
CAMHDA301-20230821T061500,2023-08-21T06:15:00+00:00,180.0,15,20.83,21,9,0;15;21;0;0;0;0;5;8
CAMHDA301-20230821T091500,2023-08-21T09:15:00+00:00,180.0,6,8.33,14,9,0;6;6;14;1;6;6;0;6
CAMHDA301-20230821T121500,2023-08-21T12:15:00+00:00,240.0,11,15.28,16,9,0;7;11;9;1;16;3;0;3
CAMHDA301-20230821T151500,2023-08-21T15:15:00+00:00,240.0,20,27.78,24,9,0;11;20;24;0;0;0;8;7
CAMHDA301-20230821T181500,2023-08-21T18:15:00+00:00,180.0,12,16.67,21,9,0;12;21;0;0;0;0;3;6
CAMHDA301-20230821T211500,2023-08-21T21:15:00+00:00,240.0,7,9.72,19,9,0;4;7;19;2;7;6;0;5
CAMHDA301-20230822T001500,2023-08-22T00:15:00+00:00,180.0,16,22.22,16,9,0;16;16;14;1;7;3;2;8
CAMHDA301-20230822T031500,2023-08-22T03:15:00+00:00,180.0,19,26.39,25,9,0;19;25;9;1;0;0;3;5
CAMHDA301-20230822T061500,2023-08-22T06:15:00+00:00,180.0,7,9.72,19,9,0;7;19;0;0;0;0;1;6
CAMHDA301-20230822T091500,2023-08-22T09:15:00+00:00,300.0,6,8.33,7,9,0;2;0;6;1;7;3;5;5
CAMHDA301-20230822T121500,2023-08-22T12:15:00+00:00,300.0,14,19.44,15,9,0;5;15;14;0;14;2;0;2
CAMHDA301-20230822T151500,2023-08-22T15:15:00+00:00,300.0,15,20.83,18,9,0;10;18;15;2;0;0;3;3
CAMHDA301-20230822T181500,2023-08-22T18:15:00+00:00,180.0,8,11.11,10,9,0;8;10;0;2;0;0;4;6
CAMHDA301-20230822T211500,2023-08-22T21:15:00+00:00,240.0,10,13.89,16,9,0;0;10;16;0;10;3;1;5
CAMHDA301-20230823T001500,2023-08-23T00:15:00+00:00,300.0,19,26.39,20,9,0;9;20;19;0;5;1;0;3
CAMHDA301-20230823T031500,2023-08-23T03:15:00+00:00,240.0,18,25.0,21,9,0;17;18;21;1;10;1;6;9
CAMHDA301-20230823T061500,2023-08-23T06:15:00+00:00,180.0,17,23.61,19,9,0;17;16;19;2;0;0;3;7
CAMHDA301-20230823T091500,2023-08-23T09:15:00+00:00,540.0,6,8.33,9,9,0;0;0;2;1;9;2;6;4
CAMHDA301-20230823T121500,2023-08-23T12:15:00+00:00,420.0,6,8.33,16,9,1;2;5;16;0;6;1;1;6
CAMHDA301-20230823T151500,2023-08-23T15:15:00+00:00,240.0,13,18.06,18,9,0;10;13;18;0;3;1;4;3
CAMHDA301-20230823T181500,2023-08-23T18:15:00+00:00,180.0,10,13.89,14,9,0;10;14;0;0;0;2;3;7
CAMHDA301-20230823T211500,2023-08-23T21:15:00+00:00,420.0,12,16.67,14,9,0;6;5;14;0;12;5;1;2
CAMHDA301-20230824T001500,2023-08-24T00:15:00+00:00,420.0,5,6.94,6,9,0;1;4;2;1;5;1;6;4
CAMHDA301-20230824T031500,2023-08-24T03:15:00+00:00,600.0,13,18.06,19,9,0;8;10;19;1;10;3;5;13
CAMHDA301-20230824T061500,2023-08-24T06:15:00+00:00,180.0,11,15.28,16,9,0;11;16;0;0;0;0;4;5
CAMHDA301-20230824T091500,2023-08-24T09:15:00+00:00,240.0,12,16.67,17,9,0;7;12;17;2;7;5;0;6
CAMHDA301-20230824T121500,2023-08-24T12:15:00+00:00,180.0,9,12.5,13,9,0;9;13;0;0;6;2;7;6
CAMHDA301-20230824T151500,2023-08-24T15:15:00+00:00,420.0,12,16.67,22,9,1;7;11;22;0;12;4;2;4
CAMHDA301-20230824T181500,2023-08-24T18:15:00+00:00,240.0,10,13.89,23,9,0;7;10;23;0;0;1;2;6
CAMHDA301-20230824T211500,2023-08-24T21:15:00+00:00,300.0,17,23.61,20,9,0;11;20;17;1;10;6;1;1
CAMHDA301-20230825T001500,2023-08-25T00:15:00+00:00,300.0,11,15.28,14,9,0;0;14;11;0;0;0;3;8
CAMHDA301-20230825T031500,2023-08-25T03:15:00+00:00,180.0,13,18.06,16,9,0;13;10;16;0;7;1;0;0
CAMHDA301-20230825T061500,2023-08-25T06:15:00+00:00,180.0,14,19.44,19,9,0;14;19;1;0;0;0;1;4
CAMHDA301-20230825T091500,2023-08-25T09:15:00+00:00,240.0,12,16.67,14,9,0;8;12;14;1;4;1;0;3
CAMHDA301-20230825T121500,2023-08-25T12:15:00+00:00,180.0,7,9.72,19,9,0;7;6;19;1;7;1;5;7
CAMHDA301-20230825T151500,2023-08-25T15:15:00+00:00,180.0,6,8.33,8,9,0;6;8;0;0;0;2;5;4
CAMHDA301-20230825T181500,2023-08-25T18:15:00+00:00,240.0,15,20.83,15,9,0;13;15;15;0;7;0;2;5
CAMHDA301-20230825T211500,2023-08-25T21:15:00+00:00,120.0,0,0.0,0,9,0;0;0;0;0;0;0;0;0
CAMHDA301-20230828T001500,2023-08-28T00:15:00+00:00,120.0,0,0.0,0,9,0;0;0;0;0;0;0;0;0
CAMHDA301-20230828T031500,2023-08-28T03:15:00+00:00,120.0,0,0.0,0,9,0;0;0;0;0;0;0;0;0
CAMHDA301-20230828T061500,2023-08-28T06:15:00+00:00,120.0,0,0.0,0,9,0;0;0;0;0;0;0;0;0
CAMHDA301-20230828T091500,2023-08-28T09:15:00+00:00,120.0,0,0.0,0,9,0;0;0;0;0;0;0;0;0
CAMHDA301-20230828T121500,2023-08-28T12:15:00+00:00,120.0,0,0.0,0,9,0;0;0;0;0;0;0;0;0
CAMHDA301-20230828T151500,2023-08-28T15:15:00+00:00,120.0,0,0.0,0,9,0;0;0;0;0;0;0;0;0
CAMHDA301-20230828T181500,2023-08-28T18:15:00+00:00,120.0,0,0.0,0,9,0;0;0;0;0;0;0;0;0
CAMHDA301-20230828T211500,2023-08-28T21:15:00+00:00,120.0,0,0.0,0,9,0;0;0;0;0;0;0;0;0
CAMHDA301-20230829T001500,2023-08-29T00:15:00+00:00,540.0,1,1.39,3,9,0;0;0;0;0;3;0;1;1
CAMHDA301-20230829T031500,2023-08-29T03:15:00+00:00,420.0,2,2.78,5,9,0;0;0;1;0;2;1;0;5
CAMHDA301-20230829T061500,2023-08-29T06:15:00+00:00,120.0,0,0.0,0,9,0;0;0;0;0;0;0;0;0
CAMHDA301-20230829T091500,2023-08-29T09:15:00+00:00,120.0,0,0.0,0,9,0;0;0;0;0;0;0;0;0
CAMHDA301-20230829T121500,2023-08-29T12:15:00+00:00,120.0,0,0.0,0,9,0;0;0;0;0;0;0;0;0
CAMHDA301-20230829T151500,2023-08-29T15:15:00+00:00,120.0,0,0.0,0,9,0;0;0;0;0;0;0;0;0
CAMHDA301-20230829T181500,2023-08-29T18:15:00+00:00,120.0,0,0.0,0,9,0;0;0;0;0;0;0;0;0
CAMHDA301-20230829T211500,2023-08-29T21:15:00+00:00,120.0,0,0.0,0,9,0;0;0;0;0;0;0;0;0
CAMHDA301-20230830T001500,2023-08-30T00:15:00+00:00,120.0,0,0.0,0,9,0;0;0;0;0;0;0;0;0
CAMHDA301-20230830T031500,2023-08-30T03:15:00+00:00,480.0,1,1.39,3,9,0;0;0;0;0;0;1;0;3
CAMHDA301-20230830T061500,2023-08-30T06:15:00+00:00,600.0,2,2.78,4,9,0;0;0;0;0;4;0;1;2
CAMHDA301-20230830T091500,2023-08-30T09:15:00+00:00,420.0,1,1.39,4,9,0;0;0;0;0;1;0;0;4
CAMHDA301-20230830T121500,2023-08-30T12:15:00+00:00,600.0,1,1.39,4,9,0;0;0;0;0;4;0;0;1
CAMHDA301-20230830T151500,2023-08-30T15:15:00+00:00,420.0,4,5.56,5,9,0;0;0;0;0;4;0;0;5
CAMHDA301-20230830T181500,2023-08-30T18:15:00+00:00,480.0,2,2.78,3,9,0;0;0;0;0;3;2;0;1
CAMHDA301-20230830T211500,2023-08-30T21:15:00+00:00,600.0,5,6.94,6,9,0;0;0;0;0;6;1;0;5
CAMHDA301-20230831T001500,2023-08-31T00:15:00+00:00,480.0,1,1.39,5,9,0;0;0;0;0;5;1;0;1
CAMHDA301-20230831T031500,2023-08-31T03:15:00+00:00,600.0,3,4.17,6,9,0;0;0;0;0;6;0;0;3
CAMHDA301-20230831T061500,2023-08-31T06:15:00+00:00,600.0,3,4.17,5,9,0;0;0;0;0;5;0;0;3
CAMHDA301-20230831T091500,2023-08-31T09:15:00+00:00,540.0,1,1.39,6,9,0;0;0;0;0;0;0;1;6
CAMHDA301-20230831T121500,2023-08-31T12:15:00+00:00,600.0,3,4.17,5,9,0;0;0;0;0;5;1;0;3
CAMHDA301-20230831T151500,2023-08-31T15:15:00+00:00,600.0,1,1.39,3,9,0;0;0;0;0;3;0;0;1
CAMHDA301-20230831T181500,2023-08-31T18:15:00+00:00,540.0,2,2.78,6,9,0;0;0;0;0;0;0;2;6
CAMHDA301-20230831T211500,2023-08-31T21:15:00+00:00,120.0,0,0.0,1,9,0;0;0;0;0;0;0;0;1
CAMHDA301-20230901T031500,2023-09-01T03:15:00+00:00,240.0,1,1.39,2,9,0;0;1;0;2;0;0;0;0
CAMHDA301-20230901T061500,2023-09-01T06:15:00+00:00,420.0,2,2.78,3,9,0;1;1;3;0;2;2;0;2
CAMHDA301-20230901T091500,2023-09-01T09:15:00+00:00,120.0,0,0.0,0,9,0;0;0;0;0;0;0;0;0
CAMHDA301-20230901T121500,2023-09-01T12:15:00+00:00,120.0,0,0.0,0,9,0;0;0;0;0;0;0;0;0
CAMHDA301-20230901T151500,2023-09-01T15:15:00+00:00,120.0,0,0.0,0,9,0;0;0;0;0;0;0;0;0
CAMHDA301-20230901T181500,2023-09-01T18:15:00+00:00,120.0,0,0.0,0,9,0;0;0;0;0;0;0;0;0
CAMHDA301-20230901T211500,2023-09-01T21:15:00+00:00,120.0,0,0.0,0,9,0;0;0;0;0;0;0;0;0
CAMHDA301-20230904T001500,2023-09-04T00:15:00+00:00,420.0,3,4.17,3,9,0;0;0;0;0;3;1;0;3
CAMHDA301-20230904T031500,2023-09-04T03:15:00+00:00,420.0,2,2.78,9,9,0;0;0;0;0;2;1;0;9
CAMHDA301-20230904T061500,2023-09-04T06:15:00+00:00,120.0,0,0.0,1,9,0;0;0;0;0;0;1;0;0
CAMHDA301-20230904T091500,2023-09-04T09:15:00+00:00,120.0,0,0.0,5,9,0;0;0;0;0;0;0;0;5
CAMHDA301-20230904T121500,2023-09-04T12:15:00+00:00,480.0,1,1.39,5,9,0;0;0;0;0;0;1;0;5
CAMHDA301-20230904T151500,2023-09-04T15:15:00+00:00,600.0,2,2.78,5,9,0;0;0;0;0;5;1;0;2
CAMHDA301-20230904T181500,2023-09-04T18:15:00+00:00,120.0,0,0.0,5,9,0;0;0;0;0;0;0;0;5
CAMHDA301-20230904T211500,2023-09-04T21:15:00+00:00,420.0,5,6.94,5,9,0;0;0;2;0;5;2;0;5
CAMHDA301-20230905T001500,2023-09-05T00:15:00+00:00,120.0,0,0.0,5,9,0;0;0;0;0;5;0;0;0
CAMHDA301-20230905T031500,2023-09-05T03:15:00+00:00,120.0,0,0.0,5,9,0;0;0;0;0;0;0;0;5
CAMHDA301-20230905T061500,2023-09-05T06:15:00+00:00,480.0,1,1.39,5,9,0;0;0;0;0;0;1;0;5
CAMHDA301-20230905T091500,2023-09-05T09:15:00+00:00,600.0,2,2.78,3,9,0;0;0;0;0;3;0;0;2
CAMHDA301-20230905T121500,2023-09-05T12:15:00+00:00,480.0,2,2.78,3,9,0;0;0;0;0;3;2;0;2
CAMHDA301-20230905T151500,2023-09-05T15:15:00+00:00,600.0,2,2.78,3,9,0;0;0;0;0;3;0;0;2
CAMHDA301-20230905T181500,2023-09-05T18:15:00+00:00,540.0,2,2.78,6,9,0;0;0;0;0;0;1;2;6
CAMHDA301-20230905T211500,2023-09-05T21:15:00+00:00,480.0,2,2.78,4,9,0;0;0;0;0;4;2;0;2
CAMHDA301-20230906T001500,2023-09-06T00:15:00+00:00,420.0,3,4.17,10,9,0;0;0;0;0;3;0;0;10
CAMHDA301-20230906T031500,2023-09-06T03:15:00+00:00,420.0,3,4.17,5,9,0;0;0;0;0;3;1;0;5
CAMHDA301-20230906T061500,2023-09-06T06:15:00+00:00,120.0,0,0.0,2,9,0;0;0;0;0;0;0;0;2
CAMHDA301-20230906T091500,2023-09-06T09:15:00+00:00,420.0,1,1.39,1,9,0;0;0;0;0;1;0;0;1
CAMHDA301-20230906T121500,2023-09-06T12:15:00+00:00,420.0,1,1.39,1,9,0;0;0;0;0;1;1;0;0
CAMHDA301-20230906T151500,2023-09-06T15:15:00+00:00,600.0,3,4.17,5,9,0;0;0;0;0;5;0;0;3
CAMHDA301-20230906T181500,2023-09-06T18:15:00+00:00,120.0,0,0.0,4,9,0;0;0;0;0;0;0;0;4
CAMHDA301-20230906T211500,2023-09-06T21:15:00+00:00,600.0,4,5.56,7,9,0;0;0;0;0;7;2;0;4
CAMHDA301-20230907T001500,2023-09-07T00:15:00+00:00,480.0,1,1.39,2,9,0;0;0;0;0;2;1;0;1
CAMHDA301-20230907T031500,2023-09-07T03:15:00+00:00,420.0,2,2.78,2,9,0;0;0;0;0;2;0;0;2
CAMHDA301-20230907T061500,2023-09-07T06:15:00+00:00,480.0,1,1.39,1,9,0;0;0;0;0;0;1;0;1
CAMHDA301-20230907T091500,2023-09-07T09:15:00+00:00,480.0,1,1.39,3,9,0;0;0;0;0;0;1;0;3
CAMHDA301-20230907T121500,2023-09-07T12:15:00+00:00,420.0,2,2.78,10,9,0;0;0;0;0;2;1;0;10
CAMHDA301-20230907T151500,2023-09-07T15:15:00+00:00,120.0,0,0.0,6,9,0;0;0;0;0;0;0;0;6
CAMHDA301-20230907T181500,2023-09-07T18:15:00+00:00,600.0,4,5.56,5,9,0;0;0;0;0;5;3;0;4
CAMHDA301-20230907T211500,2023-09-07T21:15:00+00:00,600.0,4,5.56,5,9,0;0;0;0;0;5;1;0;4
CAMHDA301-20230908T001500,2023-09-08T00:15:00+00:00,480.0,2,2.78,5,9,0;0;0;0;0;5;2;1;0
CAMHDA301-20230908T031500,2023-09-08T03:15:00+00:00,420.0,5,6.94,5,9,0;0;0;0;0;5;1;0;5
CAMHDA301-20230908T061500,2023-09-08T06:15:00+00:00,480.0,1,1.39,3,9,0;0;0;0;0;3;1;0;1
CAMHDA301-20230908T091500,2023-09-08T09:15:00+00:00,420.0,3,4.17,5,9,0;0;0;0;0;3;0;0;5
CAMHDA301-20230908T121500,2023-09-08T12:15:00+00:00,540.0,1,1.39,4,9,0;0;0;0;0;4;0;1;1
CAMHDA301-20230908T151500,2023-09-08T15:15:00+00:00,420.0,2,2.78,3,9,0;0;0;0;0;2;0;0;3
CAMHDA301-20230908T181500,2023-09-08T18:15:00+00:00,120.0,0,0.0,4,9,0;0;0;0;0;0;0;0;4
CAMHDA301-20230908T211500,2023-09-08T21:15:00+00:00,420.0,4,5.56,5,9,0;0;0;0;0;4;1;1;5
CAMHDA301-20230911T001500,2023-09-11T00:15:00+00:00,540.0,1,1.39,2,9,0;0;0;0;0;0;0;1;2
CAMHDA301-20230911T031500,2023-09-11T03:15:00+00:00,480.0,1,1.39,3,9,0;0;0;0;0;0;1;0;3
CAMHDA301-20230911T061500,2023-09-11T06:15:00+00:00,120.0,0,0.0,1,9,0;0;0;0;0;0;0;0;1
CAMHDA301-20230911T091500,2023-09-11T09:15:00+00:00,420.0,1,1.39,2,9,0;0;0;0;0;1;1;1;2
CAMHDA301-20230911T121500,2023-09-11T12:15:00+00:00,480.0,1,1.39,2,9,0;0;0;0;0;2;1;0;1
CAMHDA301-20230911T151500,2023-09-11T15:15:00+00:00,120.0,0,0.0,2,9,0;0;0;0;0;0;0;0;2
CAMHDA301-20230911T181500,2023-09-11T18:15:00+00:00,540.0,1,1.39,2,9,0;0;0;0;0;0;0;1;2
CAMHDA301-20230911T211500,2023-09-11T21:15:00+00:00,120.0,0,0.0,4,9,0;0;0;0;0;0;0;0;4
CAMHDA301-20230912T001500,2023-09-12T00:15:00+00:00,480.0,1,1.39,5,9,0;0;0;0;0;0;1;0;5
CAMHDA301-20230912T031500,2023-09-12T03:15:00+00:00,420.0,3,4.17,6,9,0;0;0;0;0;3;0;0;6
CAMHDA301-20230912T061500,2023-09-12T06:15:00+00:00,420.0,4,5.56,10,9,0;0;0;1;0;4;1;0;10
CAMHDA301-20230912T091500,2023-09-12T09:15:00+00:00,120.0,0,0.0,4,9,0;0;0;0;0;4;0;0;0
CAMHDA301-20230912T121500,2023-09-12T12:15:00+00:00,420.0,3,4.17,5,9,0;0;0;0;0;3;0;0;5
CAMHDA301-20230912T151500,2023-09-12T15:15:00+00:00,420.0,1,1.39,1,9,0;0;0;0;0;1;0;0;1
CAMHDA301-20230912T181500,2023-09-12T18:15:00+00:00,420.0,2,2.78,3,9,0;0;0;0;0;2;0;0;3
CAMHDA301-20230912T211500,2023-09-12T21:15:00+00:00,480.0,1,1.39,2,9,0;0;0;0;0;2;1;0;1
CAMHDA301-20230913T001500,2023-09-13T00:15:00+00:00,420.0,4,5.56,9,9,0;0;0;0;0;4;1;0;9
CAMHDA301-20230913T031500,2023-09-13T03:15:00+00:00,420.0,4,5.56,6,9,0;0;0;0;0;4;0;0;6
CAMHDA301-20230913T061500,2023-09-13T06:15:00+00:00,120.0,0,0.0,3,9,0;0;0;0;0;0;0;0;3
CAMHDA301-20230913T091500,2023-09-13T09:15:00+00:00,600.0,2,2.78,4,9,0;0;0;0;0;4;1;0;2
CAMHDA301-20230913T121500,2023-09-13T12:15:00+00:00,420.0,2,2.78,2,9,0;0;0;0;0;2;2;0;2
CAMHDA301-20230913T151500,2023-09-13T15:15:00+00:00,420.0,1,1.39,5,9,0;0;0;0;0;1;5;1;1
CAMHDA301-20230913T181500,2023-09-13T18:15:00+00:00,120.0,0,0.0,2,9,0;0;0;0;0;0;0;0;2
CAMHDA301-20230913T211500,2023-09-13T21:15:00+00:00,420.0,1,1.39,3,9,0;0;0;0;0;1;1;1;3
CAMHDA301-20230914T001500,2023-09-14T00:15:00+00:00,600.0,3,4.17,5,9,0;0;0;0;0;5;0;0;3
CAMHDA301-20230914T031500,2023-09-14T03:15:00+00:00,120.0,0,0.0,1,9,0;0;0;0;0;0;0;0;1
CAMHDA301-20230914T061500,2023-09-14T06:15:00+00:00,420.0,5,6.94,7,9,0;0;0;0;0;5;1;0;7
CAMHDA301-20230914T091500,2023-09-14T09:15:00+00:00,480.0,2,2.78,4,9,0;0;0;0;0;4;2;0;0
CAMHDA301-20230914T121500,2023-09-14T12:15:00+00:00,420.0,4,5.56,10,9,0;0;0;0;0;4;0;0;10
CAMHDA301-20230914T151500,2023-09-14T15:15:00+00:00,420.0,4,5.56,5,9,0;0;0;0;0;4;0;0;5
CAMHDA301-20230914T181500,2023-09-14T18:15:00+00:00,600.0,3,4.17,5,9,0;0;0;0;0;5;1;0;3
CAMHDA301-20230914T211500,2023-09-14T21:15:00+00:00,420.0,4,5.56,4,9,0;0;0;0;0;4;0;0;4
CAMHDA301-20230915T001500,2023-09-15T00:15:00+00:00,420.0,2,2.78,3,9,0;0;0;0;0;2;0;0;3
CAMHDA301-20230915T031500,2023-09-15T03:15:00+00:00,480.0,2,2.78,10,9,0;0;0;0;0;0;2;0;10
CAMHDA301-20230915T061500,2023-09-15T06:15:00+00:00,420.0,2,2.78,6,9,0;0;0;0;0;2;0;0;6
CAMHDA301-20230915T091500,2023-09-15T09:15:00+00:00,540.0,1,1.39,2,9,0;0;0;0;0;0;0;1;2
CAMHDA301-20230915T121500,2023-09-15T12:15:00+00:00,420.0,3,4.17,3,9,0;0;0;0;0;3;1;0;3
CAMHDA301-20230915T151500,2023-09-15T15:15:00+00:00,420.0,2,2.78,5,9,0;0;0;0;0;2;1;0;5
CAMHDA301-20230915T181500,2023-09-15T18:15:00+00:00,420.0,5,6.94,6,9,0;0;0;0;0;5;3;0;6
CAMHDA301-20230915T211500,2023-09-15T21:15:00+00:00,480.0,1,1.39,3,9,0;0;0;0;0;0;1;0;3
CAMHDA301-20230918T001500,2023-09-18T00:15:00+00:00,480.0,1,1.39,4,9,0;0;0;0;0;4;1;0;1
CAMHDA301-20230918T031500,2023-09-18T03:15:00+00:00,600.0,2,2.78,3,9,0;0;0;0;0;3;1;0;2
CAMHDA301-20230918T061500,2023-09-18T06:15:00+00:00,120.0,0,0.0,2,9,0;0;0;0;0;2;0;0;0
CAMHDA301-20230918T091500,2023-09-18T09:15:00+00:00,540.0,1,1.39,3,9,0;0;0;0;0;0;0;1;3
CAMHDA301-20230918T121500,2023-09-18T12:15:00+00:00,480.0,1,1.39,2,9,0;0;0;0;0;0;1;0;2
CAMHDA301-20230918T151500,2023-09-18T15:15:00+00:00,120.0,0,0.0,1,9,0;0;0;0;0;0;0;0;1
CAMHDA301-20230918T181500,2023-09-18T18:15:00+00:00,480.0,2,2.78,4,9,0;0;0;0;0;0;2;0;4
CAMHDA301-20230918T211500,2023-09-18T21:15:00+00:00,420.0,3,4.17,3,9,0;0;0;0;0;3;3;0;2
CAMHDA301-20230919T001500,2023-09-19T00:15:00+00:00,420.0,1,1.39,2,9,0;0;0;0;0;1;1;0;2
CAMHDA301-20230919T031500,2023-09-19T03:15:00+00:00,420.0,1,1.39,7,9,0;0;0;0;0;1;0;0;7
CAMHDA301-20230919T061500,2023-09-19T06:15:00+00:00,480.0,1,1.39,7,9,0;0;0;0;0;0;1;0;7
CAMHDA301-20230919T091500,2023-09-19T09:15:00+00:00,420.0,1,1.39,2,9,0;0;0;0;0;1;1;0;2
CAMHDA301-20230919T121500,2023-09-19T12:15:00+00:00,480.0,1,1.39,4,9,0;0;0;0;0;4;1;0;1
CAMHDA301-20230919T151500,2023-09-19T15:15:00+00:00,600.0,1,1.39,4,9,0;0;0;0;0;4;0;0;1
CAMHDA301-20230919T181500,2023-09-19T18:15:00+00:00,420.0,1,1.39,2,9,0;0;0;0;0;1;0;0;2
CAMHDA301-20230919T211500,2023-09-19T21:15:00+00:00,420.0,4,5.56,5,9,0;0;0;0;0;4;1;0;5
CAMHDA301-20230920T001500,2023-09-20T00:15:00+00:00,240.0,3,4.17,4,9,2;4;3;2;0;2;2;0;0
CAMHDA301-20230920T031500,2023-09-20T03:15:00+00:00,120.0,0,0.0,0,9,0;0;0;0;0;0;0;0;0
CAMHDA301-20230920T061500,2023-09-20T06:15:00+00:00,120.0,0,0.0,0,9,0;0;0;0;0;0;0;0;0
CAMHDA301-20230920T091500,2023-09-20T09:15:00+00:00,600.0,2,2.78,3,9,1;0;0;0;3;0;0;0;2
CAMHDA301-20230920T121500,2023-09-20T12:15:00+00:00,120.0,0,0.0,0,9,0;0;0;0;0;0;0;0;0
CAMHDA301-20230920T151500,2023-09-20T15:15:00+00:00,120.0,2,2.78,2,9,2;2;2;0;2;1;1;1;0
CAMHDA301-20230920T181500,2023-09-20T18:15:00+00:00,120.0,1,1.39,1,9,1;1;0;1;0;0;0;0;0
CAMHDA301-20230920T211500,2023-09-20T21:15:00+00:00,120.0,0,0.0,0,9,0;0;0;0;0;0;0;0;0
CAMHDA301-20230921T001500,2023-09-21T00:15:00+00:00,480.0,2,2.78,5,9,0;0;0;0;0;5;2;0;2
CAMHDA301-20230921T031500,2023-09-21T03:15:00+00:00,420.0,4,5.56,15,9,0;0;0;0;0;4;0;2;15
CAMHDA301-20230921T061500,2023-09-21T06:15:00+00:00,480.0,1,1.39,1,9,0;0;0;0;0;0;1;0;1
CAMHDA301-20230921T091500,2023-09-21T09:15:00+00:00,120.0,0,0.0,1,9,0;0;0;0;0;0;0;0;1
CAMHDA301-20230921T121500,2023-09-21T12:15:00+00:00,120.0,0,0.0,2,9,0;0;0;0;0;0;0;0;2
CAMHDA301-20230921T151500,2023-09-21T15:15:00+00:00,480.0,1,1.39,1,9,0;0;0;0;0;0;1;0;1
CAMHDA301-20230921T181500,2023-09-21T18:15:00+00:00,420.0,1,1.39,4,9,0;0;0;0;0;1;1;1;4
CAMHDA301-20230921T211500,2023-09-21T21:15:00+00:00,480.0,1,1.39,3,9,0;0;0;0;0;3;1;0;1
CAMHDA301-20230922T001500,2023-09-22T00:15:00+00:00,600.0,2,2.78,4,9,0;0;0;0;0;4;0;0;2
CAMHDA301-20230922T031500,2023-09-22T03:15:00+00:00,420.0,1,1.39,4,9,0;0;0;0;0;1;0;0;4
CAMHDA301-20230922T061500,2023-09-22T06:15:00+00:00,120.0,0,0.0,3,9,0;0;0;0;0;0;0;0;3
CAMHDA301-20230922T091500,2023-09-22T09:15:00+00:00,540.0,1,1.39,5,9,0;0;0;0;0;0;0;1;5
CAMHDA301-20230922T121500,2023-09-22T12:15:00+00:00,540.0,1,1.39,2,9,0;0;0;0;0;0;0;1;2
CAMHDA301-20230922T151500,2023-09-22T15:15:00+00:00,420.0,3,4.17,7,9,0;0;0;0;0;3;0;0;7
CAMHDA301-20230922T181500,2023-09-22T18:15:00+00:00,540.0,1,1.39,2,9,0;0;0;0;0;0;2;1;1
CAMHDA301-20230922T211500,2023-09-22T21:15:00+00:00,420.0,4,5.56,4,9,0;0;0;0;0;4;0;0;4
CAMHDA301-20230925T001500,2023-09-25T00:15:00+00:00,480.0,2,2.78,11,9,0;0;0;0;0;1;2;0;11
CAMHDA301-20230925T031500,2023-09-25T03:15:00+00:00,420.0,2,2.78,7,9,0;0;0;0;0;2;0;0;7
CAMHDA301-20230925T061500,2023-09-25T06:15:00+00:00,420.0,2,2.78,2,9,0;0;0;0;0;2;0;0;2
CAMHDA301-20230925T091500,2023-09-25T09:15:00+00:00,480.0,2,2.78,2,9,0;0;0;0;0;0;2;0;2
CAMHDA301-20230925T121500,2023-09-25T12:15:00+00:00,120.0,0,0.0,3,9,0;0;0;0;0;0;0;0;3
CAMHDA301-20230925T151500,2023-09-25T15:15:00+00:00,120.0,0,0.0,0,9,0;0;0;0;0;0;0;0;0
CAMHDA301-20230925T181500,2023-09-25T18:15:00+00:00,600.0,1,1.39,4,9,0;0;0;0;0;4;0;0;1
CAMHDA301-20230925T211500,2023-09-25T21:15:00+00:00,420.0,6,8.33,14,9,0;0;0;0;0;6;1;0;14
CAMHDA301-20230926T001500,2023-09-26T00:15:00+00:00,420.0,1,1.39,1,9,0;0;0;0;0;1;0;0;1
CAMHDA301-20230926T031500,2023-09-26T03:15:00+00:00,420.0,1,1.39,4,9,0;0;0;0;0;1;0;0;4
CAMHDA301-20230926T061500,2023-09-26T06:15:00+00:00,420.0,1,1.39,3,9,0;0;0;0;0;1;0;0;3
CAMHDA301-20230926T091500,2023-09-26T09:15:00+00:00,600.0,2,2.78,4,9,0;0;0;0;0;4;0;0;2
CAMHDA301-20230926T121500,2023-09-26T12:15:00+00:00,420.0,4,5.56,12,9,0;0;0;0;0;4;1;0;12
CAMHDA301-20230926T151500,2023-09-26T15:15:00+00:00,120.0,0,0.0,0,9,0;0;0;0;0;0;0;0;0
CAMHDA301-20230926T181500,2023-09-26T18:15:00+00:00,120.0,0,0.0,0,9,0;0;0;0;0;0;0;0;0
CAMHDA301-20230926T211500,2023-09-26T21:15:00+00:00,420.0,4,5.56,5,9,0;0;0;0;0;4;1;0;5
CAMHDA301-20230927T001500,2023-09-27T00:15:00+00:00,480.0,2,2.78,2,9,0;0;0;0;0;0;2;0;2
CAMHDA301-20230927T031500,2023-09-27T03:15:00+00:00,420.0,5,6.94,6,9,0;0;0;0;0;5;0;0;6
CAMHDA301-20230927T061500,2023-09-27T06:15:00+00:00,420.0,3,4.17,5,9,0;0;0;0;0;3;0;0;5
CAMHDA301-20230927T091500,2023-09-27T09:15:00+00:00,420.0,5,6.94,12,9,0;0;0;0;0;5;1;0;12
CAMHDA301-20230927T121500,2023-09-27T12:15:00+00:00,420.0,2,2.78,13,9,0;0;0;0;0;2;0;0;13
CAMHDA301-20230927T151500,2023-09-27T15:15:00+00:00,420.0,5,6.94,10,9,0;0;0;0;0;5;1;0;10
CAMHDA301-20230927T181500,2023-09-27T18:15:00+00:00,420.0,5,6.94,10,9,0;0;0;0;0;5;0;0;10
CAMHDA301-20230927T211500,2023-09-27T21:15:00+00:00,420.0,5,6.94,9,9,0;0;0;0;0;5;2;0;9
CAMHDA301-20230928T001500,2023-09-28T00:15:00+00:00,600.0,1,1.39,3,9,0;0;0;0;0;3;0;0;1
CAMHDA301-20230928T031500,2023-09-28T03:15:00+00:00,420.0,2,2.78,5,9,0;0;0;0;0;2;1;0;5
CAMHDA301-20230928T061500,2023-09-28T06:15:00+00:00,420.0,6,8.33,15,9,0;0;0;0;0;6;0;0;15
CAMHDA301-20230928T091500,2023-09-28T09:15:00+00:00,480.0,1,1.39,1,9,0;0;0;0;0;0;1;0;1
CAMHDA301-20230928T121500,2023-09-28T12:15:00+00:00,480.0,1,1.39,2,9,0;0;0;0;0;0;1;0;2
CAMHDA301-20230928T151500,2023-09-28T15:15:00+00:00,120.0,0,0.0,2,9,0;0;0;0;0;0;0;0;2
CAMHDA301-20230928T181500,2023-09-28T18:15:00+00:00,480.0,3,4.17,4,9,0;0;0;1;0;2;3;0;4
CAMHDA301-20230928T211500,2023-09-28T21:15:00+00:00,420.0,2,2.78,2,9,0;0;0;0;0;2;1;0;2
CAMHDA301-20230929T001500,2023-09-29T00:15:00+00:00,420.0,5,6.94,5,9,0;0;0;0;0;5;0;0;5
CAMHDA301-20230929T031500,2023-09-29T03:15:00+00:00,120.0,0,0.0,3,9,0;0;0;0;0;0;0;0;3
CAMHDA301-20230929T061500,2023-09-29T06:15:00+00:00,420.0,5,6.94,15,9,0;0;0;0;0;5;1;0;15
CAMHDA301-20230929T091500,2023-09-29T09:15:00+00:00,540.0,1,1.39,3,9,0;0;0;0;0;0;0;1;3
CAMHDA301-20230929T121500,2023-09-29T12:15:00+00:00,480.0,1,1.39,2,9,0;0;0;0;0;0;1;0;2
CAMHDA301-20230929T151500,2023-09-29T15:15:00+00:00,420.0,5,6.94,6,9,0;0;0;0;0;5;1;0;6
CAMHDA301-20230929T181500,2023-09-29T18:15:00+00:00,600.0,5,6.94,6,9,0;0;0;0;0;6;2;0;5
CAMHDA301-20230929T211500,2023-09-29T21:15:00+00:00,420.0,3,4.17,7,9,0;0;0;0;0;3;1;0;7
CAMHDA301-20231002T001500,2023-10-02T00:15:00+00:00,120.0,0,0.0,0,9,0;0;0;0;0;0;0;0;0
CAMHDA301-20231002T031500,2023-10-02T03:15:00+00:00,360.0,3,4.17,4,9,0;2;2;4;3;2;3;2;2
CAMHDA301-20231002T061500,2023-10-02T06:15:00+00:00,120.0,0,0.0,1,9,0;1;0;0;0;0;0;0;0
CAMHDA301-20231002T091500,2023-10-02T09:15:00+00:00,120.0,4,5.56,4,9,4;3;4;0;1;1;0;1;0
CAMHDA301-20231002T121500,2023-10-02T12:15:00+00:00,120.0,0,0.0,0,9,0;0;0;0;0;0;0;0;0
CAMHDA301-20231002T151500,2023-10-02T15:15:00+00:00,120.0,0,0.0,0,9,0;0;0;0;0;0;0;0;0
CAMHDA301-20231002T181500,2023-10-02T18:15:00+00:00,120.0,0,0.0,0,9,0;0;0;0;0;0;0;0;0
CAMHDA301-20231002T211500,2023-10-02T21:15:00+00:00,480.0,1,1.39,2,9,0;0;0;0;0;0;1;2;0
CAMHDA301-20231003T001500,2023-10-03T00:15:00+00:00,240.0,2,2.78,2,9,1;0;2;0;0;1;1;2;0
CAMHDA301-20231003T031500,2023-10-03T03:15:00+00:00,300.0,4,5.56,5,9,1;2;3;4;3;2;5;3;3
CAMHDA301-20231003T061500,2023-10-03T06:15:00+00:00,120.0,0,0.0,0,9,0;0;0;0;0;0;0;0;0
CAMHDA301-20231003T091500,2023-10-03T09:15:00+00:00,120.0,0,0.0,0,9,0;0;0;0;0;0;0;0;0
CAMHDA301-20231003T121500,2023-10-03T12:15:00+00:00,120.0,0,0.0,0,9,0;0;0;0;0;0;0;0;0
CAMHDA301-20231003T151500,2023-10-03T15:15:00+00:00,120.0,0,0.0,1,9,0;1;0;0;0;0;0;0;0
CAMHDA301-20231003T181500,2023-10-03T18:15:00+00:00,180.0,2,2.78,3,9,1;2;2;2;0;3;0;0;1
CAMHDA301-20231003T211500,2023-10-03T21:15:00+00:00,120.0,5,6.94,6,9,5;3;1;4;6;2;1;0;3
CAMHDA301-20231004T001500,2023-10-04T00:15:00+00:00,600.0,1,1.39,4,9,0;0;0;0;0;4;0;0;1
CAMHDA301-20231004T031500,2023-10-04T03:15:00+00:00,420.0,1,1.39,6,9,0;0;0;0;0;1;0;0;6
CAMHDA301-20231004T061500,2023-10-04T06:15:00+00:00,480.0,1,1.39,3,9,0;0;0;0;0;0;1;0;3
CAMHDA301-20231004T091500,2023-10-04T09:15:00+00:00,600.0,1,1.39,3,9,0;0;0;0;0;3;0;0;1
CAMHDA301-20231004T121500,2023-10-04T12:15:00+00:00,600.0,2,2.78,3,9,0;0;0;0;0;3;0;0;2
CAMHDA301-20231004T151500,2023-10-04T15:15:00+00:00,120.0,0,0.0,0,9,0;0;0;0;0;0;0;0;0
CAMHDA301-20231004T181500,2023-10-04T18:15:00+00:00,480.0,1,1.39,3,9,0;0;0;0;0;3;1;0;1
CAMHDA301-20231004T211500,2023-10-04T21:15:00+00:00,420.0,2,2.78,7,9,0;0;0;0;0;2;1;0;7
CAMHDA301-20231005T001500,2023-10-05T00:15:00+00:00,420.0,1,1.39,5,9,0;0;0;0;0;1;0;0;5
CAMHDA301-20231005T031500,2023-10-05T03:15:00+00:00,120.0,0,0.0,1,9,0;0;0;0;0;0;0;0;1
CAMHDA301-20231005T061500,2023-10-05T06:15:00+00:00,480.0,1,1.39,3,9,0;0;0;0;0;0;1;0;3
CAMHDA301-20231005T091500,2023-10-05T09:15:00+00:00,600.0,1,1.39,2,9,0;0;0;0;0;0;2;0;1
CAMHDA301-20231005T121500,2023-10-05T12:15:00+00:00,480.0,1,1.39,2,9,0;0;0;0;0;0;1;0;2
CAMHDA301-20231005T151500,2023-10-05T15:15:00+00:00,120.0,0,0.0,0,9,0;0;0;0;0;0;0;0;0
CAMHDA301-20231005T181500,2023-10-05T18:15:00+00:00,480.0,1,1.39,5,9,0;0;0;0;0;0;1;0;5
CAMHDA301-20231005T211500,2023-10-05T21:15:00+00:00,480.0,2,2.78,2,9,0;0;0;0;0;0;2;0;2
CAMHDA301-20231006T001500,2023-10-06T00:15:00+00:00,600.0,1,1.39,5,9,0;0;0;0;0;5;0;0;1
CAMHDA301-20231006T031500,2023-10-06T03:15:00+00:00,120.0,0,0.0,1,9,0;0;0;0;0;0;1;0;0
CAMHDA301-20231006T061500,2023-10-06T06:15:00+00:00,120.0,0,0.0,0,9,0;0;0;0;0;0;0;0;0
CAMHDA301-20231006T091500,2023-10-06T09:15:00+00:00,600.0,1,1.39,5,9,0;0;0;0;0;5;0;0;1
CAMHDA301-20231006T121500,2023-10-06T12:15:00+00:00,120.0,0,0.0,1,9,0;0;0;0;0;0;0;0;1
CAMHDA301-20231006T151500,2023-10-06T15:15:00+00:00,480.0,1,1.39,4,9,0;0;0;0;0;0;1;0;4
CAMHDA301-20231006T181500,2023-10-06T18:15:00+00:00,600.0,1,1.39,4,9,0;0;0;0;0;0;4;0;1
CAMHDA301-20231006T211500,2023-10-06T21:15:00+00:00,480.0,2,2.78,2,9,0;0;0;0;0;1;2;0;2
CAMHDA301-20231009T001500,2023-10-09T00:15:00+00:00,120.0,0,0.0,8,9,0;0;0;0;0;0;0;0;8
CAMHDA301-20231009T031500,2023-10-09T03:15:00+00:00,480.0,3,4.17,3,9,0;0;0;1;0;2;3;0;3
CAMHDA301-20231009T061500,2023-10-09T06:15:00+00:00,420.0,3,4.17,3,9,0;0;0;0;0;3;3;0;0
CAMHDA301-20231009T091500,2023-10-09T09:15:00+00:00,480.0,2,2.78,4,9,0;0;0;0;0;1;2;0;4
CAMHDA301-20231009T121500,2023-10-09T12:15:00+00:00,120.0,0,0.0,5,9,0;0;0;0;0;0;0;0;5
CAMHDA301-20231009T151500,2023-10-09T15:15:00+00:00,120.0,0,0.0,1,9,0;0;0;0;0;0;0;0;1
CAMHDA301-20231009T181500,2023-10-09T18:15:00+00:00,420.0,2,2.78,2,9,0;0;0;0;0;2;0;0;2
CAMHDA301-20231009T211500,2023-10-09T21:15:00+00:00,120.0,0,0.0,4,9,0;0;0;0;0;0;0;0;4
CAMHDA301-20231010T001500,2023-10-10T00:15:00+00:00,480.0,2,2.78,3,9,0;1;1;0;0;0;2;3;0
CAMHDA301-20231010T031500,2023-10-10T03:15:00+00:00,120.0,0,0.0,0,9,0;0;0;0;0;0;0;0;0
CAMHDA301-20231010T061500,2023-10-10T06:15:00+00:00,120.0,0,0.0,0,9,0;0;0;0;0;0;0;0;0
CAMHDA301-20231010T091500,2023-10-10T09:15:00+00:00,120.0,3,4.17,5,9,3;5;1;3;1;2;1;1;1
CAMHDA301-20231010T121500,2023-10-10T12:15:00+00:00,120.0,0,0.0,0,9,0;0;0;0;0;0;0;0;0
CAMHDA301-20231010T151500,2023-10-10T15:15:00+00:00,300.0,5,6.94,5,9,4;3;4;5;5;4;5;4;3
CAMHDA301-20231010T181500,2023-10-10T18:15:00+00:00,120.0,0,0.0,0,9,0;0;0;0;0;0;0;0;0
CAMHDA301-20231010T211500,2023-10-10T21:15:00+00:00,120.0,0,0.0,1,9,0;0;0;0;0;0;0;0;1
CAMHDA301-20231011T001500,2023-10-11T00:15:00+00:00,420.0,2,2.78,4,9,0;0;0;0;0;2;0;0;4
CAMHDA301-20231011T031500,2023-10-11T03:15:00+00:00,120.0,0,0.0,4,9,0;0;0;0;0;0;0;0;4
CAMHDA301-20231011T061500,2023-10-11T06:15:00+00:00,420.0,1,1.39,3,9,0;0;0;0;0;1;0;0;3
CAMHDA301-20231011T091500,2023-10-11T09:15:00+00:00,420.0,1,1.39,9,9,0;0;0;0;0;1;1;0;9
CAMHDA301-20231011T121500,2023-10-11T12:15:00+00:00,420.0,3,4.17,8,9,0;0;0;0;0;3;0;0;8
CAMHDA301-20231011T151500,2023-10-11T15:15:00+00:00,420.0,3,4.17,3,9,0;0;0;0;0;3;1;0;3
CAMHDA301-20231011T181500,2023-10-11T18:15:00+00:00,420.0,3,4.17,3,9,0;0;0;0;0;3;0;0;3
CAMHDA301-20231011T211500,2023-10-11T21:15:00+00:00,420.0,4,5.56,6,9,0;0;0;0;0;4;1;0;6
CAMHDA301-20231012T001500,2023-10-12T00:15:00+00:00,420.0,2,2.78,4,9,0;0;0;0;0;2;0;0;4
CAMHDA301-20231012T031500,2023-10-12T03:15:00+00:00,600.0,2,2.78,3,9,0;0;0;0;0;3;0;0;2
CAMHDA301-20231012T061500,2023-10-12T06:15:00+00:00,480.0,1,1.39,5,9,0;0;0;0;0;0;1;0;5
CAMHDA301-20231012T091500,2023-10-12T09:15:00+00:00,420.0,2,2.78,6,9,0;0;0;0;0;2;2;0;6
CAMHDA301-20231012T121500,2023-10-12T12:15:00+00:00,480.0,1,1.39,1,9,0;0;0;0;0;0;1;0;1
CAMHDA301-20231012T151500,2023-10-12T15:15:00+00:00,420.0,2,2.78,8,9,0;0;0;0;0;2;0;0;8
CAMHDA301-20231012T181500,2023-10-12T18:15:00+00:00,420.0,1,1.39,7,9,0;0;0;0;0;1;1;0;7
CAMHDA301-20231012T211500,2023-10-12T21:15:00+00:00,420.0,4,5.56,10,9,0;0;0;0;0;4;0;0;10
CAMHDA301-20231013T001500,2023-10-13T00:15:00+00:00,420.0,1,1.39,7,9,0;0;0;0;0;1;1;0;7
CAMHDA301-20231013T031500,2023-10-13T03:15:00+00:00,420.0,2,2.78,2,9,0;0;0;0;0;2;1;0;2
CAMHDA301-20231013T061500,2023-10-13T06:15:00+00:00,420.0,3,4.17,5,9,0;0;0;0;0;3;2;0;5
CAMHDA301-20231013T091500,2023-10-13T09:15:00+00:00,420.0,1,1.39,1,9,0;0;0;0;0;1;1;0;1
CAMHDA301-20231013T121500,2023-10-13T12:15:00+00:00,480.0,1,1.39,3,9,0;0;0;0;0;0;1;0;3
CAMHDA301-20231013T151500,2023-10-13T15:15:00+00:00,420.0,2,2.78,4,9,0;0;0;0;0;2;2;0;4
CAMHDA301-20231013T181500,2023-10-13T18:15:00+00:00,420.0,1,1.39,5,9,0;0;0;0;0;1;0;0;5
CAMHDA301-20231013T211500,2023-10-13T21:15:00+00:00,120.0,0,0.0,1,9,0;0;0;0;0;0;0;0;1
CAMHDA301-20231016T001500,2023-10-16T00:15:00+00:00,420.0,1,1.39,9,9,0;0;0;0;0;1;0;0;9
CAMHDA301-20231016T031500,2023-10-16T03:15:00+00:00,120.0,0,0.0,2,9,0;0;0;0;0;0;2;0;0
CAMHDA301-20231016T061500,2023-10-16T06:15:00+00:00,120.0,0,0.0,1,9,0;0;0;0;0;0;0;0;1
CAMHDA301-20231016T091500,2023-10-16T09:15:00+00:00,420.0,3,4.17,3,9,0;0;0;0;0;3;0;0;3
CAMHDA301-20231016T121500,2023-10-16T12:15:00+00:00,120.0,0,0.0,3,9,0;0;0;0;0;0;0;0;3
CAMHDA301-20231016T151500,2023-10-16T15:15:00+00:00,480.0,2,2.78,3,9,0;0;0;0;0;0;2;0;3
CAMHDA301-20231016T181500,2023-10-16T18:15:00+00:00,420.0,2,2.78,2,9,0;0;0;0;0;2;1;0;2
CAMHDA301-20231016T211500,2023-10-16T21:15:00+00:00,420.0,1,1.39,3,9,0;0;0;0;0;1;0;0;3
CAMHDA301-20231017T001500,2023-10-17T00:15:00+00:00,480.0,1,1.39,3,9,0;0;0;0;0;0;1;0;3
CAMHDA301-20231017T031500,2023-10-17T03:15:00+00:00,600.0,2,2.78,3,9,0;0;0;0;0;3;1;0;2
CAMHDA301-20231017T061500,2023-10-17T06:15:00+00:00,420.0,1,1.39,2,9,0;0;0;0;0;1;0;0;2
CAMHDA301-20231017T091500,2023-10-17T09:15:00+00:00,480.0,1,1.39,5,9,0;0;0;0;0;0;1;0;5
CAMHDA301-20231017T121500,2023-10-17T12:15:00+00:00,420.0,1,1.39,5,9,0;0;0;0;0;1;1;0;5
CAMHDA301-20231017T151500,2023-10-17T15:15:00+00:00,420.0,2,2.78,4,9,0;0;0;0;0;2;1;0;4
CAMHDA301-20231017T181500,2023-10-17T18:15:00+00:00,420.0,1,1.39,1,9,0;0;0;0;0;1;0;0;1
CAMHDA301-20231017T211500,2023-10-17T21:15:00+00:00,420.0,1,1.39,1,9,0;0;0;0;0;1;1;0;1
CAMHDA301-20231018T001500,2023-10-18T00:15:00+00:00,420.0,2,2.78,2,9,0;0;0;0;0;2;2;0;2
CAMHDA301-20231018T031500,2023-10-18T03:15:00+00:00,420.0,3,4.17,3,9,0;0;0;0;0;3;1;0;3
CAMHDA301-20231018T061500,2023-10-18T06:15:00+00:00,420.0,1,1.39,1,9,0;0;0;0;0;1;1;0;1
CAMHDA301-20231018T091500,2023-10-18T09:15:00+00:00,480.0,2,2.78,3,9,0;0;0;0;0;0;2;0;3
CAMHDA301-20231018T121500,2023-10-18T12:15:00+00:00,120.0,0,0.0,0,9,0;0;0;0;0;0;0;0;0
CAMHDA301-20231018T151500,2023-10-18T15:15:00+00:00,120.0,0,0.0,2,9,0;0;0;0;0;0;0;0;2
CAMHDA301-20231018T181500,2023-10-18T18:15:00+00:00,480.0,1,1.39,1,9,0;0;0;0;0;0;1;1;1
CAMHDA301-20231018T211500,2023-10-18T21:15:00+00:00,420.0,1,1.39,2,9,0;0;0;0;0;1;0;1;2
CAMHDA301-20231019T001500,2023-10-19T00:15:00+00:00,420.0,4,5.56,6,9,0;0;0;0;0;4;0;0;6
CAMHDA301-20231019T031500,2023-10-19T03:15:00+00:00,600.0,2,2.78,5,9,0;0;0;0;0;5;0;0;2
CAMHDA301-20231019T061500,2023-10-19T06:15:00+00:00,480.0,1,1.39,2,9,0;0;0;0;0;0;1;0;2
CAMHDA301-20231019T091500,2023-10-19T09:15:00+00:00,480.0,1,1.39,3,9,0;0;0;0;0;0;1;0;3
CAMHDA301-20231019T121500,2023-10-19T12:15:00+00:00,420.0,1,1.39,6,9,0;0;0;0;0;1;0;0;6
CAMHDA301-20231019T151500,2023-10-19T15:15:00+00:00,600.0,1,1.39,3,9,0;0;0;0;0;3;0;0;1
CAMHDA301-20231019T181500,2023-10-19T18:15:00+00:00,600.0,3,4.17,4,9,0;0;0;0;0;4;0;0;3
CAMHDA301-20231019T211500,2023-10-19T21:15:00+00:00,420.0,2,2.78,2,9,0;0;0;0;0;2;0;0;2
CAMHDA301-20231020T001500,2023-10-20T00:15:00+00:00,180.0,2,2.78,3,9,3;2;1;1;2;0;1;0;0
CAMHDA301-20231020T031500,2023-10-20T03:15:00+00:00,120.0,0,0.0,0,9,0;0;0;0;0;0;0;0;0
CAMHDA301-20231020T061500,2023-10-20T06:15:00+00:00,120.0,0,0.0,0,9,0;0;0;0;0;0;0;0;0
CAMHDA301-20231020T091500,2023-10-20T09:15:00+00:00,120.0,1,1.39,1,9,1;0;0;0;0;0;0;0;1
CAMHDA301-20231020T121500,2023-10-20T12:15:00+00:00,120.0,0,0.0,0,9,0;0;0;0;0;0;0;0;0
CAMHDA301-20231020T151500,2023-10-20T15:15:00+00:00,120.0,3,4.17,4,9,3;2;2;0;4;2;1;3;3
CAMHDA301-20231020T181500,2023-10-20T18:15:00+00:00,180.0,1,1.39,3,9,0;1;1;3;1;1;0;0;0
CAMHDA301-20231020T211500,2023-10-20T21:15:00+00:00,180.0,3,4.17,5,9,0;3;5;0;1;0;1;2;1
CAMHDA301-20231023T001500,2023-10-23T00:15:00+00:00,480.0,2,2.78,6,9,0;0;0;0;0;1;2;0;6
CAMHDA301-20231023T031500,2023-10-23T03:15:00+00:00,420.0,1,1.39,1,9,0;0;0;0;0;1;1;0;0
CAMHDA301-20231023T061500,2023-10-23T06:15:00+00:00,120.0,0,0.0,1,9,0;0;0;0;0;0;1;0;0
CAMHDA301-20231023T091500,2023-10-23T09:15:00+00:00,120.0,0,0.0,0,9,0;0;0;0;0;0;0;0;0
CAMHDA301-20231023T121500,2023-10-23T12:15:00+00:00,120.0,0,0.0,0,9,0;0;0;0;0;0;0;0;0
CAMHDA301-20231023T151500,2023-10-23T15:15:00+00:00,120.0,0,0.0,0,9,0;0;0;0;0;0;0;0;0
CAMHDA301-20231023T181500,2023-10-23T18:15:00+00:00,480.0,1,1.39,2,9,0;0;0;0;0;2;1;0;0
CAMHDA301-20231023T211500,2023-10-23T21:15:00+00:00,120.0,0,0.0,1,9,0;0;0;0;0;0;0;0;1
CAMHDA301-20231024T001500,2023-10-24T00:15:00+00:00,480.0,1,1.39,2,9,0;0;0;0;0;0;1;0;2
CAMHDA301-20231024T031500,2023-10-24T03:15:00+00:00,480.0,1,1.39,3,9,0;0;0;0;0;0;1;0;3
CAMHDA301-20231024T061500,2023-10-24T06:15:00+00:00,120.0,0,0.0,1,9,0;0;0;0;0;0;0;0;1
CAMHDA301-20231024T091500,2023-10-24T09:15:00+00:00,420.0,1,1.39,1,9,0;0;0;0;0;1;0;0;1
CAMHDA301-20231024T121500,2023-10-24T12:15:00+00:00,120.0,0,0.0,2,9,0;0;0;0;0;0;0;0;2
CAMHDA301-20231024T151500,2023-10-24T15:15:00+00:00,420.0,2,2.78,2,9,0;0;0;0;0;2;1;0;2
CAMHDA301-20231024T181500,2023-10-24T18:15:00+00:00,360.0,1,1.39,1,9,0;0;0;0;1;0;1;0;0
CAMHDA301-20231024T211500,2023-10-24T21:15:00+00:00,420.0,1,1.39,1,9,0;0;0;0;0;1;0;0;1
CAMHDA301-20231025T001500,2023-10-25T00:15:00+00:00,420.0,1,1.39,1,9,0;0;0;0;0;1;1;0;0
CAMHDA301-20231025T031500,2023-10-25T03:15:00+00:00,420.0,1,1.39,2,9,0;0;0;0;0;1;1;0;2
CAMHDA301-20231025T061500,2023-10-25T06:15:00+00:00,600.0,1,1.39,2,9,0;0;0;0;0;2;0;0;1
CAMHDA301-20231025T091500,2023-10-25T09:15:00+00:00,480.0,1,1.39,3,9,0;0;0;0;0;3;1;0;0
CAMHDA301-20231025T121500,2023-10-25T12:15:00+00:00,120.0,0,0.0,0,9,0;0;0;0;0;0;0;0;0
CAMHDA301-20231025T151500,2023-10-25T15:15:00+00:00,120.0,0,0.0,2,9,0;0;0;0;0;0;0;0;2
CAMHDA301-20231025T181500,2023-10-25T18:15:00+00:00,120.0,0,0.0,0,9,0;0;0;0;0;0;0;0;0
CAMHDA301-20231025T211500,2023-10-25T21:15:00+00:00,480.0,1,1.39,3,9,0;0;0;0;0;0;1;0;3
CAMHDA301-20231026T001500,2023-10-26T00:15:00+00:00,120.0,0,0.0,2,9,0;0;0;0;0;0;0;0;2
CAMHDA301-20231026T031500,2023-10-26T03:15:00+00:00,120.0,0,0.0,1,9,0;0;0;0;0;1;0;0;0
CAMHDA301-20231026T061500,2023-10-26T06:15:00+00:00,420.0,1,1.39,2,9,0;0;0;0;0;1;2;0;1
CAMHDA301-20231026T091500,2023-10-26T09:15:00+00:00,540.0,1,1.39,1,9,0;0;0;0;0;0;0;1;1
CAMHDA301-20231026T121500,2023-10-26T12:15:00+00:00,420.0,1,1.39,1,9,0;0;0;0;0;1;1;0;0
CAMHDA301-20231026T151500,2023-10-26T15:15:00+00:00,120.0,0,0.0,1,9,0;0;0;0;0;0;0;0;1
CAMHDA301-20231026T181500,2023-10-26T18:15:00+00:00,420.0,1,1.39,3,9,0;0;0;0;0;1;1;0;3
CAMHDA301-20231026T211500,2023-10-26T21:15:00+00:00,120.0,0,0.0,1,9,0;0;0;0;0;0;0;0;1
CAMHDA301-20231027T001500,2023-10-27T00:15:00+00:00,420.0,1,1.39,2,9,0;0;0;0;0;1;0;0;2
CAMHDA301-20231027T031500,2023-10-27T03:15:00+00:00,120.0,0,0.0,0,9,0;0;0;0;0;0;0;0;0
CAMHDA301-20231027T061500,2023-10-27T06:15:00+00:00,120.0,0,0.0,2,9,0;0;0;0;0;0;0;0;2
CAMHDA301-20231027T091500,2023-10-27T09:15:00+00:00,120.0,0,0.0,0,9,0;0;0;0;0;0;0;0;0
CAMHDA301-20231027T121500,2023-10-27T12:15:00+00:00,120.0,0,0.0,1,9,0;0;0;0;0;0;1;0;0
CAMHDA301-20231027T151500,2023-10-27T15:15:00+00:00,120.0,0,0.0,1,9,0;0;0;0;0;0;0;0;1
CAMHDA301-20231027T181500,2023-10-27T18:15:00+00:00,120.0,0,0.0,0,9,0;0;0;0;0;0;0;0;0
CAMHDA301-20231027T211500,2023-10-27T21:15:00+00:00,540.0,1,1.39,2,9,0;0;0;0;0;2;0;1;0
CAMHDA301-20231030T001500,2023-10-30T00:15:00+00:00,120.0,0,0.0,0,9,0;0;0;0;0;0;0;0;0
CAMHDA301-20231030T031500,2023-10-30T03:15:00+00:00,120.0,0,0.0,1,9,0;0;0;0;0;0;0;0;1
CAMHDA301-20231030T061500,2023-10-30T06:15:00+00:00,120.0,0,0.0,0,9,0;0;0;0;0;0;0;0;0
CAMHDA301-20231030T091500,2023-10-30T09:15:00+00:00,480.0,1,1.39,1,9,0;0;0;0;0;0;1;0;1
CAMHDA301-20231030T151500,2023-10-30T15:15:00+00:00,120.0,0,0.0,3,9,0;0;0;0;0;0;0;0;3
CAMHDA301-20231030T181500,2023-10-30T18:15:00+00:00,120.0,0,0.0,0,9,0;0;0;0;0;0;0;0;0
CAMHDA301-20231030T211500,2023-10-30T21:15:00+00:00,120.0,0,0.0,0,9,0;0;0;0;0;0;0;0;0
CAMHDA301-20231031T001500,2023-10-31T00:15:00+00:00,120.0,0,0.0,0,9,0;0;0;0;0;0;0;0;0
CAMHDA301-20231031T031500,2023-10-31T03:15:00+00:00,120.0,0,0.0,1,9,0;0;0;0;0;1;0;0;0
CAMHDA301-20231031T061500,2023-10-31T06:15:00+00:00,600.0,1,1.39,2,9,0;0;0;0;0;2;0;0;1
CAMHDA301-20231031T091500,2023-10-31T09:15:00+00:00,120.0,0,0.0,0,9,0;0;0;0;0;0;0;0;0
CAMHDA301-20231031T121500,2023-10-31T12:15:00+00:00,120.0,0,0.0,0,9,0;0;0;0;0;0;0;0;0
CAMHDA301-20231031T151500,2023-10-31T15:15:00+00:00,120.0,0,0.0,1,9,0;0;0;0;0;1;0;0;0
CAMHDA301-20231031T181500,2023-10-31T18:15:00+00:00,120.0,0,0.0,0,9,0;0;0;0;0;0;0;0;0
CAMHDA301-20231031T211500,2023-10-31T21:15:00+00:00,120.0,0,0.0,1,9,0;0;0;0;0;0;0;0;1
CAMHDA301-20231101T031500,2023-11-01T03:15:00+00:00,120.0,0,0.0,1,9,0;1;0;0;0;0;0;0;0
CAMHDA301-20231101T061500,2023-11-01T06:15:00+00:00,420.0,1,1.39,1,9,0;0;0;0;0;1;0;1;0
CAMHDA301-20231101T091500,2023-11-01T09:15:00+00:00,120.0,0,0.0,0,9,0;0;0;0;0;0;0;0;0
CAMHDA301-20231101T121500,2023-11-01T12:15:00+00:00,120.0,0,0.0,0,9,0;0;0;0;0;0;0;0;0
CAMHDA301-20231101T151500,2023-11-01T15:15:00+00:00,120.0,0,0.0,0,9,0;0;0;0;0;0;0;0;0
CAMHDA301-20231101T181500,2023-11-01T18:15:00+00:00,120.0,0,0.0,0,9,0;0;0;0;0;0;0;0;0
CAMHDA301-20231101T211500,2023-11-01T21:15:00+00:00,120.0,0,0.0,0,9,0;0;0;0;0;0;0;0;0
CAMHDA301-20231102T001500,2023-11-02T00:15:00+00:00,120.0,0,0.0,0,9,0;0;0;0;0;0;0;0;0
CAMHDA301-20231102T031500,2023-11-02T03:15:00+00:00,300.0,2,2.78,2,9,1;0;1;2;2;1;1;2;1
CAMHDA301-20231102T061500,2023-11-02T06:15:00+00:00,120.0,2,2.78,3,9,2;1;0;0;3;2;2;1;2
CAMHDA301-20231102T091500,2023-11-02T09:15:00+00:00,240.0,1,1.39,2,9,0;0;1;2;0;0;0;0;0
CAMHDA301-20231102T121500,2023-11-02T12:15:00+00:00,120.0,0,0.0,0,9,0;0;0;0;0;0;0;0;0
CAMHDA301-20231102T151500,2023-11-02T15:15:00+00:00,120.0,0,0.0,0,9,0;0;0;0;0;0;0;0;0
CAMHDA301-20231102T181500,2023-11-02T18:15:00+00:00,120.0,0,0.0,0,9,0;0;0;0;0;0;0;0;0
CAMHDA301-20231102T211500,2023-11-02T21:15:00+00:00,120.0,0,0.0,0,9,0;0;0;0;0;0;0;0;0
CAMHDA301-20231103T001500,2023-11-03T00:15:00+00:00,300.0,2,2.78,2,9,0;0;1;2;1;2;2;1;1
CAMHDA301-20231103T031500,2023-11-03T03:15:00+00:00,600.0,1,1.39,2,9,0;2;0;0;0;0;0;0;1
CAMHDA301-20231103T061500,2023-11-03T06:15:00+00:00,120.0,0,0.0,0,9,0;0;0;0;0;0;0;0;0
CAMHDA301-20231103T091500,2023-11-03T09:15:00+00:00,120.0,0,0.0,0,9,0;0;0;0;0;0;0;0;0
CAMHDA301-20231103T121500,2023-11-03T12:15:00+00:00,120.0,0,0.0,0,9,0;0;0;0;0;0;0;0;0
CAMHDA301-20231103T151500,2023-11-03T15:15:00+00:00,120.0,0,0.0,0,9,0;0;0;0;0;0;0;0;0
CAMHDA301-20231103T181500,2023-11-03T18:15:00+00:00,120.0,2,2.78,2,9,2;2;0;0;0;0;0;0;0
CAMHDA301-20231103T211500,2023-11-03T21:15:00+00:00,120.0,0,0.0,0,9,0;0;0;0;0;0;0;0;0
CAMHDA301-20231106T001500,2023-11-06T00:15:00+00:00,480.0,1,1.39,3,9,0;0;0;0;0;3;1;0;1
CAMHDA301-20231106T031500,2023-11-06T03:15:00+00:00,420.0,1,1.39,1,9,0;0;0;0;0;1;0;0;1
CAMHDA301-20231106T061500,2023-11-06T06:15:00+00:00,120.0,0,0.0,1,9,0;0;0;0;0;1;0;0;0
CAMHDA301-20231106T091500,2023-11-06T09:15:00+00:00,120.0,0,0.0,1,9,0;0;0;0;0;0;0;0;1
CAMHDA301-20231106T121500,2023-11-06T12:15:00+00:00,120.0,0,0.0,0,9,0;0;0;0;0;0;0;0;0
CAMHDA301-20231106T151500,2023-11-06T15:15:00+00:00,120.0,0,0.0,1,9,0;0;0;0;0;0;1;0;0
CAMHDA301-20231106T181500,2023-11-06T18:15:00+00:00,120.0,0,0.0,1,9,0;0;0;0;0;1;0;0;0
CAMHDA301-20231106T211500,2023-11-06T21:15:00+00:00,120.0,0,0.0,0,9,0;0;0;0;0;0;0;0;0
CAMHDA301-20231107T001500,2023-11-07T00:15:00+00:00,120.0,0,0.0,0,9,0;0;0;0;0;0;0;0;0
CAMHDA301-20231107T031500,2023-11-07T03:15:00+00:00,420.0,1,1.39,1,9,0;0;0;0;0;1;1;0;0
CAMHDA301-20231107T061500,2023-11-07T06:15:00+00:00,420.0,1,1.39,1,9,0;0;0;0;0;1;0;0;1
CAMHDA301-20231107T091500,2023-11-07T09:15:00+00:00,420.0,1,1.39,1,9,0;0;0;0;0;1;0;1;1
CAMHDA301-20231107T121500,2023-11-07T12:15:00+00:00,120.0,0,0.0,3,9,0;0;0;0;0;3;0;0;0
CAMHDA301-20231107T151500,2023-11-07T15:15:00+00:00,120.0,0,0.0,1,9,0;0;0;0;0;0;1;0;0
CAMHDA301-20231107T181500,2023-11-07T18:15:00+00:00,120.0,0,0.0,0,9,0;0;0;0;0;0;0;0;0
CAMHDA301-20231107T211500,2023-11-07T21:15:00+00:00,120.0,0,0.0,0,9,0;0;0;0;0;0;0;0;0
CAMHDA301-20231108T001500,2023-11-08T00:15:00+00:00,420.0,1,1.39,1,9,0;0;0;0;0;1;0;1;0
CAMHDA301-20231108T031500,2023-11-08T03:15:00+00:00,120.0,0,0.0,2,9,0;0;0;0;0;0;0;0;2
CAMHDA301-20231108T061500,2023-11-08T06:15:00+00:00,120.0,0,0.0,1,9,0;0;0;0;0;1;0;0;0
CAMHDA301-20231108T091500,2023-11-08T09:15:00+00:00,120.0,0,0.0,0,9,0;0;0;0;0;0;0;0;0
CAMHDA301-20231108T121500,2023-11-08T12:15:00+00:00,120.0,0,0.0,1,9,0;0;0;0;0;0;0;1;0
CAMHDA301-20231108T151500,2023-11-08T15:15:00+00:00,120.0,0,0.0,0,9,0;0;0;0;0;0;0;0;0
CAMHDA301-20231108T181500,2023-11-08T18:15:00+00:00,120.0,0,0.0,1,9,0;0;0;0;0;1;0;0;0
CAMHDA301-20231108T211500,2023-11-08T21:15:00+00:00,120.0,0,0.0,0,9,0;0;0;0;0;0;0;0;0
CAMHDA301-20231109T001500,2023-11-09T00:15:00+00:00,120.0,0,0.0,3,9,0;0;0;0;0;3;0;0;0
CAMHDA301-20231109T031500,2023-11-09T03:15:00+00:00,120.0,0,0.0,0,9,0;0;0;0;0;0;0;0;0
CAMHDA301-20231109T061500,2023-11-09T06:15:00+00:00,120.0,0,0.0,1,9,0;0;0;0;0;1;0;0;0
CAMHDA301-20231109T091500,2023-11-09T09:15:00+00:00,120.0,0,0.0,1,9,0;0;0;0;0;0;0;1;0
CAMHDA301-20231109T121500,2023-11-09T12:15:00+00:00,480.0,1,1.39,1,9,0;0;0;0;0;0;1;1;0
CAMHDA301-20231109T151500,2023-11-09T15:15:00+00:00,120.0,0,0.0,1,9,0;0;0;0;0;0;0;0;1
CAMHDA301-20231109T181500,2023-11-09T18:15:00+00:00,540.0,2,2.78,3,9,0;0;0;0;0;3;0;2;0
CAMHDA301-20231109T211500,2023-11-09T21:15:00+00:00,120.0,0,0.0,1,9,0;0;0;0;0;1;0;0;0
CAMHDA301-20231110T001500,2023-11-10T00:15:00+00:00,120.0,0,0.0,1,9,0;0;0;0;0;0;1;0;0
CAMHDA301-20231110T031500,2023-11-10T03:15:00+00:00,120.0,0,0.0,0,9,0;0;0;0;0;0;0;0;0
CAMHDA301-20231110T061500,2023-11-10T06:15:00+00:00,120.0,0,0.0,0,9,0;0;0;0;0;0;0;0;0
CAMHDA301-20231110T091500,2023-11-10T09:15:00+00:00,420.0,2,2.78,2,9,0;0;0;1;0;2;0;2;0
CAMHDA301-20231110T121500,2023-11-10T12:15:00+00:00,120.0,0,0.0,0,9,0;0;0;0;0;0;0;0;0
CAMHDA301-20231110T151500,2023-11-10T15:15:00+00:00,300.0,1,1.39,1,9,0;0;0;1;0;1;0;0;0
CAMHDA301-20231110T181500,2023-11-10T18:15:00+00:00,180.0,1,1.39,1,9,0;1;0;1;0;0;0;1;1
CAMHDA301-20231110T211500,2023-11-10T21:15:00+00:00,120.0,0,0.0,0,9,0;0;0;0;0;0;0;0;0
CAMHDA301-20231113T001500,2023-11-13T00:15:00+00:00,120.0,0,0.0,1,9,0;0;0;0;0;0;0;0;1
CAMHDA301-20231113T031500,2023-11-13T03:15:00+00:00,120.0,0,0.0,0,9,0;0;0;0;0;0;0;0;0
CAMHDA301-20231113T061500,2023-11-13T06:15:00+00:00,120.0,0,0.0,0,9,0;0;0;0;0;0;0;0;0
CAMHDA301-20231113T091500,2023-11-13T09:15:00+00:00,120.0,0,0.0,0,9,0;0;0;0;0;0;0;0;0
CAMHDA301-20231113T121500,2023-11-13T12:15:00+00:00,120.0,0,0.0,0,9,0;0;0;0;0;0;0;0;0
CAMHDA301-20231113T151500,2023-11-13T15:15:00+00:00,120.0,0,0.0,0,9,0;0;0;0;0;0;0;0;0
CAMHDA301-20231113T181500,2023-11-13T18:15:00+00:00,120.0,0,0.0,1,9,0;0;0;0;0;1;0;0;0
CAMHDA301-20231113T211500,2023-11-13T21:15:00+00:00,120.0,0,0.0,0,9,0;0;0;0;0;0;0;0;0
CAMHDA301-20231114T001500,2023-11-14T00:15:00+00:00,120.0,0,0.0,1,9,0;0;0;0;0;1;0;0;0
CAMHDA301-20231114T031500,2023-11-14T03:15:00+00:00,120.0,0,0.0,1,9,0;0;0;0;0;1;0;0;0
CAMHDA301-20231114T061500,2023-11-14T06:15:00+00:00,120.0,0,0.0,1,9,0;0;0;0;0;1;0;0;0
CAMHDA301-20231114T091500,2023-11-14T09:15:00+00:00,120.0,0,0.0,0,9,0;0;0;0;0;0;0;0;0
CAMHDA301-20231114T121500,2023-11-14T12:15:00+00:00,120.0,0,0.0,0,9,0;0;0;0;0;0;0;0;0
CAMHDA301-20231114T151500,2023-11-14T15:15:00+00:00,120.0,0,0.0,0,9,0;0;0;0;0;0;0;0;0
CAMHDA301-20231114T181500,2023-11-14T18:15:00+00:00,120.0,0,0.0,1,9,0;0;0;0;0;1;0;0;0
CAMHDA301-20231114T211500,2023-11-14T21:15:00+00:00,120.0,0,0.0,0,9,0;0;0;0;0;0;0;0;0
CAMHDA301-20231115T001500,2023-11-15T00:15:00+00:00,420.0,1,1.39,1,9,0;0;0;0;0;1;1;1;0
CAMHDA301-20231115T031500,2023-11-15T03:15:00+00:00,120.0,0,0.0,1,9,0;0;0;0;0;1;0;0;0
CAMHDA301-20231115T061500,2023-11-15T06:15:00+00:00,120.0,0,0.0,1,9,0;0;0;0;0;0;0;0;1
CAMHDA301-20231115T091500,2023-11-15T09:15:00+00:00,120.0,0,0.0,0,9,0;0;0;0;0;0;0;0;0
CAMHDA301-20231115T121500,2023-11-15T12:15:00+00:00,120.0,0,0.0,4,9,0;0;0;0;0;4;0;0;0
CAMHDA301-20231115T151500,2023-11-15T15:15:00+00:00,120.0,0,0.0,0,9,0;0;0;0;0;0;0;0;0
CAMHDA301-20231115T181500,2023-11-15T18:15:00+00:00,120.0,0,0.0,1,9,0;0;0;0;0;1;0;0;0
CAMHDA301-20231115T211500,2023-11-15T21:15:00+00:00,120.0,0,0.0,1,9,0;0;0;0;0;0;0;0;1
CAMHDA301-20231116T001500,2023-11-16T00:15:00+00:00,540.0,1,1.39,1,9,0;0;0;0;0;0;0;1;1
CAMHDA301-20231116T031500,2023-11-16T03:15:00+00:00,120.0,0,0.0,0,9,0;0;0;0;0;0;0;0;0
CAMHDA301-20231116T061500,2023-11-16T06:15:00+00:00,480.0,1,1.39,3,9,0;0;0;0;0;3;1;0;0
CAMHDA301-20231116T091500,2023-11-16T09:15:00+00:00,120.0,0,0.0,3,9,0;0;0;0;0;3;0;0;0
CAMHDA301-20231116T121500,2023-11-16T12:15:00+00:00,600.0,1,1.39,2,9,0;0;0;0;0;2;0;0;1
CAMHDA301-20231116T151500,2023-11-16T15:15:00+00:00,120.0,0,0.0,3,9,0;0;0;0;0;3;0;0;0
CAMHDA301-20231116T181500,2023-11-16T18:15:00+00:00,120.0,0,0.0,2,9,0;0;0;0;0;2;0;0;0
CAMHDA301-20231116T211500,2023-11-16T21:15:00+00:00,120.0,0,0.0,0,9,0;0;0;0;0;0;0;0;0
CAMHDA301-20231117T001500,2023-11-17T00:15:00+00:00,120.0,0,0.0,2,9,0;0;0;0;0;2;0;0;0
CAMHDA301-20231117T031500,2023-11-17T03:15:00+00:00,120.0,0,0.0,2,9,0;0;0;0;0;0;0;0;2
CAMHDA301-20231117T061500,2023-11-17T06:15:00+00:00,120.0,0,0.0,2,9,0;0;0;0;0;2;0;0;0
CAMHDA301-20231117T091500,2023-11-17T09:15:00+00:00,120.0,0,0.0,3,9,0;0;0;0;0;3;0;0;0
CAMHDA301-20231117T121500,2023-11-17T12:15:00+00:00,120.0,0,0.0,1,9,0;0;0;0;0;1;0;0;0
CAMHDA301-20231117T151500,2023-11-17T15:15:00+00:00,120.0,0,0.0,0,9,0;0;0;0;0;0;0;0;0
CAMHDA301-20231117T181500,2023-11-17T18:15:00+00:00,120.0,0,0.0,2,9,0;0;0;0;0;2;0;0;0
CAMHDA301-20231117T211500,2023-11-17T21:15:00+00:00,480.0,2,2.78,4,9,0;0;0;0;0;4;2;0;0
CAMHDA301-20231120T001500,2023-11-20T00:15:00+00:00,120.0,0,0.0,1,9,0;0;0;0;0;0;1;0;0
CAMHDA301-20231120T031500,2023-11-20T03:15:00+00:00,120.0,0,0.0,0,9,0;0;0;0;0;0;0;0;0
CAMHDA301-20231120T061500,2023-11-20T06:15:00+00:00,120.0,0,0.0,0,9,0;0;0;0;0;0;0;0;0
CAMHDA301-20231120T091500,2023-11-20T09:15:00+00:00,300.0,2,2.78,4,9,0;0;0;2;2;1;1;4;2
CAMHDA301-20231120T121500,2023-11-20T12:15:00+00:00,120.0,0,0.0,1,9,0;0;0;0;0;1;0;0;0
CAMHDA301-20231120T151500,2023-11-20T15:15:00+00:00,540.0,5,6.94,6,9,0;0;0;0;0;0;1;5;6
CAMHDA301-20231120T181500,2023-11-20T18:15:00+00:00,120.0,2,2.78,2,9,2;2;1;1;2;2;2;1;1
CAMHDA301-20231120T211500,2023-11-20T21:15:00+00:00,360.0,10,13.89,10,9,7;4;5;2;10;10;8;7;7
CAMHDA301-20231121T001500,2023-11-21T00:15:00+00:00,480.0,1,1.39,2,9,0;0;0;0;0;0;1;0;2
CAMHDA301-20231121T031500,2023-11-21T03:15:00+00:00,420.0,3,4.17,6,9,0;0;0;0;0;3;0;0;6
CAMHDA301-20231121T061500,2023-11-21T06:15:00+00:00,120.0,0,0.0,0,9,0;0;0;0;0;0;0;0;0
CAMHDA301-20231121T091500,2023-11-21T09:15:00+00:00,420.0,4,5.56,13,9,0;0;0;0;0;4;0;1;13
CAMHDA301-20231121T121500,2023-11-21T12:15:00+00:00,480.0,2,2.78,5,9,0;0;0;0;0;5;2;0;0
CAMHDA301-20231121T151500,2023-11-21T15:15:00+00:00,120.0,0,0.0,4,9,0;0;0;0;0;4;0;0;0
CAMHDA301-20231121T181500,2023-11-21T18:15:00+00:00,600.0,2,2.78,3,9,0;0;0;0;0;3;0;0;2
CAMHDA301-20231121T211500,2023-11-21T21:15:00+00:00,600.0,1,1.39,2,9,0;0;0;0;0;2;0;0;1
CAMHDA301-20231122T001500,2023-11-22T00:15:00+00:00,480.0,2,2.78,7,9,0;0;0;0;0;7;2;2;1
CAMHDA301-20231122T031500,2023-11-22T03:15:00+00:00,600.0,3,4.17,5,9,0;0;0;0;0;0;0;5;3
CAMHDA301-20231122T061500,2023-11-22T06:15:00+00:00,420.0,2,2.78,3,9,0;0;0;0;0;2;3;2;0
CAMHDA301-20231122T091500,2023-11-22T09:15:00+00:00,420.0,1,1.39,3,9,0;0;0;0;0;1;1;0;3
CAMHDA301-20231122T121500,2023-11-22T12:15:00+00:00,120.0,0,0.0,1,9,0;0;0;0;0;0;0;0;1
CAMHDA301-20231122T151500,2023-11-22T15:15:00+00:00,360.0,2,2.78,8,9,0;0;0;8;2;2;1;2;1
CAMHDA301-20231122T181500,2023-11-22T18:15:00+00:00,180.0,6,8.33,15,9,0;6;15;0;0;0;0;0;0
CAMHDA301-20231122T211500,2023-11-22T21:15:00+00:00,240.0,5,6.94,20,9,0;3;5;20;4;3;2;0;1
CAMHDA301-20231123T001500,2023-11-23T00:15:00+00:00,240.0,5,6.94,13,9,0;4;5;13;1;0;0;0;0
CAMHDA301-20231123T031500,2023-11-23T03:15:00+00:00,240.0,4,5.56,16,9,0;3;4;16;0;0;1;0;2
CAMHDA301-20231123T061500,2023-11-23T06:15:00+00:00,180.0,8,11.11,17,9,0;8;6;17;0;0;0;0;4
CAMHDA301-20231123T091500,2023-11-23T09:15:00+00:00,240.0,8,11.11,15,9,0;2;8;15;1;7;0;0;2
CAMHDA301-20231123T121500,2023-11-23T12:15:00+00:00,240.0,6,8.33,6,9,0;5;6;6;2;5;1;0;2
CAMHDA301-20231123T151500,2023-11-23T15:15:00+00:00,600.0,6,8.33,9,9,0;1;4;9;1;0;0;0;6
CAMHDA301-20231123T181500,2023-11-23T18:15:00+00:00,240.0,4,5.56,14,9,0;1;4;14;3;2;1;0;2
CAMHDA301-20231123T211500,2023-11-23T21:15:00+00:00,180.0,4,5.56,4,9,0;4;3;4;2;4;0;0;3
CAMHDA301-20231124T001500,2023-11-24T00:15:00+00:00,420.0,7,9.72,10,9,0;1;6;10;0;7;0;0;3
CAMHDA301-20231124T031500,2023-11-24T03:15:00+00:00,240.0,1,1.39,6,9,0;0;1;6;0;0;0;0;1
CAMHDA301-20231124T061500,2023-11-24T06:15:00+00:00,300.0,2,2.78,3,9,0;0;0;2;1;3;0;0;1
CAMHDA301-20231124T091500,2023-11-24T09:15:00+00:00,180.0,3,4.17,4,9,0;3;4;0;0;0;0;0;2
CAMHDA301-20231124T121500,2023-11-24T12:15:00+00:00,240.0,3,4.17,3,9,0;2;3;1;1;3;1;0;3
CAMHDA301-20231124T151500,2023-11-24T15:15:00+00:00,180.0,2,2.78,17,9,0;2;0;17;1;1;2;0;0
CAMHDA301-20231124T181500,2023-11-24T18:15:00+00:00,600.0,7,9.72,17,9,0;0;3;17;0;2;1;0;7
CAMHDA301-20231124T211500,2023-11-24T21:15:00+00:00,240.0,4,5.56,17,9,0;2;4;17;4;2;2;0;1
CAMHDA301-20231127T001500,2023-11-27T00:15:00+00:00,120.0,0,0.0,0,9,0;0;0;0;0;0;0;0;0
CAMHDA301-20231127T031500,2023-11-27T03:15:00+00:00,120.0,0,0.0,0,9,0;0;0;0;0;0;0;0;0
CAMHDA301-20231127T061500,2023-11-27T06:15:00+00:00,120.0,0,0.0,0,9,0;0;0;0;0;0;0;0;0
CAMHDA301-20231127T091500,2023-11-27T09:15:00+00:00,120.0,0,0.0,0,9,0;0;0;0;0;0;0;0;0
CAMHDA301-20231127T121500,2023-11-27T12:15:00+00:00,120.0,0,0.0,0,9,0;0;0;0;0;0;0;0;0
CAMHDA301-20231127T151500,2023-11-27T15:15:00+00:00,120.0,0,0.0,0,9,0;0;0;0;0;0;0;0;0
CAMHDA301-20231127T181500,2023-11-27T18:15:00+00:00,120.0,0,0.0,0,9,0;0;0;0;0;0;0;0;0
CAMHDA301-20231127T211500,2023-11-27T21:15:00+00:00,120.0,0,0.0,0,9,0;0;0;0;0;0;0;0;0
CAMHDA301-20231128T001500,2023-11-28T00:15:00+00:00,120.0,0,0.0,0,9,0;0;0;0;0;0;0;0;0
CAMHDA301-20231128T031500,2023-11-28T03:15:00+00:00,120.0,0,0.0,0,9,0;0;0;0;0;0;0;0;0
CAMHDA301-20231128T061500,2023-11-28T06:15:00+00:00,120.0,0,0.0,0,9,0;0;0;0;0;0;0;0;0
CAMHDA301-20231128T091500,2023-11-28T09:15:00+00:00,120.0,0,0.0,0,9,0;0;0;0;0;0;0;0;0
CAMHDA301-20231128T121500,2023-11-28T12:15:00+00:00,120.0,0,0.0,0,9,0;0;0;0;0;0;0;0;0
CAMHDA301-20231128T151500,2023-11-28T15:15:00+00:00,120.0,0,0.0,0,9,0;0;0;0;0;0;0;0;0
CAMHDA301-20231128T181500,2023-11-28T18:15:00+00:00,120.0,0,0.0,0,9,0;0;0;0;0;0;0;0;0
CAMHDA301-20231128T211500,2023-11-28T21:15:00+00:00,120.0,0,0.0,0,9,0;0;0;0;0;0;0;0;0
CAMHDA301-20231129T001500,2023-11-29T00:15:00+00:00,120.0,0,0.0,0,9,0;0;0;0;0;0;0;0;0
CAMHDA301-20231129T031500,2023-11-29T03:15:00+00:00,120.0,0,0.0,0,9,0;0;0;0;0;0;0;0;0
CAMHDA301-20231129T061500,2023-11-29T06:15:00+00:00,120.0,0,0.0,0,9,0;0;0;0;0;0;0;0;0
CAMHDA301-20231129T091500,2023-11-29T09:15:00+00:00,120.0,0,0.0,0,9,0;0;0;0;0;0;0;0;0
CAMHDA301-20231129T121500,2023-11-29T12:15:00+00:00,120.0,0,0.0,0,9,0;0;0;0;0;0;0;0;0
CAMHDA301-20231129T151500,2023-11-29T15:15:00+00:00,120.0,0,0.0,0,9,0;0;0;0;0;0;0;0;0
CAMHDA301-20231129T181500,2023-11-29T18:15:00+00:00,120.0,0,0.0,0,9,0;0;0;0;0;0;0;0;0
CAMHDA301-20231129T211500,2023-11-29T21:15:00+00:00,120.0,0,0.0,0,9,0;0;0;0;0;0;0;0;0
CAMHDA301-20231130T001500,2023-11-30T00:15:00+00:00,120.0,0,0.0,0,9,0;0;0;0;0;0;0;0;0
CAMHDA301-20231130T031500,2023-11-30T03:15:00+00:00,120.0,0,0.0,0,9,0;0;0;0;0;0;0;0;0
CAMHDA301-20231130T061500,2023-11-30T06:15:00+00:00,120.0,0,0.0,0,9,0;0;0;0;0;0;0;0;0
CAMHDA301-20231130T091500,2023-11-30T09:15:00+00:00,120.0,0,0.0,0,9,0;0;0;0;0;0;0;0;0
CAMHDA301-20231130T121500,2023-11-30T12:15:00+00:00,120.0,0,0.0,0,9,0;0;0;0;0;0;0;0;0
CAMHDA301-20231130T151500,2023-11-30T15:15:00+00:00,120.0,0,0.0,0,9,0;0;0;0;0;0;0;0;0
CAMHDA301-20231130T181500,2023-11-30T18:15:00+00:00,120.0,0,0.0,0,9,0;0;0;0;0;0;0;0;0
CAMHDA301-20231130T211500,2023-11-30T21:15:00+00:00,120.0,0,0.0,0,9,0;0;0;0;0;0;0;0;0
CAMHDA301-20231201T031500,2023-12-01T03:15:00+00:00,120.0,0,0.0,0,9,0;0;0;0;0;0;0;0;0
CAMHDA301-20231201T061500,2023-12-01T06:15:00+00:00,120.0,0,0.0,0,9,0;0;0;0;0;0;0;0;0
CAMHDA301-20231201T091500,2023-12-01T09:15:00+00:00,120.0,0,0.0,0,9,0;0;0;0;0;0;0;0;0
CAMHDA301-20231201T121500,2023-12-01T12:15:00+00:00,120.0,0,0.0,0,9,0;0;0;0;0;0;0;0;0
CAMHDA301-20231201T151500,2023-12-01T15:15:00+00:00,120.0,0,0.0,0,9,0;0;0;0;0;0;0;0;0
CAMHDA301-20231201T181500,2023-12-01T18:15:00+00:00,120.0,0,0.0,0,9,0;0;0;0;0;0;0;0;0
CAMHDA301-20231201T211500,2023-12-01T21:15:00+00:00,120.0,0,0.0,0,9,0;0;0;0;0;0;0;0;0
CAMHDA301-20231204T001500,2023-12-04T00:15:00+00:00,120.0,0,0.0,0,9,0;0;0;0;0;0;0;0;0
CAMHDA301-20231204T031500,2023-12-04T03:15:00+00:00,120.0,0,0.0,0,9,0;0;0;0;0;0;0;0;0
CAMHDA301-20231204T061500,2023-12-04T06:15:00+00:00,120.0,0,0.0,0,9,0;0;0;0;0;0;0;0;0
CAMHDA301-20231204T091500,2023-12-04T09:15:00+00:00,120.0,0,0.0,0,9,0;0;0;0;0;0;0;0;0
CAMHDA301-20231204T121500,2023-12-04T12:15:00+00:00,120.0,0,0.0,0,9,0;0;0;0;0;0;0;0;0
CAMHDA301-20231204T151500,2023-12-04T15:15:00+00:00,120.0,0,0.0,0,9,0;0;0;0;0;0;0;0;0
CAMHDA301-20231204T181500,2023-12-04T18:15:00+00:00,120.0,0,0.0,0,9,0;0;0;0;0;0;0;0;0
CAMHDA301-20231204T211500,2023-12-04T21:15:00+00:00,120.0,0,0.0,0,9,0;0;0;0;0;0;0;0;0
CAMHDA301-20231205T001500,2023-12-05T00:15:00+00:00,120.0,0,0.0,0,9,0;0;0;0;0;0;0;0;0
CAMHDA301-20231205T031500,2023-12-05T03:15:00+00:00,120.0,0,0.0,0,9,0;0;0;0;0;0;0;0;0
CAMHDA301-20231205T061500,2023-12-05T06:15:00+00:00,120.0,0,0.0,0,9,0;0;0;0;0;0;0;0;0
CAMHDA301-20231205T091500,2023-12-05T09:15:00+00:00,120.0,0,0.0,0,9,0;0;0;0;0;0;0;0;0
CAMHDA301-20231205T121500,2023-12-05T12:15:00+00:00,120.0,0,0.0,0,9,0;0;0;0;0;0;0;0;0
CAMHDA301-20231205T151500,2023-12-05T15:15:00+00:00,120.0,0,0.0,0,9,0;0;0;0;0;0;0;0;0
CAMHDA301-20231205T181500,2023-12-05T18:15:00+00:00,120.0,0,0.0,0,9,0;0;0;0;0;0;0;0;0
CAMHDA301-20231205T211500,2023-12-05T21:15:00+00:00,120.0,0,0.0,0,9,0;0;0;0;0;0;0;0;0
CAMHDA301-20231206T001500,2023-12-06T00:15:00+00:00,120.0,0,0.0,0,9,0;0;0;0;0;0;0;0;0
CAMHDA301-20231206T031500,2023-12-06T03:15:00+00:00,120.0,0,0.0,0,9,0;0;0;0;0;0;0;0;0
CAMHDA301-20231206T061500,2023-12-06T06:15:00+00:00,120.0,0,0.0,0,9,0;0;0;0;0;0;0;0;0
CAMHDA301-20231206T091500,2023-12-06T09:15:00+00:00,120.0,0,0.0,0,9,0;0;0;0;0;0;0;0;0
CAMHDA301-20231206T121500,2023-12-06T12:15:00+00:00,120.0,0,0.0,0,9,0;0;0;0;0;0;0;0;0
CAMHDA301-20231206T151500,2023-12-06T15:15:00+00:00,120.0,0,0.0,0,9,0;0;0;0;0;0;0;0;0
CAMHDA301-20231206T181500,2023-12-06T18:15:00+00:00,120.0,0,0.0,0,9,0;0;0;0;0;0;0;0;0
CAMHDA301-20231206T211500,2023-12-06T21:15:00+00:00,120.0,0,0.0,0,9,0;0;0;0;0;0;0;0;0
CAMHDA301-20231207T001500,2023-12-07T00:15:00+00:00,120.0,0,0.0,0,9,0;0;0;0;0;0;0;0;0
CAMHDA301-20231207T031500,2023-12-07T03:15:00+00:00,120.0,0,0.0,0,9,0;0;0;0;0;0;0;0;0
CAMHDA301-20231207T061500,2023-12-07T06:15:00+00:00,120.0,0,0.0,0,9,0;0;0;0;0;0;0;0;0
CAMHDA301-20231207T091500,2023-12-07T09:15:00+00:00,120.0,0,0.0,0,9,0;0;0;0;0;0;0;0;0
CAMHDA301-20231207T121500,2023-12-07T12:15:00+00:00,120.0,0,0.0,0,9,0;0;0;0;0;0;0;0;0
CAMHDA301-20231207T151500,2023-12-07T15:15:00+00:00,120.0,0,0.0,0,9,0;0;0;0;0;0;0;0;0
CAMHDA301-20231207T181500,2023-12-07T18:15:00+00:00,120.0,0,0.0,0,9,0;0;0;0;0;0;0;0;0
CAMHDA301-20231207T211500,2023-12-07T21:15:00+00:00,120.0,0,0.0,0,9,0;0;0;0;0;0;0;0;0
CAMHDA301-20231208T001500,2023-12-08T00:15:00+00:00,120.0,0,0.0,0,9,0;0;0;0;0;0;0;0;0
CAMHDA301-20231208T031500,2023-12-08T03:15:00+00:00,120.0,0,0.0,0,9,0;0;0;0;0;0;0;0;0
CAMHDA301-20231208T061500,2023-12-08T06:15:00+00:00,120.0,0,0.0,0,9,0;0;0;0;0;0;0;0;0
CAMHDA301-20231208T091500,2023-12-08T09:15:00+00:00,120.0,0,0.0,0,9,0;0;0;0;0;0;0;0;0
CAMHDA301-20231208T121500,2023-12-08T12:15:00+00:00,120.0,0,0.0,0,9,0;0;0;0;0;0;0;0;0
CAMHDA301-20231208T151500,2023-12-08T15:15:00+00:00,120.0,0,0.0,0,9,0;0;0;0;0;0;0;0;0
CAMHDA301-20231208T181500,2023-12-08T18:15:00+00:00,120.0,0,0.0,0,9,0;0;0;0;0;0;0;0;0
CAMHDA301-20231208T211500,2023-12-08T21:15:00+00:00,120.0,0,0.0,0,9,0;0;0;0;0;0;0;0;0
CAMHDA301-20231211T001500,2023-12-11T00:15:00+00:00,120.0,0,0.0,0,9,0;0;0;0;0;0;0;0;0
CAMHDA301-20231211T031500,2023-12-11T03:15:00+00:00,120.0,0,0.0,0,9,0;0;0;0;0;0;0;0;0
CAMHDA301-20231211T061500,2023-12-11T06:15:00+00:00,120.0,0,0.0,0,9,0;0;0;0;0;0;0;0;0
CAMHDA301-20231211T091500,2023-12-11T09:15:00+00:00,120.0,0,0.0,0,9,0;0;0;0;0;0;0;0;0
CAMHDA301-20231211T121500,2023-12-11T12:15:00+00:00,120.0,0,0.0,0,9,0;0;0;0;0;0;0;0;0
CAMHDA301-20231211T151500,2023-12-11T15:15:00+00:00,120.0,0,0.0,0,9,0;0;0;0;0;0;0;0;0
CAMHDA301-20231211T181500,2023-12-11T18:15:00+00:00,120.0,0,0.0,0,9,0;0;0;0;0;0;0;0;0
CAMHDA301-20231211T211500,2023-12-11T21:15:00+00:00,120.0,0,0.0,0,9,0;0;0;0;0;0;0;0;0
CAMHDA301-20231212T001500,2023-12-12T00:15:00+00:00,120.0,0,0.0,0,9,0;0;0;0;0;0;0;0;0
CAMHDA301-20231212T031500,2023-12-12T03:15:00+00:00,120.0,0,0.0,0,9,0;0;0;0;0;0;0;0;0
CAMHDA301-20231212T061500,2023-12-12T06:15:00+00:00,120.0,0,0.0,0,9,0;0;0;0;0;0;0;0;0
CAMHDA301-20231212T091500,2023-12-12T09:15:00+00:00,120.0,0,0.0,0,9,0;0;0;0;0;0;0;0;0
CAMHDA301-20231212T121500,2023-12-12T12:15:00+00:00,120.0,0,0.0,0,9,0;0;0;0;0;0;0;0;0
CAMHDA301-20231212T151500,2023-12-12T15:15:00+00:00,120.0,0,0.0,0,9,0;0;0;0;0;0;0;0;0
CAMHDA301-20231212T181500,2023-12-12T18:15:00+00:00,120.0,0,0.0,0,9,0;0;0;0;0;0;0;0;0
CAMHDA301-20231212T211500,2023-12-12T21:15:00+00:00,120.0,0,0.0,0,9,0;0;0;0;0;0;0;0;0
CAMHDA301-20231213T001500,2023-12-13T00:15:00+00:00,120.0,0,0.0,0,9,0;0;0;0;0;0;0;0;0
CAMHDA301-20231213T031500,2023-12-13T03:15:00+00:00,120.0,0,0.0,0,9,0;0;0;0;0;0;0;0;0
CAMHDA301-20231213T061500,2023-12-13T06:15:00+00:00,120.0,0,0.0,0,9,0;0;0;0;0;0;0;0;0
CAMHDA301-20231213T091500,2023-12-13T09:15:00+00:00,120.0,0,0.0,0,9,0;0;0;0;0;0;0;0;0
CAMHDA301-20231213T121500,2023-12-13T12:15:00+00:00,120.0,0,0.0,0,9,0;0;0;0;0;0;0;0;0
CAMHDA301-20231213T151500,2023-12-13T15:15:00+00:00,120.0,0,0.0,0,9,0;0;0;0;0;0;0;0;0
CAMHDA301-20231213T181500,2023-12-13T18:15:00+00:00,120.0,0,0.0,0,9,0;0;0;0;0;0;0;0;0
CAMHDA301-20231213T211500,2023-12-13T21:15:00+00:00,120.0,0,0.0,0,9,0;0;0;0;0;0;0;0;0
CAMHDA301-20231214T001500,2023-12-14T00:15:00+00:00,120.0,0,0.0,0,9,0;0;0;0;0;0;0;0;0
CAMHDA301-20231214T031500,2023-12-14T03:15:00+00:00,120.0,0,0.0,0,9,0;0;0;0;0;0;0;0;0
CAMHDA301-20231214T061500,2023-12-14T06:15:00+00:00,120.0,0,0.0,0,9,0;0;0;0;0;0;0;0;0
CAMHDA301-20231214T091500,2023-12-14T09:15:00+00:00,120.0,0,0.0,0,9,0;0;0;0;0;0;0;0;0
CAMHDA301-20231214T121500,2023-12-14T12:15:00+00:00,120.0,0,0.0,0,9,0;0;0;0;0;0;0;0;0
CAMHDA301-20231214T151500,2023-12-14T15:15:00+00:00,120.0,0,0.0,0,9,0;0;0;0;0;0;0;0;0
CAMHDA301-20231214T181500,2023-12-14T18:15:00+00:00,120.0,0,0.0,0,9,0;0;0;0;0;0;0;0;0
CAMHDA301-20231214T211500,2023-12-14T21:15:00+00:00,120.0,0,0.0,0,9,0;0;0;0;0;0;0;0;0
CAMHDA301-20231215T001500,2023-12-15T00:15:00+00:00,420.0,4,5.56,7,9,0;3;0;7;0;4;0;0;1
CAMHDA301-20231215T031500,2023-12-15T03:15:00+00:00,420.0,2,2.78,6,9,0;0;0;6;0;2;0;0;0
CAMHDA301-20231215T061500,2023-12-15T06:15:00+00:00,420.0,3,4.17,7,9,0;1;0;7;1;3;0;0;1
CAMHDA301-20231215T091500,2023-12-15T09:15:00+00:00,240.0,1,1.39,5,9,0;0;1;5;0;1;0;0;0
CAMHDA301-20231215T121500,2023-12-15T12:15:00+00:00,420.0,2,2.78,3,9,0;1;1;3;1;2;0;0;1
CAMHDA301-20231215T151500,2023-12-15T15:15:00+00:00,240.0,3,4.17,8,9,0;1;3;8;0;2;0;0;1
CAMHDA301-20231215T181500,2023-12-15T18:15:00+00:00,180.0,2,2.78,2,9,0;2;0;0;2;0;0;0;1
CAMHDA301-20231215T211500,2023-12-15T21:15:00+00:00,180.0,4,5.56,5,9,0;4;0;5;0;4;0;0;0
CAMHDA301-20231218T001500,2023-12-18T00:15:00+00:00,240.0,2,2.78,4,9,0;1;2;4;1;2;0;0;0
CAMHDA301-20231218T031500,2023-12-18T03:15:00+00:00,120.0,0,0.0,2,9,0;0;0;0;0;2;0;0;0
CAMHDA301-20231218T061500,2023-12-18T06:15:00+00:00,120.0,0,0.0,1,9,0;0;0;1;0;0;0;0;0
CAMHDA301-20231218T091500,2023-12-18T09:15:00+00:00,120.0,0,0.0,0,9,0;0;0;0;0;0;0;0;0
CAMHDA301-20231218T121500,2023-12-18T12:15:00+00:00,480.0,2,2.78,5,9,0;0;0;5;0;1;2;0;2
CAMHDA301-20231218T151500,2023-12-18T15:15:00+00:00,300.0,2,2.78,4,9,0;0;0;2;1;4;0;0;0
CAMHDA301-20231218T181500,2023-12-18T18:15:00+00:00,420.0,2,2.78,8,9,0;0;0;8;0;2;1;0;1
CAMHDA301-20231218T211500,2023-12-18T21:15:00+00:00,240.0,4,5.56,8,9,0;3;4;8;1;2;0;0;3
CAMHDA301-20231219T001500,2023-12-19T00:15:00+00:00,240.0,3,4.17,9,9,0;0;3;9;0;2;2;0;1
CAMHDA301-20231219T031500,2023-12-19T03:15:00+00:00,120.0,0,0.0,2,9,0;0;0;2;0;0;0;0;0
CAMHDA301-20231219T061500,2023-12-19T06:15:00+00:00,420.0,3,4.17,12,9,0;0;2;12;0;3;0;0;0
CAMHDA301-20231219T091500,2023-12-19T09:15:00+00:00,180.0,1,1.39,2,9,0;1;2;0;1;0;0;0;0
CAMHDA301-20231219T121500,2023-12-19T12:15:00+00:00,420.0,4,5.56,13,9,0;1;1;13;1;4;2;0;3
CAMHDA301-20231219T151500,2023-12-19T15:15:00+00:00,420.0,1,1.39,3,9,0;0;0;0;3;1;1;0;0
CAMHDA301-20231219T181500,2023-12-19T18:15:00+00:00,240.0,1,1.39,7,9,0;0;1;7;0;1;0;0;0
CAMHDA301-20231219T211500,2023-12-19T21:15:00+00:00,120.0,0,0.0,2,9,0;0;0;0;0;0;0;0;2
CAMHDA301-20231220T001500,2023-12-20T00:15:00+00:00,180.0,1,1.39,2,9,0;1;1;2;0;0;1;0;0
CAMHDA301-20231220T031500,2023-12-20T03:15:00+00:00,120.0,1,1.39,3,9,1;0;1;0;1;3;0;1;1
CAMHDA301-20231220T061500,2023-12-20T06:15:00+00:00,240.0,3,4.17,3,9,1;2;3;1;2;3;2;1;2
CAMHDA301-20231220T091500,2023-12-20T09:15:00+00:00,120.0,1,1.39,3,9,1;3;0;0;0;1;0;0;0
CAMHDA301-20231220T121500,2023-12-20T12:15:00+00:00,120.0,0,0.0,0,9,0;0;0;0;0;0;0;0;0
CAMHDA301-20231220T151500,2023-12-20T15:15:00+00:00,420.0,1,1.39,1,9,0;0;0;0;0;1;1;1;1
CAMHDA301-20231220T181500,2023-12-20T18:15:00+00:00,420.0,3,4.17,3,9,1;1;0;0;2;3;1;3;0
CAMHDA301-20231220T211500,2023-12-20T21:15:00+00:00,120.0,1,1.39,1,9,1;0;1;0;0;0;1;0;0
CAMHDA301-20231221T001500,2023-12-21T00:15:00+00:00,240.0,1,1.39,3,9,0;3;1;1;1;0;0;0;0
CAMHDA301-20231221T031500,2023-12-21T03:15:00+00:00,180.0,1,1.39,1,9,0;1;1;1;1;0;0;0;0
CAMHDA301-20231221T061500,2023-12-21T06:15:00+00:00,120.0,0,0.0,4,9,0;0;0;4;0;0;0;0;0
CAMHDA301-20231221T091500,2023-12-21T09:15:00+00:00,240.0,2,2.78,4,9,0;0;2;4;0;0;0;0;1
CAMHDA301-20231221T121500,2023-12-21T12:15:00+00:00,120.0,0,0.0,1,9,0;0;0;0;1;0;0;0;0
CAMHDA301-20231221T151500,2023-12-21T15:15:00+00:00,420.0,4,5.56,8,9,0;0;0;8;2;4;0;0;0
CAMHDA301-20231221T181500,2023-12-21T18:15:00+00:00,300.0,2,2.78,2,9,0;0;0;2;0;2;0;0;2
CAMHDA301-20231221T211500,2023-12-21T21:15:00+00:00,300.0,1,1.39,1,9,0;0;0;1;1;1;0;0;1
CAMHDA301-20231222T001500,2023-12-22T00:15:00+00:00,420.0,2,2.78,3,9,0;0;0;3;0;2;0;0;1
CAMHDA301-20231222T031500,2023-12-22T03:15:00+00:00,120.0,0,0.0,1,9,0;0;0;1;0;0;0;0;0
CAMHDA301-20231222T061500,2023-12-22T06:15:00+00:00,120.0,0,0.0,1,9,0;0;0;1;0;0;0;0;0
CAMHDA301-20231222T091500,2023-12-22T09:15:00+00:00,240.0,2,2.78,2,9,0;0;2;2;0;1;0;0;1
CAMHDA301-20231222T121500,2023-12-22T12:15:00+00:00,420.0,1,1.39,1,9,0;0;0;0;0;1;1;0;0
CAMHDA301-20231222T151500,2023-12-22T15:15:00+00:00,420.0,2,2.78,6,9,0;1;0;6;0;2;0;0;0
CAMHDA301-20231222T181500,2023-12-22T18:15:00+00:00,360.0,1,1.39,4,9,0;0;0;4;1;1;0;0;1
CAMHDA301-20231222T211500,2023-12-22T21:15:00+00:00,240.0,1,1.39,2,9,0;0;1;2;1;0;0;0;1
CAMHDA301-20231225T001500,2023-12-25T00:15:00+00:00,600.0,2,2.78,7,9,0;0;0;7;1;0;0;0;2
CAMHDA301-20231225T031500,2023-12-25T03:15:00+00:00,300.0,1,1.39,1,9,0;0;0;1;0;0;0;0;1
CAMHDA301-20231225T061500,2023-12-25T06:15:00+00:00,420.0,1,1.39,4,9,0;0;0;4;0;1;0;0;1
CAMHDA301-20231225T091500,2023-12-25T09:15:00+00:00,420.0,1,1.39,1,9,0;0;0;0;0;1;1;0;1
CAMHDA301-20231225T121500,2023-12-25T12:15:00+00:00,240.0,1,1.39,4,9,0;0;1;4;0;1;0;0;0
CAMHDA301-20231225T151500,2023-12-25T15:15:00+00:00,300.0,1,1.39,1,9,0;0;0;1;1;0;0;0;0
CAMHDA301-20231225T181500,2023-12-25T18:15:00+00:00,300.0,4,5.56,4,9,0;0;3;4;1;4;0;0;0
CAMHDA301-20231225T211500,2023-12-25T21:15:00+00:00,240.0,1,1.39,1,9,0;0;1;1;0;0;0;0;0
CAMHDA301-20231226T001500,2023-12-26T00:15:00+00:00,300.0,2,2.78,2,9,0;1;0;2;0;2;1;0;0
CAMHDA301-20231226T031500,2023-12-26T03:15:00+00:00,300.0,1,1.39,1,9,0;0;0;1;0;1;1;0;0
CAMHDA301-20231226T061500,2023-12-26T06:15:00+00:00,180.0,1,1.39,2,9,0;1;0;2;0;0;0;0;0
CAMHDA301-20231226T091500,2023-12-26T09:15:00+00:00,420.0,2,2.78,3,9,0;0;0;3;0;2;1;0;0
CAMHDA301-20231226T121500,2023-12-26T12:15:00+00:00,300.0,1,1.39,2,9,0;0;0;1;0;2;0;0;1
CAMHDA301-20231226T151500,2023-12-26T15:15:00+00:00,120.0,0,0.0,0,9,0;0;0;0;0;0;0;0;0
CAMHDA301-20231226T181500,2023-12-26T18:15:00+00:00,300.0,2,2.78,3,9,0;0;1;2;0;3;0;0;0
CAMHDA301-20231226T211500,2023-12-26T21:15:00+00:00,120.0,0,0.0,0,9,0;0;0;0;0;0;0;0;0
CAMHDA301-20231227T001500,2023-12-27T00:15:00+00:00,240.0,1,1.39,3,9,0;0;1;1;0;3;0;0;0
CAMHDA301-20231227T031500,2023-12-27T03:15:00+00:00,120.0,0,0.0,0,9,0;0;0;0;0;0;0;0;0
CAMHDA301-20231227T061500,2023-12-27T06:15:00+00:00,240.0,1,1.39,3,9,0;0;1;3;0;0;1;0;0
CAMHDA301-20231227T091500,2023-12-27T09:15:00+00:00,300.0,2,2.78,3,9,0;0;3;2;0;0;0;0;0
CAMHDA301-20231227T121500,2023-12-27T12:15:00+00:00,240.0,2,2.78,5,9,0;1;2;5;1;2;2;0;0
CAMHDA301-20231227T151500,2023-12-27T15:15:00+00:00,180.0,2,2.78,3,9,0;2;3;0;0;1;0;0;0
CAMHDA301-20231227T181500,2023-12-27T18:15:00+00:00,240.0,1,1.39,1,9,0;0;1;1;0;0;0;0;0
CAMHDA301-20231227T211500,2023-12-27T21:15:00+00:00,480.0,2,2.78,6,9,0;0;1;6;0;0;2;0;0
CAMHDA301-20231228T001500,2023-12-28T00:15:00+00:00,300.0,2,2.78,2,9,0;0;0;2;0;2;1;0;0
CAMHDA301-20231228T031500,2023-12-28T03:15:00+00:00,180.0,1,1.39,2,9,0;1;0;2;0;1;0;0;0
CAMHDA301-20231228T061500,2023-12-28T06:15:00+00:00,300.0,1,1.39,1,9,0;0;0;1;1;0;0;0;0
CAMHDA301-20231228T091500,2023-12-28T09:15:00+00:00,300.0,1,1.39,1,9,0;0;0;1;1;0;0;0;0
CAMHDA301-20231228T121500,2023-12-28T12:15:00+00:00,420.0,2,2.78,4,9,0;0;0;4;0;2;0;0;0
CAMHDA301-20231228T151500,2023-12-28T15:15:00+00:00,300.0,1,1.39,1,9,0;0;0;1;0;1;0;0;0
CAMHDA301-20231228T181500,2023-12-28T18:15:00+00:00,120.0,0,0.0,3,9,0;0;3;0;0;0;0;0;0
CAMHDA301-20231228T211500,2023-12-28T21:15:00+00:00,300.0,1,1.39,2,9,0;0;0;1;0;2;0;0;0
CAMHDA301-20231229T001500,2023-12-29T00:15:00+00:00,180.0,1,1.39,1,9,0;1;0;0;1;0;0;0;1
CAMHDA301-20231229T031500,2023-12-29T03:15:00+00:00,420.0,2,2.78,4,9,0;0;0;4;0;2;0;0;0
CAMHDA301-20231229T061500,2023-12-29T06:15:00+00:00,120.0,0,0.0,1,9,0;0;0;0;1;0;0;0;0
CAMHDA301-20231229T091500,2023-12-29T09:15:00+00:00,240.0,3,4.17,4,9,0;0;3;1;0;4;0;0;1
CAMHDA301-20231229T121500,2023-12-29T12:15:00+00:00,180.0,1,1.39,2,9,0;1;0;2;0;0;0;0;0
CAMHDA301-20231229T151500,2023-12-29T15:15:00+00:00,300.0,2,2.78,2,9,0;1;1;2;0;2;1;0;1
CAMHDA301-20231229T181500,2023-12-29T18:15:00+00:00,420.0,1,1.39,4,9,0;0;0;4;0;1;0;0;0
CAMHDA301-20231229T211500,2023-12-29T21:15:00+00:00,360.0,1,1.39,2,9,0;0;0;2;1;1;0;0;1
