ym,ts,n_frames,n_black,sharp_median,sharp_p90,sharp_max,brightness,contrast,note,path
2015-07,20150709T121400,0,0,,,,,,corrupt/no-duration,/home/jovyan/ooi/san_data/RS03ASHS-PN03B-06-CAMHDA301/2015/07/09/CAMHDA301-20150709T121400Z.mp4
2015-07,20150711T003200,0,0,,,,,,corrupt/no-duration,/home/jovyan/ooi/san_data/RS03ASHS-PN03B-06-CAMHDA301/2015/07/11/CAMHDA301-20150711T003200Z.mp4
2015-07,20150715T213637,5,3,620.4,1944.1,2753.6,87.85,48.59,,/home/jovyan/ooi/san_data/RS03ASHS-PN03B-06-CAMHDA301/2015/07/15/CAMHDA301-20150715T213637Z.mp4
2015-07,20150716T010015,8,0,953.1,953.3,953.4,96.44,55.74,,/home/jovyan/ooi/san_data/RS03ASHS-PN03B-06-CAMHDA301/2015/07/16/CAMHDA301-20150716T010015Z_01.mp4
2015-07,20150713T181200,8,0,290.2,439.0,592.2,91.82,41.93,,/home/jovyan/ooi/san_data/RS03ASHS-PN03B-06-CAMHDA301/2015/07/13/CAMHDA301-20150713T181200Z.mp4
2015-07,20150727T230015,8,0,407.6,992.2,1106.7,97.64,41.12,,/home/jovyan/ooi/san_data/RS03ASHS-PN03B-06-CAMHDA301/2015/07/27/CAMHDA301-20150727T230015Z.mp4
2015-07,20150724T212015,8,0,417.1,527.1,747.3,110.62,46.97,,/home/jovyan/ooi/san_data/RS03ASHS-PN03B-06-CAMHDA301/2015/07/24/CAMHDA301-20150724T212015Z.mp4
2015-07,20150728T001515,8,0,436.7,1089.6,1184.2,98.04,42.03,,/home/jovyan/ooi/san_data/RS03ASHS-PN03B-06-CAMHDA301/2015/07/28/CAMHDA301-20150728T001515Z.mp4
2015-07,20150724T220057,8,0,144.0,404.4,412.5,99.39,36.58,,/home/jovyan/ooi/san_data/RS03ASHS-PN03B-06-CAMHDA301/2015/07/24/CAMHDA301-20150724T220057Z.mp4
2015-07,20150725T231053,8,0,253.9,409.6,495.4,98.68,36.98,,/home/jovyan/ooi/san_data/RS03ASHS-PN03B-06-CAMHDA301/2015/07/25/CAMHDA301-20150725T231053Z.mp4
2015-07,20150710T183300,8,0,402.3,879.1,948.0,98.24,46.94,,/home/jovyan/ooi/san_data/RS03ASHS-PN03B-06-CAMHDA301/2015/07/10/CAMHDA301-20150710T183300Z.mp4
2015-08,20150804T173021,8,0,387.9,603.6,830.8,93.77,41.22,,/home/jovyan/ooi/san_data/RS03ASHS-PN03B-06-CAMHDA301/2015/08/04/CAMHDA301-20150804T173021Z.mp4
2015-07,20150723T162100,8,0,728.2,756.8,778.3,109.68,62.03,,/home/jovyan/ooi/san_data/RS03ASHS-PN03B-06-CAMHDA301/2015/07/23/CAMHDA301-20150723T162100Z.mp4
2015-08,20150804T180021,8,0,475.1,796.4,1173.6,96.04,40.88,,/home/jovyan/ooi/san_data/RS03ASHS-PN03B-06-CAMHDA301/2015/08/04/CAMHDA301-20150804T180021Z.mp4
2015-08,20150804T183021,8,0,240.4,515.6,766.5,99.50,37.96,,/home/jovyan/ooi/san_data/RS03ASHS-PN03B-06-CAMHDA301/2015/08/04/CAMHDA301-20150804T183021Z.mp4
2015-08,20150805T070015,8,0,337.4,853.9,952.7,97.04,41.07,,/home/jovyan/ooi/san_data/RS03ASHS-PN03B-06-CAMHDA301/2015/08/05/CAMHDA301-20150805T070015Z.mp4
2015-08,20150804T220020,8,0,326.3,419.5,484.2,100.27,36.77,,/home/jovyan/ooi/san_data/RS03ASHS-PN03B-06-CAMHDA301/2015/08/04/CAMHDA301-20150804T220020Z.mp4
2015-09,20150902T070020,8,0,274.4,435.5,519.8,95.06,37.44,,/home/jovyan/ooi/san_data/RS03ASHS-PN03B-06-CAMHDA301/2015/09/02/CAMHDA301-20150902T070020Z.mp4
2015-08,20150805T130015,8,0,277.8,691.0,985.4,97.67,39.42,,/home/jovyan/ooi/san_data/RS03ASHS-PN03B-06-CAMHDA301/2015/08/05/CAMHDA301-20150805T130015Z.mp4
2015-08,20150805T100015,8,0,611.4,992.4,1085.0,102.87,46.39,,/home/jovyan/ooi/san_data/RS03ASHS-PN03B-06-CAMHDA301/2015/08/05/CAMHDA301-20150805T100015Z.mp4
2015-08,20150805T160019,8,0,597.5,1089.8,1320.2,94.85,42.78,,/home/jovyan/ooi/san_data/RS03ASHS-PN03B-06-CAMHDA301/2015/08/05/CAMHDA301-20150805T160019Z.mp4
2015-08,20150805T010020,8,0,369.2,614.3,915.8,94.50,40.89,,/home/jovyan/ooi/san_data/RS03ASHS-PN03B-06-CAMHDA301/2015/08/05/CAMHDA301-20150805T010020Z.mp4
2015-08,20150826T220017,8,0,242.3,538.4,802.1,97.35,35.48,,/home/jovyan/ooi/san_data/RS03ASHS-PN03B-06-CAMHDA301/2015/08/26/CAMHDA301-20150826T220017Z.mp4
2015-08,20150825T210019,8,0,229.2,542.3,858.7,96.21,36.06,,/home/jovyan/ooi/san_data/RS03ASHS-PN03B-06-CAMHDA301/2015/08/25/CAMHDA301-20150825T210019Z.mp4
2015-08,20150827T040020,8,0,341.2,499.8,508.1,98.12,35.75,,/home/jovyan/ooi/san_data/RS03ASHS-PN03B-06-CAMHDA301/2015/08/27/CAMHDA301-20150827T040020Z.mp4
2015-09,20150902T160020,8,0,231.4,410.3,510.3,99.44,34.45,,/home/jovyan/ooi/san_data/RS03ASHS-PN03B-06-CAMHDA301/2015/09/02/CAMHDA301-20150902T160020Z.mp4
2015-09,20150903T040020,8,0,388.0,693.7,705.5,97.74,36.95,,/home/jovyan/ooi/san_data/RS03ASHS-PN03B-06-CAMHDA301/2015/09/03/CAMHDA301-20150903T040020Z.mp4
2015-09,20150909T060021,8,0,264.2,452.2,496.1,98.54,36.04,,/home/jovyan/ooi/san_data/RS03ASHS-PN03B-06-CAMHDA301/2015/09/09/CAMHDA301-20150909T060021Z.mp4
2015-09,20150909T180020,8,0,236.2,392.2,437.6,98.51,33.90,,/home/jovyan/ooi/san_data/RS03ASHS-PN03B-06-CAMHDA301/2015/09/09/CAMHDA301-20150909T180020Z.mp4
2015-09,20150916T120020,8,0,234.6,406.8,553.0,94.92,37.02,,/home/jovyan/ooi/san_data/RS03ASHS-PN03B-06-CAMHDA301/2015/09/16/CAMHDA301-20150916T120020Z.mp4
2015-09,20150923T210020,8,0,290.9,443.2,641.7,92.38,34.89,,/home/jovyan/ooi/san_data/RS03ASHS-PN03B-06-CAMHDA301/2015/09/23/CAMHDA301-20150923T210020Z.mp4
2015-09,20150916T030020,8,0,129.3,287.2,354.9,98.97,29.21,,/home/jovyan/ooi/san_data/RS03ASHS-PN03B-06-CAMHDA301/2015/09/16/CAMHDA301-20150916T030020Z_01.mp4
2015-09,20150930T210020,8,0,225.5,417.5,521.9,96.99,35.74,,/home/jovyan/ooi/san_data/RS03ASHS-PN03B-06-CAMHDA301/2015/09/30/CAMHDA301-20150930T210020Z.mp4
2015-09,20150923T000020,8,0,263.6,405.8,514.1,94.96,37.39,,/home/jovyan/ooi/san_data/RS03ASHS-PN03B-06-CAMHDA301/2015/09/23/CAMHDA301-20150923T000020Z.mp4
2015-09,20150930T090021,8,0,260.0,370.7,431.4,94.22,36.51,,/home/jovyan/ooi/san_data/RS03ASHS-PN03B-06-CAMHDA301/2015/09/30/CAMHDA301-20150930T090021Z.mp4
2015-09,20150923T120021,8,0,186.3,328.6,349.1,97.11,32.36,,/home/jovyan/ooi/san_data/RS03ASHS-PN03B-06-CAMHDA301/2015/09/23/CAMHDA301-20150923T120021Z.mp4
2015-10,20151007T000020,8,0,409.5,575.5,637.5,97.00,37.54,,/home/jovyan/ooi/san_data/RS03ASHS-PN03B-06-CAMHDA301/2015/10/07/CAMHDA301-20151007T000020Z.mp4
2015-10,20151007T060020,8,0,303.7,436.9,656.9,94.20,41.48,,/home/jovyan/ooi/san_data/RS03ASHS-PN03B-06-CAMHDA301/2015/10/07/CAMHDA301-20151007T060020Z.mp4
2015-10,20151014T090020,8,0,175.0,359.9,556.9,96.70,35.51,,/home/jovyan/ooi/san_data/RS03ASHS-PN03B-06-CAMHDA301/2015/10/14/CAMHDA301-20151014T090020Z.mp4
2015-10,20151007T150020,8,0,264.6,693.8,696.8,99.08,36.20,,/home/jovyan/ooi/san_data/RS03ASHS-PN03B-06-CAMHDA301/2015/10/07/CAMHDA301-20151007T150020Z.mp4
2015-10,20151014T180021,8,0,276.1,556.1,556.2,95.65,37.65,,/home/jovyan/ooi/san_data/RS03ASHS-PN03B-06-CAMHDA301/2015/10/14/CAMHDA301-20151014T180021Z.mp4
2015-10,20151021T030020,8,0,314.2,442.2,467.4,91.63,38.09,,/home/jovyan/ooi/san_data/RS03ASHS-PN03B-06-CAMHDA301/2015/10/21/CAMHDA301-20151021T030020Z.mp4
2015-10,20151014T000020,8,0,235.7,608.6,689.3,93.14,38.01,,/home/jovyan/ooi/san_data/RS03ASHS-PN03B-06-CAMHDA301/2015/10/14/CAMHDA301-20151014T000020Z.mp4
2015-10,20151021T210020,8,0,291.7,433.7,552.6,91.44,38.01,,/home/jovyan/ooi/san_data/RS03ASHS-PN03B-06-CAMHDA301/2015/10/21/CAMHDA301-20151021T210020Z.mp4
2015-10,20151021T120020,8,0,263.8,513.8,543.2,95.74,37.56,,/home/jovyan/ooi/san_data/RS03ASHS-PN03B-06-CAMHDA301/2015/10/21/CAMHDA301-20151021T120020Z.mp4
2015-10,20151028T120020,8,0,227.3,1046.4,1383.8,102.72,41.30,,/home/jovyan/ooi/san_data/RS03ASHS-PN03B-06-CAMHDA301/2015/10/28/CAMHDA301-20151028T120020Z_01.mp4
2015-10,20151028T210020,8,0,166.9,216.8,290.9,98.51,32.95,,/home/jovyan/ooi/san_data/RS03ASHS-PN03B-06-CAMHDA301/2015/10/28/CAMHDA301-20151028T210020Z.mp4
2015-11,20151104T000020,8,0,438.6,1029.8,1476.6,109.93,42.96,,/home/jovyan/ooi/san_data/RS03ASHS-PN03B-06-CAMHDA301/2015/11/04/CAMHDA301-20151104T000020Z.mp4
2015-10,20151028T060020,8,0,172.0,634.0,957.7,96.64,36.76,,/home/jovyan/ooi/san_data/RS03ASHS-PN03B-06-CAMHDA301/2015/10/28/CAMHDA301-20151028T060020Z.mp4
2015-11,20151111T030020,8,0,274.4,458.5,621.4,95.05,38.26,,/home/jovyan/ooi/san_data/RS03ASHS-PN03B-06-CAMHDA301/2015/11/11/CAMHDA301-20151111T030020Z.mp4
2015-11,20151120T210000,8,0,162.6,547.2,799.9,89.15,39.87,,/home/jovyan/ooi/san_data/RS03ASHS-PN03B-06-CAMHDA301/2015/11/20/CAMHDA301-20151120T210000Z.mp4
2015-11,20151118T060020,8,0,374.5,527.1,711.6,96.15,38.76,,/home/jovyan/ooi/san_data/RS03ASHS-PN03B-06-CAMHDA301/2015/11/18/CAMHDA301-20151118T060020Z.mp4
2015-11,20151123T180000,8,0,177.1,261.9,283.2,90.63,38.48,,/home/jovyan/ooi/san_data/RS03ASHS-PN03B-06-CAMHDA301/2015/11/23/CAMHDA301-20151123T180000Z.mp4
2015-11,20151122T120000,8,0,218.9,288.5,309.7,93.58,37.93,,/home/jovyan/ooi/san_data/RS03ASHS-PN03B-06-CAMHDA301/2015/11/22/CAMHDA301-20151122T120000Z.mp4
2015-11,20151126T030000,8,0,155.7,307.9,399.8,90.71,37.81,,/home/jovyan/ooi/san_data/RS03ASHS-PN03B-06-CAMHDA301/2015/11/26/CAMHDA301-20151126T030000Z.mp4
2015-11,20151127T060000,8,0,132.1,392.1,406.7,89.76,38.30,,/home/jovyan/ooi/san_data/RS03ASHS-PN03B-06-CAMHDA301/2015/11/27/CAMHDA301-20151127T060000Z.mp4
2015-11,20151124T210000,8,0,118.5,322.1,514.1,90.37,37.88,,/home/jovyan/ooi/san_data/RS03ASHS-PN03B-06-CAMHDA301/2015/11/24/CAMHDA301-20151124T210000Z.mp4
2015-11,20151128T120000,8,0,153.4,244.9,291.2,90.40,38.01,,/home/jovyan/ooi/san_data/RS03ASHS-PN03B-06-CAMHDA301/2015/11/28/CAMHDA301-20151128T120000Z.mp4
2015-11,20151129T150000,8,0,141.2,210.4,227.5,93.27,36.73,,/home/jovyan/ooi/san_data/RS03ASHS-PN03B-06-CAMHDA301/2015/11/29/CAMHDA301-20151129T150000Z.mp4
2015-12,20151213T120000,8,0,139.4,219.0,236.1,92.36,36.65,,/home/jovyan/ooi/san_data/RS03ASHS-PN03B-06-CAMHDA301/2015/12/13/CAMHDA301-20151213T120000Z.mp4
2015-12,20151217T150000,8,0,133.8,176.0,182.7,91.40,36.18,,/home/jovyan/ooi/san_data/RS03ASHS-PN03B-06-CAMHDA301/2015/12/17/CAMHDA301-20151217T150000Z.mp4
2015-11,20151130T210000,8,0,74.0,115.9,165.0,92.09,35.38,,/home/jovyan/ooi/san_data/RS03ASHS-PN03B-06-CAMHDA301/2015/11/30/CAMHDA301-20151130T210000Z.mp4
2015-12,20151215T120000,8,0,131.5,273.1,381.4,91.57,38.11,,/home/jovyan/ooi/san_data/RS03ASHS-PN03B-06-CAMHDA301/2015/12/15/CAMHDA301-20151215T120000Z.mp4
2015-12,20151201T210000,8,0,90.5,185.0,185.8,89.88,37.63,,/home/jovyan/ooi/san_data/RS03ASHS-PN03B-06-CAMHDA301/2015/12/01/CAMHDA301-20151201T210000Z.mp4
2015-12,20151203T210000,8,0,89.9,168.5,196.0,92.13,35.50,,/home/jovyan/ooi/san_data/RS03ASHS-PN03B-06-CAMHDA301/2015/12/03/CAMHDA301-20151203T210000Z.mp4
2015-12,20151219T150000,8,0,124.9,153.4,172.7,91.75,36.25,,/home/jovyan/ooi/san_data/RS03ASHS-PN03B-06-CAMHDA301/2015/12/19/CAMHDA301-20151219T150000Z.mp4
2015-12,20151221T150000,8,0,85.3,120.1,149.7,90.25,36.62,,/home/jovyan/ooi/san_data/RS03ASHS-PN03B-06-CAMHDA301/2015/12/21/CAMHDA301-20151221T150000Z.mp4
2015-12,20151223T150000,8,0,81.6,112.2,142.9,90.90,35.10,,/home/jovyan/ooi/san_data/RS03ASHS-PN03B-06-CAMHDA301/2015/12/23/CAMHDA301-20151223T150000Z.mp4
2015-12,20151225T180000,8,0,83.6,132.0,142.6,92.36,35.85,,/home/jovyan/ooi/san_data/RS03ASHS-PN03B-06-CAMHDA301/2015/12/25/CAMHDA301-20151225T180000Z.mp4
2015-12,20151229T180000,8,0,118.5,186.2,212.4,91.30,36.43,,/home/jovyan/ooi/san_data/RS03ASHS-PN03B-06-CAMHDA301/2015/12/29/CAMHDA301-20151229T180000Z.mp4
2015-12,20151227T180000,8,0,83.8,131.9,162.1,90.92,36.79,,/home/jovyan/ooi/san_data/RS03ASHS-PN03B-06-CAMHDA301/2015/12/27/CAMHDA301-20151227T180000Z.mp4
2016-01,20160126T150000,0,0,,,,,,corrupt/no-duration,/home/jovyan/ooi/san_data/RS03ASHS-PN03B-06-CAMHDA301/2016/01/26/CAMHDA301-20160126T150000Z.mp4
2016-01,20160101T000000,8,0,127.0,194.7,223.5,90.26,36.74,,/home/jovyan/ooi/san_data/RS03ASHS-PN03B-06-CAMHDA301/2016/01/01/CAMHDA301-20160101T000000Z.mp4
2015-12,20151231T210000,8,0,124.4,243.5,341.8,91.56,37.28,,/home/jovyan/ooi/san_data/RS03ASHS-PN03B-06-CAMHDA301/2015/12/31/CAMHDA301-20151231T210000Z.mp4
2016-01,20160103T090000,8,0,125.6,183.9,210.4,91.52,37.73,,/home/jovyan/ooi/san_data/RS03ASHS-PN03B-06-CAMHDA301/2016/01/03/CAMHDA301-20160103T090000Z.mp4
2016-01,20160116T210000,8,0,225.5,347.9,355.7,87.75,41.93,,/home/jovyan/ooi/san_data/RS03ASHS-PN03B-06-CAMHDA301/2016/01/16/CAMHDA301-20160116T210000Z.mp4
2016-01,20160121T180000,8,0,253.9,418.3,469.1,91.24,38.30,,/home/jovyan/ooi/san_data/RS03ASHS-PN03B-06-CAMHDA301/2016/01/21/CAMHDA301-20160121T180000Z.mp4
2016-01,20160109T150000,8,0,212.6,323.6,326.3,87.18,42.77,,/home/jovyan/ooi/san_data/RS03ASHS-PN03B-06-CAMHDA301/2016/01/09/CAMHDA301-20160109T150000Z.mp4
2016-01,20160112T000000,8,0,192.2,269.7,325.3,88.32,40.79,,/home/jovyan/ooi/san_data/RS03ASHS-PN03B-06-CAMHDA301/2016/01/12/CAMHDA301-20160112T000000Z.mp4
2016-01,20160114T120000,8,0,197.5,285.8,305.5,86.24,42.93,,/home/jovyan/ooi/san_data/RS03ASHS-PN03B-06-CAMHDA301/2016/01/14/CAMHDA301-20160114T120000Z.mp4
2016-01,20160129T030000,8,0,219.2,318.3,453.6,89.18,39.58,,/home/jovyan/ooi/san_data/RS03ASHS-PN03B-06-CAMHDA301/2016/01/29/CAMHDA301-20160129T030000Z.mp4
2016-01,20160119T090000,8,0,300.8,419.8,598.3,87.83,42.05,,/home/jovyan/ooi/san_data/RS03ASHS-PN03B-06-CAMHDA301/2016/01/19/CAMHDA301-20160119T090000Z.mp4
2016-01,20160124T060000,8,0,251.0,345.1,454.2,88.78,41.41,,/home/jovyan/ooi/san_data/RS03ASHS-PN03B-06-CAMHDA301/2016/01/24/CAMHDA301-20160124T060000Z.mp4
2016-01,20160131T150000,8,0,111.1,198.6,200.5,91.83,37.89,,/home/jovyan/ooi/san_data/RS03ASHS-PN03B-06-CAMHDA301/2016/01/31/CAMHDA301-20160131T150000Z.mp4
2016-02,20160204T150000,8,0,147.4,210.3,221.1,87.46,38.83,,/home/jovyan/ooi/san_data/RS03ASHS-PN03B-06-CAMHDA301/2016/02/04/CAMHDA301-20160204T150000Z.mp4
2016-02,20160216T060000,8,0,228.0,354.3,409.7,89.99,40.01,,/home/jovyan/ooi/san_data/RS03ASHS-PN03B-06-CAMHDA301/2016/02/16/CAMHDA301-20160216T060000Z.mp4
2016-02,20160210T090000,8,0,185.4,353.4,485.0,88.92,39.84,,/home/jovyan/ooi/san_data/RS03ASHS-PN03B-06-CAMHDA301/2016/02/10/CAMHDA301-20160210T090000Z.mp4
2016-02,20160207T120000,8,0,134.4,199.4,244.7,89.27,39.17,,/home/jovyan/ooi/san_data/RS03ASHS-PN03B-06-CAMHDA301/2016/02/07/CAMHDA301-20160207T120000Z.mp4
2016-02,20160213T090000,8,0,245.5,363.0,555.7,90.41,40.15,,/home/jovyan/ooi/san_data/RS03ASHS-PN03B-06-CAMHDA301/2016/02/13/CAMHDA301-20160213T090000Z.mp4
2016-02,20160201T210000,8,0,159.1,197.2,242.3,89.05,39.94,,/home/jovyan/ooi/san_data/RS03ASHS-PN03B-06-CAMHDA301/2016/02/01/CAMHDA301-20160201T210000Z.mp4
2016-02,20160219T030000,8,0,129.8,176.9,205.1,87.61,39.89,,/home/jovyan/ooi/san_data/RS03ASHS-PN03B-06-CAMHDA301/2016/02/19/CAMHDA301-20160219T030000Z.mp4
2016-02,20160225T190000,8,0,123.6,137.1,145.5,89.51,36.95,,/home/jovyan/ooi/san_data/RS03ASHS-PN03B-06-CAMHDA301/2016/02/25/CAMHDA301-20160225T190000Z.mp4
2016-02,20160227T010000,8,0,117.0,158.5,162.0,89.12,37.91,,/home/jovyan/ooi/san_data/RS03ASHS-PN03B-06-CAMHDA301/2016/02/27/CAMHDA301-20160227T010000Z.mp4
2016-02,20160229T210000,8,0,179.4,204.0,226.4,90.01,37.92,,/home/jovyan/ooi/san_data/RS03ASHS-PN03B-06-CAMHDA301/2016/02/29/CAMHDA301-20160229T210000Z.mp4
2016-02,20160222T030000,8,0,94.0,178.7,241.1,92.45,37.67,,/home/jovyan/ooi/san_data/RS03ASHS-PN03B-06-CAMHDA301/2016/02/22/CAMHDA301-20160222T030000Z.mp4
2016-02,20160224T130000,8,0,104.4,172.7,217.1,91.33,37.85,,/home/jovyan/ooi/san_data/RS03ASHS-PN03B-06-CAMHDA301/2016/02/24/CAMHDA301-20160224T130000Z.mp4
2016-03,20160301T000000,8,0,176.0,237.4,286.7,90.71,38.49,,/home/jovyan/ooi/san_data/RS03ASHS-PN03B-06-CAMHDA301/2016/03/01/CAMHDA301-20160301T000000Z.mp4
2016-03,20160303T150000,8,0,207.7,422.2,443.4,90.29,39.32,,/home/jovyan/ooi/san_data/RS03ASHS-PN03B-06-CAMHDA301/2016/03/03/CAMHDA301-20160303T150000Z.mp4
2016-03,20160309T000000,8,0,213.5,283.8,355.1,91.43,38.28,,/home/jovyan/ooi/san_data/RS03ASHS-PN03B-06-CAMHDA301/2016/03/09/CAMHDA301-20160309T000000Z.mp4
2016-03,20160315T120000,8,0,175.8,209.3,210.0,89.11,36.69,,/home/jovyan/ooi/san_data/RS03ASHS-PN03B-06-CAMHDA301/2016/03/15/CAMHDA301-20160315T120000Z.mp4
2016-03,20160312T210000,8,0,96.8,221.2,284.5,91.58,37.86,,/home/jovyan/ooi/san_data/RS03ASHS-PN03B-06-CAMHDA301/2016/03/12/CAMHDA301-20160312T210000Z.mp4
2016-03,20160306T060000,8,0,132.2,189.6,210.4,87.16,38.42,,/home/jovyan/ooi/san_data/RS03ASHS-PN03B-06-CAMHDA301/2016/03/06/CAMHDA301-20160306T060000Z.mp4
2016-03,20160329T030000,8,0,228.7,372.7,533.0,86.92,41.15,,/home/jovyan/ooi/san_data/RS03ASHS-PN03B-06-CAMHDA301/2016/03/29/CAMHDA301-20160329T030000Z.mp4
2016-03,20160318T150000,8,0,116.8,224.9,315.3,88.71,41.75,,/home/jovyan/ooi/san_data/RS03ASHS-PN03B-06-CAMHDA301/2016/03/18/CAMHDA301-20160318T150000Z.mp4
2016-03,20160331T210000,8,0,234.9,379.4,404.8,86.89,43.76,,/home/jovyan/ooi/san_data/RS03ASHS-PN03B-06-CAMHDA301/2016/03/31/CAMHDA301-20160331T210000Z.mp4
2016-04,20160401T000000,8,0,222.2,400.3,451.5,85.89,43.63,,/home/jovyan/ooi/san_data/RS03ASHS-PN03B-06-CAMHDA301/2016/04/01/CAMHDA301-20160401T000000Z.mp4
2016-04,20160403T150000,8,0,232.7,406.1,561.4,92.63,41.82,,/home/jovyan/ooi/san_data/RS03ASHS-PN03B-06-CAMHDA301/2016/04/03/CAMHDA301-20160403T150000Z.mp4
2016-03,20160321T060000,8,0,218.1,281.2,308.8,87.87,41.63,,/home/jovyan/ooi/san_data/RS03ASHS-PN03B-06-CAMHDA301/2016/03/21/CAMHDA301-20160321T060000Z.mp4
2016-03,20160326T120000,8,0,118.3,214.3,230.8,87.37,40.58,,/home/jovyan/ooi/san_data/RS03ASHS-PN03B-06-CAMHDA301/2016/03/26/CAMHDA301-20160326T120000Z.mp4
2016-04,20160406T090000,8,0,199.0,354.5,364.6,104.19,39.26,,/home/jovyan/ooi/san_data/RS03ASHS-PN03B-06-CAMHDA301/2016/04/06/CAMHDA301-20160406T090000Z.mp4
2016-03,20160323T210000,8,0,224.0,256.8,281.1,86.42,42.33,,/home/jovyan/ooi/san_data/RS03ASHS-PN03B-06-CAMHDA301/2016/03/23/CAMHDA301-20160323T210000Z.mp4
2016-04,20160417T060000,8,0,222.6,268.9,287.3,89.72,44.16,,/home/jovyan/ooi/san_data/RS03ASHS-PN03B-06-CAMHDA301/2016/04/17/CAMHDA301-20160417T060000Z.mp4
2016-04,20160414T120000,8,0,256.3,399.8,427.1,90.79,45.34,,/home/jovyan/ooi/san_data/RS03ASHS-PN03B-06-CAMHDA301/2016/04/14/CAMHDA301-20160414T120000Z.mp4
2016-04,20160420T000000,8,0,247.5,362.1,475.0,95.56,40.75,,/home/jovyan/ooi/san_data/RS03ASHS-PN03B-06-CAMHDA301/2016/04/20/CAMHDA301-20160420T000000Z.mp4
2016-04,20160422T150000,8,0,301.6,621.4,872.3,102.49,35.57,,/home/jovyan/ooi/san_data/RS03ASHS-PN03B-06-CAMHDA301/2016/04/22/CAMHDA301-20160422T150000Z.mp4
2016-04,20160425T090000,8,0,152.0,255.7,258.3,99.98,33.17,,/home/jovyan/ooi/san_data/RS03ASHS-PN03B-06-CAMHDA301/2016/04/25/CAMHDA301-20160425T090000Z.mp4
2016-04,20160411T180000,8,0,114.5,171.1,234.6,97.10,44.88,,/home/jovyan/ooi/san_data/RS03ASHS-PN03B-06-CAMHDA301/2016/04/11/CAMHDA301-20160411T180000Z.mp4
2016-04,20160409T030000,8,0,118.5,162.6,229.7,105.25,42.33,,/home/jovyan/ooi/san_data/RS03ASHS-PN03B-06-CAMHDA301/2016/04/09/CAMHDA301-20160409T030000Z.mp4
2016-04,20160428T030000,8,0,281.1,394.0,421.9,96.23,44.79,,/home/jovyan/ooi/san_data/RS03ASHS-PN03B-06-CAMHDA301/2016/04/28/CAMHDA301-20160428T030000Z.mp4
2016-04,20160430T210000,8,0,323.0,506.4,697.0,97.19,43.70,,/home/jovyan/ooi/san_data/RS03ASHS-PN03B-06-CAMHDA301/2016/04/30/CAMHDA301-20160430T210000Z.mp4
2016-05,20160503T180000,8,0,220.5,307.3,326.3,94.02,45.55,,/home/jovyan/ooi/san_data/RS03ASHS-PN03B-06-CAMHDA301/2016/05/03/CAMHDA301-20160503T180000Z.mp4
2016-05,20160501T000000,8,0,232.3,587.2,650.8,97.90,42.12,,/home/jovyan/ooi/san_data/RS03ASHS-PN03B-06-CAMHDA301/2016/05/01/CAMHDA301-20160501T000000Z.mp4
2016-05,20160506T120000,8,0,236.7,549.0,788.5,91.91,38.03,,/home/jovyan/ooi/san_data/RS03ASHS-PN03B-06-CAMHDA301/2016/05/06/CAMHDA301-20160506T120000Z.mp4
2016-05,20160509T090000,8,0,246.4,302.7,324.9,91.41,38.34,,/home/jovyan/ooi/san_data/RS03ASHS-PN03B-06-CAMHDA301/2016/05/09/CAMHDA301-20160509T090000Z.mp4
2016-05,20160512T030000,8,0,184.6,322.8,407.3,89.07,39.60,,/home/jovyan/ooi/san_data/RS03ASHS-PN03B-06-CAMHDA301/2016/05/12/CAMHDA301-20160512T030000Z.mp4
2016-05,20160523T090000,8,0,171.7,268.3,338.7,88.76,36.09,,/home/jovyan/ooi/san_data/RS03ASHS-PN03B-06-CAMHDA301/2016/05/23/CAMHDA301-20160523T090000Z.mp4
2016-05,20160517T180000,8,0,184.6,284.9,406.3,87.40,38.16,,/home/jovyan/ooi/san_data/RS03ASHS-PN03B-06-CAMHDA301/2016/05/17/CAMHDA301-20160517T180000Z.mp4
2016-05,20160520T150000,8,0,196.1,353.1,431.3,88.99,38.77,,/home/jovyan/ooi/san_data/RS03ASHS-PN03B-06-CAMHDA301/2016/05/20/CAMHDA301-20160520T150000Z.mp4
2016-05,20160526T060000,8,0,158.2,363.5,525.6,90.94,36.58,,/home/jovyan/ooi/san_data/RS03ASHS-PN03B-06-CAMHDA301/2016/05/26/CAMHDA301-20160526T060000Z.mp4
2016-05,20160515T000000,8,0,170.2,481.4,632.9,88.07,40.05,,/home/jovyan/ooi/san_data/RS03ASHS-PN03B-06-CAMHDA301/2016/05/15/CAMHDA301-20160515T000000Z.mp4
2016-05,20160531T210000,8,0,159.5,288.7,386.3,87.37,37.31,,/home/jovyan/ooi/san_data/RS03ASHS-PN03B-06-CAMHDA301/2016/05/31/CAMHDA301-20160531T210000Z.mp4
2016-05,20160529T000000,8,0,167.0,230.4,249.9,92.47,37.84,,/home/jovyan/ooi/san_data/RS03ASHS-PN03B-06-CAMHDA301/2016/05/29/CAMHDA301-20160529T000000Z.mp4
2016-06,20160606T090000,8,0,140.4,278.4,320.2,95.95,32.55,,/home/jovyan/ooi/san_data/RS03ASHS-PN03B-06-CAMHDA301/2016/06/06/CAMHDA301-20160606T090000Z.mp4
2016-06,20160603T150000,8,0,146.8,239.3,247.7,87.41,36.30,,/home/jovyan/ooi/san_data/RS03ASHS-PN03B-06-CAMHDA301/2016/06/03/CAMHDA301-20160603T150000Z.mp4
2016-06,20160601T000000,8,0,157.7,237.8,256.9,89.46,36.98,,/home/jovyan/ooi/san_data/RS03ASHS-PN03B-06-CAMHDA301/2016/06/01/CAMHDA301-20160601T000000Z.mp4
2016-06,20160609T030000,8,0,146.7,236.1,251.2,91.40,33.07,,/home/jovyan/ooi/san_data/RS03ASHS-PN03B-06-CAMHDA301/2016/06/09/CAMHDA301-20160609T030000Z.mp4
2016-06,20160614T120000,8,0,123.6,283.1,299.3,89.41,36.79,,/home/jovyan/ooi/san_data/RS03ASHS-PN03B-06-CAMHDA301/2016/06/14/CAMHDA301-20160614T120000Z.mp4
2016-06,20160617T060000,8,0,129.0,277.6,462.3,91.41,33.77,,/home/jovyan/ooi/san_data/RS03ASHS-PN03B-06-CAMHDA301/2016/06/17/CAMHDA301-20160617T060000Z.mp4
2016-06,20160611T180000,8,0,142.0,235.2,278.0,88.18,35.16,,/home/jovyan/ooi/san_data/RS03ASHS-PN03B-06-CAMHDA301/2016/06/11/CAMHDA301-20160611T180000Z.mp4
2016-06,20160625T090000,8,0,255.4,405.9,541.7,87.46,42.27,,/home/jovyan/ooi/san_data/RS03ASHS-PN03B-06-CAMHDA301/2016/06/25/CAMHDA301-20160625T090000Z.mp4
2016-06,20160622T150000,8,0,296.6,591.6,687.4,89.91,41.69,,/home/jovyan/ooi/san_data/RS03ASHS-PN03B-06-CAMHDA301/2016/06/22/CAMHDA301-20160622T150000Z.mp4
2016-06,20160620T000000,8,0,127.4,222.7,277.5,91.47,35.49,,/home/jovyan/ooi/san_data/RS03ASHS-PN03B-06-CAMHDA301/2016/06/20/CAMHDA301-20160620T000000Z.mp4
2016-06,20160628T030000,8,0,244.6,323.6,330.2,87.05,40.63,,/home/jovyan/ooi/san_data/RS03ASHS-PN03B-06-CAMHDA301/2016/06/28/CAMHDA301-20160628T030000Z.mp4
2016-06,20160630T210000,8,0,264.9,549.1,725.4,90.49,39.72,,/home/jovyan/ooi/san_data/RS03ASHS-PN03B-06-CAMHDA301/2016/06/30/CAMHDA301-20160630T210000Z.mp4
2016-07,20160701T000000,8,0,233.1,532.1,668.2,88.78,41.11,,/home/jovyan/ooi/san_data/RS03ASHS-PN03B-06-CAMHDA301/2016/07/01/CAMHDA301-20160701T000000Z.mp4
2016-07,20160703T120000,8,0,209.5,364.1,545.2,89.36,40.50,,/home/jovyan/ooi/san_data/RS03ASHS-PN03B-06-CAMHDA301/2016/07/03/CAMHDA301-20160703T120000Z.mp4
2016-07,20160706T000000,8,0,206.0,325.2,399.2,89.08,39.12,,/home/jovyan/ooi/san_data/RS03ASHS-PN03B-06-CAMHDA301/2016/07/06/CAMHDA301-20160706T000000Z.mp4
2016-07,20160716T060000,8,0,140.9,274.1,302.5,96.58,33.41,,/home/jovyan/ooi/san_data/RS03ASHS-PN03B-06-CAMHDA301/2016/07/16/CAMHDA301-20160716T060000Z.mp4
2016-07,20160713T180000,8,0,133.2,266.9,277.2,96.40,35.58,,/home/jovyan/ooi/san_data/RS03ASHS-PN03B-06-CAMHDA301/2016/07/13/CAMHDA301-20160713T180000Z.mp4
2016-07,20160711T030000,8,0,127.1,289.6,317.8,93.59,38.72,,/home/jovyan/ooi/san_data/RS03ASHS-PN03B-06-CAMHDA301/2016/07/11/CAMHDA301-20160711T030000Z.mp4
2016-07,20160708T150000,8,0,198.1,323.5,442.0,88.01,41.01,,/home/jovyan/ooi/san_data/RS03ASHS-PN03B-06-CAMHDA301/2016/07/08/CAMHDA301-20160708T150000Z.mp4
2016-07,20160721T090000,8,0,146.5,252.6,290.9,89.82,36.42,,/home/jovyan/ooi/san_data/RS03ASHS-PN03B-06-CAMHDA301/2016/07/21/CAMHDA301-20160721T090000Z.mp4
2016-07,20160724T000000,8,0,103.9,252.7,459.2,92.33,34.27,,/home/jovyan/ooi/san_data/RS03ASHS-PN03B-06-CAMHDA301/2016/07/24/CAMHDA301-20160724T000000Z.mp4
2016-07,20160718T210000,8,0,105.5,176.1,263.3,95.64,35.26,,/home/jovyan/ooi/san_data/RS03ASHS-PN03B-06-CAMHDA301/2016/07/18/CAMHDA301-20160718T210000Z.mp4
2016-07,20160729T060000,6,2,268.8,644.6,647.8,85.69,44.47,,/home/jovyan/ooi/san_data/RS03ASHS-PN03B-06-CAMHDA301/2016/07/29/CAMHDA301-20160729T060000Z.mp4
2016-07,20160731T210000,6,2,782.7,1399.7,1410.6,82.17,47.64,,/home/jovyan/ooi/san_data/RS03ASHS-PN03B-06-CAMHDA301/2016/07/31/CAMHDA301-20160731T210000Z.mp4
2016-08,20160803T180000,6,2,716.9,2909.7,4970.4,83.34,47.28,,/home/jovyan/ooi/san_data/RS03ASHS-PN03B-06-CAMHDA301/2016/08/03/CAMHDA301-20160803T180000Z.mp4
2016-08,20160806T120000,6,2,646.8,1188.7,1214.3,84.37,45.16,,/home/jovyan/ooi/san_data/RS03ASHS-PN03B-06-CAMHDA301/2016/08/06/CAMHDA301-20160806T120000Z.mp4
2016-08,20160801T000000,6,2,753.0,1014.8,1168.9,83.43,47.63,,/home/jovyan/ooi/san_data/RS03ASHS-PN03B-06-CAMHDA301/2016/08/01/CAMHDA301-20160801T000000Z.mp4
2016-08,20160812T030000,6,2,840.0,2202.2,2922.9,88.58,47.45,,/home/jovyan/ooi/san_data/RS03ASHS-PN03B-06-CAMHDA301/2016/08/12/CAMHDA301-20160812T030000Z.mp4
2016-08,20160809T090000,6,2,500.8,1206.2,1651.7,83.95,40.82,,/home/jovyan/ooi/san_data/RS03ASHS-PN03B-06-CAMHDA301/2016/08/09/CAMHDA301-20160809T090000Z.mp4
2016-08,20160815T000000,6,2,693.8,3010.0,3962.6,88.18,43.82,,/home/jovyan/ooi/san_data/RS03ASHS-PN03B-06-CAMHDA301/2016/08/15/CAMHDA301-20160815T000000Z.mp4
2016-08,20160817T180000,6,2,693.7,2004.2,2186.5,85.60,50.64,,/home/jovyan/ooi/san_data/RS03ASHS-PN03B-06-CAMHDA301/2016/08/17/CAMHDA301-20160817T180000Z.mp4
2016-08,20160823T090000,6,2,462.6,827.6,1099.0,88.55,41.94,,/home/jovyan/ooi/san_data/RS03ASHS-PN03B-06-CAMHDA301/2016/08/23/CAMHDA301-20160823T090000Z.mp4
2016-08,20160829T000000,6,2,427.5,592.2,632.5,79.29,46.91,,/home/jovyan/ooi/san_data/RS03ASHS-PN03B-06-CAMHDA301/2016/08/29/CAMHDA301-20160829T000000Z.mp4
2016-08,20160826T060000,6,2,608.4,918.1,1198.6,80.92,42.15,,/home/jovyan/ooi/san_data/RS03ASHS-PN03B-06-CAMHDA301/2016/08/26/CAMHDA301-20160826T060000Z.mp4
2016-08,20160831T210000,6,2,330.2,594.0,668.2,86.65,39.19,,/home/jovyan/ooi/san_data/RS03ASHS-PN03B-06-CAMHDA301/2016/08/31/CAMHDA301-20160831T210000Z.mp4
2016-08,20160820T150000,6,2,590.5,1214.8,1574.1,84.19,45.52,,/home/jovyan/ooi/san_data/RS03ASHS-PN03B-06-CAMHDA301/2016/08/20/CAMHDA301-20160820T150000Z.mp4
2016-09,20160906T090000,6,2,367.8,1172.5,1863.1,86.41,40.42,,/home/jovyan/ooi/san_data/RS03ASHS-PN03B-06-CAMHDA301/2016/09/06/CAMHDA301-20160906T090000Z.mp4
2016-09,20160901T000000,6,2,497.2,515.1,518.2,81.61,44.14,,/home/jovyan/ooi/san_data/RS03ASHS-PN03B-06-CAMHDA301/2016/09/01/CAMHDA301-20160901T000000Z.mp4
2016-09,20160903T150000,6,2,372.0,707.7,861.6,87.96,42.41,,/home/jovyan/ooi/san_data/RS03ASHS-PN03B-06-CAMHDA301/2016/09/03/CAMHDA301-20160903T150000Z.mp4
2016-09,20160909T030000,6,2,404.7,437.3,453.0,88.94,37.39,,/home/jovyan/ooi/san_data/RS03ASHS-PN03B-06-CAMHDA301/2016/09/09/CAMHDA301-20160909T030000Z.mp4
2016-09,20160920T000000,0,8,,,,,,all-black,/home/jovyan/ooi/san_data/RS03ASHS-PN03B-06-CAMHDA301/2016/09/20/CAMHDA301-20160920T000000Z.mp4
2016-09,20160911T180000,6,2,337.7,851.3,1220.8,86.29,39.85,,/home/jovyan/ooi/san_data/RS03ASHS-PN03B-06-CAMHDA301/2016/09/11/CAMHDA301-20160911T180000Z.mp4
2016-09,20160922T150000,0,8,,,,,,all-black,/home/jovyan/ooi/san_data/RS03ASHS-PN03B-06-CAMHDA301/2016/09/22/CAMHDA301-20160922T150000Z.mp4
2016-09,20160914T120000,6,2,464.3,1555.8,2176.8,86.05,40.29,,/home/jovyan/ooi/san_data/RS03ASHS-PN03B-06-CAMHDA301/2016/09/14/CAMHDA301-20160914T120000Z.mp4
2016-09,20160917T060000,6,2,266.1,1286.5,2196.6,80.68,38.91,,/home/jovyan/ooi/san_data/RS03ASHS-PN03B-06-CAMHDA301/2016/09/17/CAMHDA301-20160917T060000Z.mp4
2016-09,20160928T030000,6,2,207.5,413.4,452.7,90.09,40.76,,/home/jovyan/ooi/san_data/RS03ASHS-PN03B-06-CAMHDA301/2016/09/28/CAMHDA301-20160928T030000Z.mp4
2016-09,20160925T090000,6,2,395.6,666.4,884.2,90.61,42.85,,/home/jovyan/ooi/san_data/RS03ASHS-PN03B-06-CAMHDA301/2016/09/25/CAMHDA301-20160925T090000Z.mp4
2016-09,20160930T210000,6,2,165.8,945.1,1601.8,90.97,38.91,,/home/jovyan/ooi/san_data/RS03ASHS-PN03B-06-CAMHDA301/2016/09/30/CAMHDA301-20160930T210000Z.mp4
2016-10,20161001T000000,6,2,326.2,940.8,1509.6,88.50,44.61,,/home/jovyan/ooi/san_data/RS03ASHS-PN03B-06-CAMHDA301/2016/10/01/CAMHDA301-20161001T000000Z.mp4
2016-10,20161006T120000,6,2,170.2,343.6,347.1,92.36,39.85,,/home/jovyan/ooi/san_data/RS03ASHS-PN03B-06-CAMHDA301/2016/10/06/CAMHDA301-20161006T120000Z.mp4
2016-10,20161003T180000,6,2,321.7,554.4,745.8,94.17,39.37,,/home/jovyan/ooi/san_data/RS03ASHS-PN03B-06-CAMHDA301/2016/10/03/CAMHDA301-20161003T180000Z.mp4
2016-10,20161009T090000,6,2,309.5,672.9,931.0,89.28,39.97,,/home/jovyan/ooi/san_data/RS03ASHS-PN03B-06-CAMHDA301/2016/10/09/CAMHDA301-20161009T090000Z.mp4
2016-10,20161015T000000,6,2,201.0,1186.8,2028.0,94.24,39.52,,/home/jovyan/ooi/san_data/RS03ASHS-PN03B-06-CAMHDA301/2016/10/15/CAMHDA301-20161015T000000Z.mp4
2016-10,20161012T030000,6,2,227.3,502.6,716.0,88.79,42.57,,/home/jovyan/ooi/san_data/RS03ASHS-PN03B-06-CAMHDA301/2016/10/12/CAMHDA301-20161012T030000Z.mp4
2016-10,20161017T180000,6,2,279.2,693.7,1039.3,93.02,40.01,,/home/jovyan/ooi/san_data/RS03ASHS-PN03B-06-CAMHDA301/2016/10/17/CAMHDA301-20161017T180000Z.mp4
2016-10,20161020T150000,5,3,302.2,342.1,353.6,93.80,40.59,,/home/jovyan/ooi/san_data/RS03ASHS-PN03B-06-CAMHDA301/2016/10/20/CAMHDA301-20161020T150000Z.mp4
2016-10,20161023T090000,5,3,367.2,527.0,580.2,88.16,40.74,,/home/jovyan/ooi/san_data/RS03ASHS-PN03B-06-CAMHDA301/2016/10/23/CAMHDA301-20161023T090000Z.mp4
2016-10,20161026T060000,6,2,808.9,1363.1,1427.9,83.99,35.90,,/home/jovyan/ooi/san_data/RS03ASHS-PN03B-06-CAMHDA301/2016/10/26/CAMHDA301-20161026T060000Z.mp4
2016-11,20161101T000000,6,2,348.7,636.7,838.2,86.25,37.49,,/home/jovyan/ooi/san_data/RS03ASHS-PN03B-06-CAMHDA301/2016/11/01/CAMHDA301-20161101T000000Z.mp4
2016-11,20161104T120000,6,2,249.7,554.0,657.6,89.25,36.98,,/home/jovyan/ooi/san_data/RS03ASHS-PN03B-06-CAMHDA301/2016/11/04/CAMHDA301-20161104T120000Z.mp4
2016-11,20161108T030000,8,0,380.2,1171.6,1476.8,77.52,46.25,,/home/jovyan/ooi/san_data/RS03ASHS-PN03B-06-CAMHDA301/2016/11/08/CAMHDA301-20161108T030000Z.mp4
2016-10,20161031T210000,6,2,288.4,533.6,687.0,84.94,36.63,,/home/jovyan/ooi/san_data/RS03ASHS-PN03B-06-CAMHDA301/2016/10/31/CAMHDA301-20161031T210000Z.mp4
2016-10,20161029T000000,6,2,277.3,794.0,932.5,84.76,35.83,,/home/jovyan/ooi/san_data/RS03ASHS-PN03B-06-CAMHDA301/2016/10/29/CAMHDA301-20161029T000000Z.mp4
2016-11,20161122T051600,0,8,,,,,,all-black,/home/jovyan/ooi/san_data/RS03ASHS-PN03B-06-CAMHDA301/2016/11/22/CAMHDA301-20161122T051600.mp4
2016-11,20161115T060000,8,0,384.2,964.3,1076.0,79.73,45.39,,/home/jovyan/ooi/san_data/RS03ASHS-PN03B-06-CAMHDA301/2016/11/15/CAMHDA301-20161115T060000Z.mp4
2016-11,20161111T150000,8,0,345.1,559.3,895.0,79.80,44.49,,/home/jovyan/ooi/san_data/RS03ASHS-PN03B-06-CAMHDA301/2016/11/11/CAMHDA301-20161111T150000Z.mp4
2016-11,20161118T210000,8,0,415.2,770.8,1080.6,80.10,42.56,,/home/jovyan/ooi/san_data/RS03ASHS-PN03B-06-CAMHDA301/2016/11/18/CAMHDA301-20161118T210000Z.mp4
2016-11,20161130T230300,0,8,,,,,,all-black,/home/jovyan/ooi/san_data/RS03ASHS-PN03B-06-CAMHDA301/2016/11/30/CAMHDA301-20161130T230300.mp4
2016-11,20161123T181400,8,0,173.6,295.7,335.5,94.08,37.33,,/home/jovyan/ooi/san_data/RS03ASHS-PN03B-06-CAMHDA301/2016/11/23/CAMHDA301-20161123T181400.mp4
2016-11,20161125T150600,8,0,108.2,274.6,445.6,80.19,29.17,,/home/jovyan/ooi/san_data/RS03ASHS-PN03B-06-CAMHDA301/2016/11/25/CAMHDA301-20161125T150600.mp4
2016-11,20161127T090800,8,0,159.9,254.4,262.4,78.75,30.94,,/home/jovyan/ooi/san_data/RS03ASHS-PN03B-06-CAMHDA301/2016/11/27/CAMHDA301-20161127T090800.mp4
2016-11,20161129T031400,8,0,323.9,1297.2,1672.8,100.45,45.50,,/home/jovyan/ooi/san_data/RS03ASHS-PN03B-06-CAMHDA301/2016/11/29/CAMHDA301-20161129T031400.mp4
2016-12,20161201T001400,8,0,322.5,334.2,339.8,86.25,42.72,,/home/jovyan/ooi/san_data/RS03ASHS-PN03B-06-CAMHDA301/2016/12/01/CAMHDA301-20161201T001400.mp4
2016-12,20161203T183600,8,0,197.2,254.9,296.6,104.40,35.51,,/home/jovyan/ooi/san_data/RS03ASHS-PN03B-06-CAMHDA301/2016/12/03/CAMHDA301-20161203T183600.mp4
2016-12,20161202T233400,8,0,36.4,54.8,69.0,100.37,33.56,,/home/jovyan/ooi/san_data/RS03ASHS-PN03B-06-CAMHDA301/2016/12/02/CAMHDA301-20161202T233400.mp4
2016-12,20161202T043300,8,0,36.4,60.5,76.0,97.35,24.83,,/home/jovyan/ooi/san_data/RS03ASHS-PN03B-06-CAMHDA301/2016/12/02/CAMHDA301-20161202T043300.mp4
2016-12,20161210T101500,8,0,37.7,54.2,70.3,97.73,25.83,,/home/jovyan/ooi/san_data/RS03ASHS-PN03B-06-CAMHDA301/2016/12/10/CAMHDA301-20161210T101500.mp4
2016-12,20161212T061400,8,0,203.1,419.1,673.5,88.76,35.87,,/home/jovyan/ooi/san_data/RS03ASHS-PN03B-06-CAMHDA301/2016/12/12/CAMHDA301-20161212T061400.mp4
2016-12,20161207T091400,8,0,317.0,409.9,553.7,101.77,45.55,,/home/jovyan/ooi/san_data/RS03ASHS-PN03B-06-CAMHDA301/2016/12/07/CAMHDA301-20161207T091400.mp4
2016-12,20161222T000300,8,0,67.3,351.2,553.3,77.55,27.84,,/home/jovyan/ooi/san_data/RS03ASHS-PN03B-06-CAMHDA301/2016/12/22/CAMHDA301-20161222T000300.mp4
2016-12,20161226T181000,8,0,67.1,260.7,261.5,84.63,25.92,,/home/jovyan/ooi/san_data/RS03ASHS-PN03B-06-CAMHDA301/2016/12/26/CAMHDA301-20161226T181000.mp4
2016-12,20161220T090000,8,0,46.0,62.9,82.8,93.52,26.97,,/home/jovyan/ooi/san_data/RS03ASHS-PN03B-06-CAMHDA301/2016/12/20/CAMHDA301-20161220T090000.mp4
2016-12,20161217T001400,8,0,241.9,616.0,668.0,102.08,41.21,,/home/jovyan/ooi/san_data/RS03ASHS-PN03B-06-CAMHDA301/2016/12/17/CAMHDA301-20161217T001400.mp4
2016-12,20161231T211400,8,0,70.8,323.3,386.0,87.90,31.06,,/home/jovyan/ooi/san_data/RS03ASHS-PN03B-06-CAMHDA301/2016/12/31/CAMHDA301-20161231T211400.mp4
2017-01,20170101T000200,8,0,252.4,320.6,423.7,88.96,36.62,,/home/jovyan/ooi/san_data/RS03ASHS-PN03B-06-CAMHDA301/2017/01/01/CAMHDA301-20170101T000200.mp4
2017-01,20170101T201800,8,0,31.5,43.8,61.5,89.28,22.72,,/home/jovyan/ooi/san_data/RS03ASHS-PN03B-06-CAMHDA301/2017/01/01/CAMHDA301-20170101T201800.mp4
2017-01,20170110T053100,0,8,,,,,,all-black,/home/jovyan/ooi/san_data/RS03ASHS-PN03B-06-CAMHDA301/2017/01/10/CAMHDA301-20170110T053100.mp4
2017-01,20170103T125100,8,0,32.3,42.0,52.7,99.48,40.01,,/home/jovyan/ooi/san_data/RS03ASHS-PN03B-06-CAMHDA301/2017/01/03/CAMHDA301-20170103T125100.mp4
2017-01,20170102T163500,8,0,46.3,58.4,73.2,88.78,21.89,,/home/jovyan/ooi/san_data/RS03ASHS-PN03B-06-CAMHDA301/2017/01/02/CAMHDA301-20170102T163500.mp4
2017-01,20170106T061500,7,1,215.9,745.5,1006.2,101.80,42.51,,/home/jovyan/ooi/san_data/RS03ASHS-PN03B-06-CAMHDA301/2017/01/06/CAMHDA301-20170106T061500.mp4
2017-01,20170116T121000,8,0,132.8,709.0,1037.8,82.11,31.29,,/home/jovyan/ooi/san_data/RS03ASHS-PN03B-06-CAMHDA301/2017/01/16/CAMHDA301-20170116T121000.mp4
2017-01,20170111T091500,8,0,235.6,308.2,335.4,92.81,38.86,,/home/jovyan/ooi/san_data/RS03ASHS-PN03B-06-CAMHDA301/2017/01/11/CAMHDA301-20170111T091500.mp4
2017-01,20170120T063100,8,0,29.1,45.2,56.8,92.92,22.41,,/home/jovyan/ooi/san_data/RS03ASHS-PN03B-06-CAMHDA301/2017/01/20/CAMHDA301-20170120T063100.mp4
2017-01,20170121T151500,8,0,238.7,418.5,795.6,88.22,41.55,,/home/jovyan/ooi/san_data/RS03ASHS-PN03B-06-CAMHDA301/2017/01/21/CAMHDA301-20170121T151500.mp4
2017-01,20170126T181000,8,0,122.1,219.9,228.0,83.26,29.68,,/home/jovyan/ooi/san_data/RS03ASHS-PN03B-06-CAMHDA301/2017/01/26/CAMHDA301-20170126T181000.mp4
2017-01,20170131T211500,8,0,192.2,414.6,810.3,87.01,38.99,,/home/jovyan/ooi/san_data/RS03ASHS-PN03B-06-CAMHDA301/2017/01/31/CAMHDA301-20170131T211500.mp4
2017-02,20170201T170400,8,0,33.7,50.8,72.2,93.77,19.75,,/home/jovyan/ooi/san_data/RS03ASHS-PN03B-06-CAMHDA301/2017/02/01/CAMHDA301-20170201T170400.mp4
2017-02,20170202T100500,8,0,29.3,44.8,67.4,93.49,20.25,,/home/jovyan/ooi/san_data/RS03ASHS-PN03B-06-CAMHDA301/2017/02/02/CAMHDA301-20170202T100500.mp4
2017-02,20170203T030600,8,0,28.9,42.9,63.6,95.68,21.01,,/home/jovyan/ooi/san_data/RS03ASHS-PN03B-06-CAMHDA301/2017/02/03/CAMHDA301-20170203T030600.mp4
2017-02,20170201T000300,8,0,234.9,247.4,252.3,85.35,38.39,,/home/jovyan/ooi/san_data/RS03ASHS-PN03B-06-CAMHDA301/2017/02/01/CAMHDA301-20170201T000300.mp4
2017-02,20170203T200700,8,0,111.8,127.1,142.5,111.71,48.94,,/home/jovyan/ooi/san_data/RS03ASHS-PN03B-06-CAMHDA301/2017/02/03/CAMHDA301-20170203T200700.mp4
2017-02,20170207T061200,8,0,233.1,411.9,744.4,88.86,35.22,,/home/jovyan/ooi/san_data/RS03ASHS-PN03B-06-CAMHDA301/2017/02/07/CAMHDA301-20170207T061200.mp4
2017-02,20170210T231800,8,0,69.8,83.7,93.3,110.93,29.64,,/home/jovyan/ooi/san_data/RS03ASHS-PN03B-06-CAMHDA301/2017/02/10/CAMHDA301-20170210T231800.mp4
2017-02,20170210T061700,8,0,26.5,46.7,55.0,90.94,18.69,,/home/jovyan/ooi/san_data/RS03ASHS-PN03B-06-CAMHDA301/2017/02/10/CAMHDA301-20170210T061700.mp4
2017-02,20170215T031100,8,0,152.1,292.1,366.3,84.92,31.61,,/home/jovyan/ooi/san_data/RS03ASHS-PN03B-06-CAMHDA301/2017/02/15/CAMHDA301-20170215T031100.mp4
2017-02,20170220T230000,8,0,96.5,120.5,130.3,112.23,29.31,,/home/jovyan/ooi/san_data/RS03ASHS-PN03B-06-CAMHDA301/2017/02/20/CAMHDA301-20170220T230000.mp4
2017-02,20170220T060000,8,0,17.5,21.9,23.1,90.95,17.17,,/home/jovyan/ooi/san_data/RS03ASHS-PN03B-06-CAMHDA301/2017/02/20/CAMHDA301-20170220T060000.mp4
2017-02,20170228T211500,8,0,132.9,480.5,1035.9,87.98,35.66,,/home/jovyan/ooi/san_data/RS03ASHS-PN03B-06-CAMHDA301/2017/02/28/CAMHDA301-20170228T211500.mp4
2017-03,20170301T163000,8,0,31.4,48.8,66.3,92.57,19.83,,/home/jovyan/ooi/san_data/RS03ASHS-PN03B-06-CAMHDA301/2017/03/01/CAMHDA301-20170301T163000.mp4
2017-03,20170302T080000,8,0,29.2,38.6,46.6,93.27,21.49,,/home/jovyan/ooi/san_data/RS03ASHS-PN03B-06-CAMHDA301/2017/03/02/CAMHDA301-20170302T080000.mp4
2017-03,20170302T233000,8,0,26.5,43.6,58.6,93.90,21.34,,/home/jovyan/ooi/san_data/RS03ASHS-PN03B-06-CAMHDA301/2017/03/02/CAMHDA301-20170302T233000.mp4
2017-03,20170301T010000,8,0,278.6,298.7,303.1,84.33,45.20,,/home/jovyan/ooi/san_data/RS03ASHS-PN03B-06-CAMHDA301/2017/03/01/CAMHDA301-20170301T010000.mp4
2017-03,20170307T031500,8,0,69.6,310.3,507.6,85.96,33.93,,/home/jovyan/ooi/san_data/RS03ASHS-PN03B-06-CAMHDA301/2017/03/07/CAMHDA301-20170307T031500.mp4
2017-03,20170303T150000,8,0,24.5,36.1,48.0,87.02,8.46,,/home/jovyan/ooi/san_data/RS03ASHS-PN03B-06-CAMHDA301/2017/03/03/CAMHDA301-20170303T150000.mp4
2017-03,20170310T101500,8,0,27.4,40.3,50.4,94.41,16.40,,/home/jovyan/ooi/san_data/RS03ASHS-PN03B-06-CAMHDA301/2017/03/10/CAMHDA301-20170310T101500.mp4
2017-03,20170319T121500,8,0,163.7,444.1,848.8,84.45,35.04,,/home/jovyan/ooi/san_data/RS03ASHS-PN03B-06-CAMHDA301/2017/03/19/CAMHDA301-20170319T121500.mp4
2017-03,20170311T181500,8,0,138.7,486.4,1000.0,87.27,34.41,,/home/jovyan/ooi/san_data/RS03ASHS-PN03B-06-CAMHDA301/2017/03/11/CAMHDA301-20170311T181500.mp4
2017-03,20170324T001500,8,0,148.3,594.3,1302.1,85.76,36.07,,/home/jovyan/ooi/san_data/RS03ASHS-PN03B-06-CAMHDA301/2017/03/24/CAMHDA301-20170324T001500.mp4
2017-03,20170331T211500,8,0,107.7,445.4,907.5,85.52,34.02,,/home/jovyan/ooi/san_data/RS03ASHS-PN03B-06-CAMHDA301/2017/03/31/CAMHDA301-20170331T211500.mp4
2017-03,20170320T144500,8,0,56.7,72.4,83.5,101.41,24.13,,/home/jovyan/ooi/san_data/RS03ASHS-PN03B-06-CAMHDA301/2017/03/20/CAMHDA301-20170320T144500.mp4
2017-04,20170401T010000,8,0,290.0,329.4,335.9,85.35,47.18,,/home/jovyan/ooi/san_data/RS03ASHS-PN03B-06-CAMHDA301/2017/04/01/CAMHDA301-20170401T010000.mp4
2017-04,20170402T074500,8,0,30.6,48.8,57.9,91.03,17.47,,/home/jovyan/ooi/san_data/RS03ASHS-PN03B-06-CAMHDA301/2017/04/02/CAMHDA301-20170402T074500.mp4
2017-04,20170401T111500,8,0,31.4,43.5,61.8,88.07,17.90,,/home/jovyan/ooi/san_data/RS03ASHS-PN03B-06-CAMHDA301/2017/04/01/CAMHDA301-20170401T111500.mp4
2017-04,20170401T213000,8,0,27.2,50.1,69.8,87.69,19.66,,/home/jovyan/ooi/san_data/RS03ASHS-PN03B-06-CAMHDA301/2017/04/01/CAMHDA301-20170401T213000.mp4
2017-04,20170402T181500,8,0,31.2,41.3,53.3,93.61,20.62,,/home/jovyan/ooi/san_data/RS03ASHS-PN03B-06-CAMHDA301/2017/04/02/CAMHDA301-20170402T181500.mp4
2017-04,20170404T091500,8,0,128.4,572.0,1229.0,84.03,35.48,,/home/jovyan/ooi/san_data/RS03ASHS-PN03B-06-CAMHDA301/2017/04/04/CAMHDA301-20170404T091500.mp4
2017-04,20170409T151500,8,0,342.8,804.5,1610.9,86.29,43.25,,/home/jovyan/ooi/san_data/RS03ASHS-PN03B-06-CAMHDA301/2017/04/09/CAMHDA301-20170409T151500.mp4
2017-04,20170403T144500,8,0,35.5,56.7,80.6,89.61,10.09,,/home/jovyan/ooi/san_data/RS03ASHS-PN03B-06-CAMHDA301/2017/04/03/CAMHDA301-20170403T144500.mp4
2017-04,20170403T043000,8,0,20.1,26.9,35.5,92.87,20.56,,/home/jovyan/ooi/san_data/RS03ASHS-PN03B-06-CAMHDA301/2017/04/03/CAMHDA301-20170403T043000.mp4
2017-04,20170410T094500,8,0,35.1,63.2,63.5,100.23,31.93,,/home/jovyan/ooi/san_data/RS03ASHS-PN03B-06-CAMHDA301/2017/04/10/CAMHDA301-20170410T094500.mp4
2017-04,20170414T031500,8,0,373.7,1269.0,1649.6,83.63,45.27,,/home/jovyan/ooi/san_data/RS03ASHS-PN03B-06-CAMHDA301/2017/04/14/CAMHDA301-20170414T031500.mp4
2017-04,20170410T200000,8,0,18.2,29.9,30.7,78.00,13.90,,/home/jovyan/ooi/san_data/RS03ASHS-PN03B-06-CAMHDA301/2017/04/10/CAMHDA301-20170410T200000.mp4
2017-06,20170605T222500,7,1,587.7,1301.6,1474.8,89.28,46.45,,/home/jovyan/ooi/san_data/RS03ASHS-PN03B-06-CAMHDA301/2017/06/05/CAMHDA301-20170605T222500.mp4
2017-06,20170614T231900,8,0,663.5,951.0,972.1,98.58,55.73,,/home/jovyan/ooi/san_data/RS03ASHS-PN03B-06-CAMHDA301/2017/06/14/CAMHDA301-20170614T231900.mp4
2017-08,20170816T061500,8,0,698.3,1421.4,1558.6,84.80,59.22,,/home/jovyan/ooi/san_data/RS03ASHS-PN03B-06-CAMHDA301/2017/08/16/CAMHDA301-20170816T061500.mp4
2017-08,20170814T080600,8,0,884.5,1346.5,2232.4,102.58,58.57,,/home/jovyan/ooi/san_data/RS03ASHS-PN03B-06-CAMHDA301/2017/08/14/CAMHDA301-20170814T080600.mp4
2017-08,20170817T181500,8,0,619.7,1162.0,1395.5,88.78,55.69,,/home/jovyan/ooi/san_data/RS03ASHS-PN03B-06-CAMHDA301/2017/08/17/CAMHDA301-20170817T181500.mp4
2017-08,20170819T091500,8,0,794.4,1418.2,1465.6,88.73,57.95,,/home/jovyan/ooi/san_data/RS03ASHS-PN03B-06-CAMHDA301/2017/08/19/CAMHDA301-20170819T091500.mp4
2017-08,20170824T001500,8,0,664.4,1225.0,1649.2,85.29,58.47,,/home/jovyan/ooi/san_data/RS03ASHS-PN03B-06-CAMHDA301/2017/08/24/CAMHDA301-20170824T001500.mp4
2017-08,20170822T121500,8,0,746.9,1661.7,1791.1,83.38,61.17,,/home/jovyan/ooi/san_data/RS03ASHS-PN03B-06-CAMHDA301/2017/08/22/CAMHDA301-20170822T121500.mp4
2017-08,20170820T211500,8,0,577.2,1974.3,2804.4,84.64,57.89,,/home/jovyan/ooi/san_data/RS03ASHS-PN03B-06-CAMHDA301/2017/08/20/CAMHDA301-20170820T211500.mp4
2017-08,20170825T151500,8,0,601.0,833.6,962.4,88.58,53.58,,/home/jovyan/ooi/san_data/RS03ASHS-PN03B-06-CAMHDA301/2017/08/25/CAMHDA301-20170825T151500.mp4
2017-08,20170827T031500,8,0,828.5,1478.4,1642.1,86.20,58.56,,/home/jovyan/ooi/san_data/RS03ASHS-PN03B-06-CAMHDA301/2017/08/27/CAMHDA301-20170827T031500.mp4
2017-08,20170828T181500,8,0,769.0,1570.5,1729.6,86.50,58.60,,/home/jovyan/ooi/san_data/RS03ASHS-PN03B-06-CAMHDA301/2017/08/28/CAMHDA301-20170828T181500.mp4
2017-08,20170830T061500,8,0,782.4,1489.5,1760.7,84.45,59.97,,/home/jovyan/ooi/san_data/RS03ASHS-PN03B-06-CAMHDA301/2017/08/30/CAMHDA301-20170830T061500.mp4
2017-08,20170831T211500,8,0,700.4,1094.9,1248.9,84.97,59.48,,/home/jovyan/ooi/san_data/RS03ASHS-PN03B-06-CAMHDA301/2017/08/31/CAMHDA301-20170831T211500.mp4
2017-09,20170901T001500,8,0,764.3,1123.7,1157.7,85.92,59.33,,/home/jovyan/ooi/san_data/RS03ASHS-PN03B-06-CAMHDA301/2017/09/01/CAMHDA301-20170901T001500.mp4
2017-09,20170903T151500,8,0,727.9,1511.0,1814.8,84.47,59.54,,/home/jovyan/ooi/san_data/RS03ASHS-PN03B-06-CAMHDA301/2017/09/03/CAMHDA301-20170903T151500.mp4
2017-09,20170909T031500,8,0,665.8,1168.7,1364.5,82.86,60.37,,/home/jovyan/ooi/san_data/RS03ASHS-PN03B-06-CAMHDA301/2017/09/09/CAMHDA301-20170909T031500.mp4
2017-09,20170911T211500,8,0,766.1,1113.0,1171.7,85.54,59.56,,/home/jovyan/ooi/san_data/RS03ASHS-PN03B-06-CAMHDA301/2017/09/11/CAMHDA301-20170911T211500.mp4
2017-09,20170914T151500,8,0,910.9,1473.3,1596.4,87.27,58.67,,/home/jovyan/ooi/san_data/RS03ASHS-PN03B-06-CAMHDA301/2017/09/14/CAMHDA301-20170914T151500.mp4
2017-09,20170906T091500,8,0,461.5,474.6,478.1,52.89,59.57,,/home/jovyan/ooi/san_data/RS03ASHS-PN03B-06-CAMHDA301/2017/09/06/CAMHDA301-20170906T091500.mp4
2017-09,20170917T031500,8,0,812.2,923.5,972.2,87.84,57.81,,/home/jovyan/ooi/san_data/RS03ASHS-PN03B-06-CAMHDA301/2017/09/17/CAMHDA301-20170917T031500.mp4
2017-09,20170919T211500,8,0,733.7,982.9,1085.7,86.20,57.60,,/home/jovyan/ooi/san_data/RS03ASHS-PN03B-06-CAMHDA301/2017/09/19/CAMHDA301-20170919T211500.mp4
2017-09,20170925T091500,8,0,712.5,1054.8,1121.2,86.89,58.68,,/home/jovyan/ooi/san_data/RS03ASHS-PN03B-06-CAMHDA301/2017/09/25/CAMHDA301-20170925T091500.mp4
2017-09,20170928T031500,8,0,661.6,1105.3,1432.3,89.45,54.97,,/home/jovyan/ooi/san_data/RS03ASHS-PN03B-06-CAMHDA301/2017/09/28/CAMHDA301-20170928T031500.mp4
2017-09,20170922T151500,8,0,703.1,1742.6,1887.8,82.87,60.87,,/home/jovyan/ooi/san_data/RS03ASHS-PN03B-06-CAMHDA301/2017/09/22/CAMHDA301-20170922T151500.mp4
2017-09,20170930T211500,8,0,512.0,661.5,727.1,87.77,55.93,,/home/jovyan/ooi/san_data/RS03ASHS-PN03B-06-CAMHDA301/2017/09/30/CAMHDA301-20170930T211500.mp4
2017-10,20171001T001500,8,0,693.7,935.5,1071.8,84.72,59.38,,/home/jovyan/ooi/san_data/RS03ASHS-PN03B-06-CAMHDA301/2017/10/01/CAMHDA301-20171001T001500.mp4
2017-10,20171008T001500,0,8,,,,,,all-black,/home/jovyan/ooi/san_data/RS03ASHS-PN03B-06-CAMHDA301/2017/10/08/CAMHDA301-20171008T001500.mp4
2017-10,20171002T091500,8,0,649.6,981.5,1191.0,87.26,56.21,,/home/jovyan/ooi/san_data/RS03ASHS-PN03B-06-CAMHDA301/2017/10/02/CAMHDA301-20171002T091500.mp4
2017-10,20171009T091500,0,8,,,,,,all-black,/home/jovyan/ooi/san_data/RS03ASHS-PN03B-06-CAMHDA301/2017/10/09/CAMHDA301-20171009T091500.mp4
2017-10,20171003T181500,8,0,791.1,1074.8,1326.4,86.42,58.65,,/home/jovyan/ooi/san_data/RS03ASHS-PN03B-06-CAMHDA301/2017/10/03/CAMHDA301-20171003T181500.mp4
2017-10,20171010T181500,0,8,,,,,,all-black,/home/jovyan/ooi/san_data/RS03ASHS-PN03B-06-CAMHDA301/2017/10/10/CAMHDA301-20171010T181500.mp4
2017-10,20171005T031500,8,0,716.9,1233.1,1495.3,84.41,59.63,,/home/jovyan/ooi/san_data/RS03ASHS-PN03B-06-CAMHDA301/2017/10/05/CAMHDA301-20171005T031500.mp4
2017-10,20171031T235000,0,8,,,,,,all-black,/home/jovyan/ooi/san_data/RS03ASHS-PN03B-06-CAMHDA301/2017/10/31/CAMHDA301-20171031T235000.mp4
2017-10,20171006T151500,8,0,616.1,1558.7,1714.7,84.43,60.50,,/home/jovyan/ooi/san_data/RS03ASHS-PN03B-06-CAMHDA301/2017/10/06/CAMHDA301-20171006T151500.mp4
2017-10,20171020T091500,0,8,,,,,,all-black,/home/jovyan/ooi/san_data/RS03ASHS-PN03B-06-CAMHDA301/2017/10/20/CAMHDA301-20171020T091500.mp4
2017-10,20171019T001500,1,7,11.8,11.8,11.8,15.79,5.95,,/home/jovyan/ooi/san_data/RS03ASHS-PN03B-06-CAMHDA301/2017/10/19/CAMHDA301-20171019T001500.mp4
2017-10,20171017T151500,8,0,567.8,991.0,1376.6,69.36,62.00,,/home/jovyan/ooi/san_data/RS03ASHS-PN03B-06-CAMHDA301/2017/10/17/CAMHDA301-20171017T151500.mp4
2017-11,20171114T121500,0,8,,,,,,all-black,/home/jovyan/ooi/san_data/RS03ASHS-PN03B-06-CAMHDA301/2017/11/14/CAMHDA301-20171114T121500.mp4
2017-11,20171117T061500,0,8,,,,,,all-black,/home/jovyan/ooi/san_data/RS03ASHS-PN03B-06-CAMHDA301/2017/11/17/CAMHDA301-20171117T061500.mp4
2017-11,20171103T151500,8,0,648.9,1070.9,1072.6,71.44,60.55,,/home/jovyan/ooi/san_data/RS03ASHS-PN03B-06-CAMHDA301/2017/11/03/CAMHDA301-20171103T151500.mp4
2017-11,20171120T001500,0,8,,,,,,all-black,/home/jovyan/ooi/san_data/RS03ASHS-PN03B-06-CAMHDA301/2017/11/20/CAMHDA301-20171120T001500.mp4
2017-11,20171101T001500,8,0,701.2,2110.6,2237.6,67.95,63.92,,/home/jovyan/ooi/san_data/RS03ASHS-PN03B-06-CAMHDA301/2017/11/01/CAMHDA301-20171101T001500.mp4
2017-11,20171128T031500,0,8,,,,,,all-black,/home/jovyan/ooi/san_data/RS03ASHS-PN03B-06-CAMHDA301/2017/11/28/CAMHDA301-20171128T031500.mp4
2017-11,20171106T091500,8,0,688.1,1088.8,1156.2,67.88,63.37,,/home/jovyan/ooi/san_data/RS03ASHS-PN03B-06-CAMHDA301/2017/11/06/CAMHDA301-20171106T091500.mp4
2017-11,20171122T151500,0,8,,,,,,all-black,/home/jovyan/ooi/san_data/RS03ASHS-PN03B-06-CAMHDA301/2017/11/22/CAMHDA301-20171122T151500.mp4
2017-11,20171125T091500,0,8,,,,,,all-black,/home/jovyan/ooi/san_data/RS03ASHS-PN03B-06-CAMHDA301/2017/11/25/CAMHDA301-20171125T091500.mp4
2017-11,20171111T181500,8,0,562.4,1284.9,1656.7,67.84,61.66,,/home/jovyan/ooi/san_data/RS03ASHS-PN03B-06-CAMHDA301/2017/11/11/CAMHDA301-20171111T181500.mp4
2017-11,20171109T031500,8,0,612.6,1489.2,1686.2,67.61,62.16,,/home/jovyan/ooi/san_data/RS03ASHS-PN03B-06-CAMHDA301/2017/11/09/CAMHDA301-20171109T031500.mp4
2017-11,20171130T211500,0,8,,,,,,all-black,/home/jovyan/ooi/san_data/RS03ASHS-PN03B-06-CAMHDA301/2017/11/30/CAMHDA301-20171130T211500.mp4
2017-12,20171201T001500,0,8,,,,,,all-black,/home/jovyan/ooi/san_data/RS03ASHS-PN03B-06-CAMHDA301/2017/12/01/CAMHDA301-20171201T001500.mp4
2017-12,20171209T091500,0,8,,,,,,all-black,/home/jovyan/ooi/san_data/RS03ASHS-PN03B-06-CAMHDA301/2017/12/09/CAMHDA301-20171209T091500.mp4
2017-12,20171206T121500,0,8,,,,,,all-black,/home/jovyan/ooi/san_data/RS03ASHS-PN03B-06-CAMHDA301/2017/12/06/CAMHDA301-20171206T121500.mp4
2017-12,20171203T181500,0,8,,,,,,all-black,/home/jovyan/ooi/san_data/RS03ASHS-PN03B-06-CAMHDA301/2017/12/03/CAMHDA301-20171203T181500.mp4
2017-12,20171212T031500,0,8,,,,,,all-black,/home/jovyan/ooi/san_data/RS03ASHS-PN03B-06-CAMHDA301/2017/12/12/CAMHDA301-20171212T031500.mp4
2017-12,20171217T181500,0,8,,,,,,all-black,/home/jovyan/ooi/san_data/RS03ASHS-PN03B-06-CAMHDA301/2017/12/17/CAMHDA301-20171217T181500.mp4
2017-12,20171215T001500,0,8,,,,,,all-black,/home/jovyan/ooi/san_data/RS03ASHS-PN03B-06-CAMHDA301/2017/12/15/CAMHDA301-20171215T001500.mp4
2017-12,20171220T151500,0,8,,,,,,all-black,/home/jovyan/ooi/san_data/RS03ASHS-PN03B-06-CAMHDA301/2017/12/20/CAMHDA301-20171220T151500.mp4
2017-12,20171226T061500,0,8,,,,,,all-black,/home/jovyan/ooi/san_data/RS03ASHS-PN03B-06-CAMHDA301/2017/12/26/CAMHDA301-20171226T061500.mp4
2017-12,20171223T091500,0,8,,,,,,all-black,/home/jovyan/ooi/san_data/RS03ASHS-PN03B-06-CAMHDA301/2017/12/23/CAMHDA301-20171223T091500.mp4
2017-12,20171229T001500,0,8,,,,,,all-black,/home/jovyan/ooi/san_data/RS03ASHS-PN03B-06-CAMHDA301/2017/12/29/CAMHDA301-20171229T001500.mp4
2017-12,20171231T211500,0,8,,,,,,all-black,/home/jovyan/ooi/san_data/RS03ASHS-PN03B-06-CAMHDA301/2017/12/31/CAMHDA301-20171231T211500.mp4
2018-01,20180103T181500,0,8,,,,,,all-black,/home/jovyan/ooi/san_data/RS03ASHS-PN03B-06-CAMHDA301/2018/01/03/CAMHDA301-20180103T181500.mp4
2018-01,20180101T001500,0,8,,,,,,all-black,/home/jovyan/ooi/san_data/RS03ASHS-PN03B-06-CAMHDA301/2018/01/01/CAMHDA301-20180101T001500.mp4
2018-01,20180109T091500,0,8,,,,,,all-black,/home/jovyan/ooi/san_data/RS03ASHS-PN03B-06-CAMHDA301/2018/01/09/CAMHDA301-20180109T091500.mp4
2018-01,20180106T121500,0,8,,,,,,all-black,/home/jovyan/ooi/san_data/RS03ASHS-PN03B-06-CAMHDA301/2018/01/06/CAMHDA301-20180106T121500.mp4
2018-01,20180115T001500,0,8,,,,,,all-black,/home/jovyan/ooi/san_data/RS03ASHS-PN03B-06-CAMHDA301/2018/01/15/CAMHDA301-20180115T001500.mp4
2018-01,20180112T031500,0,8,,,,,,all-black,/home/jovyan/ooi/san_data/RS03ASHS-PN03B-06-CAMHDA301/2018/01/12/CAMHDA301-20180112T031500.mp4
2018-01,20180117T181500,0,8,,,,,,all-black,/home/jovyan/ooi/san_data/RS03ASHS-PN03B-06-CAMHDA301/2018/01/17/CAMHDA301-20180117T181500.mp4
2018-01,20180120T151500,0,8,,,,,,all-black,/home/jovyan/ooi/san_data/RS03ASHS-PN03B-06-CAMHDA301/2018/01/20/CAMHDA301-20180120T151500.mp4
2018-01,20180126T061500,0,8,,,,,,all-black,/home/jovyan/ooi/san_data/RS03ASHS-PN03B-06-CAMHDA301/2018/01/26/CAMHDA301-20180126T061500.mp4
2018-01,20180123T091500,0,8,,,,,,all-black,/home/jovyan/ooi/san_data/RS03ASHS-PN03B-06-CAMHDA301/2018/01/23/CAMHDA301-20180123T091500.mp4
2018-01,20180129T001500,0,8,,,,,,all-black,/home/jovyan/ooi/san_data/RS03ASHS-PN03B-06-CAMHDA301/2018/01/29/CAMHDA301-20180129T001500.mp4
2018-01,20180131T211500,0,8,,,,,,all-black,/home/jovyan/ooi/san_data/RS03ASHS-PN03B-06-CAMHDA301/2018/01/31/CAMHDA301-20180131T211500.mp4
2018-02,20180201T001500,0,8,,,,,,all-black,/home/jovyan/ooi/san_data/RS03ASHS-PN03B-06-CAMHDA301/2018/02/01/CAMHDA301-20180201T001500.mp4
2018-02,20180203T121500,0,8,,,,,,all-black,/home/jovyan/ooi/san_data/RS03ASHS-PN03B-06-CAMHDA301/2018/02/03/CAMHDA301-20180203T121500.mp4
2018-02,20180213T151500,0,8,,,,,,all-black,/home/jovyan/ooi/san_data/RS03ASHS-PN03B-06-CAMHDA301/2018/02/13/CAMHDA301-20180213T151500.mp4
2018-02,20180208T121500,0,8,,,,,,all-black,/home/jovyan/ooi/san_data/RS03ASHS-PN03B-06-CAMHDA301/2018/02/08/CAMHDA301-20180208T121500.mp4
2018-02,20180221T061500,0,8,,,,,,all-black,/home/jovyan/ooi/san_data/RS03ASHS-PN03B-06-CAMHDA301/2018/02/21/CAMHDA301-20180221T061500.mp4
2018-02,20180216T031500,0,8,,,,,,all-black,/home/jovyan/ooi/san_data/RS03ASHS-PN03B-06-CAMHDA301/2018/02/16/CAMHDA301-20180216T031500.mp4
2018-02,20180211T031500,0,8,,,,,,all-black,/home/jovyan/ooi/san_data/RS03ASHS-PN03B-06-CAMHDA301/2018/02/11/CAMHDA301-20180211T031500.mp4
2018-02,20180206T001500,0,8,,,,,,all-black,/home/jovyan/ooi/san_data/RS03ASHS-PN03B-06-CAMHDA301/2018/02/06/CAMHDA301-20180206T001500.mp4
2018-02,20180218T151500,0,8,,,,,,all-black,/home/jovyan/ooi/san_data/RS03ASHS-PN03B-06-CAMHDA301/2018/02/18/CAMHDA301-20180218T151500.mp4
2018-02,20180223T181500,0,8,,,,,,all-black,/home/jovyan/ooi/san_data/RS03ASHS-PN03B-06-CAMHDA301/2018/02/23/CAMHDA301-20180223T181500.mp4
2018-02,20180228T211500,0,8,,,,,,all-black,/home/jovyan/ooi/san_data/RS03ASHS-PN03B-06-CAMHDA301/2018/02/28/CAMHDA301-20180228T211500.mp4
2018-02,20180226T061500,0,8,,,,,,all-black,/home/jovyan/ooi/san_data/RS03ASHS-PN03B-06-CAMHDA301/2018/02/26/CAMHDA301-20180226T061500.mp4
2018-03,20180301T001500,0,8,,,,,,all-black,/home/jovyan/ooi/san_data/RS03ASHS-PN03B-06-CAMHDA301/2018/03/01/CAMHDA301-20180301T001500.mp4
2018-03,20180306T121500,0,8,,,,,,all-black,/home/jovyan/ooi/san_data/RS03ASHS-PN03B-06-CAMHDA301/2018/03/06/CAMHDA301-20180306T121500.mp4
2018-03,20180323T091500,0,8,,,,,,all-black,/home/jovyan/ooi/san_data/RS03ASHS-PN03B-06-CAMHDA301/2018/03/23/CAMHDA301-20180323T091500.mp4
2018-03,20180317T181500,0,8,,,,,,all-black,/home/jovyan/ooi/san_data/RS03ASHS-PN03B-06-CAMHDA301/2018/03/17/CAMHDA301-20180317T181500.mp4
2018-03,20180315T001500,0,8,,,,,,all-black,/home/jovyan/ooi/san_data/RS03ASHS-PN03B-06-CAMHDA301/2018/03/15/CAMHDA301-20180315T001500.mp4
2018-03,20180312T031500,0,8,,,,,,all-black,/home/jovyan/ooi/san_data/RS03ASHS-PN03B-06-CAMHDA301/2018/03/12/CAMHDA301-20180312T031500.mp4
2018-03,20180303T181500,0,8,,,,,,all-black,/home/jovyan/ooi/san_data/RS03ASHS-PN03B-06-CAMHDA301/2018/03/03/CAMHDA301-20180303T181500.mp4
2018-03,20180309T091500,0,8,,,,,,all-black,/home/jovyan/ooi/san_data/RS03ASHS-PN03B-06-CAMHDA301/2018/03/09/CAMHDA301-20180309T091500.mp4
2018-03,20180320T151500,0,8,,,,,,all-black,/home/jovyan/ooi/san_data/RS03ASHS-PN03B-06-CAMHDA301/2018/03/20/CAMHDA301-20180320T151500.mp4
2018-03,20180326T061500,0,8,,,,,,all-black,/home/jovyan/ooi/san_data/RS03ASHS-PN03B-06-CAMHDA301/2018/03/26/CAMHDA301-20180326T061500.mp4
2018-03,20180329T001500,0,8,,,,,,all-black,/home/jovyan/ooi/san_data/RS03ASHS-PN03B-06-CAMHDA301/2018/03/29/CAMHDA301-20180329T001500.mp4
2018-03,20180331T211500,0,8,,,,,,all-black,/home/jovyan/ooi/san_data/RS03ASHS-PN03B-06-CAMHDA301/2018/03/31/CAMHDA301-20180331T211500.mp4
2018-04,20180406T091500,0,8,,,,,,all-black,/home/jovyan/ooi/san_data/RS03ASHS-PN03B-06-CAMHDA301/2018/04/06/CAMHDA301-20180406T091500.mp4
2018-04,20180409T031500,0,8,,,,,,all-black,/home/jovyan/ooi/san_data/RS03ASHS-PN03B-06-CAMHDA301/2018/04/09/CAMHDA301-20180409T031500.mp4
2018-04,20180401T001500,0,8,,,,,,all-black,/home/jovyan/ooi/san_data/RS03ASHS-PN03B-06-CAMHDA301/2018/04/01/CAMHDA301-20180401T001500.mp4
2018-04,20180420T001500,0,8,,,,,,all-black,/home/jovyan/ooi/san_data/RS03ASHS-PN03B-06-CAMHDA301/2018/04/20/CAMHDA301-20180420T001500.mp4
2018-04,20180417T061500,0,8,,,,,,all-black,/home/jovyan/ooi/san_data/RS03ASHS-PN03B-06-CAMHDA301/2018/04/17/CAMHDA301-20180417T061500.mp4
2018-04,20180422T151500,0,8,,,,,,all-black,/home/jovyan/ooi/san_data/RS03ASHS-PN03B-06-CAMHDA301/2018/04/22/CAMHDA301-20180422T151500.mp4
2018-04,20180411T181500,0,8,,,,,,all-black,/home/jovyan/ooi/san_data/RS03ASHS-PN03B-06-CAMHDA301/2018/04/11/CAMHDA301-20180411T181500.mp4
2018-04,20180425T091500,0,8,,,,,,all-black,/home/jovyan/ooi/san_data/RS03ASHS-PN03B-06-CAMHDA301/2018/04/25/CAMHDA301-20180425T091500.mp4
2018-04,20180403T151500,0,8,,,,,,all-black,/home/jovyan/ooi/san_data/RS03ASHS-PN03B-06-CAMHDA301/2018/04/03/CAMHDA301-20180403T151500.mp4
2018-04,20180414T121500,0,8,,,,,,all-black,/home/jovyan/ooi/san_data/RS03ASHS-PN03B-06-CAMHDA301/2018/04/14/CAMHDA301-20180414T121500.mp4
2018-04,20180428T031500,0,8,,,,,,all-black,/home/jovyan/ooi/san_data/RS03ASHS-PN03B-06-CAMHDA301/2018/04/28/CAMHDA301-20180428T031500.mp4
2018-04,20180430T211500,0,8,,,,,,all-black,/home/jovyan/ooi/san_data/RS03ASHS-PN03B-06-CAMHDA301/2018/04/30/CAMHDA301-20180430T211500.mp4
2018-05,20180506T121500,0,8,,,,,,all-black,/home/jovyan/ooi/san_data/RS03ASHS-PN03B-06-CAMHDA301/2018/05/06/CAMHDA301-20180506T121500.mp4
2018-05,20180512T031500,0,8,,,,,,all-black,/home/jovyan/ooi/san_data/RS03ASHS-PN03B-06-CAMHDA301/2018/05/12/CAMHDA301-20180512T031500.mp4
2018-05,20180515T001500,0,8,,,,,,all-black,/home/jovyan/ooi/san_data/RS03ASHS-PN03B-06-CAMHDA301/2018/05/15/CAMHDA301-20180515T001500.mp4
2018-05,20180501T001500,0,8,,,,,,all-black,/home/jovyan/ooi/san_data/RS03ASHS-PN03B-06-CAMHDA301/2018/05/01/CAMHDA301-20180501T001500.mp4
2018-05,20180509T091500,0,8,,,,,,all-black,/home/jovyan/ooi/san_data/RS03ASHS-PN03B-06-CAMHDA301/2018/05/09/CAMHDA301-20180509T091500.mp4
2018-05,20180503T181500,0,8,,,,,,all-black,/home/jovyan/ooi/san_data/RS03ASHS-PN03B-06-CAMHDA301/2018/05/03/CAMHDA301-20180503T181500.mp4
2018-05,20180517T181500,0,8,,,,,,all-black,/home/jovyan/ooi/san_data/RS03ASHS-PN03B-06-CAMHDA301/2018/05/17/CAMHDA301-20180517T181500.mp4
2018-05,20180520T151500,0,8,,,,,,all-black,/home/jovyan/ooi/san_data/RS03ASHS-PN03B-06-CAMHDA301/2018/05/20/CAMHDA301-20180520T151500.mp4
2018-05,20180526T061500,0,8,,,,,,all-black,/home/jovyan/ooi/san_data/RS03ASHS-PN03B-06-CAMHDA301/2018/05/26/CAMHDA301-20180526T061500.mp4
2018-05,20180523T091500,0,8,,,,,,all-black,/home/jovyan/ooi/san_data/RS03ASHS-PN03B-06-CAMHDA301/2018/05/23/CAMHDA301-20180523T091500.mp4
2018-05,20180529T001500,0,8,,,,,,all-black,/home/jovyan/ooi/san_data/RS03ASHS-PN03B-06-CAMHDA301/2018/05/29/CAMHDA301-20180529T001500.mp4
2018-05,20180531T211500,0,8,,,,,,all-black,/home/jovyan/ooi/san_data/RS03ASHS-PN03B-06-CAMHDA301/2018/05/31/CAMHDA301-20180531T211500.mp4
2018-06,20180603T151500,0,8,,,,,,all-black,/home/jovyan/ooi/san_data/RS03ASHS-PN03B-06-CAMHDA301/2018/06/03/CAMHDA301-20180603T151500.mp4
2018-06,20180617T061500,0,8,,,,,,all-black,/home/jovyan/ooi/san_data/RS03ASHS-PN03B-06-CAMHDA301/2018/06/17/CAMHDA301-20180617T061500.mp4
2018-06,20180620T001500,0,8,,,,,,all-black,/home/jovyan/ooi/san_data/RS03ASHS-PN03B-06-CAMHDA301/2018/06/20/CAMHDA301-20180620T001500.mp4
2018-06,20180606T091500,0,8,,,,,,all-black,/home/jovyan/ooi/san_data/RS03ASHS-PN03B-06-CAMHDA301/2018/06/06/CAMHDA301-20180606T091500.mp4
2018-06,20180614T121500,0,8,,,,,,all-black,/home/jovyan/ooi/san_data/RS03ASHS-PN03B-06-CAMHDA301/2018/06/14/CAMHDA301-20180614T121500.mp4
2018-06,20180611T181500,0,8,,,,,,all-black,/home/jovyan/ooi/san_data/RS03ASHS-PN03B-06-CAMHDA301/2018/06/11/CAMHDA301-20180611T181500.mp4
2018-06,20180609T031500,0,8,,,,,,all-black,/home/jovyan/ooi/san_data/RS03ASHS-PN03B-06-CAMHDA301/2018/06/09/CAMHDA301-20180609T031500.mp4
2018-06,20180625T091500,0,8,,,,,,all-black,/home/jovyan/ooi/san_data/RS03ASHS-PN03B-06-CAMHDA301/2018/06/25/CAMHDA301-20180625T091500.mp4
2018-06,20180601T001500,0,8,,,,,,all-black,/home/jovyan/ooi/san_data/RS03ASHS-PN03B-06-CAMHDA301/2018/06/01/CAMHDA301-20180601T001500.mp4
2018-06,20180622T151500,0,8,,,,,,all-black,/home/jovyan/ooi/san_data/RS03ASHS-PN03B-06-CAMHDA301/2018/06/22/CAMHDA301-20180622T151500.mp4
2018-06,20180628T031500,0,8,,,,,,all-black,/home/jovyan/ooi/san_data/RS03ASHS-PN03B-06-CAMHDA301/2018/06/28/CAMHDA301-20180628T031500.mp4
2018-06,20180630T211500,0,8,,,,,,all-black,/home/jovyan/ooi/san_data/RS03ASHS-PN03B-06-CAMHDA301/2018/06/30/CAMHDA301-20180630T211500.mp4
2018-07,20180701T001500,0,8,,,,,,all-black,/home/jovyan/ooi/san_data/RS03ASHS-PN03B-06-CAMHDA301/2018/07/01/CAMHDA301-20180701T001500.mp4
2018-07,20180709T031500,8,0,469.3,843.5,1184.8,71.80,51.36,,/home/jovyan/ooi/san_data/RS03ASHS-PN03B-06-CAMHDA301/2018/07/09/CAMHDA301-20180709T031500.mp4
2018-07,20180705T001500,8,0,516.3,1098.2,1980.9,75.16,51.53,,/home/jovyan/ooi/san_data/RS03ASHS-PN03B-06-CAMHDA301/2018/07/05/CAMHDA301-20180705T001500.mp4
2018-07,20180713T181500,8,0,503.2,1032.7,1919.6,70.14,54.28,,/home/jovyan/ooi/san_data/RS03ASHS-PN03B-06-CAMHDA301/2018/07/13/CAMHDA301-20180713T181500.mp4
2018-07,20180720T124500,8,0,70.3,115.7,121.5,69.13,22.27,,/home/jovyan/ooi/san_data/RS03ASHS-PN03B-06-CAMHDA301/2018/07/20/CAMHDA301-20180720T124500.mp4
2018-07,20180720T043000,8,0,68.4,86.5,92.3,32.07,25.98,,/home/jovyan/ooi/san_data/RS03ASHS-PN03B-06-CAMHDA301/2018/07/20/CAMHDA301-20180720T043000.mp4
2018-07,20180717T211500,8,0,493.7,1300.4,2810.8,71.95,53.92,,/home/jovyan/ooi/san_data/RS03ASHS-PN03B-06-CAMHDA301/2018/07/17/CAMHDA301-20180717T211500.mp4
2018-07,20180723T121500,8,0,486.5,1171.0,1972.4,69.54,50.74,,/home/jovyan/ooi/san_data/RS03ASHS-PN03B-06-CAMHDA301/2018/07/23/CAMHDA301-20180723T121500.mp4
2018-07,20180720T210000,8,0,153.8,185.1,223.7,109.34,48.83,,/home/jovyan/ooi/san_data/RS03ASHS-PN03B-06-CAMHDA301/2018/07/20/CAMHDA301-20180720T210000.mp4
2018-07,20180727T151500,8,0,544.5,1223.1,2129.9,68.71,51.60,,/home/jovyan/ooi/san_data/RS03ASHS-PN03B-06-CAMHDA301/2018/07/27/CAMHDA301-20180727T151500.mp4
2018-07,20180731T211500,8,0,415.0,1249.5,2386.1,71.08,52.46,,/home/jovyan/ooi/san_data/RS03ASHS-PN03B-06-CAMHDA301/2018/07/31/CAMHDA301-20180731T211500.mp4
2018-07,20180710T213000,8,0,513.2,549.2,561.5,105.00,50.00,,/home/jovyan/ooi/san_data/RS03ASHS-PN03B-06-CAMHDA301/2018/07/10/CAMHDA301-20180710T213000.mp4
2018-08,20180824T001500,0,8,,,,,,all-black,/home/jovyan/ooi/san_data/RS03ASHS-PN03B-06-CAMHDA301/2018/08/24/CAMHDA301-20180824T001500.mp4
2018-08,20180801T010000,8,0,709.5,804.2,817.8,80.79,52.74,,/home/jovyan/ooi/san_data/RS03ASHS-PN03B-06-CAMHDA301/2018/08/01/CAMHDA301-20180801T010000.mp4
2018-08,20180801T163000,8,0,52.0,70.6,73.4,30.59,30.27,,/home/jovyan/ooi/san_data/RS03ASHS-PN03B-06-CAMHDA301/2018/08/01/CAMHDA301-20180801T163000.mp4
2018-08,20180802T080000,8,0,137.6,161.5,183.8,106.04,43.47,,/home/jovyan/ooi/san_data/RS03ASHS-PN03B-06-CAMHDA301/2018/08/02/CAMHDA301-20180802T080000.mp4
2018-08,20180802T233000,8,0,74.4,91.5,104.8,48.20,22.78,,/home/jovyan/ooi/san_data/RS03ASHS-PN03B-06-CAMHDA301/2018/08/02/CAMHDA301-20180802T233000.mp4
2018-08,20180807T031500,8,0,341.5,715.5,1030.5,74.80,49.61,,/home/jovyan/ooi/san_data/RS03ASHS-PN03B-06-CAMHDA301/2018/08/07/CAMHDA301-20180807T031500.mp4
2018-08,20180811T181500,8,0,369.1,1104.9,2385.5,70.89,50.20,,/home/jovyan/ooi/san_data/RS03ASHS-PN03B-06-CAMHDA301/2018/08/11/CAMHDA301-20180811T181500.mp4
2018-08,20180810T101500,8,0,79.4,123.0,137.0,109.08,31.99,,/home/jovyan/ooi/san_data/RS03ASHS-PN03B-06-CAMHDA301/2018/08/10/CAMHDA301-20180810T101500.mp4
2018-08,20180803T150000,8,0,107.1,114.7,114.7,101.34,46.31,,/home/jovyan/ooi/san_data/RS03ASHS-PN03B-06-CAMHDA301/2018/08/03/CAMHDA301-20180803T150000.mp4
2018-08,20180819T121500,8,0,458.6,1140.1,1916.3,70.42,52.43,,/home/jovyan/ooi/san_data/RS03ASHS-PN03B-06-CAMHDA301/2018/08/19/CAMHDA301-20180819T121500.mp4
2018-08,20180831T211500,8,0,507.3,1060.9,1677.0,69.87,49.62,,/home/jovyan/ooi/san_data/RS03ASHS-PN03B-06-CAMHDA301/2018/08/31/CAMHDA301-20180831T211500.mp4
2018-08,20180820T144500,8,0,175.5,185.8,189.6,68.52,35.65,,/home/jovyan/ooi/san_data/RS03ASHS-PN03B-06-CAMHDA301/2018/08/20/CAMHDA301-20180820T144500.mp4
2018-09,20180901T141500,8,0,62.2,76.0,86.1,32.43,28.00,,/home/jovyan/ooi/san_data/RS03ASHS-PN03B-06-CAMHDA301/2018/09/01/CAMHDA301-20180901T141500.mp4
2018-09,20180901T010000,8,0,492.7,624.5,705.1,82.93,49.58,,/home/jovyan/ooi/san_data/RS03ASHS-PN03B-06-CAMHDA301/2018/09/01/CAMHDA301-20180901T010000.mp4
2018-09,20180902T034500,8,0,151.1,159.6,170.1,104.94,39.05,,/home/jovyan/ooi/san_data/RS03ASHS-PN03B-06-CAMHDA301/2018/09/02/CAMHDA301-20180902T034500.mp4
2018-09,20180908T151500,8,0,462.9,1468.4,2863.3,70.25,55.22,,/home/jovyan/ooi/san_data/RS03ASHS-PN03B-06-CAMHDA301/2018/09/08/CAMHDA301-20180908T151500.mp4
2018-09,20180902T171500,8,0,183.8,212.1,229.2,72.79,35.46,,/home/jovyan/ooi/san_data/RS03ASHS-PN03B-06-CAMHDA301/2018/09/02/CAMHDA301-20180902T171500.mp4
2018-09,20180903T201500,8,0,451.2,566.0,644.4,104.96,48.44,,/home/jovyan/ooi/san_data/RS03ASHS-PN03B-06-CAMHDA301/2018/09/03/CAMHDA301-20180903T201500.mp4
2018-09,20180910T110000,8,0,66.6,76.0,77.9,102.11,37.56,,/home/jovyan/ooi/san_data/RS03ASHS-PN03B-06-CAMHDA301/2018/09/10/CAMHDA301-20180910T110000.mp4
2018-09,20180917T211500,8,0,482.0,1326.6,2639.8,71.48,53.55,,/home/jovyan/ooi/san_data/RS03ASHS-PN03B-06-CAMHDA301/2018/09/17/CAMHDA301-20180917T211500.mp4
2018-09,20180903T064500,8,0,152.9,183.1,198.4,110.85,48.44,,/home/jovyan/ooi/san_data/RS03ASHS-PN03B-06-CAMHDA301/2018/09/03/CAMHDA301-20180903T064500.mp4
2018-09,20180911T031500,8,0,585.1,1978.5,2881.1,72.15,54.43,,/home/jovyan/ooi/san_data/RS03ASHS-PN03B-06-CAMHDA301/2018/09/11/CAMHDA301-20180911T031500.mp4
2018-09,20180920T093000,8,0,149.2,173.3,198.6,103.29,44.29,,/home/jovyan/ooi/san_data/RS03ASHS-PN03B-06-CAMHDA301/2018/09/20/CAMHDA301-20180920T093000.mp4
2018-10,20181004T121500,0,8,,,,,,all-black,/home/jovyan/ooi/san_data/RS03ASHS-PN03B-06-CAMHDA301/2018/10/04/CAMHDA301-20181004T121500.mp4
2018-09,20180928T214300,8,0,444.0,481.0,484.6,66.74,44.17,,/home/jovyan/ooi/san_data/RS03ASHS-PN03B-06-CAMHDA301/2018/09/28/CAMHDA301-20180928T214300.mp4
2018-10,20181010T051500,8,0,85.0,96.9,106.9,33.29,29.55,,/home/jovyan/ooi/san_data/RS03ASHS-PN03B-06-CAMHDA301/2018/10/10/CAMHDA301-20181010T051500.mp4
2018-10,20181013T211500,8,0,317.7,754.0,1008.2,70.54,47.56,,/home/jovyan/ooi/san_data/RS03ASHS-PN03B-06-CAMHDA301/2018/10/13/CAMHDA301-20181013T211500.mp4
2018-10,20181020T043000,8,0,77.3,129.2,134.8,32.11,27.72,,/home/jovyan/ooi/san_data/RS03ASHS-PN03B-06-CAMHDA301/2018/10/20/CAMHDA301-20181020T043000.mp4
2018-10,20181018T001500,8,0,351.8,746.7,756.0,69.82,47.47,,/home/jovyan/ooi/san_data/RS03ASHS-PN03B-06-CAMHDA301/2018/10/18/CAMHDA301-20181018T001500.mp4
2018-10,20181010T214500,8,0,484.0,683.7,834.3,110.60,36.52,,/home/jovyan/ooi/san_data/RS03ASHS-PN03B-06-CAMHDA301/2018/10/10/CAMHDA301-20181010T214500.mp4
2018-10,20181010T133000,8,0,193.5,234.4,279.8,64.90,32.46,,/home/jovyan/ooi/san_data/RS03ASHS-PN03B-06-CAMHDA301/2018/10/10/CAMHDA301-20181010T133000.mp4
2018-10,20181023T121500,8,0,300.3,543.6,757.0,72.63,43.95,,/home/jovyan/ooi/san_data/RS03ASHS-PN03B-06-CAMHDA301/2018/10/23/CAMHDA301-20181023T121500.mp4
2018-10,20181020T124500,8,0,155.0,180.3,202.5,65.29,31.35,,/home/jovyan/ooi/san_data/RS03ASHS-PN03B-06-CAMHDA301/2018/10/20/CAMHDA301-20181020T124500.mp4
2018-10,20181027T151500,8,0,654.1,946.8,1007.2,68.89,49.20,,/home/jovyan/ooi/san_data/RS03ASHS-PN03B-06-CAMHDA301/2018/10/27/CAMHDA301-20181027T151500.mp4
2018-10,20181020T210000,8,0,148.0,163.2,170.1,111.71,46.62,,/home/jovyan/ooi/san_data/RS03ASHS-PN03B-06-CAMHDA301/2018/10/20/CAMHDA301-20181020T210000.mp4
2018-10,20181031T211500,8,0,602.8,892.1,894.2,69.37,50.31,,/home/jovyan/ooi/san_data/RS03ASHS-PN03B-06-CAMHDA301/2018/10/31/CAMHDA301-20181031T211500.mp4
2018-11,20181101T010000,8,0,434.9,780.1,787.6,82.17,48.22,,/home/jovyan/ooi/san_data/RS03ASHS-PN03B-06-CAMHDA301/2018/11/01/CAMHDA301-20181101T010000.mp4
2018-11,20181101T161500,8,0,34.7,56.4,79.9,34.47,27.64,,/home/jovyan/ooi/san_data/RS03ASHS-PN03B-06-CAMHDA301/2018/11/01/CAMHDA301-20181101T161500.mp4
2018-11,20181102T230000,8,0,77.3,107.7,134.3,49.10,33.78,,/home/jovyan/ooi/san_data/RS03ASHS-PN03B-06-CAMHDA301/2018/11/02/CAMHDA301-20181102T230000.mp4
2018-11,20181106T181500,8,0,315.3,521.1,532.7,72.53,45.14,,/home/jovyan/ooi/san_data/RS03ASHS-PN03B-06-CAMHDA301/2018/11/06/CAMHDA301-20181106T181500.mp4
2018-11,20181102T073000,8,0,76.7,95.4,100.8,111.66,34.92,,/home/jovyan/ooi/san_data/RS03ASHS-PN03B-06-CAMHDA301/2018/11/02/CAMHDA301-20181102T073000.mp4
2018-11,20181111T031500,8,0,356.0,941.4,1035.3,69.00,48.42,,/home/jovyan/ooi/san_data/RS03ASHS-PN03B-06-CAMHDA301/2018/11/11/CAMHDA301-20181111T031500.mp4
2018-11,20181103T141500,8,0,296.0,448.9,541.1,112.45,48.89,,/home/jovyan/ooi/san_data/RS03ASHS-PN03B-06-CAMHDA301/2018/11/03/CAMHDA301-20181103T141500.mp4
2018-11,20181118T181500,8,0,218.5,540.1,555.7,72.18,41.90,,/home/jovyan/ooi/san_data/RS03ASHS-PN03B-06-CAMHDA301/2018/11/18/CAMHDA301-20181118T181500.mp4
2018-11,20181110T090000,8,0,34.9,44.8,52.2,20.92,4.98,,/home/jovyan/ooi/san_data/RS03ASHS-PN03B-06-CAMHDA301/2018/11/10/CAMHDA301-20181110T090000.mp4
2018-11,20181123T031500,8,0,614.8,863.8,887.2,73.30,49.32,,/home/jovyan/ooi/san_data/RS03ASHS-PN03B-06-CAMHDA301/2018/11/23/CAMHDA301-20181123T031500.mp4
2018-11,20181120T131500,8,0,104.4,138.2,149.6,66.58,31.95,,/home/jovyan/ooi/san_data/RS03ASHS-PN03B-06-CAMHDA301/2018/11/20/CAMHDA301-20181120T131500.mp4
2018-11,20181130T211500,8,0,327.0,860.4,890.8,70.28,50.10,,/home/jovyan/ooi/san_data/RS03ASHS-PN03B-06-CAMHDA301/2018/11/30/CAMHDA301-20181130T211500.mp4
2018-12,20181201T010000,8,0,460.3,745.0,767.9,84.35,48.72,,/home/jovyan/ooi/san_data/RS03ASHS-PN03B-06-CAMHDA301/2018/12/01/CAMHDA301-20181201T010000.mp4
2018-12,20181201T163000,8,0,54.3,62.1,65.2,35.56,32.24,,/home/jovyan/ooi/san_data/RS03ASHS-PN03B-06-CAMHDA301/2018/12/01/CAMHDA301-20181201T163000.mp4
2018-12,20181207T031500,8,0,382.5,794.0,811.5,52.81,46.91,,/home/jovyan/ooi/san_data/RS03ASHS-PN03B-06-CAMHDA301/2018/12/07/CAMHDA301-20181207T031500.mp4
2018-12,20181202T233000,8,0,67.3,78.8,86.5,49.14,34.72,,/home/jovyan/ooi/san_data/RS03ASHS-PN03B-06-CAMHDA301/2018/12/02/CAMHDA301-20181202T233000.mp4
2018-12,20181202T080000,8,0,194.2,218.5,236.8,105.88,48.11,,/home/jovyan/ooi/san_data/RS03ASHS-PN03B-06-CAMHDA301/2018/12/02/CAMHDA301-20181202T080000.mp4
2018-12,20181203T150000,8,0,143.3,160.0,165.7,111.62,50.45,,/home/jovyan/ooi/san_data/RS03ASHS-PN03B-06-CAMHDA301/2018/12/03/CAMHDA301-20181203T150000.mp4
2018-12,20181210T101500,8,0,184.9,240.3,259.4,87.40,51.04,,/home/jovyan/ooi/san_data/RS03ASHS-PN03B-06-CAMHDA301/2018/12/10/CAMHDA301-20181210T101500.mp4
2018-12,20181219T121500,8,0,393.1,705.5,751.4,51.66,46.29,,/home/jovyan/ooi/san_data/RS03ASHS-PN03B-06-CAMHDA301/2018/12/19/CAMHDA301-20181219T121500.mp4
2018-12,20181211T181500,8,0,227.3,401.9,427.5,54.19,45.27,,/home/jovyan/ooi/san_data/RS03ASHS-PN03B-06-CAMHDA301/2018/12/11/CAMHDA301-20181211T181500.mp4
2018-12,20181220T144500,8,0,104.0,157.6,175.2,49.58,24.28,,/home/jovyan/ooi/san_data/RS03ASHS-PN03B-06-CAMHDA301/2018/12/20/CAMHDA301-20181220T144500.mp4
2018-12,20181231T211500,8,0,304.3,494.0,517.8,54.59,45.20,,/home/jovyan/ooi/san_data/RS03ASHS-PN03B-06-CAMHDA301/2018/12/31/CAMHDA301-20181231T211500.mp4
2018-12,20181224T001500,8,0,393.1,720.8,756.3,53.98,45.44,,/home/jovyan/ooi/san_data/RS03ASHS-PN03B-06-CAMHDA301/2018/12/24/CAMHDA301-20181224T001500.mp4
2019-01,20190101T010000,8,0,821.2,845.3,849.6,61.97,63.39,,/home/jovyan/ooi/san_data/RS03ASHS-PN03B-06-CAMHDA301/2019/01/01/CAMHDA301-20190101T010000.mp4
2019-01,20190101T134500,8,0,46.6,60.3,71.7,22.34,30.51,,/home/jovyan/ooi/san_data/RS03ASHS-PN03B-06-CAMHDA301/2019/01/01/CAMHDA301-20190101T134500.mp4
2019-01,20190103T041500,8,0,51.4,63.9,72.7,30.13,35.10,,/home/jovyan/ooi/san_data/RS03ASHS-PN03B-06-CAMHDA301/2019/01/03/CAMHDA301-20190103T041500.mp4
2019-01,20190117T091500,8,0,460.6,680.1,815.4,53.20,46.60,,/home/jovyan/ooi/san_data/RS03ASHS-PN03B-06-CAMHDA301/2019/01/17/CAMHDA301-20190117T091500.mp4
2019-01,20190102T153000,8,0,66.4,102.7,109.6,56.75,26.06,,/home/jovyan/ooi/san_data/RS03ASHS-PN03B-06-CAMHDA301/2019/01/02/CAMHDA301-20190102T153000.mp4
2019-01,20190102T023000,8,0,32.0,47.1,50.8,12.89,6.53,,/home/jovyan/ooi/san_data/RS03ASHS-PN03B-06-CAMHDA301/2019/01/02/CAMHDA301-20190102T023000.mp4
2019-01,20190106T211500,8,0,304.5,587.8,600.6,58.08,43.88,,/home/jovyan/ooi/san_data/RS03ASHS-PN03B-06-CAMHDA301/2019/01/06/CAMHDA301-20190106T211500.mp4
2019-01,20190103T171500,8,0,685.2,816.0,994.5,85.17,54.25,,/home/jovyan/ooi/san_data/RS03ASHS-PN03B-06-CAMHDA301/2019/01/03/CAMHDA301-20190103T171500.mp4
2019-01,20190120T074500,7,1,27.3,36.5,40.9,11.83,6.01,,/home/jovyan/ooi/san_data/RS03ASHS-PN03B-06-CAMHDA301/2019/01/20/CAMHDA301-20190120T074500.mp4
2019-01,20190131T211500,8,0,353.0,587.4,787.5,54.11,47.17,,/home/jovyan/ooi/san_data/RS03ASHS-PN03B-06-CAMHDA301/2019/01/31/CAMHDA301-20190131T211500.mp4
2019-01,20190120T204500,8,0,113.1,189.7,210.5,101.59,47.88,,/home/jovyan/ooi/san_data/RS03ASHS-PN03B-06-CAMHDA301/2019/01/20/CAMHDA301-20190120T204500.mp4
2019-01,20190125T091500,0,8,,,,,,all-black,/home/jovyan/ooi/san_data/RS03ASHS-PN03B-06-CAMHDA301/2019/01/25/CAMHDA301-20190125T091500.mp4
2019-02,20190201T160000,8,0,98.5,116.8,120.3,24.92,31.36,,/home/jovyan/ooi/san_data/RS03ASHS-PN03B-06-CAMHDA301/2019/02/01/CAMHDA301-20190201T160000.mp4
2019-02,20190201T010000,8,0,621.4,700.4,731.3,67.15,64.48,,/home/jovyan/ooi/san_data/RS03ASHS-PN03B-06-CAMHDA301/2019/02/01/CAMHDA301-20190201T010000.mp4
2019-02,20190202T220000,8,0,41.0,47.1,58.4,34.77,36.45,,/home/jovyan/ooi/san_data/RS03ASHS-PN03B-06-CAMHDA301/2019/02/02/CAMHDA301-20190202T220000.mp4
2019-02,20190205T211500,8,0,160.0,356.7,508.0,56.36,46.23,,/home/jovyan/ooi/san_data/RS03ASHS-PN03B-06-CAMHDA301/2019/02/05/CAMHDA301-20190205T211500.mp4
2019-02,20190202T070000,8,0,134.8,193.7,245.7,83.70,47.72,,/home/jovyan/ooi/san_data/RS03ASHS-PN03B-06-CAMHDA301/2019/02/02/CAMHDA301-20190202T070000.mp4
2019-02,20190210T220000,8,0,562.5,614.3,691.8,76.48,59.54,,/home/jovyan/ooi/san_data/RS03ASHS-PN03B-06-CAMHDA301/2019/02/10/CAMHDA301-20190210T220000.mp4
2019-02,20190210T070000,8,0,29.6,41.2,49.8,14.85,13.19,,/home/jovyan/ooi/san_data/RS03ASHS-PN03B-06-CAMHDA301/2019/02/10/CAMHDA301-20190210T070000.mp4
2019-02,20190203T130000,8,0,108.5,132.4,146.4,99.82,50.49,,/home/jovyan/ooi/san_data/RS03ASHS-PN03B-06-CAMHDA301/2019/02/03/CAMHDA301-20190203T130000.mp4
2019-02,20190217T091500,8,0,346.1,732.8,1115.6,54.42,49.45,,/home/jovyan/ooi/san_data/RS03ASHS-PN03B-06-CAMHDA301/2019/02/17/CAMHDA301-20190217T091500.mp4
2019-02,20190221T091500,8,0,147.5,406.0,432.1,59.53,46.42,,/home/jovyan/ooi/san_data/RS03ASHS-PN03B-06-CAMHDA301/2019/02/21/CAMHDA301-20190221T091500.mp4
2019-02,20190220T100000,8,0,123.2,148.4,165.2,84.10,48.10,,/home/jovyan/ooi/san_data/RS03ASHS-PN03B-06-CAMHDA301/2019/02/20/CAMHDA301-20190220T100000.mp4
2019-02,20190228T211500,8,0,238.6,615.8,904.4,57.63,48.25,,/home/jovyan/ooi/san_data/RS03ASHS-PN03B-06-CAMHDA301/2019/02/28/CAMHDA301-20190228T211500.mp4
2019-03,20190301T010000,8,0,562.0,587.7,596.7,70.07,67.24,,/home/jovyan/ooi/san_data/RS03ASHS-PN03B-06-CAMHDA301/2019/03/01/CAMHDA301-20190301T010000.mp4
2019-03,20190301T163000,8,0,39.5,53.0,62.1,32.56,42.23,,/home/jovyan/ooi/san_data/RS03ASHS-PN03B-06-CAMHDA301/2019/03/01/CAMHDA301-20190301T163000.mp4
2019-03,20190307T031500,8,0,356.2,649.1,686.9,55.51,49.26,,/home/jovyan/ooi/san_data/RS03ASHS-PN03B-06-CAMHDA301/2019/03/07/CAMHDA301-20190307T031500.mp4
2019-03,20190310T101500,8,0,97.0,153.7,155.3,92.01,33.22,,/home/jovyan/ooi/san_data/RS03ASHS-PN03B-06-CAMHDA301/2019/03/10/CAMHDA301-20190310T101500.mp4
2019-03,20190302T080000,8,0,84.5,141.3,183.6,90.12,39.28,,/home/jovyan/ooi/san_data/RS03ASHS-PN03B-06-CAMHDA301/2019/03/02/CAMHDA301-20190302T080000.mp4
2019-03,20190311T181500,8,0,302.1,657.1,1047.7,61.43,43.55,,/home/jovyan/ooi/san_data/RS03ASHS-PN03B-06-CAMHDA301/2019/03/11/CAMHDA301-20190311T181500.mp4
2019-03,20190302T233000,8,0,45.5,58.2,75.6,36.77,37.15,,/home/jovyan/ooi/san_data/RS03ASHS-PN03B-06-CAMHDA301/2019/03/02/CAMHDA301-20190302T233000.mp4
2019-03,20190303T150000,8,0,139.8,190.1,238.0,102.59,44.55,,/home/jovyan/ooi/san_data/RS03ASHS-PN03B-06-CAMHDA301/2019/03/03/CAMHDA301-20190303T150000.mp4
2019-03,20190319T121500,8,0,463.1,757.0,852.2,58.26,49.01,,/home/jovyan/ooi/san_data/RS03ASHS-PN03B-06-CAMHDA301/2019/03/19/CAMHDA301-20190319T121500.mp4
2019-03,20190331T211500,8,0,231.9,874.5,989.8,60.84,46.61,,/home/jovyan/ooi/san_data/RS03ASHS-PN03B-06-CAMHDA301/2019/03/31/CAMHDA301-20190331T211500.mp4
2019-03,20190320T144500,8,0,210.5,269.3,319.5,101.98,47.79,,/home/jovyan/ooi/san_data/RS03ASHS-PN03B-06-CAMHDA301/2019/03/20/CAMHDA301-20190320T144500.mp4
2019-03,20190324T001500,8,0,336.3,774.8,804.0,56.65,48.83,,/home/jovyan/ooi/san_data/RS03ASHS-PN03B-06-CAMHDA301/2019/03/24/CAMHDA301-20190324T001500.mp4
2019-04,20190401T010000,8,0,381.4,411.9,412.0,72.44,68.28,,/home/jovyan/ooi/san_data/RS03ASHS-PN03B-06-CAMHDA301/2019/04/01/CAMHDA301-20190401T010000.mp4
2019-04,20190401T130000,8,0,91.0,107.9,121.3,38.77,50.06,,/home/jovyan/ooi/san_data/RS03ASHS-PN03B-06-CAMHDA301/2019/04/01/CAMHDA301-20190401T130000.mp4
2019-04,20190401T031500,8,0,436.5,470.1,479.4,71.25,69.37,,/home/jovyan/ooi/san_data/RS03ASHS-PN03B-06-CAMHDA301/2019/04/01/CAMHDA301-20190401T031500.mp4
2019-04,20190401T103000,8,0,73.8,80.5,85.0,38.55,50.65,,/home/jovyan/ooi/san_data/RS03ASHS-PN03B-06-CAMHDA301/2019/04/01/CAMHDA301-20190401T103000.mp4
2019-04,20190424T181500,8,0,406.0,779.2,855.6,59.52,49.76,,/home/jovyan/ooi/san_data/RS03ASHS-PN03B-06-CAMHDA301/2019/04/24/CAMHDA301-20190424T181500.mp4
2019-04,20190427T031500,8,0,218.7,464.1,557.7,62.99,48.12,,/home/jovyan/ooi/san_data/RS03ASHS-PN03B-06-CAMHDA301/2019/04/27/CAMHDA301-20190427T031500.mp4
2019-04,20190426T001500,8,0,189.7,586.9,741.8,62.29,49.54,,/home/jovyan/ooi/san_data/RS03ASHS-PN03B-06-CAMHDA301/2019/04/26/CAMHDA301-20190426T001500.mp4
2019-04,20190401T081500,8,0,205.0,264.0,267.0,72.44,68.25,,/home/jovyan/ooi/san_data/RS03ASHS-PN03B-06-CAMHDA301/2019/04/01/CAMHDA301-20190401T081500.mp4
2019-04,20190401T054500,8,0,450.1,458.3,468.5,71.54,69.35,,/home/jovyan/ooi/san_data/RS03ASHS-PN03B-06-CAMHDA301/2019/04/01/CAMHDA301-20190401T054500.mp4
2019-04,20190428T091500,8,0,277.8,794.9,1067.8,58.16,51.80,,/home/jovyan/ooi/san_data/RS03ASHS-PN03B-06-CAMHDA301/2019/04/28/CAMHDA301-20190428T091500.mp4
2019-04,20190429T151500,8,0,135.3,616.5,802.3,62.35,48.57,,/home/jovyan/ooi/san_data/RS03ASHS-PN03B-06-CAMHDA301/2019/04/29/CAMHDA301-20190429T151500.mp4
2019-04,20190430T211500,8,0,204.3,625.4,738.5,64.38,47.13,,/home/jovyan/ooi/san_data/RS03ASHS-PN03B-06-CAMHDA301/2019/04/30/CAMHDA301-20190430T211500.mp4
2019-05,20190501T163000,8,0,142.6,175.5,189.0,42.48,56.17,,/home/jovyan/ooi/san_data/RS03ASHS-PN03B-06-CAMHDA301/2019/05/01/CAMHDA301-20190501T163000.mp4
2019-05,20190501T010000,8,0,415.2,456.2,460.4,73.73,70.16,,/home/jovyan/ooi/san_data/RS03ASHS-PN03B-06-CAMHDA301/2019/05/01/CAMHDA301-20190501T010000.mp4
2019-05,20190502T233000,8,0,85.3,101.8,114.5,58.65,53.89,,/home/jovyan/ooi/san_data/RS03ASHS-PN03B-06-CAMHDA301/2019/05/02/CAMHDA301-20190502T233000.mp4
2019-05,20190502T080000,8,0,75.6,121.0,134.8,89.57,36.53,,/home/jovyan/ooi/san_data/RS03ASHS-PN03B-06-CAMHDA301/2019/05/02/CAMHDA301-20190502T080000.mp4
2019-05,20190507T031500,8,0,324.3,855.0,903.7,58.40,53.03,,/home/jovyan/ooi/san_data/RS03ASHS-PN03B-06-CAMHDA301/2019/05/07/CAMHDA301-20190507T031500.mp4
2019-05,20190511T181500,8,0,203.9,455.7,527.2,60.99,49.04,,/home/jovyan/ooi/san_data/RS03ASHS-PN03B-06-CAMHDA301/2019/05/11/CAMHDA301-20190511T181500.mp4
2019-05,20190510T101500,8,0,170.2,217.0,289.1,85.50,49.04,,/home/jovyan/ooi/san_data/RS03ASHS-PN03B-06-CAMHDA301/2019/05/10/CAMHDA301-20190510T101500.mp4
2019-05,20190519T121500,8,0,340.2,763.3,812.3,57.63,50.98,,/home/jovyan/ooi/san_data/RS03ASHS-PN03B-06-CAMHDA301/2019/05/19/CAMHDA301-20190519T121500.mp4
2019-05,20190503T150000,8,0,74.6,84.0,93.3,89.75,46.64,,/home/jovyan/ooi/san_data/RS03ASHS-PN03B-06-CAMHDA301/2019/05/03/CAMHDA301-20190503T150000.mp4
2019-05,20190520T144500,8,0,99.7,160.7,199.7,103.58,34.07,,/home/jovyan/ooi/san_data/RS03ASHS-PN03B-06-CAMHDA301/2019/05/20/CAMHDA301-20190520T144500.mp4
2019-05,20190524T001500,8,0,173.5,403.5,564.9,57.99,49.08,,/home/jovyan/ooi/san_data/RS03ASHS-PN03B-06-CAMHDA301/2019/05/24/CAMHDA301-20190524T001500.mp4
2019-05,20190531T211500,8,0,215.2,980.6,1688.5,55.17,46.20,,/home/jovyan/ooi/san_data/RS03ASHS-PN03B-06-CAMHDA301/2019/05/31/CAMHDA301-20190531T211500.mp4
2019-06,20190601T161500,8,0,118.3,150.7,169.5,36.90,47.78,,/home/jovyan/ooi/san_data/RS03ASHS-PN03B-06-CAMHDA301/2019/06/01/CAMHDA301-20190601T161500.mp4
2019-06,20190601T010000,8,0,546.4,599.6,631.5,72.13,68.76,,/home/jovyan/ooi/san_data/RS03ASHS-PN03B-06-CAMHDA301/2019/06/01/CAMHDA301-20190601T010000.mp4
2019-06,20190602T074500,8,0,194.1,314.0,351.0,85.94,31.90,,/home/jovyan/ooi/san_data/RS03ASHS-PN03B-06-CAMHDA301/2019/06/02/CAMHDA301-20190602T074500.mp4
2019-06,20190606T211500,8,0,516.8,780.4,893.6,56.33,50.86,,/home/jovyan/ooi/san_data/RS03ASHS-PN03B-06-CAMHDA301/2019/06/06/CAMHDA301-20190606T211500.mp4
2019-06,20190611T061500,8,0,311.4,584.3,691.2,57.44,48.58,,/home/jovyan/ooi/san_data/RS03ASHS-PN03B-06-CAMHDA301/2019/06/11/CAMHDA301-20190611T061500.mp4
2019-06,20190602T230000,8,0,68.0,73.7,77.3,35.77,37.33,,/home/jovyan/ooi/san_data/RS03ASHS-PN03B-06-CAMHDA301/2019/06/02/CAMHDA301-20190602T230000.mp4
2019-06,20190603T143000,8,0,84.1,98.5,102.9,97.78,45.24,,/home/jovyan/ooi/san_data/RS03ASHS-PN03B-06-CAMHDA301/2019/06/03/CAMHDA301-20190603T143000.mp4
2019-06,20190610T091500,8,0,153.9,229.3,259.2,90.23,31.16,,/home/jovyan/ooi/san_data/RS03ASHS-PN03B-06-CAMHDA301/2019/06/10/CAMHDA301-20190610T091500.mp4
2019-06,20190618T181500,8,0,306.5,720.1,764.6,73.16,42.06,,/home/jovyan/ooi/san_data/RS03ASHS-PN03B-06-CAMHDA301/2019/06/18/CAMHDA301-20190618T181500.mp4
2019-06,20190623T031500,8,0,330.0,611.4,632.2,71.83,42.23,,/home/jovyan/ooi/san_data/RS03ASHS-PN03B-06-CAMHDA301/2019/06/23/CAMHDA301-20190623T031500.mp4
2019-06,20190620T130000,8,0,45.7,75.8,77.6,40.68,45.30,,/home/jovyan/ooi/san_data/RS03ASHS-PN03B-06-CAMHDA301/2019/06/20/CAMHDA301-20190620T130000.mp4
2019-06,20190630T211500,8,0,233.9,458.2,508.9,81.80,39.95,,/home/jovyan/ooi/san_data/RS03ASHS-PN03B-06-CAMHDA301/2019/06/30/CAMHDA301-20190630T211500.mp4
2019-07,20190701T010000,8,0,571.5,683.7,799.3,78.76,58.85,,/home/jovyan/ooi/san_data/RS03ASHS-PN03B-06-CAMHDA301/2019/07/01/CAMHDA301-20190701T010000.mp4
2019-07,20190701T153000,8,0,19.0,27.0,42.5,27.52,4.03,,/home/jovyan/ooi/san_data/RS03ASHS-PN03B-06-CAMHDA301/2019/07/01/CAMHDA301-20190701T153000.mp4
2019-07,20190702T060000,8,0,210.9,277.9,340.0,93.79,43.47,,/home/jovyan/ooi/san_data/RS03ASHS-PN03B-06-CAMHDA301/2019/07/02/CAMHDA301-20190702T060000.mp4
2019-07,20190702T204500,8,0,50.2,76.3,92.6,43.84,45.36,,/home/jovyan/ooi/san_data/RS03ASHS-PN03B-06-CAMHDA301/2019/07/02/CAMHDA301-20190702T204500.mp4
2019-07,20190704T211500,8,0,433.7,753.5,757.8,73.19,44.77,,/home/jovyan/ooi/san_data/RS03ASHS-PN03B-06-CAMHDA301/2019/07/04/CAMHDA301-20190704T211500.mp4
2019-07,20190703T111500,8,0,98.6,138.2,145.3,103.23,30.95,,/home/jovyan/ooi/san_data/RS03ASHS-PN03B-06-CAMHDA301/2019/07/03/CAMHDA301-20190703T111500.mp4
2019-07,20190720T063000,0,8,,,,,,all-black,/home/jovyan/ooi/san_data/RS03ASHS-PN03B-06-CAMHDA301/2019/07/20/CAMHDA301-20190720T063000.mp4
2019-07,20190710T043000,8,0,39.5,59.8,76.8,33.93,4.68,,/home/jovyan/ooi/san_data/RS03ASHS-PN03B-06-CAMHDA301/2019/07/10/CAMHDA301-20190710T043000.mp4
2019-07,20190726T151500,0,8,,,,,,all-black,/home/jovyan/ooi/san_data/RS03ASHS-PN03B-06-CAMHDA301/2019/07/26/CAMHDA301-20190726T151500.mp4
2019-07,20190710T191500,8,0,138.4,195.3,244.2,104.77,33.23,,/home/jovyan/ooi/san_data/RS03ASHS-PN03B-06-CAMHDA301/2019/07/10/CAMHDA301-20190710T191500.mp4
2019-07,20190720T210000,0,8,,,,,,all-black,/home/jovyan/ooi/san_data/RS03ASHS-PN03B-06-CAMHDA301/2019/07/20/CAMHDA301-20190720T210000.mp4
2019-07,20190715T181500,8,0,457.6,941.0,1504.1,77.56,46.63,,/home/jovyan/ooi/san_data/RS03ASHS-PN03B-06-CAMHDA301/2019/07/15/CAMHDA301-20190715T181500.mp4
2019-08,20190812T212500,1,7,686.9,686.9,686.9,85.98,54.07,,/home/jovyan/ooi/san_data/RS03ASHS-PN03B-06-CAMHDA301/2019/08/12/CAMHDA301-20190812T212500.mp4
2020-08,20200810T210600,1,7,731.4,731.4,731.4,79.47,63.80,,/home/jovyan/ooi/san_data/RS03ASHS-PN03B-06-CAMHDA301/2020/08/10/CAMHDA301-20200810T210600.mp4
2019-09,20190914T000400,6,2,362.3,414.5,441.9,90.69,46.29,,/home/jovyan/ooi/san_data/RS03ASHS-PN03B-06-CAMHDA301/2019/09/14/CAMHDA301-20190914T000400.mp4
2020-08,20200823T031500,8,0,401.6,1190.0,1855.0,76.93,42.44,,/home/jovyan/ooi/san_data/RS03ASHS-PN03B-06-CAMHDA301/2020/08/23/CAMHDA301-20200823T031500.mp4
2020-08,20200822T031500,8,0,383.0,865.3,886.3,73.40,43.66,,/home/jovyan/ooi/san_data/RS03ASHS-PN03B-06-CAMHDA301/2020/08/22/CAMHDA301-20200822T031500.mp4
2020-08,20200824T061500,8,0,371.4,835.1,896.8,76.67,43.59,,/home/jovyan/ooi/san_data/RS03ASHS-PN03B-06-CAMHDA301/2020/08/24/CAMHDA301-20200824T061500.mp4
2020-08,20200828T151500,8,0,441.7,798.7,835.4,70.88,44.90,,/home/jovyan/ooi/san_data/RS03ASHS-PN03B-06-CAMHDA301/2020/08/28/CAMHDA301-20200828T151500.mp4
2020-08,20200825T091500,8,0,327.6,593.2,658.1,77.81,40.69,,/home/jovyan/ooi/san_data/RS03ASHS-PN03B-06-CAMHDA301/2020/08/25/CAMHDA301-20200825T091500.mp4
2020-08,20200826T091500,8,0,462.8,813.1,861.4,74.92,43.98,,/home/jovyan/ooi/san_data/RS03ASHS-PN03B-06-CAMHDA301/2020/08/26/CAMHDA301-20200826T091500.mp4
2020-08,20200829T151500,8,0,419.1,803.5,873.2,74.61,43.33,,/home/jovyan/ooi/san_data/RS03ASHS-PN03B-06-CAMHDA301/2020/08/29/CAMHDA301-20200829T151500.mp4
2020-08,20200827T121500,8,0,356.7,723.9,786.9,74.81,44.41,,/home/jovyan/ooi/san_data/RS03ASHS-PN03B-06-CAMHDA301/2020/08/27/CAMHDA301-20200827T121500.mp4
2020-08,20200806T131700,0,8,,,,,,all-black,/home/jovyan/ooi/san_data/RS03ASHS-PN03B-06-CAMHDA301/2020/08/06/CAMHDA301-20200806T131700.mp4
2020-08,20200830T181500,8,0,376.3,653.1,740.8,72.88,43.53,,/home/jovyan/ooi/san_data/RS03ASHS-PN03B-06-CAMHDA301/2020/08/30/CAMHDA301-20200830T181500.mp4
2020-09,20200910T093000,0,8,,,,,,all-black,/home/jovyan/ooi/san_data/RS03ASHS-PN03B-06-CAMHDA301/2020/09/10/CAMHDA301-20200910T093000.mp4
2020-08,20200831T211500,8,0,425.4,750.2,851.0,71.47,44.58,,/home/jovyan/ooi/san_data/RS03ASHS-PN03B-06-CAMHDA301/2020/08/31/CAMHDA301-20200831T211500.mp4
2020-09,20200901T010000,8,0,950.1,964.7,977.2,71.61,59.31,,/home/jovyan/ooi/san_data/RS03ASHS-PN03B-06-CAMHDA301/2020/09/01/CAMHDA301-20200901T010000.mp4
2020-09,20200902T074500,8,0,84.6,147.8,152.6,113.95,43.66,,/home/jovyan/ooi/san_data/RS03ASHS-PN03B-06-CAMHDA301/2020/09/02/CAMHDA301-20200902T074500.mp4
2020-09,20200901T161500,8,0,27.2,33.9,44.5,24.45,13.65,,/home/jovyan/ooi/san_data/RS03ASHS-PN03B-06-CAMHDA301/2020/09/01/CAMHDA301-20200901T161500.mp4
2020-09,20200906T211500,8,0,233.2,365.2,520.1,76.14,40.38,,/home/jovyan/ooi/san_data/RS03ASHS-PN03B-06-CAMHDA301/2020/09/06/CAMHDA301-20200906T211500.mp4
2020-09,20200902T231500,8,0,184.5,224.5,266.5,97.08,39.94,,/home/jovyan/ooi/san_data/RS03ASHS-PN03B-06-CAMHDA301/2020/09/02/CAMHDA301-20200902T231500.mp4
2020-09,20200903T143000,8,0,80.4,106.8,140.5,82.95,15.21,,/home/jovyan/ooi/san_data/RS03ASHS-PN03B-06-CAMHDA301/2020/09/03/CAMHDA301-20200903T143000.mp4
2020-09,20200919T001500,4,4,2334.5,11827.6,15701.9,74.42,36.56,,/home/jovyan/ooi/san_data/RS03ASHS-PN03B-06-CAMHDA301/2020/09/19/CAMHDA301-20200919T001500.mp4
2020-09,20200911T091500,8,0,253.1,476.7,570.2,77.09,39.70,,/home/jovyan/ooi/san_data/RS03ASHS-PN03B-06-CAMHDA301/2020/09/11/CAMHDA301-20200911T091500.mp4
2020-09,20200920T140000,4,4,1622.2,8664.5,11624.3,53.25,48.51,,/home/jovyan/ooi/san_data/RS03ASHS-PN03B-06-CAMHDA301/2020/09/20/CAMHDA301-20200920T140000.mp4
2020-09,20200923T151500,6,2,2538.7,13211.5,22357.5,77.92,37.28,,/home/jovyan/ooi/san_data/RS03ASHS-PN03B-06-CAMHDA301/2020/09/23/CAMHDA301-20200923T151500.mp4
2020-10,20201001T010000,8,0,802.3,870.0,886.6,78.30,59.25,,/home/jovyan/ooi/san_data/RS03ASHS-PN03B-06-CAMHDA301/2020/10/01/CAMHDA301-20201001T010000.mp4
2020-10,20201002T080000,8,0,132.4,221.9,284.0,117.30,41.55,,/home/jovyan/ooi/san_data/RS03ASHS-PN03B-06-CAMHDA301/2020/10/02/CAMHDA301-20201002T080000.mp4
2020-10,20201001T163000,8,0,39.6,54.5,81.8,39.01,10.03,,/home/jovyan/ooi/san_data/RS03ASHS-PN03B-06-CAMHDA301/2020/10/01/CAMHDA301-20201001T163000.mp4
2020-10,20201003T150000,8,0,60.5,67.4,77.9,83.99,20.82,,/home/jovyan/ooi/san_data/RS03ASHS-PN03B-06-CAMHDA301/2020/10/03/CAMHDA301-20201003T150000.mp4
2020-09,20200930T211500,8,0,335.3,592.9,700.5,80.52,45.91,,/home/jovyan/ooi/san_data/RS03ASHS-PN03B-06-CAMHDA301/2020/09/30/CAMHDA301-20200930T211500.mp4
2020-10,20201007T031500,8,0,265.2,546.0,625.9,71.82,41.04,,/home/jovyan/ooi/san_data/RS03ASHS-PN03B-06-CAMHDA301/2020/10/07/CAMHDA301-20201007T031500.mp4
2020-10,20201011T181500,8,0,349.0,777.4,979.0,72.92,40.76,,/home/jovyan/ooi/san_data/RS03ASHS-PN03B-06-CAMHDA301/2020/10/11/CAMHDA301-20201011T181500.mp4
2020-10,20201002T233000,8,0,130.7,151.8,157.6,101.33,37.89,,/home/jovyan/ooi/san_data/RS03ASHS-PN03B-06-CAMHDA301/2020/10/02/CAMHDA301-20201002T233000.mp4
2020-10,20201010T101500,8,0,109.5,160.8,167.8,115.22,44.95,,/home/jovyan/ooi/san_data/RS03ASHS-PN03B-06-CAMHDA301/2020/10/10/CAMHDA301-20201010T101500.mp4
2020-10,20201019T121500,8,0,172.8,354.5,444.2,81.11,35.76,,/home/jovyan/ooi/san_data/RS03ASHS-PN03B-06-CAMHDA301/2020/10/19/CAMHDA301-20201019T121500.mp4
2020-10,20201020T144500,8,0,67.1,90.4,118.3,59.44,36.97,,/home/jovyan/ooi/san_data/RS03ASHS-PN03B-06-CAMHDA301/2020/10/20/CAMHDA301-20201020T144500.mp4
2020-10,20201024T001500,8,0,136.0,294.6,297.3,79.92,38.34,,/home/jovyan/ooi/san_data/RS03ASHS-PN03B-06-CAMHDA301/2020/10/24/CAMHDA301-20201024T001500.mp4
2020-11,20201103T144500,0,8,,,,,,all-black,/home/jovyan/ooi/san_data/RS03ASHS-PN03B-06-CAMHDA301/2020/11/03/CAMHDA301-20201103T144500.mp4
2020-10,20201031T211500,0,8,,,,,,all-black,/home/jovyan/ooi/san_data/RS03ASHS-PN03B-06-CAMHDA301/2020/10/31/CAMHDA301-20201031T211500.mp4
2020-11,20201106T121500,8,0,111.5,359.9,389.4,80.33,32.31,,/home/jovyan/ooi/san_data/RS03ASHS-PN03B-06-CAMHDA301/2020/11/06/CAMHDA301-20201106T121500.mp4
2020-11,20201101T010000,0,8,,,,,,all-black,/home/jovyan/ooi/san_data/RS03ASHS-PN03B-06-CAMHDA301/2020/11/01/CAMHDA301-20201101T010000.mp4
2020-11,20201110T083000,8,0,71.3,98.8,123.8,62.03,30.35,,/home/jovyan/ooi/san_data/RS03ASHS-PN03B-06-CAMHDA301/2020/11/10/CAMHDA301-20201110T083000.mp4
2020-11,20201102T074500,0,8,,,,,,all-black,/home/jovyan/ooi/san_data/RS03ASHS-PN03B-06-CAMHDA301/2020/11/02/CAMHDA301-20201102T074500.mp4
2020-11,20201101T161500,0,8,,,,,,all-black,/home/jovyan/ooi/san_data/RS03ASHS-PN03B-06-CAMHDA301/2020/11/01/CAMHDA301-20201101T161500.mp4
2020-11,20201111T000000,6,2,214.3,265.3,283.1,112.76,41.87,,/home/jovyan/ooi/san_data/RS03ASHS-PN03B-06-CAMHDA301/2020/11/11/CAMHDA301-20201111T000000.mp4
2020-11,20201102T231500,0,8,,,,,,all-black,/home/jovyan/ooi/san_data/RS03ASHS-PN03B-06-CAMHDA301/2020/11/02/CAMHDA301-20201102T231500.mp4
2020-11,20201120T130000,8,0,70.1,91.7,117.2,61.05,37.14,,/home/jovyan/ooi/san_data/RS03ASHS-PN03B-06-CAMHDA301/2020/11/20/CAMHDA301-20201120T130000.mp4
2020-11,20201118T151500,8,0,201.0,396.6,414.5,76.37,36.72,,/home/jovyan/ooi/san_data/RS03ASHS-PN03B-06-CAMHDA301/2020/11/18/CAMHDA301-20201118T151500.mp4
2020-11,20201123T031500,8,0,131.1,253.3,345.7,79.82,37.25,,/home/jovyan/ooi/san_data/RS03ASHS-PN03B-06-CAMHDA301/2020/11/23/CAMHDA301-20201123T031500.mp4
2020-11,20201130T211500,8,0,194.7,378.7,453.5,74.43,39.73,,/home/jovyan/ooi/san_data/RS03ASHS-PN03B-06-CAMHDA301/2020/11/30/CAMHDA301-20201130T211500.mp4
2020-12,20201201T010000,8,0,487.0,509.2,524.5,80.80,53.39,,/home/jovyan/ooi/san_data/RS03ASHS-PN03B-06-CAMHDA301/2020/12/01/CAMHDA301-20201201T010000.mp4
2020-12,20201202T233000,8,0,53.8,54.5,54.6,59.41,28.52,,/home/jovyan/ooi/san_data/RS03ASHS-PN03B-06-CAMHDA301/2020/12/02/CAMHDA301-20201202T233000.mp4
2020-12,20201201T163000,8,0,29.8,39.5,53.9,36.85,8.95,,/home/jovyan/ooi/san_data/RS03ASHS-PN03B-06-CAMHDA301/2020/12/01/CAMHDA301-20201201T163000.mp4
2020-12,20201203T150000,8,0,124.1,147.5,195.1,116.95,31.55,,/home/jovyan/ooi/san_data/RS03ASHS-PN03B-06-CAMHDA301/2020/12/03/CAMHDA301-20201203T150000.mp4
2020-12,20201207T031500,8,0,201.2,314.4,385.6,75.14,35.07,,/home/jovyan/ooi/san_data/RS03ASHS-PN03B-06-CAMHDA301/2020/12/07/CAMHDA301-20201207T031500.mp4
2020-12,20201202T080000,8,0,53.7,54.5,54.6,59.42,28.52,,/home/jovyan/ooi/san_data/RS03ASHS-PN03B-06-CAMHDA301/2020/12/02/CAMHDA301-20201202T080000.mp4
2020-12,20201211T181500,8,0,162.3,277.5,376.5,78.88,34.78,,/home/jovyan/ooi/san_data/RS03ASHS-PN03B-06-CAMHDA301/2020/12/11/CAMHDA301-20201211T181500.mp4
2020-12,20201220T144500,8,0,66.1,87.0,113.1,54.89,35.25,,/home/jovyan/ooi/san_data/RS03ASHS-PN03B-06-CAMHDA301/2020/12/20/CAMHDA301-20201220T144500.mp4
2020-12,20201210T101500,8,0,67.8,101.8,114.6,63.58,30.18,,/home/jovyan/ooi/san_data/RS03ASHS-PN03B-06-CAMHDA301/2020/12/10/CAMHDA301-20201210T101500.mp4
2020-12,20201219T121500,8,0,191.4,317.9,327.5,76.70,36.18,,/home/jovyan/ooi/san_data/RS03ASHS-PN03B-06-CAMHDA301/2020/12/19/CAMHDA301-20201219T121500.mp4
2020-12,20201224T001500,8,0,204.2,424.6,613.1,75.84,40.40,,/home/jovyan/ooi/san_data/RS03ASHS-PN03B-06-CAMHDA301/2020/12/24/CAMHDA301-20201224T001500.mp4
2020-12,20201231T211500,8,0,162.9,317.4,399.1,80.48,35.74,,/home/jovyan/ooi/san_data/RS03ASHS-PN03B-06-CAMHDA301/2020/12/31/CAMHDA301-20201231T211500.mp4
2021-01,20210101T010000,8,0,207.0,247.4,287.0,83.59,46.45,,/home/jovyan/ooi/san_data/RS03ASHS-PN03B-06-CAMHDA301/2021/01/01/CAMHDA301-20210101T010000.mp4
2021-01,20210102T233000,8,0,112.7,172.4,178.6,104.75,23.99,,/home/jovyan/ooi/san_data/RS03ASHS-PN03B-06-CAMHDA301/2021/01/02/CAMHDA301-20210102T233000.mp4
2021-01,20210102T080000,8,0,88.2,123.2,164.8,113.65,33.96,,/home/jovyan/ooi/san_data/RS03ASHS-PN03B-06-CAMHDA301/2021/01/02/CAMHDA301-20210102T080000.mp4
2021-01,20210101T163000,8,0,50.7,75.1,100.6,41.70,9.40,,/home/jovyan/ooi/san_data/RS03ASHS-PN03B-06-CAMHDA301/2021/01/01/CAMHDA301-20210101T163000.mp4
2021-01,20210107T031500,8,0,139.6,307.9,324.8,77.64,37.15,,/home/jovyan/ooi/san_data/RS03ASHS-PN03B-06-CAMHDA301/2021/01/07/CAMHDA301-20210107T031500.mp4
2021-01,20210103T150000,8,0,94.4,118.4,152.5,103.33,39.64,,/home/jovyan/ooi/san_data/RS03ASHS-PN03B-06-CAMHDA301/2021/01/03/CAMHDA301-20210103T150000.mp4
2021-01,20210111T181500,8,0,168.9,232.0,264.9,81.04,38.44,,/home/jovyan/ooi/san_data/RS03ASHS-PN03B-06-CAMHDA301/2021/01/11/CAMHDA301-20210111T181500.mp4
2021-01,20210110T101500,8,0,78.6,90.5,97.3,114.53,34.79,,/home/jovyan/ooi/san_data/RS03ASHS-PN03B-06-CAMHDA301/2021/01/10/CAMHDA301-20210110T101500.mp4
2021-01,20210120T144500,8,0,71.8,98.1,131.8,59.49,35.12,,/home/jovyan/ooi/san_data/RS03ASHS-PN03B-06-CAMHDA301/2021/01/20/CAMHDA301-20210120T144500.mp4
2021-01,20210119T121500,8,0,252.5,375.9,436.6,82.43,36.44,,/home/jovyan/ooi/san_data/RS03ASHS-PN03B-06-CAMHDA301/2021/01/19/CAMHDA301-20210119T121500.mp4
2021-01,20210124T001500,8,0,293.4,494.4,505.5,77.58,38.12,,/home/jovyan/ooi/san_data/RS03ASHS-PN03B-06-CAMHDA301/2021/01/24/CAMHDA301-20210124T001500.mp4
2021-01,20210131T211500,8,0,230.1,312.3,335.8,78.30,39.55,,/home/jovyan/ooi/san_data/RS03ASHS-PN03B-06-CAMHDA301/2021/01/31/CAMHDA301-20210131T211500.mp4
2021-02,20210201T010000,8,0,557.3,572.1,573.7,84.02,52.89,,/home/jovyan/ooi/san_data/RS03ASHS-PN03B-06-CAMHDA301/2021/02/01/CAMHDA301-20210201T010000.mp4
2021-02,20210202T200000,8,0,74.7,109.0,120.3,59.14,34.04,,/home/jovyan/ooi/san_data/RS03ASHS-PN03B-06-CAMHDA301/2021/02/02/CAMHDA301-20210202T200000.mp4
2021-02,20210202T053000,8,0,89.0,119.5,140.3,110.87,40.08,,/home/jovyan/ooi/san_data/RS03ASHS-PN03B-06-CAMHDA301/2021/02/02/CAMHDA301-20210202T053000.mp4
2021-02,20210201T151500,8,0,33.5,46.2,58.7,36.22,10.21,,/home/jovyan/ooi/san_data/RS03ASHS-PN03B-06-CAMHDA301/2021/02/01/CAMHDA301-20210201T151500.mp4
2021-02,20210203T101500,8,0,94.2,112.9,142.8,115.81,35.33,,/home/jovyan/ooi/san_data/RS03ASHS-PN03B-06-CAMHDA301/2021/02/03/CAMHDA301-20210203T101500.mp4
2021-02,20210204T061500,8,0,294.1,563.9,747.6,78.68,40.75,,/home/jovyan/ooi/san_data/RS03ASHS-PN03B-06-CAMHDA301/2021/02/04/CAMHDA301-20210204T061500.mp4
2021-02,20210210T100000,8,0,66.9,77.2,84.1,108.79,38.69,,/home/jovyan/ooi/san_data/RS03ASHS-PN03B-06-CAMHDA301/2021/02/10/CAMHDA301-20210210T100000.mp4
2021-02,20210220T111500,8,0,97.5,151.4,187.0,104.03,36.04,,/home/jovyan/ooi/san_data/RS03ASHS-PN03B-06-CAMHDA301/2021/02/20/CAMHDA301-20210220T111500.mp4
2021-02,20210218T061500,8,0,323.7,548.6,569.6,76.87,41.25,,/home/jovyan/ooi/san_data/RS03ASHS-PN03B-06-CAMHDA301/2021/02/18/CAMHDA301-20210218T061500.mp4
2021-02,20210211T031500,8,0,260.6,561.9,706.5,76.82,40.44,,/home/jovyan/ooi/san_data/RS03ASHS-PN03B-06-CAMHDA301/2021/02/11/CAMHDA301-20210211T031500.mp4
2021-02,20210228T211500,8,0,138.3,242.4,353.9,79.53,37.39,,/home/jovyan/ooi/san_data/RS03ASHS-PN03B-06-CAMHDA301/2021/02/28/CAMHDA301-20210228T211500.mp4
2021-02,20210221T151500,8,0,325.7,559.0,639.2,77.67,40.88,,/home/jovyan/ooi/san_data/RS03ASHS-PN03B-06-CAMHDA301/2021/02/21/CAMHDA301-20210221T151500.mp4
2021-03,20210301T010000,8,0,602.1,638.6,680.4,83.56,57.24,,/home/jovyan/ooi/san_data/RS03ASHS-PN03B-06-CAMHDA301/2021/03/01/CAMHDA301-20210301T010000.mp4
2021-03,20210301T163000,8,0,45.5,61.1,83.4,29.39,9.55,,/home/jovyan/ooi/san_data/RS03ASHS-PN03B-06-CAMHDA301/2021/03/01/CAMHDA301-20210301T163000.mp4
2021-03,20210302T233000,8,0,88.6,136.3,213.3,109.26,50.83,,/home/jovyan/ooi/san_data/RS03ASHS-PN03B-06-CAMHDA301/2021/03/02/CAMHDA301-20210302T233000.mp4
2021-03,20210302T080000,8,0,75.1,101.9,114.9,106.04,39.10,,/home/jovyan/ooi/san_data/RS03ASHS-PN03B-06-CAMHDA301/2021/03/02/CAMHDA301-20210302T080000.mp4
2021-03,20210319T121500,8,0,207.3,410.1,567.6,87.56,39.72,,/home/jovyan/ooi/san_data/RS03ASHS-PN03B-06-CAMHDA301/2021/03/19/CAMHDA301-20210319T121500.mp4
2021-03,20210303T150000,8,0,110.8,141.7,189.3,114.03,42.35,,/home/jovyan/ooi/san_data/RS03ASHS-PN03B-06-CAMHDA301/2021/03/03/CAMHDA301-20210303T150000.mp4
2021-03,20210307T031500,8,0,306.5,510.1,621.5,74.48,45.64,,/home/jovyan/ooi/san_data/RS03ASHS-PN03B-06-CAMHDA301/2021/03/07/CAMHDA301-20210307T031500.mp4
2021-03,20210311T181500,8,0,320.1,473.9,658.3,82.21,42.08,,/home/jovyan/ooi/san_data/RS03ASHS-PN03B-06-CAMHDA301/2021/03/11/CAMHDA301-20210311T181500.mp4
2021-03,20210310T101500,8,0,140.5,177.1,235.1,105.21,40.57,,/home/jovyan/ooi/san_data/RS03ASHS-PN03B-06-CAMHDA301/2021/03/10/CAMHDA301-20210310T101500.mp4
2021-03,20210320T144500,8,0,88.1,111.5,119.8,55.02,43.08,,/home/jovyan/ooi/san_data/RS03ASHS-PN03B-06-CAMHDA301/2021/03/20/CAMHDA301-20210320T144500.mp4
2021-03,20210324T001500,8,0,524.6,810.6,1130.0,78.12,46.67,,/home/jovyan/ooi/san_data/RS03ASHS-PN03B-06-CAMHDA301/2021/03/24/CAMHDA301-20210324T001500.mp4
2021-03,20210331T211500,8,0,311.2,455.1,579.6,86.73,42.55,,/home/jovyan/ooi/san_data/RS03ASHS-PN03B-06-CAMHDA301/2021/03/31/CAMHDA301-20210331T211500.mp4
2021-04,20210402T073000,8,0,110.1,149.2,173.2,106.50,25.94,,/home/jovyan/ooi/san_data/RS03ASHS-PN03B-06-CAMHDA301/2021/04/02/CAMHDA301-20210402T073000.mp4
2021-04,20210402T230000,8,0,143.2,223.2,297.7,120.83,47.43,,/home/jovyan/ooi/san_data/RS03ASHS-PN03B-06-CAMHDA301/2021/04/02/CAMHDA301-20210402T230000.mp4
2021-04,20210401T161500,8,0,49.8,69.6,96.6,37.04,9.72,,/home/jovyan/ooi/san_data/RS03ASHS-PN03B-06-CAMHDA301/2021/04/01/CAMHDA301-20210401T161500.mp4
2021-04,20210401T010000,8,0,656.6,721.4,724.8,88.24,59.51,,/home/jovyan/ooi/san_data/RS03ASHS-PN03B-06-CAMHDA301/2021/04/01/CAMHDA301-20210401T010000.mp4
2021-04,20210406T181500,8,0,357.4,597.1,846.2,77.88,44.97,,/home/jovyan/ooi/san_data/RS03ASHS-PN03B-06-CAMHDA301/2021/04/06/CAMHDA301-20210406T181500.mp4
2021-04,20210403T141500,8,0,118.6,154.8,192.0,99.30,24.24,,/home/jovyan/ooi/san_data/RS03ASHS-PN03B-06-CAMHDA301/2021/04/03/CAMHDA301-20210403T141500.mp4
2021-04,20210411T031500,8,0,290.5,466.5,475.0,78.59,40.86,,/home/jovyan/ooi/san_data/RS03ASHS-PN03B-06-CAMHDA301/2021/04/11/CAMHDA301-20210411T031500.mp4
2021-04,20210410T090000,8,0,44.7,58.5,60.3,60.10,26.55,,/home/jovyan/ooi/san_data/RS03ASHS-PN03B-06-CAMHDA301/2021/04/10/CAMHDA301-20210410T090000.mp4
2021-04,20210418T181500,8,0,191.0,500.8,564.8,81.42,44.00,,/home/jovyan/ooi/san_data/RS03ASHS-PN03B-06-CAMHDA301/2021/04/18/CAMHDA301-20210418T181500.mp4
2021-04,20210420T131500,8,0,65.3,90.2,108.7,61.61,38.22,,/home/jovyan/ooi/san_data/RS03ASHS-PN03B-06-CAMHDA301/2021/04/20/CAMHDA301-20210420T131500.mp4
2021-04,20210430T211500,8,0,395.7,588.6,611.6,77.67,43.59,,/home/jovyan/ooi/san_data/RS03ASHS-PN03B-06-CAMHDA301/2021/04/30/CAMHDA301-20210430T211500.mp4
2021-04,20210423T031500,8,0,480.5,620.7,666.8,76.17,43.82,,/home/jovyan/ooi/san_data/RS03ASHS-PN03B-06-CAMHDA301/2021/04/23/CAMHDA301-20210423T031500.mp4
2021-05,20210501T163000,8,0,35.7,56.2,67.4,24.56,10.57,,/home/jovyan/ooi/san_data/RS03ASHS-PN03B-06-CAMHDA301/2021/05/01/CAMHDA301-20210501T163000.mp4
2021-05,20210502T233000,8,0,244.5,317.9,346.9,116.67,50.22,,/home/jovyan/ooi/san_data/RS03ASHS-PN03B-06-CAMHDA301/2021/05/02/CAMHDA301-20210502T233000.mp4
2021-05,20210501T010000,8,0,689.4,834.2,848.3,86.39,55.86,,/home/jovyan/ooi/san_data/RS03ASHS-PN03B-06-CAMHDA301/2021/05/01/CAMHDA301-20210501T010000.mp4
2021-05,20210502T080000,8,0,153.2,184.4,192.9,102.97,39.17,,/home/jovyan/ooi/san_data/RS03ASHS-PN03B-06-CAMHDA301/2021/05/02/CAMHDA301-20210502T080000.mp4
2021-05,20210503T150000,8,0,87.4,114.2,143.8,101.53,19.03,,/home/jovyan/ooi/san_data/RS03ASHS-PN03B-06-CAMHDA301/2021/05/03/CAMHDA301-20210503T150000.mp4
2021-05,20210507T031500,8,0,418.3,629.1,691.8,75.80,45.47,,/home/jovyan/ooi/san_data/RS03ASHS-PN03B-06-CAMHDA301/2021/05/07/CAMHDA301-20210507T031500.mp4
2021-05,20210510T101500,8,0,69.9,158.2,180.7,102.87,33.75,,/home/jovyan/ooi/san_data/RS03ASHS-PN03B-06-CAMHDA301/2021/05/10/CAMHDA301-20210510T101500.mp4
2021-05,20210511T181500,8,0,448.6,587.2,591.3,86.21,40.27,,/home/jovyan/ooi/san_data/RS03ASHS-PN03B-06-CAMHDA301/2021/05/11/CAMHDA301-20210511T181500.mp4
2021-05,20210519T121500,8,0,148.9,407.1,452.8,86.88,38.54,,/home/jovyan/ooi/san_data/RS03ASHS-PN03B-06-CAMHDA301/2021/05/19/CAMHDA301-20210519T121500.mp4
2021-05,20210520T144500,8,0,76.4,85.4,96.7,67.25,41.02,,/home/jovyan/ooi/san_data/RS03ASHS-PN03B-06-CAMHDA301/2021/05/20/CAMHDA301-20210520T144500.mp4
2021-05,20210524T001500,8,0,255.9,416.0,462.4,80.93,38.94,,/home/jovyan/ooi/san_data/RS03ASHS-PN03B-06-CAMHDA301/2021/05/24/CAMHDA301-20210524T001500.mp4
2021-05,20210531T211500,8,0,274.6,389.6,561.6,80.39,38.41,,/home/jovyan/ooi/san_data/RS03ASHS-PN03B-06-CAMHDA301/2021/05/31/CAMHDA301-20210531T211500.mp4
2021-06,20210602T073000,8,0,119.8,152.9,201.0,103.71,22.00,,/home/jovyan/ooi/san_data/RS03ASHS-PN03B-06-CAMHDA301/2021/06/02/CAMHDA301-20210602T073000.mp4
2021-06,20210601T010000,8,0,364.9,424.3,433.5,91.06,54.35,,/home/jovyan/ooi/san_data/RS03ASHS-PN03B-06-CAMHDA301/2021/06/01/CAMHDA301-20210601T010000.mp4
2021-06,20210601T161500,8,0,31.2,41.7,57.2,33.31,12.38,,/home/jovyan/ooi/san_data/RS03ASHS-PN03B-06-CAMHDA301/2021/06/01/CAMHDA301-20210601T161500.mp4
2021-06,20210602T230000,8,0,87.5,95.4,98.5,119.14,29.35,,/home/jovyan/ooi/san_data/RS03ASHS-PN03B-06-CAMHDA301/2021/06/02/CAMHDA301-20210602T230000.mp4
2021-06,20210606T181500,8,0,177.1,300.9,315.1,81.99,35.93,,/home/jovyan/ooi/san_data/RS03ASHS-PN03B-06-CAMHDA301/2021/06/06/CAMHDA301-20210606T181500.mp4
2021-06,20210603T141500,8,0,90.3,109.6,130.6,104.41,15.69,,/home/jovyan/ooi/san_data/RS03ASHS-PN03B-06-CAMHDA301/2021/06/03/CAMHDA301-20210603T141500.mp4
2021-06,20210610T090000,8,0,40.7,50.5,67.9,58.23,26.95,,/home/jovyan/ooi/san_data/RS03ASHS-PN03B-06-CAMHDA301/2021/06/10/CAMHDA301-20210610T090000.mp4
2021-06,20210611T031500,8,0,119.4,245.5,284.3,80.19,31.99,,/home/jovyan/ooi/san_data/RS03ASHS-PN03B-06-CAMHDA301/2021/06/11/CAMHDA301-20210611T031500.mp4
2021-06,20210620T131500,8,0,102.4,114.9,137.5,68.38,50.16,,/home/jovyan/ooi/san_data/RS03ASHS-PN03B-06-CAMHDA301/2021/06/20/CAMHDA301-20210620T131500.mp4
2021-06,20210618T181500,8,0,326.1,487.7,491.4,78.50,44.38,,/home/jovyan/ooi/san_data/RS03ASHS-PN03B-06-CAMHDA301/2021/06/18/CAMHDA301-20210618T181500.mp4
2021-06,20210623T031500,8,0,168.1,512.1,536.0,84.36,42.06,,/home/jovyan/ooi/san_data/RS03ASHS-PN03B-06-CAMHDA301/2021/06/23/CAMHDA301-20210623T031500.mp4
2021-06,20210630T211500,8,0,628.7,893.2,1049.8,77.12,46.03,,/home/jovyan/ooi/san_data/RS03ASHS-PN03B-06-CAMHDA301/2021/06/30/CAMHDA301-20210630T211500.mp4
2021-07,20210702T233000,8,0,202.6,249.3,282.4,122.86,30.89,,/home/jovyan/ooi/san_data/RS03ASHS-PN03B-06-CAMHDA301/2021/07/02/CAMHDA301-20210702T233000.mp4
2021-07,20210701T163000,8,0,60.8,74.8,90.4,35.66,12.34,,/home/jovyan/ooi/san_data/RS03ASHS-PN03B-06-CAMHDA301/2021/07/01/CAMHDA301-20210701T163000.mp4
2021-07,20210701T010000,8,0,834.1,855.5,855.6,93.70,63.91,,/home/jovyan/ooi/san_data/RS03ASHS-PN03B-06-CAMHDA301/2021/07/01/CAMHDA301-20210701T010000.mp4
2021-07,20210702T080000,8,0,77.5,101.8,132.6,106.56,23.27,,/home/jovyan/ooi/san_data/RS03ASHS-PN03B-06-CAMHDA301/2021/07/02/CAMHDA301-20210702T080000.mp4
2021-07,20210703T150000,8,0,73.4,85.4,101.0,98.29,29.39,,/home/jovyan/ooi/san_data/RS03ASHS-PN03B-06-CAMHDA301/2021/07/03/CAMHDA301-20210703T150000.mp4
2021-07,20210707T031500,8,0,362.6,613.0,710.6,81.27,42.37,,/home/jovyan/ooi/san_data/RS03ASHS-PN03B-06-CAMHDA301/2021/07/07/CAMHDA301-20210707T031500.mp4
2021-07,20210711T181500,8,0,401.5,596.7,603.0,78.51,44.72,,/home/jovyan/ooi/san_data/RS03ASHS-PN03B-06-CAMHDA301/2021/07/11/CAMHDA301-20210711T181500.mp4
2021-07,20210710T101500,8,0,208.4,257.1,335.2,106.31,36.45,,/home/jovyan/ooi/san_data/RS03ASHS-PN03B-06-CAMHDA301/2021/07/10/CAMHDA301-20210710T101500.mp4
2021-07,20210719T121500,8,0,444.9,688.0,972.8,82.85,43.03,,/home/jovyan/ooi/san_data/RS03ASHS-PN03B-06-CAMHDA301/2021/07/19/CAMHDA301-20210719T121500.mp4
2021-07,20210720T144500,8,0,77.6,87.1,102.1,65.68,47.80,,/home/jovyan/ooi/san_data/RS03ASHS-PN03B-06-CAMHDA301/2021/07/20/CAMHDA301-20210720T144500.mp4
2021-07,20210731T211500,8,0,128.4,329.0,483.2,87.39,36.37,,/home/jovyan/ooi/san_data/RS03ASHS-PN03B-06-CAMHDA301/2021/07/31/CAMHDA301-20210731T211500.mp4
2021-07,20210724T001500,8,0,489.6,630.7,792.0,79.67,44.11,,/home/jovyan/ooi/san_data/RS03ASHS-PN03B-06-CAMHDA301/2021/07/24/CAMHDA301-20210724T001500.mp4
2021-08,20210801T010000,8,0,234.9,397.0,463.4,97.48,51.12,,/home/jovyan/ooi/san_data/RS03ASHS-PN03B-06-CAMHDA301/2021/08/01/CAMHDA301-20210801T010000.mp4
2021-08,20210801T183000,8,0,121.3,146.6,161.2,66.21,43.98,,/home/jovyan/ooi/san_data/RS03ASHS-PN03B-06-CAMHDA301/2021/08/01/CAMHDA301-20210801T183000.mp4
2021-08,20210803T054500,8,0,145.5,246.0,320.7,122.69,35.37,,/home/jovyan/ooi/san_data/RS03ASHS-PN03B-06-CAMHDA301/2021/08/03/CAMHDA301-20210803T054500.mp4
2021-08,20210802T120000,8,0,121.6,154.2,156.7,105.77,30.97,,/home/jovyan/ooi/san_data/RS03ASHS-PN03B-06-CAMHDA301/2021/08/02/CAMHDA301-20210802T120000.mp4
2021-08,20210803T231500,8,0,341.3,463.5,487.0,117.69,38.08,,/home/jovyan/ooi/san_data/RS03ASHS-PN03B-06-CAMHDA301/2021/08/03/CAMHDA301-20210803T231500.mp4
2021-08,20210810T044500,8,0,47.8,79.3,115.6,39.90,8.26,,/home/jovyan/ooi/san_data/RS03ASHS-PN03B-06-CAMHDA301/2021/08/10/CAMHDA301-20210810T044500.mp4
2021-08,20210818T211500,8,0,160.1,212.6,278.3,81.36,34.94,,/home/jovyan/ooi/san_data/RS03ASHS-PN03B-06-CAMHDA301/2021/08/18/CAMHDA301-20210818T211500.mp4
2021-08,20210825T121500,8,0,87.2,149.5,185.4,83.98,30.14,,/home/jovyan/ooi/san_data/RS03ASHS-PN03B-06-CAMHDA301/2021/08/25/CAMHDA301-20210825T121500.mp4
2021-08,20210810T223000,8,0,275.9,355.5,357.1,118.93,34.85,,/home/jovyan/ooi/san_data/RS03ASHS-PN03B-06-CAMHDA301/2021/08/10/CAMHDA301-20210810T223000.mp4
2021-08,20210831T232600,3,5,841.9,900.0,914.5,102.08,59.81,,/home/jovyan/ooi/san_data/RS03ASHS-PN03B-06-CAMHDA301/2021/08/31/CAMHDA301-20210831T232600.mp4
2021-08,20210820T153000,8,0,109.0,148.1,178.2,120.97,28.46,,/home/jovyan/ooi/san_data/RS03ASHS-PN03B-06-CAMHDA301/2021/08/20/CAMHDA301-20210820T153000.mp4
2021-08,20210830T021500,8,0,375.0,451.6,465.9,114.40,50.24,,/home/jovyan/ooi/san_data/RS03ASHS-PN03B-06-CAMHDA301/2021/08/30/CAMHDA301-20210830T021500.mp4
2021-09,20210901T003100,5,3,664.8,777.7,787.3,106.02,52.49,,/home/jovyan/ooi/san_data/RS03ASHS-PN03B-06-CAMHDA301/2021/09/01/CAMHDA301-20210901T003100.mp4
2021-09,20210906T001500,8,0,283.2,532.2,758.2,85.54,50.93,,/home/jovyan/ooi/san_data/RS03ASHS-PN03B-06-CAMHDA301/2021/09/06/CAMHDA301-20210906T001500.mp4
2021-09,20210910T013000,8,0,587.9,665.8,790.5,93.29,66.62,,/home/jovyan/ooi/san_data/RS03ASHS-PN03B-06-CAMHDA301/2021/09/10/CAMHDA301-20210910T013000.mp4
2021-09,20210910T110000,8,0,27.9,51.6,60.0,24.21,3.26,,/home/jovyan/ooi/san_data/RS03ASHS-PN03B-06-CAMHDA301/2021/09/10/CAMHDA301-20210910T110000.mp4
2021-09,20210913T181500,8,0,245.4,526.6,680.7,85.75,47.07,,/home/jovyan/ooi/san_data/RS03ASHS-PN03B-06-CAMHDA301/2021/09/13/CAMHDA301-20210913T181500.mp4
2021-09,20210910T201500,8,0,521.9,638.3,663.2,124.50,51.69,,/home/jovyan/ooi/san_data/RS03ASHS-PN03B-06-CAMHDA301/2021/09/10/CAMHDA301-20210910T201500.mp4
2021-09,20210918T091500,8,0,322.7,473.7,492.8,88.16,47.75,,/home/jovyan/ooi/san_data/RS03ASHS-PN03B-06-CAMHDA301/2021/09/18/CAMHDA301-20210918T091500.mp4
2021-09,20210920T063000,8,0,24.3,39.1,62.8,25.68,3.66,,/home/jovyan/ooi/san_data/RS03ASHS-PN03B-06-CAMHDA301/2021/09/20/CAMHDA301-20210920T063000.mp4
2021-09,20210920T154500,8,0,104.6,122.3,151.1,112.10,13.94,,/home/jovyan/ooi/san_data/RS03ASHS-PN03B-06-CAMHDA301/2021/09/20/CAMHDA301-20210920T154500.mp4
2021-09,20210926T031500,8,0,290.0,447.1,637.8,89.78,41.24,,/home/jovyan/ooi/san_data/RS03ASHS-PN03B-06-CAMHDA301/2021/09/26/CAMHDA301-20210926T031500.mp4
2021-09,20210921T121500,8,0,458.0,730.0,982.3,85.31,50.89,,/home/jovyan/ooi/san_data/RS03ASHS-PN03B-06-CAMHDA301/2021/09/21/CAMHDA301-20210921T121500.mp4
2021-09,20210930T211500,8,0,291.1,469.9,538.0,86.78,46.02,,/home/jovyan/ooi/san_data/RS03ASHS-PN03B-06-CAMHDA301/2021/09/30/CAMHDA301-20210930T211500.mp4
2021-10,20211001T010000,8,0,424.0,474.3,487.8,92.84,61.25,,/home/jovyan/ooi/san_data/RS03ASHS-PN03B-06-CAMHDA301/2021/10/01/CAMHDA301-20211001T010000.mp4
2021-10,20211002T080000,8,0,547.5,561.7,566.3,88.98,66.43,,/home/jovyan/ooi/san_data/RS03ASHS-PN03B-06-CAMHDA301/2021/10/02/CAMHDA301-20211002T080000.mp4
2021-10,20211007T031500,8,0,363.5,495.8,572.3,86.06,47.57,,/home/jovyan/ooi/san_data/RS03ASHS-PN03B-06-CAMHDA301/2021/10/07/CAMHDA301-20211007T031500.mp4
2021-10,20211001T163000,8,0,547.7,561.8,568.0,88.97,66.43,,/home/jovyan/ooi/san_data/RS03ASHS-PN03B-06-CAMHDA301/2021/10/01/CAMHDA301-20211001T163000.mp4
2021-10,20211002T233000,8,0,548.6,582.8,582.9,88.96,66.44,,/home/jovyan/ooi/san_data/RS03ASHS-PN03B-06-CAMHDA301/2021/10/02/CAMHDA301-20211002T233000.mp4
2021-10,20211003T150000,8,0,553.7,571.0,580.1,88.96,66.44,,/home/jovyan/ooi/san_data/RS03ASHS-PN03B-06-CAMHDA301/2021/10/03/CAMHDA301-20211003T150000.mp4
2021-10,20211010T101500,8,0,29.1,49.3,69.3,28.45,3.66,,/home/jovyan/ooi/san_data/RS03ASHS-PN03B-06-CAMHDA301/2021/10/10/CAMHDA301-20211010T101500.mp4
2021-10,20211019T121500,8,0,289.4,506.9,507.2,86.71,48.68,,/home/jovyan/ooi/san_data/RS03ASHS-PN03B-06-CAMHDA301/2021/10/19/CAMHDA301-20211019T121500.mp4
2021-10,20211011T181500,8,0,278.1,375.2,395.0,88.85,48.77,,/home/jovyan/ooi/san_data/RS03ASHS-PN03B-06-CAMHDA301/2021/10/11/CAMHDA301-20211011T181500.mp4
2021-10,20211020T144500,8,0,186.1,193.6,198.8,120.65,44.51,,/home/jovyan/ooi/san_data/RS03ASHS-PN03B-06-CAMHDA301/2021/10/20/CAMHDA301-20211020T144500.mp4
2021-10,20211024T001500,8,0,266.4,360.8,440.4,87.76,46.64,,/home/jovyan/ooi/san_data/RS03ASHS-PN03B-06-CAMHDA301/2021/10/24/CAMHDA301-20211024T001500.mp4
2021-10,20211031T211500,8,0,327.3,506.0,586.5,86.83,43.32,,/home/jovyan/ooi/san_data/RS03ASHS-PN03B-06-CAMHDA301/2021/10/31/CAMHDA301-20211031T211500.mp4
2021-11,20211101T010000,8,0,447.6,568.8,686.3,90.71,58.68,,/home/jovyan/ooi/san_data/RS03ASHS-PN03B-06-CAMHDA301/2021/11/01/CAMHDA301-20211101T010000.mp4
2021-11,20211108T031500,8,0,424.5,633.1,638.7,81.59,51.77,,/home/jovyan/ooi/san_data/RS03ASHS-PN03B-06-CAMHDA301/2021/11/08/CAMHDA301-20211108T031500.mp4
2021-11,20211117T001500,8,0,452.2,670.0,789.2,79.11,51.31,,/home/jovyan/ooi/san_data/RS03ASHS-PN03B-06-CAMHDA301/2021/11/17/CAMHDA301-20211117T001500.mp4
2021-11,20211110T161500,8,0,112.4,170.4,227.2,118.14,27.43,,/home/jovyan/ooi/san_data/RS03ASHS-PN03B-06-CAMHDA301/2021/11/10/CAMHDA301-20211110T161500.mp4
2021-11,20211112T001500,8,0,368.7,491.0,519.1,81.53,50.86,,/home/jovyan/ooi/san_data/RS03ASHS-PN03B-06-CAMHDA301/2021/11/12/CAMHDA301-20211112T001500.mp4
2021-11,20211110T063000,8,0,39.9,49.2,55.2,21.35,3.96,,/home/jovyan/ooi/san_data/RS03ASHS-PN03B-06-CAMHDA301/2021/11/10/CAMHDA301-20211110T063000.mp4
2021-11,20211101T104500,8,0,105.8,119.0,129.2,61.69,41.71,,/home/jovyan/ooi/san_data/RS03ASHS-PN03B-06-CAMHDA301/2021/11/01/CAMHDA301-20211101T104500.mp4
2021-11,20211130T211500,8,0,202.9,394.8,494.4,87.40,40.33,,/home/jovyan/ooi/san_data/RS03ASHS-PN03B-06-CAMHDA301/2021/11/30/CAMHDA301-20211130T211500.mp4
2021-11,20211121T000000,6,2,336.8,505.2,624.4,99.70,42.06,,/home/jovyan/ooi/san_data/RS03ASHS-PN03B-06-CAMHDA301/2021/11/21/CAMHDA301-20211121T000000.mp4
2021-11,20211125T211500,8,0,322.8,560.5,612.0,87.01,45.03,,/home/jovyan/ooi/san_data/RS03ASHS-PN03B-06-CAMHDA301/2021/11/25/CAMHDA301-20211125T211500.mp4
2021-11,20211120T041500,8,0,80.9,99.3,100.4,61.59,39.48,,/home/jovyan/ooi/san_data/RS03ASHS-PN03B-06-CAMHDA301/2021/11/20/CAMHDA301-20211120T041500.mp4
2021-12,20211201T010000,8,0,537.6,579.8,615.0,88.16,57.98,,/home/jovyan/ooi/san_data/RS03ASHS-PN03B-06-CAMHDA301/2021/12/01/CAMHDA301-20211201T010000.mp4
2021-11,20211120T140000,8,0,194.2,277.7,306.4,116.66,41.95,,/home/jovyan/ooi/san_data/RS03ASHS-PN03B-06-CAMHDA301/2021/11/20/CAMHDA301-20211120T140000.mp4
2021-12,20211202T233000,8,0,421.7,479.8,517.2,119.29,38.66,,/home/jovyan/ooi/san_data/RS03ASHS-PN03B-06-CAMHDA301/2021/12/02/CAMHDA301-20211202T233000.mp4
2021-12,20211207T031500,8,0,291.0,519.2,612.0,83.13,45.62,,/home/jovyan/ooi/san_data/RS03ASHS-PN03B-06-CAMHDA301/2021/12/07/CAMHDA301-20211207T031500.mp4
2021-12,20211201T163000,8,0,149.1,158.3,160.3,60.45,48.93,,/home/jovyan/ooi/san_data/RS03ASHS-PN03B-06-CAMHDA301/2021/12/01/CAMHDA301-20211201T163000.mp4
2021-12,20211203T150000,8,0,653.8,765.3,883.3,117.90,48.37,,/home/jovyan/ooi/san_data/RS03ASHS-PN03B-06-CAMHDA301/2021/12/03/CAMHDA301-20211203T150000.mp4
2021-12,20211202T080000,8,0,15.2,28.0,30.9,17.94,2.51,,/home/jovyan/ooi/san_data/RS03ASHS-PN03B-06-CAMHDA301/2021/12/02/CAMHDA301-20211202T080000.mp4
2021-12,20211210T101500,8,0,40.1,63.6,88.0,42.66,6.04,,/home/jovyan/ooi/san_data/RS03ASHS-PN03B-06-CAMHDA301/2021/12/10/CAMHDA301-20211210T101500.mp4
2021-12,20211219T121500,8,0,354.2,513.4,536.1,83.61,46.27,,/home/jovyan/ooi/san_data/RS03ASHS-PN03B-06-CAMHDA301/2021/12/19/CAMHDA301-20211219T121500.mp4
2021-12,20211211T181500,8,0,515.2,992.6,1685.9,77.88,51.85,,/home/jovyan/ooi/san_data/RS03ASHS-PN03B-06-CAMHDA301/2021/12/11/CAMHDA301-20211211T181500.mp4
2021-12,20211220T144500,8,0,262.9,432.0,624.5,116.72,41.48,,/home/jovyan/ooi/san_data/RS03ASHS-PN03B-06-CAMHDA301/2021/12/20/CAMHDA301-20211220T144500.mp4
2021-12,20211224T001500,8,0,682.8,1150.5,1218.6,81.95,49.86,,/home/jovyan/ooi/san_data/RS03ASHS-PN03B-06-CAMHDA301/2021/12/24/CAMHDA301-20211224T001500.mp4
2022-01,20220101T010000,8,0,547.3,8871.6,27774.5,88.43,58.78,,/home/jovyan/ooi/san_data/RS03ASHS-PN03B-06-CAMHDA301/2022/01/01/CAMHDA301-20220101T010000.mp4
2021-12,20211231T211500,8,0,535.1,849.0,1097.6,82.43,48.11,,/home/jovyan/ooi/san_data/RS03ASHS-PN03B-06-CAMHDA301/2021/12/31/CAMHDA301-20211231T211500.mp4
2022-01,20220102T080000,8,0,41.0,92.5,93.8,26.18,4.17,,/home/jovyan/ooi/san_data/RS03ASHS-PN03B-06-CAMHDA301/2022/01/02/CAMHDA301-20220102T080000.mp4
2022-01,20220102T233000,8,0,166.2,236.9,240.1,121.75,27.17,,/home/jovyan/ooi/san_data/RS03ASHS-PN03B-06-CAMHDA301/2022/01/02/CAMHDA301-20220102T233000.mp4
2022-01,20220101T163000,8,0,225.5,489.0,579.5,62.56,55.03,,/home/jovyan/ooi/san_data/RS03ASHS-PN03B-06-CAMHDA301/2022/01/01/CAMHDA301-20220101T163000.mp4
2022-01,20220103T150000,8,0,289.4,4820.5,13719.8,115.23,43.21,,/home/jovyan/ooi/san_data/RS03ASHS-PN03B-06-CAMHDA301/2022/01/03/CAMHDA301-20220103T150000.mp4
2022-01,20220107T031500,8,0,411.4,711.4,852.5,79.68,52.12,,/home/jovyan/ooi/san_data/RS03ASHS-PN03B-06-CAMHDA301/2022/01/07/CAMHDA301-20220107T031500.mp4
2022-01,20220119T121500,8,0,301.4,663.5,668.5,81.87,48.53,,/home/jovyan/ooi/san_data/RS03ASHS-PN03B-06-CAMHDA301/2022/01/19/CAMHDA301-20220119T121500.mp4
2022-01,20220110T101500,8,0,28.0,43.5,44.8,23.39,3.35,,/home/jovyan/ooi/san_data/RS03ASHS-PN03B-06-CAMHDA301/2022/01/10/CAMHDA301-20220110T101500.mp4
2022-01,20220111T181500,8,0,427.4,646.1,683.3,77.63,53.47,,/home/jovyan/ooi/san_data/RS03ASHS-PN03B-06-CAMHDA301/2022/01/11/CAMHDA301-20220111T181500.mp4
2022-01,20220124T001500,8,0,293.6,423.7,441.3,80.79,50.24,,/home/jovyan/ooi/san_data/RS03ASHS-PN03B-06-CAMHDA301/2022/01/24/CAMHDA301-20220124T001500.mp4
2022-01,20220120T144500,8,0,208.5,333.3,484.4,117.57,33.44,,/home/jovyan/ooi/san_data/RS03ASHS-PN03B-06-CAMHDA301/2022/01/20/CAMHDA301-20220120T144500.mp4
2022-02,20220201T010000,8,0,439.9,529.7,621.2,87.59,57.03,,/home/jovyan/ooi/san_data/RS03ASHS-PN03B-06-CAMHDA301/2022/02/01/CAMHDA301-20220201T010000.mp4
2022-01,20220131T211500,8,0,348.8,776.0,876.2,77.96,51.73,,/home/jovyan/ooi/san_data/RS03ASHS-PN03B-06-CAMHDA301/2022/01/31/CAMHDA301-20220131T211500.mp4
2022-02,20220201T160000,8,0,120.1,235.5,253.6,71.15,41.52,,/home/jovyan/ooi/san_data/RS03ASHS-PN03B-06-CAMHDA301/2022/02/01/CAMHDA301-20220201T160000.mp4
2022-02,20220202T070000,8,0,24.7,43.5,64.0,24.81,3.37,,/home/jovyan/ooi/san_data/RS03ASHS-PN03B-06-CAMHDA301/2022/02/02/CAMHDA301-20220202T070000.mp4
2022-02,20220203T130000,8,0,357.9,539.7,683.4,117.92,34.78,,/home/jovyan/ooi/san_data/RS03ASHS-PN03B-06-CAMHDA301/2022/02/03/CAMHDA301-20220203T130000.mp4
2022-02,20220205T211500,8,0,292.2,633.9,694.7,82.99,47.38,,/home/jovyan/ooi/san_data/RS03ASHS-PN03B-06-CAMHDA301/2022/02/05/CAMHDA301-20220205T211500.mp4
2022-02,20220228T211500,0,8,,,,,,all-black,/home/jovyan/ooi/san_data/RS03ASHS-PN03B-06-CAMHDA301/2022/02/28/CAMHDA301-20220228T211500.mp4
2022-02,20220202T220000,8,0,311.1,402.2,416.9,113.80,42.28,,/home/jovyan/ooi/san_data/RS03ASHS-PN03B-06-CAMHDA301/2022/02/02/CAMHDA301-20220202T220000.mp4
2022-02,20220217T091500,8,0,448.2,1035.4,1272.2,76.14,54.10,,/home/jovyan/ooi/san_data/RS03ASHS-PN03B-06-CAMHDA301/2022/02/17/CAMHDA301-20220217T091500.mp4
2022-03,20220301T010000,0,8,,,,,,all-black,/home/jovyan/ooi/san_data/RS03ASHS-PN03B-06-CAMHDA301/2022/03/01/CAMHDA301-20220301T010000.mp4
2022-02,20220210T220000,8,0,488.1,608.2,729.0,97.14,54.13,,/home/jovyan/ooi/san_data/RS03ASHS-PN03B-06-CAMHDA301/2022/02/10/CAMHDA301-20220210T220000.mp4
2022-02,20220210T070000,8,0,26.9,57.0,66.0,20.82,3.41,,/home/jovyan/ooi/san_data/RS03ASHS-PN03B-06-CAMHDA301/2022/02/10/CAMHDA301-20220210T070000.mp4
2022-02,20220221T091500,8,0,458.4,678.2,800.3,78.96,51.17,,/home/jovyan/ooi/san_data/RS03ASHS-PN03B-06-CAMHDA301/2022/02/21/CAMHDA301-20220221T091500.mp4
2022-02,20220220T100000,8,0,15.6,20.1,26.0,18.96,2.60,,/home/jovyan/ooi/san_data/RS03ASHS-PN03B-06-CAMHDA301/2022/02/20/CAMHDA301-20220220T100000.mp4
2022-03,20220301T163000,0,8,,,,,,all-black,/home/jovyan/ooi/san_data/RS03ASHS-PN03B-06-CAMHDA301/2022/03/01/CAMHDA301-20220301T163000.mp4
2022-03,20220302T081500,0,8,,,,,,all-black,/home/jovyan/ooi/san_data/RS03ASHS-PN03B-06-CAMHDA301/2022/03/02/CAMHDA301-20220302T081500.mp4
2022-03,20220302T234500,0,8,,,,,,all-black,/home/jovyan/ooi/san_data/RS03ASHS-PN03B-06-CAMHDA301/2022/03/02/CAMHDA301-20220302T234500.mp4
2022-03,20220303T151500,0,8,,,,,,all-black,/home/jovyan/ooi/san_data/RS03ASHS-PN03B-06-CAMHDA301/2022/03/03/CAMHDA301-20220303T151500.mp4
2022-03,20220307T061500,8,0,428.1,638.1,757.2,80.20,47.17,,/home/jovyan/ooi/san_data/RS03ASHS-PN03B-06-CAMHDA301/2022/03/07/CAMHDA301-20220307T061500.mp4
2022-03,20220319T151500,8,0,194.4,411.9,508.6,87.30,40.49,,/home/jovyan/ooi/san_data/RS03ASHS-PN03B-06-CAMHDA301/2022/03/19/CAMHDA301-20220319T151500.mp4
2022-03,20220310T103000,8,0,26.2,41.7,60.2,23.34,3.18,,/home/jovyan/ooi/san_data/RS03ASHS-PN03B-06-CAMHDA301/2022/03/10/CAMHDA301-20220310T103000.mp4
2022-03,20220320T150000,8,0,224.6,335.4,390.9,109.77,40.56,,/home/jovyan/ooi/san_data/RS03ASHS-PN03B-06-CAMHDA301/2022/03/20/CAMHDA301-20220320T150000.mp4
2022-03,20220311T211500,8,0,389.8,673.0,779.7,80.31,48.76,,/home/jovyan/ooi/san_data/RS03ASHS-PN03B-06-CAMHDA301/2022/03/11/CAMHDA301-20220311T211500.mp4
2022-03,20220324T031500,8,0,337.3,512.0,566.7,81.98,47.23,,/home/jovyan/ooi/san_data/RS03ASHS-PN03B-06-CAMHDA301/2022/03/24/CAMHDA301-20220324T031500.mp4
2022-04,20220401T010000,8,0,409.2,518.7,533.4,88.59,58.38,,/home/jovyan/ooi/san_data/RS03ASHS-PN03B-06-CAMHDA301/2022/04/01/CAMHDA301-20220401T010000.mp4
2022-03,20220331T234900,8,0,435.0,556.5,602.3,88.05,48.93,,/home/jovyan/ooi/san_data/RS03ASHS-PN03B-06-CAMHDA301/2022/03/31/CAMHDA301-20220331T234900.mp4
2022-04,20220403T141500,8,0,166.9,223.0,251.2,116.77,37.87,,/home/jovyan/ooi/san_data/RS03ASHS-PN03B-06-CAMHDA301/2022/04/03/CAMHDA301-20220403T141500.mp4
2022-04,20220402T230000,8,0,142.8,258.0,285.7,109.85,45.54,,/home/jovyan/ooi/san_data/RS03ASHS-PN03B-06-CAMHDA301/2022/04/02/CAMHDA301-20220402T230000.mp4
2022-04,20220402T073000,8,0,16.7,31.8,40.7,16.68,2.19,,/home/jovyan/ooi/san_data/RS03ASHS-PN03B-06-CAMHDA301/2022/04/02/CAMHDA301-20220402T073000.mp4
2022-04,20220401T161500,8,0,66.0,93.1,132.9,64.28,42.14,,/home/jovyan/ooi/san_data/RS03ASHS-PN03B-06-CAMHDA301/2022/04/01/CAMHDA301-20220401T161500.mp4
2022-04,20220406T181500,8,0,140.5,526.3,724.8,84.06,41.18,,/home/jovyan/ooi/san_data/RS03ASHS-PN03B-06-CAMHDA301/2022/04/06/CAMHDA301-20220406T181500.mp4
2022-04,20220411T031500,8,0,247.8,563.2,756.1,80.57,45.40,,/home/jovyan/ooi/san_data/RS03ASHS-PN03B-06-CAMHDA301/2022/04/11/CAMHDA301-20220411T031500.mp4
2022-04,20220418T181500,8,0,395.3,578.0,757.0,82.47,45.76,,/home/jovyan/ooi/san_data/RS03ASHS-PN03B-06-CAMHDA301/2022/04/18/CAMHDA301-20220418T181500.mp4
2022-04,20220410T090000,8,0,40.5,78.5,93.5,39.43,5.35,,/home/jovyan/ooi/san_data/RS03ASHS-PN03B-06-CAMHDA301/2022/04/10/CAMHDA301-20220410T090000.mp4
2022-04,20220423T031500,8,0,446.2,564.1,655.0,84.84,49.87,,/home/jovyan/ooi/san_data/RS03ASHS-PN03B-06-CAMHDA301/2022/04/23/CAMHDA301-20220423T031500.mp4
2022-04,20220430T211500,8,0,290.8,563.7,670.4,86.16,47.32,,/home/jovyan/ooi/san_data/RS03ASHS-PN03B-06-CAMHDA301/2022/04/30/CAMHDA301-20220430T211500.mp4
2022-04,20220420T131500,8,0,301.8,332.6,377.9,112.13,41.66,,/home/jovyan/ooi/san_data/RS03ASHS-PN03B-06-CAMHDA301/2022/04/20/CAMHDA301-20220420T131500.mp4
2022-05,20220501T010000,8,0,572.5,665.8,738.7,90.18,54.36,,/home/jovyan/ooi/san_data/RS03ASHS-PN03B-06-CAMHDA301/2022/05/01/CAMHDA301-20220501T010000.mp4
2022-05,20220501T163000,8,0,166.5,199.8,225.6,103.31,36.99,,/home/jovyan/ooi/san_data/RS03ASHS-PN03B-06-CAMHDA301/2022/05/01/CAMHDA301-20220501T163000.mp4
2022-05,20220503T150000,8,0,46.3,55.6,61.5,66.23,22.60,,/home/jovyan/ooi/san_data/RS03ASHS-PN03B-06-CAMHDA301/2022/05/03/CAMHDA301-20220503T150000.mp4
2022-05,20220502T233000,8,0,155.2,254.0,266.7,101.97,55.06,,/home/jovyan/ooi/san_data/RS03ASHS-PN03B-06-CAMHDA301/2022/05/02/CAMHDA301-20220502T233000.mp4
2022-05,20220502T080000,8,0,257.3,304.8,353.7,112.44,35.28,,/home/jovyan/ooi/san_data/RS03ASHS-PN03B-06-CAMHDA301/2022/05/02/CAMHDA301-20220502T080000.mp4
2022-05,20220507T031500,8,0,502.2,953.1,1061.7,81.37,50.56,,/home/jovyan/ooi/san_data/RS03ASHS-PN03B-06-CAMHDA301/2022/05/07/CAMHDA301-20220507T031500.mp4
2022-05,20220511T181500,8,0,286.5,585.0,732.6,86.85,48.29,,/home/jovyan/ooi/san_data/RS03ASHS-PN03B-06-CAMHDA301/2022/05/11/CAMHDA301-20220511T181500.mp4
2022-05,20220510T101500,8,0,143.8,284.0,288.7,115.46,18.79,,/home/jovyan/ooi/san_data/RS03ASHS-PN03B-06-CAMHDA301/2022/05/10/CAMHDA301-20220510T101500.mp4
2022-05,20220519T121500,8,0,444.7,884.9,1063.0,81.60,51.57,,/home/jovyan/ooi/san_data/RS03ASHS-PN03B-06-CAMHDA301/2022/05/19/CAMHDA301-20220519T121500.mp4
2022-05,20220520T144500,8,0,288.5,340.7,383.1,98.90,47.00,,/home/jovyan/ooi/san_data/RS03ASHS-PN03B-06-CAMHDA301/2022/05/20/CAMHDA301-20220520T144500.mp4
2022-05,20220531T211500,8,0,450.0,747.0,889.0,83.87,50.78,,/home/jovyan/ooi/san_data/RS03ASHS-PN03B-06-CAMHDA301/2022/05/31/CAMHDA301-20220531T211500.mp4
2022-05,20220524T001500,8,0,410.4,754.8,767.8,86.79,52.06,,/home/jovyan/ooi/san_data/RS03ASHS-PN03B-06-CAMHDA301/2022/05/24/CAMHDA301-20220524T001500.mp4
2022-06,20220601T010000,8,0,495.4,548.4,561.2,88.89,58.09,,/home/jovyan/ooi/san_data/RS03ASHS-PN03B-06-CAMHDA301/2022/06/01/CAMHDA301-20220601T010000.mp4
2022-06,20220601T161500,8,0,242.3,254.6,259.3,105.38,42.27,,/home/jovyan/ooi/san_data/RS03ASHS-PN03B-06-CAMHDA301/2022/06/01/CAMHDA301-20220601T161500.mp4
2022-06,20220603T141500,8,0,97.2,123.9,148.5,71.85,25.46,,/home/jovyan/ooi/san_data/RS03ASHS-PN03B-06-CAMHDA301/2022/06/03/CAMHDA301-20220603T141500.mp4
2022-06,20220602T230000,8,0,111.1,170.5,178.1,96.97,59.01,,/home/jovyan/ooi/san_data/RS03ASHS-PN03B-06-CAMHDA301/2022/06/02/CAMHDA301-20220602T230000.mp4
2022-06,20220602T073000,8,0,331.9,555.8,625.4,119.33,38.65,,/home/jovyan/ooi/san_data/RS03ASHS-PN03B-06-CAMHDA301/2022/06/02/CAMHDA301-20220602T073000.mp4
2022-06,20220606T181500,8,0,497.9,854.7,903.2,84.43,50.50,,/home/jovyan/ooi/san_data/RS03ASHS-PN03B-06-CAMHDA301/2022/06/06/CAMHDA301-20220606T181500.mp4
2022-06,20220611T031500,8,0,518.0,1081.1,1944.0,85.15,50.60,,/home/jovyan/ooi/san_data/RS03ASHS-PN03B-06-CAMHDA301/2022/06/11/CAMHDA301-20220611T031500.mp4
2022-06,20220620T131500,8,0,108.3,255.9,267.0,79.76,28.76,,/home/jovyan/ooi/san_data/RS03ASHS-PN03B-06-CAMHDA301/2022/06/20/CAMHDA301-20220620T131500.mp4
2022-06,20220618T181500,8,0,376.4,799.4,1258.3,85.71,50.95,,/home/jovyan/ooi/san_data/RS03ASHS-PN03B-06-CAMHDA301/2022/06/18/CAMHDA301-20220618T181500.mp4
2022-06,20220610T090000,8,0,123.2,178.4,191.5,110.02,35.03,,/home/jovyan/ooi/san_data/RS03ASHS-PN03B-06-CAMHDA301/2022/06/10/CAMHDA301-20220610T090000.mp4
2022-06,20220623T031500,8,0,395.5,743.1,1119.0,84.38,51.46,,/home/jovyan/ooi/san_data/RS03ASHS-PN03B-06-CAMHDA301/2022/06/23/CAMHDA301-20220623T031500.mp4
2022-06,20220630T211500,8,0,483.4,627.3,728.4,85.39,48.47,,/home/jovyan/ooi/san_data/RS03ASHS-PN03B-06-CAMHDA301/2022/06/30/CAMHDA301-20220630T211500.mp4
2022-07,20220701T010000,8,0,388.7,502.5,547.8,91.11,57.24,,/home/jovyan/ooi/san_data/RS03ASHS-PN03B-06-CAMHDA301/2022/07/01/CAMHDA301-20220701T010000.mp4
2022-07,20220702T233000,8,0,199.6,307.8,345.0,109.94,44.73,,/home/jovyan/ooi/san_data/RS03ASHS-PN03B-06-CAMHDA301/2022/07/02/CAMHDA301-20220702T233000.mp4
2022-07,20220703T150000,8,0,192.7,285.0,291.0,79.07,26.71,,/home/jovyan/ooi/san_data/RS03ASHS-PN03B-06-CAMHDA301/2022/07/03/CAMHDA301-20220703T150000.mp4
2022-07,20220701T163000,8,0,173.7,218.7,249.0,101.98,36.32,,/home/jovyan/ooi/san_data/RS03ASHS-PN03B-06-CAMHDA301/2022/07/01/CAMHDA301-20220701T163000.mp4
2022-07,20220702T080000,8,0,151.6,203.0,236.3,115.64,28.89,,/home/jovyan/ooi/san_data/RS03ASHS-PN03B-06-CAMHDA301/2022/07/02/CAMHDA301-20220702T080000.mp4
2022-07,20220707T031500,8,0,419.0,824.7,830.6,85.05,54.06,,/home/jovyan/ooi/san_data/RS03ASHS-PN03B-06-CAMHDA301/2022/07/07/CAMHDA301-20220707T031500.mp4
2022-07,20220710T101500,8,0,176.2,280.8,395.5,114.73,34.45,,/home/jovyan/ooi/san_data/RS03ASHS-PN03B-06-CAMHDA301/2022/07/10/CAMHDA301-20220710T101500.mp4
2022-07,20220711T181500,8,0,490.0,853.5,857.7,82.41,49.85,,/home/jovyan/ooi/san_data/RS03ASHS-PN03B-06-CAMHDA301/2022/07/11/CAMHDA301-20220711T181500.mp4
2022-07,20220720T144500,8,0,117.7,151.3,153.1,82.96,17.49,,/home/jovyan/ooi/san_data/RS03ASHS-PN03B-06-CAMHDA301/2022/07/20/CAMHDA301-20220720T144500.mp4
2022-07,20220719T121500,8,0,506.2,856.1,1289.6,85.78,53.04,,/home/jovyan/ooi/san_data/RS03ASHS-PN03B-06-CAMHDA301/2022/07/19/CAMHDA301-20220719T121500.mp4
2022-07,20220724T001500,8,0,395.6,656.2,878.2,83.94,53.98,,/home/jovyan/ooi/san_data/RS03ASHS-PN03B-06-CAMHDA301/2022/07/24/CAMHDA301-20220724T001500.mp4
2022-07,20220731T211500,8,0,464.4,828.7,1296.8,84.02,51.15,,/home/jovyan/ooi/san_data/RS03ASHS-PN03B-06-CAMHDA301/2022/07/31/CAMHDA301-20220731T211500.mp4
2022-08,20220801T010000,8,0,461.7,599.3,659.3,87.04,57.64,,/home/jovyan/ooi/san_data/RS03ASHS-PN03B-06-CAMHDA301/2022/08/01/CAMHDA301-20220801T010000.mp4
2022-08,20220802T233000,8,0,99.4,206.9,221.1,103.08,46.46,,/home/jovyan/ooi/san_data/RS03ASHS-PN03B-06-CAMHDA301/2022/08/02/CAMHDA301-20220802T233000.mp4
2022-08,20220801T163000,8,0,228.0,273.1,291.2,102.89,37.93,,/home/jovyan/ooi/san_data/RS03ASHS-PN03B-06-CAMHDA301/2022/08/01/CAMHDA301-20220801T163000.mp4
2022-08,20220803T150000,8,0,141.4,193.9,222.3,74.63,33.53,,/home/jovyan/ooi/san_data/RS03ASHS-PN03B-06-CAMHDA301/2022/08/03/CAMHDA301-20220803T150000.mp4
2022-08,20220802T080000,8,0,259.5,305.4,344.4,119.22,39.48,,/home/jovyan/ooi/san_data/RS03ASHS-PN03B-06-CAMHDA301/2022/08/02/CAMHDA301-20220802T080000.mp4
2022-08,20220807T031500,8,0,458.5,694.8,819.3,82.42,52.90,,/home/jovyan/ooi/san_data/RS03ASHS-PN03B-06-CAMHDA301/2022/08/07/CAMHDA301-20220807T031500.mp4
2022-08,20220831T211500,0,8,,,,,,all-black,/home/jovyan/ooi/san_data/RS03ASHS-PN03B-06-CAMHDA301/2022/08/31/CAMHDA301-20220831T211500.mp4
2022-08,20220810T101500,8,0,329.7,596.2,628.0,117.62,36.95,,/home/jovyan/ooi/san_data/RS03ASHS-PN03B-06-CAMHDA301/2022/08/10/CAMHDA301-20220810T101500.mp4
2022-08,20220811T181500,8,0,396.6,773.2,820.9,80.56,52.73,,/home/jovyan/ooi/san_data/RS03ASHS-PN03B-06-CAMHDA301/2022/08/11/CAMHDA301-20220811T181500.mp4
2022-08,20220819T121500,8,0,279.4,738.8,752.6,88.89,51.58,,/home/jovyan/ooi/san_data/RS03ASHS-PN03B-06-CAMHDA301/2022/08/19/CAMHDA301-20220819T121500.mp4
2022-08,20220820T144500,8,0,96.7,142.4,150.6,70.76,34.48,,/home/jovyan/ooi/san_data/RS03ASHS-PN03B-06-CAMHDA301/2022/08/20/CAMHDA301-20220820T144500.mp4
2022-08,20220824T001500,8,0,657.9,993.3,1172.2,86.91,48.83,,/home/jovyan/ooi/san_data/RS03ASHS-PN03B-06-CAMHDA301/2022/08/24/CAMHDA301-20220824T001500.mp4
2022-09,20220901T010000,8,0,560.2,630.4,702.0,85.04,59.70,,/home/jovyan/ooi/san_data/RS03ASHS-PN03B-06-CAMHDA301/2022/09/01/CAMHDA301-20220901T010000.mp4
2022-09,20220902T073000,8,0,134.5,140.2,140.9,116.61,21.38,,/home/jovyan/ooi/san_data/RS03ASHS-PN03B-06-CAMHDA301/2022/09/02/CAMHDA301-20220902T073000.mp4
2022-09,20220902T230000,8,0,187.8,261.2,320.1,113.49,39.75,,/home/jovyan/ooi/san_data/RS03ASHS-PN03B-06-CAMHDA301/2022/09/02/CAMHDA301-20220902T230000.mp4
2022-09,20220901T161500,8,0,188.8,232.4,261.0,106.38,39.54,,/home/jovyan/ooi/san_data/RS03ASHS-PN03B-06-CAMHDA301/2022/09/01/CAMHDA301-20220901T161500.mp4
2022-09,20220903T141500,8,0,76.6,99.0,126.3,72.70,31.74,,/home/jovyan/ooi/san_data/RS03ASHS-PN03B-06-CAMHDA301/2022/09/03/CAMHDA301-20220903T141500.mp4
2022-09,20220906T181500,8,0,401.2,1301.4,1721.6,83.36,52.33,,/home/jovyan/ooi/san_data/RS03ASHS-PN03B-06-CAMHDA301/2022/09/06/CAMHDA301-20220906T181500.mp4
2022-09,20220911T031500,8,0,284.4,587.5,624.7,88.68,51.95,,/home/jovyan/ooi/san_data/RS03ASHS-PN03B-06-CAMHDA301/2022/09/11/CAMHDA301-20220911T031500.mp4
2022-09,20220918T181500,8,0,651.5,786.6,800.4,83.80,46.72,,/home/jovyan/ooi/san_data/RS03ASHS-PN03B-06-CAMHDA301/2022/09/18/CAMHDA301-20220918T181500.mp4
2022-09,20220910T090000,8,0,318.5,402.0,499.4,115.84,38.11,,/home/jovyan/ooi/san_data/RS03ASHS-PN03B-06-CAMHDA301/2022/09/10/CAMHDA301-20220910T090000.mp4
2022-09,20220920T131500,8,0,145.2,169.8,171.2,85.35,36.19,,/home/jovyan/ooi/san_data/RS03ASHS-PN03B-06-CAMHDA301/2022/09/20/CAMHDA301-20220920T131500.mp4
2022-09,20220923T031500,8,0,461.1,721.8,850.6,81.29,51.62,,/home/jovyan/ooi/san_data/RS03ASHS-PN03B-06-CAMHDA301/2022/09/23/CAMHDA301-20220923T031500.mp4
2022-10,20221002T080000,8,0,176.6,243.0,288.1,123.91,19.15,,/home/jovyan/ooi/san_data/RS03ASHS-PN03B-06-CAMHDA301/2022/10/02/CAMHDA301-20221002T080000.mp4
2022-10,20221002T233000,8,0,244.0,290.6,301.0,88.95,65.49,,/home/jovyan/ooi/san_data/RS03ASHS-PN03B-06-CAMHDA301/2022/10/02/CAMHDA301-20221002T233000.mp4
2022-09,20220930T211500,8,0,512.3,836.5,985.6,84.33,48.96,,/home/jovyan/ooi/san_data/RS03ASHS-PN03B-06-CAMHDA301/2022/09/30/CAMHDA301-20220930T211500.mp4
2022-10,20221001T010000,8,0,563.3,615.3,639.6,88.51,59.46,,/home/jovyan/ooi/san_data/RS03ASHS-PN03B-06-CAMHDA301/2022/10/01/CAMHDA301-20221001T010000.mp4
2022-10,20221003T150000,8,0,71.9,95.4,120.7,68.67,25.73,,/home/jovyan/ooi/san_data/RS03ASHS-PN03B-06-CAMHDA301/2022/10/03/CAMHDA301-20221003T150000.mp4
2022-10,20221001T163000,8,0,164.4,188.5,199.8,112.97,36.82,,/home/jovyan/ooi/san_data/RS03ASHS-PN03B-06-CAMHDA301/2022/10/01/CAMHDA301-20221001T163000.mp4
2022-10,20221007T031500,8,0,480.4,707.7,823.9,81.55,52.52,,/home/jovyan/ooi/san_data/RS03ASHS-PN03B-06-CAMHDA301/2022/10/07/CAMHDA301-20221007T031500.mp4
2022-10,20221019T091500,0,8,,,,,,all-black,/home/jovyan/ooi/san_data/RS03ASHS-PN03B-06-CAMHDA301/2022/10/19/CAMHDA301-20221019T091500.mp4
2022-10,20221010T100000,8,0,216.3,278.1,291.8,122.69,43.94,,/home/jovyan/ooi/san_data/RS03ASHS-PN03B-06-CAMHDA301/2022/10/10/CAMHDA301-20221010T100000.mp4
2022-10,20221011T151500,8,0,452.7,765.7,992.5,84.34,48.40,,/home/jovyan/ooi/san_data/RS03ASHS-PN03B-06-CAMHDA301/2022/10/11/CAMHDA301-20221011T151500.mp4
2022-10,20221020T143000,8,0,119.0,210.1,302.3,90.02,36.85,,/home/jovyan/ooi/san_data/RS03ASHS-PN03B-06-CAMHDA301/2022/10/20/CAMHDA301-20221020T143000.mp4
2022-10,20221024T001500,8,0,387.0,833.9,1059.9,84.34,53.03,,/home/jovyan/ooi/san_data/RS03ASHS-PN03B-06-CAMHDA301/2022/10/24/CAMHDA301-20221024T001500.mp4
2022-10,20221031T211500,8,0,536.6,726.1,950.4,82.71,53.75,,/home/jovyan/ooi/san_data/RS03ASHS-PN03B-06-CAMHDA301/2022/10/31/CAMHDA301-20221031T211500.mp4
2022-11,20221101T010000,8,0,606.5,724.9,746.4,82.80,60.92,,/home/jovyan/ooi/san_data/RS03ASHS-PN03B-06-CAMHDA301/2022/11/01/CAMHDA301-20221101T010000.mp4
2022-11,20221102T073000,8,0,161.0,248.8,288.9,116.26,25.52,,/home/jovyan/ooi/san_data/RS03ASHS-PN03B-06-CAMHDA301/2022/11/02/CAMHDA301-20221102T073000.mp4
2022-11,20221101T161500,8,0,257.9,327.0,382.1,110.00,38.93,,/home/jovyan/ooi/san_data/RS03ASHS-PN03B-06-CAMHDA301/2022/11/01/CAMHDA301-20221101T161500.mp4
2022-11,20221102T230000,8,0,255.9,299.7,321.0,97.66,62.03,,/home/jovyan/ooi/san_data/RS03ASHS-PN03B-06-CAMHDA301/2022/11/02/CAMHDA301-20221102T230000.mp4
2022-11,20221103T141500,8,0,67.2,91.1,119.2,62.81,24.20,,/home/jovyan/ooi/san_data/RS03ASHS-PN03B-06-CAMHDA301/2022/11/03/CAMHDA301-20221103T141500.mp4
2022-11,20221106T181500,8,0,545.3,991.9,1469.8,86.56,55.46,,/home/jovyan/ooi/san_data/RS03ASHS-PN03B-06-CAMHDA301/2022/11/06/CAMHDA301-20221106T181500.mp4
2022-11,20221110T090000,8,0,74.8,173.3,203.6,108.99,20.60,,/home/jovyan/ooi/san_data/RS03ASHS-PN03B-06-CAMHDA301/2022/11/10/CAMHDA301-20221110T090000.mp4
2022-11,20221111T031500,8,0,569.6,925.9,1141.4,85.40,51.05,,/home/jovyan/ooi/san_data/RS03ASHS-PN03B-06-CAMHDA301/2022/11/11/CAMHDA301-20221111T031500.mp4
2022-11,20221130T211500,0,8,,,,,,all-black,/home/jovyan/ooi/san_data/RS03ASHS-PN03B-06-CAMHDA301/2022/11/30/CAMHDA301-20221130T211500.mp4
2022-11,20221118T181500,8,0,373.6,658.2,819.4,84.19,51.96,,/home/jovyan/ooi/san_data/RS03ASHS-PN03B-06-CAMHDA301/2022/11/18/CAMHDA301-20221118T181500.mp4
2022-11,20221120T131500,8,0,147.1,217.7,227.3,96.52,35.00,,/home/jovyan/ooi/san_data/RS03ASHS-PN03B-06-CAMHDA301/2022/11/20/CAMHDA301-20221120T131500.mp4
2022-12,20221201T164500,0,8,,,,,,all-black,/home/jovyan/ooi/san_data/RS03ASHS-PN03B-06-CAMHDA301/2022/12/01/CAMHDA301-20221201T164500.mp4
2022-12,20221201T010000,0,8,,,,,,all-black,/home/jovyan/ooi/san_data/RS03ASHS-PN03B-06-CAMHDA301/2022/12/01/CAMHDA301-20221201T010000.mp4
2022-12,20221202T234500,0,8,,,,,,all-black,/home/jovyan/ooi/san_data/RS03ASHS-PN03B-06-CAMHDA301/2022/12/02/CAMHDA301-20221202T234500.mp4
2022-12,20221202T081500,0,8,,,,,,all-black,/home/jovyan/ooi/san_data/RS03ASHS-PN03B-06-CAMHDA301/2022/12/02/CAMHDA301-20221202T081500.mp4
2022-11,20221123T031500,8,0,353.5,565.7,660.6,85.61,50.19,,/home/jovyan/ooi/san_data/RS03ASHS-PN03B-06-CAMHDA301/2022/11/23/CAMHDA301-20221123T031500.mp4
2022-12,20221203T151500,0,8,,,,,,all-black,/home/jovyan/ooi/san_data/RS03ASHS-PN03B-06-CAMHDA301/2022/12/03/CAMHDA301-20221203T151500.mp4
2022-12,20221210T101500,8,0,97.2,126.9,158.8,106.54,20.48,,/home/jovyan/ooi/san_data/RS03ASHS-PN03B-06-CAMHDA301/2022/12/10/CAMHDA301-20221210T101500.mp4
2022-12,20221207T061500,8,0,409.5,688.1,941.9,82.79,52.39,,/home/jovyan/ooi/san_data/RS03ASHS-PN03B-06-CAMHDA301/2022/12/07/CAMHDA301-20221207T061500.mp4
2022-12,20221219T121500,8,0,489.8,602.5,733.4,84.00,50.75,,/home/jovyan/ooi/san_data/RS03ASHS-PN03B-06-CAMHDA301/2022/12/19/CAMHDA301-20221219T121500.mp4
2022-12,20221211T181500,8,0,499.3,711.3,768.9,85.39,54.40,,/home/jovyan/ooi/san_data/RS03ASHS-PN03B-06-CAMHDA301/2022/12/11/CAMHDA301-20221211T181500.mp4
2022-12,20221220T144500,8,0,66.1,98.0,142.5,87.05,13.35,,/home/jovyan/ooi/san_data/RS03ASHS-PN03B-06-CAMHDA301/2022/12/20/CAMHDA301-20221220T144500.mp4
2022-12,20221224T001500,8,0,623.0,920.1,1066.8,84.58,50.99,,/home/jovyan/ooi/san_data/RS03ASHS-PN03B-06-CAMHDA301/2022/12/24/CAMHDA301-20221224T001500.mp4
2022-12,20221231T211500,8,0,526.8,814.3,959.5,92.99,50.37,,/home/jovyan/ooi/san_data/RS03ASHS-PN03B-06-CAMHDA301/2022/12/31/CAMHDA301-20221231T211500.mp4
2023-01,20230102T080000,8,0,214.3,256.7,283.1,114.95,17.90,,/home/jovyan/ooi/san_data/RS03ASHS-PN03B-06-CAMHDA301/2023/01/02/CAMHDA301-20230102T080000.mp4
2023-01,20230101T163000,8,0,188.8,252.6,334.1,117.59,37.22,,/home/jovyan/ooi/san_data/RS03ASHS-PN03B-06-CAMHDA301/2023/01/01/CAMHDA301-20230101T163000.mp4
2023-01,20230101T010000,8,0,310.4,386.9,395.4,85.84,56.20,,/home/jovyan/ooi/san_data/RS03ASHS-PN03B-06-CAMHDA301/2023/01/01/CAMHDA301-20230101T010000.mp4
2023-01,20230103T150000,8,0,111.0,132.0,175.3,66.02,30.66,,/home/jovyan/ooi/san_data/RS03ASHS-PN03B-06-CAMHDA301/2023/01/03/CAMHDA301-20230103T150000.mp4
2023-01,20230102T233000,8,0,217.8,324.0,324.5,111.05,49.50,,/home/jovyan/ooi/san_data/RS03ASHS-PN03B-06-CAMHDA301/2023/01/02/CAMHDA301-20230102T233000.mp4
2023-01,20230110T101500,8,0,206.9,319.1,329.6,115.99,42.03,,/home/jovyan/ooi/san_data/RS03ASHS-PN03B-06-CAMHDA301/2023/01/10/CAMHDA301-20230110T101500.mp4
2023-01,20230107T061500,8,0,433.8,892.1,1124.4,89.56,55.19,,/home/jovyan/ooi/san_data/RS03ASHS-PN03B-06-CAMHDA301/2023/01/07/CAMHDA301-20230107T061500.mp4
2023-01,20230119T121500,8,0,469.6,855.5,1308.6,85.19,53.53,,/home/jovyan/ooi/san_data/RS03ASHS-PN03B-06-CAMHDA301/2023/01/19/CAMHDA301-20230119T121500.mp4
2023-01,20230111T181500,8,0,681.3,966.7,1309.1,88.37,55.90,,/home/jovyan/ooi/san_data/RS03ASHS-PN03B-06-CAMHDA301/2023/01/11/CAMHDA301-20230111T181500.mp4
2023-01,20230124T001500,8,0,415.0,579.2,637.1,87.10,52.64,,/home/jovyan/ooi/san_data/RS03ASHS-PN03B-06-CAMHDA301/2023/01/24/CAMHDA301-20230124T001500.mp4
2023-01,20230120T144500,8,0,195.2,226.2,234.4,91.21,40.72,,/home/jovyan/ooi/san_data/RS03ASHS-PN03B-06-CAMHDA301/2023/01/20/CAMHDA301-20230120T144500.mp4
2023-01,20230131T211500,8,0,536.6,775.1,911.0,89.61,54.24,,/home/jovyan/ooi/san_data/RS03ASHS-PN03B-06-CAMHDA301/2023/01/31/CAMHDA301-20230131T211500.mp4
2023-02,20230201T010000,8,0,393.8,471.9,501.3,84.50,58.47,,/home/jovyan/ooi/san_data/RS03ASHS-PN03B-06-CAMHDA301/2023/02/01/CAMHDA301-20230201T010000.mp4
2023-02,20230201T160000,8,0,276.2,316.0,330.6,118.08,40.53,,/home/jovyan/ooi/san_data/RS03ASHS-PN03B-06-CAMHDA301/2023/02/01/CAMHDA301-20230201T160000.mp4
2023-02,20230202T220000,8,0,146.5,216.1,336.9,106.05,54.12,,/home/jovyan/ooi/san_data/RS03ASHS-PN03B-06-CAMHDA301/2023/02/02/CAMHDA301-20230202T220000.mp4
2023-02,20230202T070000,8,0,138.2,179.1,249.2,114.42,25.29,,/home/jovyan/ooi/san_data/RS03ASHS-PN03B-06-CAMHDA301/2023/02/02/CAMHDA301-20230202T070000.mp4
2023-02,20230203T130000,8,0,125.4,144.9,151.1,86.95,40.19,,/home/jovyan/ooi/san_data/RS03ASHS-PN03B-06-CAMHDA301/2023/02/03/CAMHDA301-20230203T130000.mp4
2023-02,20230205T211500,8,0,518.1,700.3,720.4,85.04,52.77,,/home/jovyan/ooi/san_data/RS03ASHS-PN03B-06-CAMHDA301/2023/02/05/CAMHDA301-20230205T211500.mp4
2023-02,20230210T070000,8,0,210.9,323.9,377.9,117.40,40.52,,/home/jovyan/ooi/san_data/RS03ASHS-PN03B-06-CAMHDA301/2023/02/10/CAMHDA301-20230210T070000.mp4
2023-02,20230217T091500,8,0,376.4,572.4,677.1,87.44,51.30,,/home/jovyan/ooi/san_data/RS03ASHS-PN03B-06-CAMHDA301/2023/02/17/CAMHDA301-20230217T091500.mp4
2023-02,20230210T220000,8,0,480.8,632.0,735.7,93.81,70.60,,/home/jovyan/ooi/san_data/RS03ASHS-PN03B-06-CAMHDA301/2023/02/10/CAMHDA301-20230210T220000.mp4
2023-02,20230220T100000,8,0,96.3,134.3,189.1,112.60,22.86,,/home/jovyan/ooi/san_data/RS03ASHS-PN03B-06-CAMHDA301/2023/02/20/CAMHDA301-20230220T100000.mp4
2023-02,20230221T091500,8,0,304.8,522.8,609.3,85.57,55.44,,/home/jovyan/ooi/san_data/RS03ASHS-PN03B-06-CAMHDA301/2023/02/21/CAMHDA301-20230221T091500.mp4
2023-03,20230301T010000,8,0,452.6,560.1,563.9,85.40,56.40,,/home/jovyan/ooi/san_data/RS03ASHS-PN03B-06-CAMHDA301/2023/03/01/CAMHDA301-20230301T010000.mp4
2023-03,20230301T163000,8,0,300.5,366.0,425.6,115.88,44.98,,/home/jovyan/ooi/san_data/RS03ASHS-PN03B-06-CAMHDA301/2023/03/01/CAMHDA301-20230301T163000.mp4
2023-02,20230228T211500,8,0,484.7,808.5,823.0,82.64,52.65,,/home/jovyan/ooi/san_data/RS03ASHS-PN03B-06-CAMHDA301/2023/02/28/CAMHDA301-20230228T211500.mp4
2023-03,20230302T080000,8,0,158.0,205.7,285.9,110.93,36.53,,/home/jovyan/ooi/san_data/RS03ASHS-PN03B-06-CAMHDA301/2023/03/02/CAMHDA301-20230302T080000.mp4
2023-03,20230302T233000,8,0,238.3,266.0,281.8,104.34,56.80,,/home/jovyan/ooi/san_data/RS03ASHS-PN03B-06-CAMHDA301/2023/03/02/CAMHDA301-20230302T233000.mp4
2023-03,20230303T150000,8,0,99.7,168.2,317.6,80.88,41.90,,/home/jovyan/ooi/san_data/RS03ASHS-PN03B-06-CAMHDA301/2023/03/03/CAMHDA301-20230303T150000.mp4
2023-03,20230311T181500,8,0,288.8,591.9,619.7,86.76,53.71,,/home/jovyan/ooi/san_data/RS03ASHS-PN03B-06-CAMHDA301/2023/03/11/CAMHDA301-20230311T181500.mp4
2023-03,20230307T031500,8,0,442.4,730.7,984.9,85.20,52.86,,/home/jovyan/ooi/san_data/RS03ASHS-PN03B-06-CAMHDA301/2023/03/07/CAMHDA301-20230307T031500.mp4
2023-03,20230319T121500,8,0,466.1,677.3,722.5,83.25,52.59,,/home/jovyan/ooi/san_data/RS03ASHS-PN03B-06-CAMHDA301/2023/03/19/CAMHDA301-20230319T121500.mp4
2023-03,20230310T101500,8,0,182.0,266.2,274.8,110.74,36.55,,/home/jovyan/ooi/san_data/RS03ASHS-PN03B-06-CAMHDA301/2023/03/10/CAMHDA301-20230310T101500.mp4
2023-03,20230320T144500,8,0,144.9,309.7,345.0,96.37,43.19,,/home/jovyan/ooi/san_data/RS03ASHS-PN03B-06-CAMHDA301/2023/03/20/CAMHDA301-20230320T144500.mp4
2023-03,20230324T001500,8,0,413.4,602.6,714.0,84.79,50.78,,/home/jovyan/ooi/san_data/RS03ASHS-PN03B-06-CAMHDA301/2023/03/24/CAMHDA301-20230324T001500.mp4
2023-03,20230331T211500,8,0,532.2,967.2,1352.9,86.81,51.41,,/home/jovyan/ooi/san_data/RS03ASHS-PN03B-06-CAMHDA301/2023/03/31/CAMHDA301-20230331T211500.mp4
2023-04,20230401T010000,8,0,385.6,481.8,519.4,85.82,58.39,,/home/jovyan/ooi/san_data/RS03ASHS-PN03B-06-CAMHDA301/2023/04/01/CAMHDA301-20230401T010000.mp4
2023-04,20230401T161500,8,0,150.8,215.5,257.9,107.58,37.01,,/home/jovyan/ooi/san_data/RS03ASHS-PN03B-06-CAMHDA301/2023/04/01/CAMHDA301-20230401T161500.mp4
2023-04,20230402T230000,8,0,106.6,210.7,281.8,104.56,57.40,,/home/jovyan/ooi/san_data/RS03ASHS-PN03B-06-CAMHDA301/2023/04/02/CAMHDA301-20230402T230000.mp4
2023-04,20230402T073000,8,0,119.0,195.6,206.4,110.67,23.64,,/home/jovyan/ooi/san_data/RS03ASHS-PN03B-06-CAMHDA301/2023/04/02/CAMHDA301-20230402T073000.mp4
2023-04,20230403T141500,8,0,89.3,117.5,159.7,67.25,21.99,,/home/jovyan/ooi/san_data/RS03ASHS-PN03B-06-CAMHDA301/2023/04/03/CAMHDA301-20230403T141500.mp4
2023-04,20230406T181500,8,0,379.6,832.0,959.0,83.91,50.22,,/home/jovyan/ooi/san_data/RS03ASHS-PN03B-06-CAMHDA301/2023/04/06/CAMHDA301-20230406T181500.mp4
2023-04,20230411T031500,8,0,839.7,1400.2,1603.8,88.88,50.40,,/home/jovyan/ooi/san_data/RS03ASHS-PN03B-06-CAMHDA301/2023/04/11/CAMHDA301-20230411T031500.mp4
2023-04,20230410T090000,8,0,279.1,495.3,652.5,116.05,38.53,,/home/jovyan/ooi/san_data/RS03ASHS-PN03B-06-CAMHDA301/2023/04/10/CAMHDA301-20230410T090000.mp4
2023-04,20230418T181500,8,0,2146.4,14940.4,20086.0,90.26,54.02,,/home/jovyan/ooi/san_data/RS03ASHS-PN03B-06-CAMHDA301/2023/04/18/CAMHDA301-20230418T181500.mp4
2023-04,20230420T131500,8,0,430.3,19127.0,21808.5,97.60,50.86,,/home/jovyan/ooi/san_data/RS03ASHS-PN03B-06-CAMHDA301/2023/04/20/CAMHDA301-20230420T131500.mp4
2023-04,20230423T031500,8,0,1105.4,2146.7,3943.5,88.45,51.14,,/home/jovyan/ooi/san_data/RS03ASHS-PN03B-06-CAMHDA301/2023/04/23/CAMHDA301-20230423T031500.mp4
2023-04,20230430T211500,8,0,732.6,8544.9,23683.3,90.01,49.62,,/home/jovyan/ooi/san_data/RS03ASHS-PN03B-06-CAMHDA301/2023/04/30/CAMHDA301-20230430T211500.mp4
2023-05,20230502T080000,8,0,429.4,4678.7,9532.1,109.93,34.82,,/home/jovyan/ooi/san_data/RS03ASHS-PN03B-06-CAMHDA301/2023/05/02/CAMHDA301-20230502T080000.mp4
2023-05,20230502T233000,8,0,230.0,399.8,503.8,102.62,57.54,,/home/jovyan/ooi/san_data/RS03ASHS-PN03B-06-CAMHDA301/2023/05/02/CAMHDA301-20230502T233000.mp4
2023-05,20230501T163000,8,0,422.0,2822.6,7671.1,102.64,34.79,,/home/jovyan/ooi/san_data/RS03ASHS-PN03B-06-CAMHDA301/2023/05/01/CAMHDA301-20230501T163000.mp4
2023-05,20230501T010000,8,0,713.5,9056.2,26674.1,80.15,58.16,,/home/jovyan/ooi/san_data/RS03ASHS-PN03B-06-CAMHDA301/2023/05/01/CAMHDA301-20230501T010000.mp4
2023-05,20230507T031500,7,1,957.0,1627.7,1713.6,89.58,50.69,,/home/jovyan/ooi/san_data/RS03ASHS-PN03B-06-CAMHDA301/2023/05/07/CAMHDA301-20230507T031500.mp4
2023-05,20230503T150000,8,0,154.1,12527.7,12772.1,84.90,38.82,,/home/jovyan/ooi/san_data/RS03ASHS-PN03B-06-CAMHDA301/2023/05/03/CAMHDA301-20230503T150000.mp4
2023-05,20230510T101500,8,0,224.7,3823.9,11456.2,107.50,35.69,,/home/jovyan/ooi/san_data/RS03ASHS-PN03B-06-CAMHDA301/2023/05/10/CAMHDA301-20230510T101500.mp4
2023-05,20230511T181500,8,0,671.1,900.7,921.8,89.59,50.64,,/home/jovyan/ooi/san_data/RS03ASHS-PN03B-06-CAMHDA301/2023/05/11/CAMHDA301-20230511T181500.mp4
2023-05,20230519T121500,8,0,514.4,1570.5,2601.0,91.23,50.94,,/home/jovyan/ooi/san_data/RS03ASHS-PN03B-06-CAMHDA301/2023/05/19/CAMHDA301-20230519T121500.mp4
2023-05,20230520T144500,8,0,555.5,4334.6,12219.4,97.39,46.93,,/home/jovyan/ooi/san_data/RS03ASHS-PN03B-06-CAMHDA301/2023/05/20/CAMHDA301-20230520T144500.mp4
2023-05,20230524T001500,8,0,573.0,1377.4,1573.1,91.47,50.59,,/home/jovyan/ooi/san_data/RS03ASHS-PN03B-06-CAMHDA301/2023/05/24/CAMHDA301-20230524T001500.mp4
2023-06,20230603T020000,8,0,138.3,257.8,348.8,100.27,58.05,,/home/jovyan/ooi/san_data/RS03ASHS-PN03B-06-CAMHDA301/2023/06/03/CAMHDA301-20230603T020000.mp4
2023-06,20230601T010000,8,0,1227.4,1580.6,1704.3,77.94,61.23,,/home/jovyan/ooi/san_data/RS03ASHS-PN03B-06-CAMHDA301/2023/06/01/CAMHDA301-20230601T010000.mp4
2023-06,20230601T171500,8,0,243.7,359.1,402.3,102.22,25.60,,/home/jovyan/ooi/san_data/RS03ASHS-PN03B-06-CAMHDA301/2023/06/01/CAMHDA301-20230601T171500.mp4
2023-06,20230602T094500,8,0,275.2,541.0,607.3,105.28,35.39,,/home/jovyan/ooi/san_data/RS03ASHS-PN03B-06-CAMHDA301/2023/06/02/CAMHDA301-20230602T094500.mp4
2023-05,20230531T211500,8,0,1130.9,12956.4,20712.0,92.54,52.99,,/home/jovyan/ooi/san_data/RS03ASHS-PN03B-06-CAMHDA301/2023/05/31/CAMHDA301-20230531T211500.mp4
2023-06,20230603T183000,8,0,567.4,984.6,1364.8,92.92,65.75,,/home/jovyan/ooi/san_data/RS03ASHS-PN03B-06-CAMHDA301/2023/06/03/CAMHDA301-20230603T183000.mp4
2023-06,20230620T061500,0,8,,,,,,all-black,/home/jovyan/ooi/san_data/RS03ASHS-PN03B-06-CAMHDA301/2023/06/20/CAMHDA301-20230620T061500.mp4
2023-06,20230610T151500,8,0,198.2,11516.7,19081.7,101.75,61.08,,/home/jovyan/ooi/san_data/RS03ASHS-PN03B-06-CAMHDA301/2023/06/10/CAMHDA301-20230610T151500.mp4
2023-06,20230620T223000,0,8,,,,,,all-black,/home/jovyan/ooi/san_data/RS03ASHS-PN03B-06-CAMHDA301/2023/06/20/CAMHDA301-20230620T223000.mp4
2023-06,20230609T091500,8,0,450.6,6400.2,17108.5,91.59,51.64,,/home/jovyan/ooi/san_data/RS03ASHS-PN03B-06-CAMHDA301/2023/06/09/CAMHDA301-20230609T091500.mp4
2023-06,20230614T181500,8,0,648.0,3601.2,9783.0,90.74,49.69,,/home/jovyan/ooi/san_data/RS03ASHS-PN03B-06-CAMHDA301/2023/06/14/CAMHDA301-20230614T181500.mp4
2023-06,20230630T211500,0,8,,,,,,all-black,/home/jovyan/ooi/san_data/RS03ASHS-PN03B-06-CAMHDA301/2023/06/30/CAMHDA301-20230630T211500.mp4
2023-06,20230626T143000,8,0,309.0,812.4,1066.9,99.74,41.51,,/home/jovyan/ooi/san_data/RS03ASHS-PN03B-06-CAMHDA301/2023/06/26/CAMHDA301-20230626T143000.mp4
2023-07,20230702T233000,8,0,149.2,249.6,254.8,104.41,53.26,,/home/jovyan/ooi/san_data/RS03ASHS-PN03B-06-CAMHDA301/2023/07/02/CAMHDA301-20230702T233000.mp4
2023-07,20230701T010000,8,0,605.7,679.5,688.5,79.21,59.61,,/home/jovyan/ooi/san_data/RS03ASHS-PN03B-06-CAMHDA301/2023/07/01/CAMHDA301-20230701T010000.mp4
2023-07,20230701T163000,8,0,159.3,206.7,259.4,103.72,38.02,,/home/jovyan/ooi/san_data/RS03ASHS-PN03B-06-CAMHDA301/2023/07/01/CAMHDA301-20230701T163000.mp4
2023-07,20230702T080000,8,0,149.9,320.2,360.0,105.23,34.97,,/home/jovyan/ooi/san_data/RS03ASHS-PN03B-06-CAMHDA301/2023/07/02/CAMHDA301-20230702T080000.mp4
2023-07,20230703T150000,8,0,197.0,263.7,272.7,117.37,47.72,,/home/jovyan/ooi/san_data/RS03ASHS-PN03B-06-CAMHDA301/2023/07/03/CAMHDA301-20230703T150000.mp4
2023-07,20230707T031500,8,0,448.1,1090.7,1548.5,83.52,55.14,,/home/jovyan/ooi/san_data/RS03ASHS-PN03B-06-CAMHDA301/2023/07/07/CAMHDA301-20230707T031500.mp4
2023-07,20230724T001500,0,8,,,,,,all-black,/home/jovyan/ooi/san_data/RS03ASHS-PN03B-06-CAMHDA301/2023/07/24/CAMHDA301-20230724T001500.mp4
2023-07,20230711T181500,8,0,329.3,637.9,800.8,88.78,51.02,,/home/jovyan/ooi/san_data/RS03ASHS-PN03B-06-CAMHDA301/2023/07/11/CAMHDA301-20230711T181500.mp4
2023-07,20230720T144500,8,0,161.7,223.7,259.0,89.88,39.72,,/home/jovyan/ooi/san_data/RS03ASHS-PN03B-06-CAMHDA301/2023/07/20/CAMHDA301-20230720T144500.mp4
2023-07,20230719T121500,8,0,436.5,671.7,773.1,86.57,53.08,,/home/jovyan/ooi/san_data/RS03ASHS-PN03B-06-CAMHDA301/2023/07/19/CAMHDA301-20230719T121500.mp4
2023-07,20230710T101500,8,0,240.0,243.4,248.0,115.82,35.23,,/home/jovyan/ooi/san_data/RS03ASHS-PN03B-06-CAMHDA301/2023/07/10/CAMHDA301-20230710T101500.mp4
2023-07,20230731T211500,8,0,545.0,903.2,1041.2,87.46,54.86,,/home/jovyan/ooi/san_data/RS03ASHS-PN03B-06-CAMHDA301/2023/07/31/CAMHDA301-20230731T211500.mp4
2023-08,20230801T010000,8,0,389.8,539.8,579.3,84.51,58.82,,/home/jovyan/ooi/san_data/RS03ASHS-PN03B-06-CAMHDA301/2023/08/01/CAMHDA301-20230801T010000.mp4
2023-08,20230802T074500,8,0,206.9,269.2,286.0,116.08,39.80,,/home/jovyan/ooi/san_data/RS03ASHS-PN03B-06-CAMHDA301/2023/08/02/CAMHDA301-20230802T074500.mp4
2023-08,20230801T161500,8,0,216.8,241.1,271.6,105.29,42.79,,/home/jovyan/ooi/san_data/RS03ASHS-PN03B-06-CAMHDA301/2023/08/01/CAMHDA301-20230801T161500.mp4
2023-08,20230803T143000,8,0,216.9,297.0,373.4,116.66,55.55,,/home/jovyan/ooi/san_data/RS03ASHS-PN03B-06-CAMHDA301/2023/08/03/CAMHDA301-20230803T143000.mp4
2023-08,20230806T211500,8,0,637.1,1032.9,1471.2,85.06,56.39,,/home/jovyan/ooi/san_data/RS03ASHS-PN03B-06-CAMHDA301/2023/08/06/CAMHDA301-20230806T211500.mp4
2023-08,20230810T111500,8,0,279.0,386.3,389.4,113.31,40.38,,/home/jovyan/ooi/san_data/RS03ASHS-PN03B-06-CAMHDA301/2023/08/10/CAMHDA301-20230810T111500.mp4
2023-08,20230802T230000,8,0,233.7,254.2,263.2,103.83,61.31,,/home/jovyan/ooi/san_data/RS03ASHS-PN03B-06-CAMHDA301/2023/08/02/CAMHDA301-20230802T230000.mp4
2023-08,20230812T061500,8,0,544.2,1024.2,1144.7,88.02,55.40,,/home/jovyan/ooi/san_data/RS03ASHS-PN03B-06-CAMHDA301/2023/08/12/CAMHDA301-20230812T061500.mp4
2023-08,20230820T001500,8,0,711.8,785.5,810.9,84.10,60.90,,/home/jovyan/ooi/san_data/RS03ASHS-PN03B-06-CAMHDA301/2023/08/20/CAMHDA301-20230820T001500.mp4
2023-08,20230824T091500,8,0,561.4,798.2,940.7,86.19,54.61,,/home/jovyan/ooi/san_data/RS03ASHS-PN03B-06-CAMHDA301/2023/08/24/CAMHDA301-20230824T091500.mp4
2023-08,20230820T153000,8,0,217.8,271.9,322.4,102.53,61.28,,/home/jovyan/ooi/san_data/RS03ASHS-PN03B-06-CAMHDA301/2023/08/20/CAMHDA301-20230820T153000.mp4
2023-08,20230831T211500,8,0,421.1,833.8,849.3,58.93,43.85,,/home/jovyan/ooi/san_data/RS03ASHS-PN03B-06-CAMHDA301/2023/08/31/CAMHDA301-20230831T211500.mp4
2023-09,20230901T010000,8,0,591.9,719.9,747.5,74.36,51.83,,/home/jovyan/ooi/san_data/RS03ASHS-PN03B-06-CAMHDA301/2023/09/01/CAMHDA301-20230901T010000.mp4
2023-09,20230901T161500,8,0,16.4,29.3,43.6,11.98,1.87,,/home/jovyan/ooi/san_data/RS03ASHS-PN03B-06-CAMHDA301/2023/09/01/CAMHDA301-20230901T161500.mp4
2023-09,20230902T073000,8,0,209.2,265.9,317.1,100.80,49.10,,/home/jovyan/ooi/san_data/RS03ASHS-PN03B-06-CAMHDA301/2023/09/02/CAMHDA301-20230902T073000.mp4
2023-09,20230906T181500,8,0,254.7,490.4,679.5,67.86,35.79,,/home/jovyan/ooi/san_data/RS03ASHS-PN03B-06-CAMHDA301/2023/09/06/CAMHDA301-20230906T181500.mp4
2023-09,20230902T230000,8,0,133.3,247.6,299.3,105.75,29.09,,/home/jovyan/ooi/san_data/RS03ASHS-PN03B-06-CAMHDA301/2023/09/02/CAMHDA301-20230902T230000.mp4
2023-09,20230903T141500,8,0,97.8,127.2,129.8,125.14,10.89,,/home/jovyan/ooi/san_data/RS03ASHS-PN03B-06-CAMHDA301/2023/09/03/CAMHDA301-20230903T141500.mp4
2023-09,20230911T031500,8,0,282.2,800.8,1541.6,64.82,39.38,,/home/jovyan/ooi/san_data/RS03ASHS-PN03B-06-CAMHDA301/2023/09/11/CAMHDA301-20230911T031500.mp4
2023-09,20230910T090000,8,0,42.8,63.1,77.2,25.03,2.87,,/home/jovyan/ooi/san_data/RS03ASHS-PN03B-06-CAMHDA301/2023/09/10/CAMHDA301-20230910T090000.mp4
2023-09,20230918T181500,8,0,278.5,436.8,580.6,63.82,38.98,,/home/jovyan/ooi/san_data/RS03ASHS-PN03B-06-CAMHDA301/2023/09/18/CAMHDA301-20230918T181500.mp4
2023-09,20230920T131500,8,0,42.0,60.4,70.4,30.33,30.96,,/home/jovyan/ooi/san_data/RS03ASHS-PN03B-06-CAMHDA301/2023/09/20/CAMHDA301-20230920T131500.mp4
2023-09,20230930T211500,8,0,349.8,608.4,814.3,64.28,38.01,,/home/jovyan/ooi/san_data/RS03ASHS-PN03B-06-CAMHDA301/2023/09/30/CAMHDA301-20230930T211500.mp4
2023-09,20230923T031500,8,0,272.3,595.7,632.9,63.35,39.07,,/home/jovyan/ooi/san_data/RS03ASHS-PN03B-06-CAMHDA301/2023/09/23/CAMHDA301-20230923T031500.mp4
2023-10,20231001T010000,8,0,432.8,693.7,694.5,76.62,49.48,,/home/jovyan/ooi/san_data/RS03ASHS-PN03B-06-CAMHDA301/2023/10/01/CAMHDA301-20231001T010000.mp4
2023-10,20231001T163000,8,0,24.5,37.6,49.8,19.33,2.21,,/home/jovyan/ooi/san_data/RS03ASHS-PN03B-06-CAMHDA301/2023/10/01/CAMHDA301-20231001T163000.mp4
2023-10,20231003T150000,8,0,178.4,217.9,245.3,106.81,41.93,,/home/jovyan/ooi/san_data/RS03ASHS-PN03B-06-CAMHDA301/2023/10/03/CAMHDA301-20231003T150000.mp4
2023-10,20231007T031500,8,0,269.1,400.0,434.3,55.34,37.41,,/home/jovyan/ooi/san_data/RS03ASHS-PN03B-06-CAMHDA301/2023/10/07/CAMHDA301-20231007T031500.mp4
2023-10,20231002T233000,8,0,110.7,152.5,160.8,102.06,36.78,,/home/jovyan/ooi/san_data/RS03ASHS-PN03B-06-CAMHDA301/2023/10/02/CAMHDA301-20231002T233000.mp4
2023-10,20231002T080000,8,0,232.1,318.3,382.4,99.74,41.68,,/home/jovyan/ooi/san_data/RS03ASHS-PN03B-06-CAMHDA301/2023/10/02/CAMHDA301-20231002T080000.mp4
2023-10,20231010T100000,8,0,130.2,185.9,207.0,99.99,38.49,,/home/jovyan/ooi/san_data/RS03ASHS-PN03B-06-CAMHDA301/2023/10/10/CAMHDA301-20231010T100000.mp4
2023-10,20231011T151500,8,0,322.4,504.4,540.0,62.14,37.81,,/home/jovyan/ooi/san_data/RS03ASHS-PN03B-06-CAMHDA301/2023/10/11/CAMHDA301-20231011T151500.mp4
2023-10,20231019T091500,8,0,162.6,325.3,368.2,64.64,34.31,,/home/jovyan/ooi/san_data/RS03ASHS-PN03B-06-CAMHDA301/2023/10/19/CAMHDA301-20231019T091500.mp4
2023-10,20231020T143000,8,0,38.2,44.8,56.8,34.80,33.11,,/home/jovyan/ooi/san_data/RS03ASHS-PN03B-06-CAMHDA301/2023/10/20/CAMHDA301-20231020T143000.mp4
2023-10,20231023T211500,8,0,120.4,235.0,317.2,64.45,31.67,,/home/jovyan/ooi/san_data/RS03ASHS-PN03B-06-CAMHDA301/2023/10/23/CAMHDA301-20231023T211500.mp4
2023-10,20231031T211500,8,0,116.9,177.4,203.5,66.59,31.51,,/home/jovyan/ooi/san_data/RS03ASHS-PN03B-06-CAMHDA301/2023/10/31/CAMHDA301-20231031T211500.mp4
2023-11,20231101T010000,8,0,110.0,141.0,148.9,77.98,37.51,,/home/jovyan/ooi/san_data/RS03ASHS-PN03B-06-CAMHDA301/2023/11/01/CAMHDA301-20231101T010000.mp4
2023-11,20231101T161500,8,0,19.8,31.0,40.0,17.30,1.94,,/home/jovyan/ooi/san_data/RS03ASHS-PN03B-06-CAMHDA301/2023/11/01/CAMHDA301-20231101T161500.mp4
2023-11,20231102T230000,8,0,102.0,126.9,140.0,101.58,28.69,,/home/jovyan/ooi/san_data/RS03ASHS-PN03B-06-CAMHDA301/2023/11/02/CAMHDA301-20231102T230000.mp4
2023-11,20231106T181500,8,0,98.8,194.2,201.5,68.23,28.73,,/home/jovyan/ooi/san_data/RS03ASHS-PN03B-06-CAMHDA301/2023/11/06/CAMHDA301-20231106T181500.mp4
2023-11,20231102T073000,8,0,95.8,150.2,157.8,102.85,20.64,,/home/jovyan/ooi/san_data/RS03ASHS-PN03B-06-CAMHDA301/2023/11/02/CAMHDA301-20231102T073000.mp4
2023-11,20231103T141500,8,0,134.3,166.0,208.9,95.23,25.09,,/home/jovyan/ooi/san_data/RS03ASHS-PN03B-06-CAMHDA301/2023/11/03/CAMHDA301-20231103T141500.mp4
2023-11,20231118T181500,8,0,135.4,283.8,287.1,61.87,30.19,,/home/jovyan/ooi/san_data/RS03ASHS-PN03B-06-CAMHDA301/2023/11/18/CAMHDA301-20231118T181500.mp4
2023-11,20231111T031500,8,0,76.3,118.1,125.1,65.30,17.53,,/home/jovyan/ooi/san_data/RS03ASHS-PN03B-06-CAMHDA301/2023/11/11/CAMHDA301-20231111T031500.mp4
2023-11,20231130T211500,0,8,,,,,,all-black,/home/jovyan/ooi/san_data/RS03ASHS-PN03B-06-CAMHDA301/2023/11/30/CAMHDA301-20231130T211500.mp4
2023-11,20231110T090000,8,0,36.9,55.9,68.3,28.11,3.29,,/home/jovyan/ooi/san_data/RS03ASHS-PN03B-06-CAMHDA301/2023/11/10/CAMHDA301-20231110T090000.mp4
2023-11,20231120T131500,8,0,55.2,73.1,84.1,37.01,29.54,,/home/jovyan/ooi/san_data/RS03ASHS-PN03B-06-CAMHDA301/2023/11/20/CAMHDA301-20231120T131500.mp4
2023-12,20231201T010000,0,8,,,,,,all-black,/home/jovyan/ooi/san_data/RS03ASHS-PN03B-06-CAMHDA301/2023/12/01/CAMHDA301-20231201T010000.mp4
2023-12,20231202T080000,0,8,,,,,,all-black,/home/jovyan/ooi/san_data/RS03ASHS-PN03B-06-CAMHDA301/2023/12/02/CAMHDA301-20231202T080000.mp4
2023-11,20231123T031500,8,0,301.9,824.0,1462.2,77.16,42.67,,/home/jovyan/ooi/san_data/RS03ASHS-PN03B-06-CAMHDA301/2023/11/23/CAMHDA301-20231123T031500.mp4
2023-12,20231203T150000,0,8,,,,,,all-black,/home/jovyan/ooi/san_data/RS03ASHS-PN03B-06-CAMHDA301/2023/12/03/CAMHDA301-20231203T150000.mp4
2023-12,20231201T163000,0,8,,,,,,all-black,/home/jovyan/ooi/san_data/RS03ASHS-PN03B-06-CAMHDA301/2023/12/01/CAMHDA301-20231201T163000.mp4
2023-12,20231202T233000,0,8,,,,,,all-black,/home/jovyan/ooi/san_data/RS03ASHS-PN03B-06-CAMHDA301/2023/12/02/CAMHDA301-20231202T233000.mp4
2023-12,20231207T031500,0,8,,,,,,all-black,/home/jovyan/ooi/san_data/RS03ASHS-PN03B-06-CAMHDA301/2023/12/07/CAMHDA301-20231207T031500.mp4
2023-12,20231211T181500,0,8,,,,,,all-black,/home/jovyan/ooi/san_data/RS03ASHS-PN03B-06-CAMHDA301/2023/12/11/CAMHDA301-20231211T181500.mp4
2023-12,20231210T101500,0,8,,,,,,all-black,/home/jovyan/ooi/san_data/RS03ASHS-PN03B-06-CAMHDA301/2023/12/10/CAMHDA301-20231210T101500.mp4
2023-12,20231219T121500,8,0,144.4,330.9,387.5,76.50,36.29,,/home/jovyan/ooi/san_data/RS03ASHS-PN03B-06-CAMHDA301/2023/12/19/CAMHDA301-20231219T121500.mp4
2023-12,20231224T001500,8,0,121.1,181.8,196.2,75.83,35.28,,/home/jovyan/ooi/san_data/RS03ASHS-PN03B-06-CAMHDA301/2023/12/24/CAMHDA301-20231224T001500.mp4
2023-12,20231220T144500,8,0,13.0,21.9,23.9,20.14,2.51,,/home/jovyan/ooi/san_data/RS03ASHS-PN03B-06-CAMHDA301/2023/12/20/CAMHDA301-20231220T144500.mp4
2023-12,20231231T211500,8,0,135.7,323.4,391.5,76.46,38.26,,/home/jovyan/ooi/san_data/RS03ASHS-PN03B-06-CAMHDA301/2023/12/31/CAMHDA301-20231231T211500.mp4
2024-01,20240101T163000,8,0,99.1,133.1,148.5,99.27,22.54,,/home/jovyan/ooi/san_data/RS03ASHS-PN03B-06-CAMHDA301/2024/01/01/CAMHDA301-20240101T163000.mp4
2024-01,20240103T153000,8,0,55.5,66.5,74.5,75.10,48.30,,/home/jovyan/ooi/san_data/RS03ASHS-PN03B-06-CAMHDA301/2024/01/03/CAMHDA301-20240103T153000.mp4
2024-01,20240102T081500,8,0,79.4,110.5,136.4,101.17,21.74,,/home/jovyan/ooi/san_data/RS03ASHS-PN03B-06-CAMHDA301/2024/01/02/CAMHDA301-20240102T081500.mp4
2024-01,20240102T234500,8,0,62.8,97.7,127.5,77.85,15.06,,/home/jovyan/ooi/san_data/RS03ASHS-PN03B-06-CAMHDA301/2024/01/02/CAMHDA301-20240102T234500.mp4
2024-01,20240101T010000,8,0,276.1,294.9,315.6,74.95,47.16,,/home/jovyan/ooi/san_data/RS03ASHS-PN03B-06-CAMHDA301/2024/01/01/CAMHDA301-20240101T010000.mp4
2024-01,20240107T121500,8,0,116.4,198.6,226.3,73.83,35.08,,/home/jovyan/ooi/san_data/RS03ASHS-PN03B-06-CAMHDA301/2024/01/07/CAMHDA301-20240107T121500.mp4
2024-01,20240110T094500,8,0,71.5,111.9,166.1,100.75,11.96,,/home/jovyan/ooi/san_data/RS03ASHS-PN03B-06-CAMHDA301/2024/01/10/CAMHDA301-20240110T094500.mp4
2024-01,20240111T151500,8,0,222.1,438.7,725.3,77.45,40.84,,/home/jovyan/ooi/san_data/RS03ASHS-PN03B-06-CAMHDA301/2024/01/11/CAMHDA301-20240111T151500.mp4
2024-01,20240119T091500,8,0,184.6,422.0,464.8,87.53,37.22,,/home/jovyan/ooi/san_data/RS03ASHS-PN03B-06-CAMHDA301/2024/01/19/CAMHDA301-20240119T091500.mp4
2024-01,20240131T211500,8,0,181.2,511.1,580.9,87.92,34.65,,/home/jovyan/ooi/san_data/RS03ASHS-PN03B-06-CAMHDA301/2024/01/31/CAMHDA301-20240131T211500.mp4
2024-01,20240120T143000,8,0,103.1,149.3,182.7,114.53,25.27,,/home/jovyan/ooi/san_data/RS03ASHS-PN03B-06-CAMHDA301/2024/01/20/CAMHDA301-20240120T143000.mp4
2024-01,20240124T001500,8,0,218.4,407.0,505.7,86.95,36.40,,/home/jovyan/ooi/san_data/RS03ASHS-PN03B-06-CAMHDA301/2024/01/24/CAMHDA301-20240124T001500.mp4
2024-02,20240203T133000,8,0,134.8,192.3,216.6,108.65,29.75,,/home/jovyan/ooi/san_data/RS03ASHS-PN03B-06-CAMHDA301/2024/02/03/CAMHDA301-20240203T133000.mp4
2024-02,20240206T061500,8,0,233.4,765.2,1088.8,84.67,41.36,,/home/jovyan/ooi/san_data/RS03ASHS-PN03B-06-CAMHDA301/2024/02/06/CAMHDA301-20240206T061500.mp4
2024-02,20240201T160000,8,0,102.7,112.4,124.3,98.72,38.63,,/home/jovyan/ooi/san_data/RS03ASHS-PN03B-06-CAMHDA301/2024/02/01/CAMHDA301-20240201T160000.mp4
2024-02,20240201T010000,8,0,267.6,316.8,334.6,69.21,45.82,,/home/jovyan/ooi/san_data/RS03ASHS-PN03B-06-CAMHDA301/2024/02/01/CAMHDA301-20240201T010000.mp4
2024-02,20240202T223000,8,0,135.7,183.9,205.7,118.59,29.61,,/home/jovyan/ooi/san_data/RS03ASHS-PN03B-06-CAMHDA301/2024/02/02/CAMHDA301-20240202T223000.mp4
2024-02,20240202T071500,8,0,101.6,123.3,133.6,104.24,22.07,,/home/jovyan/ooi/san_data/RS03ASHS-PN03B-06-CAMHDA301/2024/02/02/CAMHDA301-20240202T071500.mp4
2024-02,20240210T080000,8,0,111.8,164.0,208.1,109.29,21.03,,/home/jovyan/ooi/san_data/RS03ASHS-PN03B-06-CAMHDA301/2024/02/10/CAMHDA301-20240210T080000.mp4
2024-02,20240210T231500,8,0,154.5,195.6,211.8,112.98,36.45,,/home/jovyan/ooi/san_data/RS03ASHS-PN03B-06-CAMHDA301/2024/02/10/CAMHDA301-20240210T231500.mp4
2024-02,20240222T061500,8,0,237.5,844.5,1303.1,86.51,38.75,,/home/jovyan/ooi/san_data/RS03ASHS-PN03B-06-CAMHDA301/2024/02/22/CAMHDA301-20240222T061500.mp4
2024-02,20240218T001500,8,0,287.3,511.2,529.6,84.67,43.07,,/home/jovyan/ooi/san_data/RS03ASHS-PN03B-06-CAMHDA301/2024/02/18/CAMHDA301-20240218T001500.mp4
2024-02,20240220T113000,8,0,171.1,196.9,236.4,113.66,30.04,,/home/jovyan/ooi/san_data/RS03ASHS-PN03B-06-CAMHDA301/2024/02/20/CAMHDA301-20240220T113000.mp4
2024-02,20240229T211500,8,0,248.2,445.7,446.7,88.56,34.62,,/home/jovyan/ooi/san_data/RS03ASHS-PN03B-06-CAMHDA301/2024/02/29/CAMHDA301-20240229T211500.mp4
2024-03,20240301T010000,8,0,241.8,346.0,347.3,68.44,46.92,,/home/jovyan/ooi/san_data/RS03ASHS-PN03B-06-CAMHDA301/2024/03/01/CAMHDA301-20240301T010000.mp4
2024-03,20240301T163000,8,0,125.3,156.9,164.7,100.26,38.98,,/home/jovyan/ooi/san_data/RS03ASHS-PN03B-06-CAMHDA301/2024/03/01/CAMHDA301-20240301T163000.mp4
2024-03,20240303T150000,8,0,143.5,255.4,311.0,113.28,29.79,,/home/jovyan/ooi/san_data/RS03ASHS-PN03B-06-CAMHDA301/2024/03/03/CAMHDA301-20240303T150000.mp4
2024-03,20240302T233000,8,0,125.6,158.1,170.1,117.53,27.43,,/home/jovyan/ooi/san_data/RS03ASHS-PN03B-06-CAMHDA301/2024/03/02/CAMHDA301-20240302T233000.mp4
2024-03,20240307T031500,8,0,25.2,44.4,44.6,23.40,6.30,,/home/jovyan/ooi/san_data/RS03ASHS-PN03B-06-CAMHDA301/2024/03/07/CAMHDA301-20240307T031500.mp4
2024-03,20240302T080000,8,0,100.6,129.2,130.5,108.60,20.91,,/home/jovyan/ooi/san_data/RS03ASHS-PN03B-06-CAMHDA301/2024/03/02/CAMHDA301-20240302T080000.mp4
2024-03,20240311T181500,8,0,23.2,48.9,52.3,26.33,7.30,,/home/jovyan/ooi/san_data/RS03ASHS-PN03B-06-CAMHDA301/2024/03/11/CAMHDA301-20240311T181500.mp4
2024-03,20240310T100000,8,0,75.1,123.6,149.5,89.68,22.37,,/home/jovyan/ooi/san_data/RS03ASHS-PN03B-06-CAMHDA301/2024/03/10/CAMHDA301-20240310T100000.mp4
2024-03,20240319T121500,8,0,220.6,757.1,891.0,87.83,35.59,,/home/jovyan/ooi/san_data/RS03ASHS-PN03B-06-CAMHDA301/2024/03/19/CAMHDA301-20240319T121500.mp4
2024-03,20240320T144500,8,0,126.6,179.3,214.1,118.22,33.45,,/home/jovyan/ooi/san_data/RS03ASHS-PN03B-06-CAMHDA301/2024/03/20/CAMHDA301-20240320T144500.mp4
2024-03,20240324T001500,8,0,232.4,545.5,566.9,89.72,33.41,,/home/jovyan/ooi/san_data/RS03ASHS-PN03B-06-CAMHDA301/2024/03/24/CAMHDA301-20240324T001500.mp4
2024-03,20240331T211500,8,0,236.5,700.1,853.6,89.96,33.99,,/home/jovyan/ooi/san_data/RS03ASHS-PN03B-06-CAMHDA301/2024/03/31/CAMHDA301-20240331T211500.mp4
2024-04,20240401T010000,8,0,320.5,363.7,390.6,71.38,48.61,,/home/jovyan/ooi/san_data/RS03ASHS-PN03B-06-CAMHDA301/2024/04/01/CAMHDA301-20240401T010000.mp4
2024-04,20240410T090000,0,8,,,,,,all-black,/home/jovyan/ooi/san_data/RS03ASHS-PN03B-06-CAMHDA301/2024/04/10/CAMHDA301-20240410T090000.mp4
2024-04,20240406T181500,8,0,208.6,493.2,730.4,88.94,38.75,,/home/jovyan/ooi/san_data/RS03ASHS-PN03B-06-CAMHDA301/2024/04/06/CAMHDA301-20240406T181500.mp4
2024-04,20240401T161500,8,0,125.4,195.2,208.5,101.68,41.93,,/home/jovyan/ooi/san_data/RS03ASHS-PN03B-06-CAMHDA301/2024/04/01/CAMHDA301-20240401T161500.mp4
2024-04,20240402T230000,8,0,267.9,277.9,279.9,114.40,29.95,,/home/jovyan/ooi/san_data/RS03ASHS-PN03B-06-CAMHDA301/2024/04/02/CAMHDA301-20240402T230000.mp4
2024-04,20240402T073000,8,0,269.9,287.3,298.9,114.39,29.95,,/home/jovyan/ooi/san_data/RS03ASHS-PN03B-06-CAMHDA301/2024/04/02/CAMHDA301-20240402T073000.mp4
2024-04,20240403T141500,8,0,267.9,276.7,277.1,114.40,29.95,,/home/jovyan/ooi/san_data/RS03ASHS-PN03B-06-CAMHDA301/2024/04/03/CAMHDA301-20240403T141500.mp4
2024-04,20240411T031500,8,0,36.2,46.8,49.9,29.87,6.88,,/home/jovyan/ooi/san_data/RS03ASHS-PN03B-06-CAMHDA301/2024/04/11/CAMHDA301-20240411T031500.mp4
2024-04,20240418T181500,8,0,20.1,33.4,47.2,24.62,6.38,,/home/jovyan/ooi/san_data/RS03ASHS-PN03B-06-CAMHDA301/2024/04/18/CAMHDA301-20240418T181500.mp4
2024-04,20240420T131500,8,0,105.4,136.6,160.7,117.55,30.60,,/home/jovyan/ooi/san_data/RS03ASHS-PN03B-06-CAMHDA301/2024/04/20/CAMHDA301-20240420T131500.mp4
2024-04,20240423T031500,8,0,180.1,394.2,397.7,85.73,38.33,,/home/jovyan/ooi/san_data/RS03ASHS-PN03B-06-CAMHDA301/2024/04/23/CAMHDA301-20240423T031500.mp4
2024-05,20240501T010000,8,0,250.6,268.6,297.1,70.49,48.69,,/home/jovyan/ooi/san_data/RS03ASHS-PN03B-06-CAMHDA301/2024/05/01/CAMHDA301-20240501T010000.mp4
2024-04,20240430T211500,8,0,250.9,856.2,1038.5,87.60,35.74,,/home/jovyan/ooi/san_data/RS03ASHS-PN03B-06-CAMHDA301/2024/04/30/CAMHDA301-20240430T211500.mp4
2024-05,20240501T163000,8,0,110.7,146.1,163.8,96.11,44.38,,/home/jovyan/ooi/san_data/RS03ASHS-PN03B-06-CAMHDA301/2024/05/01/CAMHDA301-20240501T163000.mp4
2024-05,20240502T233000,8,0,142.6,188.7,208.9,122.22,29.64,,/home/jovyan/ooi/san_data/RS03ASHS-PN03B-06-CAMHDA301/2024/05/02/CAMHDA301-20240502T233000.mp4
2024-05,20240502T080000,8,0,164.4,198.9,233.3,123.24,43.89,,/home/jovyan/ooi/san_data/RS03ASHS-PN03B-06-CAMHDA301/2024/05/02/CAMHDA301-20240502T080000.mp4
2024-05,20240507T031500,8,0,203.3,614.6,1043.6,93.10,38.74,,/home/jovyan/ooi/san_data/RS03ASHS-PN03B-06-CAMHDA301/2024/05/07/CAMHDA301-20240507T031500.mp4
2024-05,20240503T150000,8,0,15.6,19.3,26.8,19.17,2.08,,/home/jovyan/ooi/san_data/RS03ASHS-PN03B-06-CAMHDA301/2024/05/03/CAMHDA301-20240503T150000.mp4
2024-05,20240510T101500,8,0,124.3,177.0,186.8,118.55,38.26,,/home/jovyan/ooi/san_data/RS03ASHS-PN03B-06-CAMHDA301/2024/05/10/CAMHDA301-20240510T101500.mp4
2024-05,20240511T181500,8,0,312.8,985.7,995.0,91.18,43.28,,/home/jovyan/ooi/san_data/RS03ASHS-PN03B-06-CAMHDA301/2024/05/11/CAMHDA301-20240511T181500.mp4
2024-05,20240519T121500,8,0,272.1,901.2,957.1,87.57,43.36,,/home/jovyan/ooi/san_data/RS03ASHS-PN03B-06-CAMHDA301/2024/05/19/CAMHDA301-20240519T121500.mp4
2024-05,20240520T144500,8,0,141.5,197.6,258.2,118.61,30.81,,/home/jovyan/ooi/san_data/RS03ASHS-PN03B-06-CAMHDA301/2024/05/20/CAMHDA301-20240520T144500.mp4
2024-06,20240601T010000,8,0,179.7,243.2,265.9,72.82,47.46,,/home/jovyan/ooi/san_data/RS03ASHS-PN03B-06-CAMHDA301/2024/06/01/CAMHDA301-20240601T010000.mp4
2024-05,20240524T001500,8,0,178.5,466.6,477.7,87.58,38.85,,/home/jovyan/ooi/san_data/RS03ASHS-PN03B-06-CAMHDA301/2024/05/24/CAMHDA301-20240524T001500.mp4
2024-05,20240531T211500,8,0,226.5,644.7,703.8,90.91,38.69,,/home/jovyan/ooi/san_data/RS03ASHS-PN03B-06-CAMHDA301/2024/05/31/CAMHDA301-20240531T211500.mp4
2024-06,20240601T161500,8,0,130.0,179.1,187.0,95.71,35.51,,/home/jovyan/ooi/san_data/RS03ASHS-PN03B-06-CAMHDA301/2024/06/01/CAMHDA301-20240601T161500.mp4
2024-06,20240602T073000,8,0,131.3,169.2,196.9,118.10,36.37,,/home/jovyan/ooi/san_data/RS03ASHS-PN03B-06-CAMHDA301/2024/06/02/CAMHDA301-20240602T073000.mp4
2024-06,20240602T230000,8,0,127.8,160.2,190.5,121.00,22.53,,/home/jovyan/ooi/san_data/RS03ASHS-PN03B-06-CAMHDA301/2024/06/02/CAMHDA301-20240602T230000.mp4
2024-06,20240603T141500,8,0,84.9,113.7,121.8,119.30,23.00,,/home/jovyan/ooi/san_data/RS03ASHS-PN03B-06-CAMHDA301/2024/06/03/CAMHDA301-20240603T141500.mp4
2024-06,20240606T181500,8,0,160.9,277.5,363.4,88.70,35.49,,/home/jovyan/ooi/san_data/RS03ASHS-PN03B-06-CAMHDA301/2024/06/06/CAMHDA301-20240606T181500.mp4
2024-06,20240610T090000,8,0,79.7,90.6,93.5,113.24,23.67,,/home/jovyan/ooi/san_data/RS03ASHS-PN03B-06-CAMHDA301/2024/06/10/CAMHDA301-20240610T090000.mp4
2024-06,20240611T031500,8,0,93.7,170.1,329.7,89.65,33.07,,/home/jovyan/ooi/san_data/RS03ASHS-PN03B-06-CAMHDA301/2024/06/11/CAMHDA301-20240611T031500.mp4
2024-06,20240618T181500,8,0,102.8,140.2,154.3,88.25,32.61,,/home/jovyan/ooi/san_data/RS03ASHS-PN03B-06-CAMHDA301/2024/06/18/CAMHDA301-20240618T181500.mp4
2024-06,20240623T031500,8,0,102.1,210.4,265.5,88.57,29.11,,/home/jovyan/ooi/san_data/RS03ASHS-PN03B-06-CAMHDA301/2024/06/23/CAMHDA301-20240623T031500.mp4
2024-06,20240620T131500,8,0,90.4,116.6,159.0,116.12,27.96,,/home/jovyan/ooi/san_data/RS03ASHS-PN03B-06-CAMHDA301/2024/06/20/CAMHDA301-20240620T131500.mp4
2024-06,20240630T211500,8,0,208.9,459.6,560.7,90.99,36.93,,/home/jovyan/ooi/san_data/RS03ASHS-PN03B-06-CAMHDA301/2024/06/30/CAMHDA301-20240630T211500.mp4
2024-07,20240701T163000,8,0,87.4,104.7,122.3,99.83,30.93,,/home/jovyan/ooi/san_data/RS03ASHS-PN03B-06-CAMHDA301/2024/07/01/CAMHDA301-20240701T163000.mp4
2024-07,20240702T233000,8,0,113.8,147.5,164.2,122.17,15.68,,/home/jovyan/ooi/san_data/RS03ASHS-PN03B-06-CAMHDA301/2024/07/02/CAMHDA301-20240702T233000.mp4
2024-07,20240701T010000,8,0,232.6,261.7,264.8,80.12,44.38,,/home/jovyan/ooi/san_data/RS03ASHS-PN03B-06-CAMHDA301/2024/07/01/CAMHDA301-20240701T010000.mp4
2024-07,20240702T080000,8,0,122.5,171.4,214.0,121.30,24.16,,/home/jovyan/ooi/san_data/RS03ASHS-PN03B-06-CAMHDA301/2024/07/02/CAMHDA301-20240702T080000.mp4
2024-07,20240707T031500,8,0,190.3,504.3,738.7,90.50,33.19,,/home/jovyan/ooi/san_data/RS03ASHS-PN03B-06-CAMHDA301/2024/07/07/CAMHDA301-20240707T031500.mp4
2024-07,20240703T150000,8,0,166.1,175.8,179.3,122.55,24.19,,/home/jovyan/ooi/san_data/RS03ASHS-PN03B-06-CAMHDA301/2024/07/03/CAMHDA301-20240703T150000.mp4
2024-07,20240711T181500,8,0,160.2,404.2,538.6,90.11,36.04,,/home/jovyan/ooi/san_data/RS03ASHS-PN03B-06-CAMHDA301/2024/07/11/CAMHDA301-20240711T181500.mp4
2024-07,20240710T101500,8,0,123.7,131.0,136.8,125.86,33.36,,/home/jovyan/ooi/san_data/RS03ASHS-PN03B-06-CAMHDA301/2024/07/10/CAMHDA301-20240710T101500.mp4
2024-07,20240719T121500,8,0,314.9,842.2,1199.0,91.40,36.50,,/home/jovyan/ooi/san_data/RS03ASHS-PN03B-06-CAMHDA301/2024/07/19/CAMHDA301-20240719T121500.mp4
2024-07,20240720T144500,8,0,140.8,178.5,200.5,124.51,43.18,,/home/jovyan/ooi/san_data/RS03ASHS-PN03B-06-CAMHDA301/2024/07/20/CAMHDA301-20240720T144500.mp4
2024-08,20240801T010000,8,0,255.1,308.1,345.5,73.83,47.66,,/home/jovyan/ooi/san_data/RS03ASHS-PN03B-06-CAMHDA301/2024/08/01/CAMHDA301-20240801T010000.mp4
2024-08,20240802T081500,8,0,152.5,231.7,287.0,124.53,33.51,,/home/jovyan/ooi/san_data/RS03ASHS-PN03B-06-CAMHDA301/2024/08/02/CAMHDA301-20240802T081500.mp4
2024-07,20240724T001500,8,0,250.5,601.8,667.2,90.64,35.32,,/home/jovyan/ooi/san_data/RS03ASHS-PN03B-06-CAMHDA301/2024/07/24/CAMHDA301-20240724T001500.mp4
2024-07,20240731T211500,8,0,288.1,932.6,1165.3,89.91,43.02,,/home/jovyan/ooi/san_data/RS03ASHS-PN03B-06-CAMHDA301/2024/07/31/CAMHDA301-20240731T211500.mp4
2024-08,20240801T163000,8,0,111.1,130.8,152.3,98.49,43.82,,/home/jovyan/ooi/san_data/RS03ASHS-PN03B-06-CAMHDA301/2024/08/01/CAMHDA301-20240801T163000.mp4
2024-08,20240802T234500,8,0,164.7,240.0,289.5,123.13,33.58,,/home/jovyan/ooi/san_data/RS03ASHS-PN03B-06-CAMHDA301/2024/08/02/CAMHDA301-20240802T234500.mp4
2024-08,20240807T121500,8,0,256.1,663.6,688.3,91.05,36.81,,/home/jovyan/ooi/san_data/RS03ASHS-PN03B-06-CAMHDA301/2024/08/07/CAMHDA301-20240807T121500.mp4
2024-08,20240803T153000,8,0,115.8,140.7,152.2,108.05,45.55,,/home/jovyan/ooi/san_data/RS03ASHS-PN03B-06-CAMHDA301/2024/08/03/CAMHDA301-20240803T153000.mp4
2024-08,20240810T104500,8,0,217.0,270.5,318.3,119.70,17.41,,/home/jovyan/ooi/san_data/RS03ASHS-PN03B-06-CAMHDA301/2024/08/10/CAMHDA301-20240810T104500.mp4
2024-08,20240812T021600,7,1,263.7,301.5,337.8,102.31,36.62,,/home/jovyan/ooi/san_data/RS03ASHS-PN03B-06-CAMHDA301/2024/08/12/CAMHDA301-20240812T021600.mp4
2024-08,20240819T091500,8,0,692.0,762.2,778.0,82.37,47.82,,/home/jovyan/ooi/san_data/RS03ASHS-PN03B-06-CAMHDA301/2024/08/19/CAMHDA301-20240819T091500.mp4
2024-08,20240820T143000,8,0,79.9,95.6,103.8,67.46,42.96,,/home/jovyan/ooi/san_data/RS03ASHS-PN03B-06-CAMHDA301/2024/08/20/CAMHDA301-20240820T143000.mp4
2024-08,20240831T211500,8,0,338.6,542.9,544.3,84.18,47.34,,/home/jovyan/ooi/san_data/RS03ASHS-PN03B-06-CAMHDA301/2024/08/31/CAMHDA301-20240831T211500.mp4
2024-08,20240824T001500,8,0,475.2,669.7,716.0,82.50,46.33,,/home/jovyan/ooi/san_data/RS03ASHS-PN03B-06-CAMHDA301/2024/08/24/CAMHDA301-20240824T001500.mp4
2024-09,20240901T161500,8,0,162.6,221.3,224.8,83.70,50.54,,/home/jovyan/ooi/san_data/RS03ASHS-PN03B-06-CAMHDA301/2024/09/01/CAMHDA301-20240901T161500.mp4
2024-09,20240901T010000,8,0,278.0,367.9,411.5,82.21,53.50,,/home/jovyan/ooi/san_data/RS03ASHS-PN03B-06-CAMHDA301/2024/09/01/CAMHDA301-20240901T010000.mp4
2024-09,20240902T074500,8,0,348.0,442.8,561.4,101.93,54.37,,/home/jovyan/ooi/san_data/RS03ASHS-PN03B-06-CAMHDA301/2024/09/02/CAMHDA301-20240902T074500.mp4
2024-09,20240906T181500,8,0,449.2,822.7,917.2,78.95,49.74,,/home/jovyan/ooi/san_data/RS03ASHS-PN03B-06-CAMHDA301/2024/09/06/CAMHDA301-20240906T181500.mp4
2024-09,20240902T230000,8,0,277.8,353.7,411.9,125.29,43.56,,/home/jovyan/ooi/san_data/RS03ASHS-PN03B-06-CAMHDA301/2024/09/02/CAMHDA301-20240902T230000.mp4
2024-09,20240918T211500,0,8,,,,,,all-black,/home/jovyan/ooi/san_data/RS03ASHS-PN03B-06-CAMHDA301/2024/09/18/CAMHDA301-20240918T211500.mp4
2024-09,20240903T143000,8,0,213.6,236.5,251.7,103.59,45.95,,/home/jovyan/ooi/san_data/RS03ASHS-PN03B-06-CAMHDA301/2024/09/03/CAMHDA301-20240903T143000.mp4
2024-09,20240910T091500,8,0,248.5,549.5,560.3,104.64,40.17,,/home/jovyan/ooi/san_data/RS03ASHS-PN03B-06-CAMHDA301/2024/09/10/CAMHDA301-20240910T091500.mp4
2024-09,20240911T031500,8,0,382.3,635.9,721.9,78.09,48.35,,/home/jovyan/ooi/san_data/RS03ASHS-PN03B-06-CAMHDA301/2024/09/11/CAMHDA301-20240911T031500.mp4
2024-09,20240930T211500,8,0,243.3,564.1,659.0,78.94,44.66,,/home/jovyan/ooi/san_data/RS03ASHS-PN03B-06-CAMHDA301/2024/09/30/CAMHDA301-20240930T211500.mp4
2024-09,20240920T130000,8,0,66.6,119.5,138.7,73.33,38.51,,/home/jovyan/ooi/san_data/RS03ASHS-PN03B-06-CAMHDA301/2024/09/20/CAMHDA301-20240920T130000.mp4
2024-09,20240923T031500,8,0,269.6,429.0,471.5,83.80,48.59,,/home/jovyan/ooi/san_data/RS03ASHS-PN03B-06-CAMHDA301/2024/09/23/CAMHDA301-20240923T031500.mp4
2024-10,20241001T010000,8,0,280.9,306.3,306.8,81.66,52.06,,/home/jovyan/ooi/san_data/RS03ASHS-PN03B-06-CAMHDA301/2024/10/01/CAMHDA301-20241001T010000.mp4
2024-10,20241002T080000,8,0,278.5,363.1,472.5,101.94,48.49,,/home/jovyan/ooi/san_data/RS03ASHS-PN03B-06-CAMHDA301/2024/10/02/CAMHDA301-20241002T080000.mp4
2024-10,20241001T163000,8,0,219.6,266.1,287.4,84.89,49.91,,/home/jovyan/ooi/san_data/RS03ASHS-PN03B-06-CAMHDA301/2024/10/01/CAMHDA301-20241001T163000.mp4
2024-10,20241002T234500,8,0,161.4,187.8,212.1,125.14,42.29,,/home/jovyan/ooi/san_data/RS03ASHS-PN03B-06-CAMHDA301/2024/10/02/CAMHDA301-20241002T234500.mp4
2024-10,20241003T151500,8,0,111.8,158.8,185.4,118.43,43.46,,/home/jovyan/ooi/san_data/RS03ASHS-PN03B-06-CAMHDA301/2024/10/03/CAMHDA301-20241003T151500.mp4
2024-10,20241010T101500,8,0,270.8,312.3,358.6,106.88,34.74,,/home/jovyan/ooi/san_data/RS03ASHS-PN03B-06-CAMHDA301/2024/10/10/CAMHDA301-20241010T101500.mp4
2024-10,20241007T061500,8,0,263.2,397.2,449.9,82.95,45.17,,/home/jovyan/ooi/san_data/RS03ASHS-PN03B-06-CAMHDA301/2024/10/07/CAMHDA301-20241007T061500.mp4
2024-10,20241011T181500,8,0,188.9,335.8,363.7,78.49,42.23,,/home/jovyan/ooi/san_data/RS03ASHS-PN03B-06-CAMHDA301/2024/10/11/CAMHDA301-20241011T181500.mp4
2024-10,20241019T121500,8,0,213.2,368.3,494.1,82.17,40.55,,/home/jovyan/ooi/san_data/RS03ASHS-PN03B-06-CAMHDA301/2024/10/19/CAMHDA301-20241019T121500.mp4
2024-10,20241024T001500,8,0,221.5,367.4,392.7,82.42,43.42,,/home/jovyan/ooi/san_data/RS03ASHS-PN03B-06-CAMHDA301/2024/10/24/CAMHDA301-20241024T001500.mp4
2024-10,20241031T211500,8,0,222.4,383.9,464.3,81.53,40.69,,/home/jovyan/ooi/san_data/RS03ASHS-PN03B-06-CAMHDA301/2024/10/31/CAMHDA301-20241031T211500.mp4
2024-10,20241020T144500,8,0,76.2,108.2,142.3,83.27,27.95,,/home/jovyan/ooi/san_data/RS03ASHS-PN03B-06-CAMHDA301/2024/10/20/CAMHDA301-20241020T144500.mp4
2024-11,20241101T161500,8,0,78.4,98.3,112.5,91.15,31.53,,/home/jovyan/ooi/san_data/RS03ASHS-PN03B-06-CAMHDA301/2024/11/01/CAMHDA301-20241101T161500.mp4
2024-11,20241102T073000,8,0,101.0,187.0,239.8,106.13,42.99,,/home/jovyan/ooi/san_data/RS03ASHS-PN03B-06-CAMHDA301/2024/11/02/CAMHDA301-20241102T073000.mp4
2024-11,20241102T230000,8,0,192.3,321.7,390.4,128.50,34.56,,/home/jovyan/ooi/san_data/RS03ASHS-PN03B-06-CAMHDA301/2024/11/02/CAMHDA301-20241102T230000.mp4
2024-11,20241101T010000,8,0,324.2,370.7,381.6,85.02,51.47,,/home/jovyan/ooi/san_data/RS03ASHS-PN03B-06-CAMHDA301/2024/11/01/CAMHDA301-20241101T010000.mp4
2024-11,20241106T181500,8,0,178.1,326.4,332.3,80.90,40.37,,/home/jovyan/ooi/san_data/RS03ASHS-PN03B-06-CAMHDA301/2024/11/06/CAMHDA301-20241106T181500.mp4
2024-11,20241110T091500,8,0,81.1,99.4,105.2,108.24,42.15,,/home/jovyan/ooi/san_data/RS03ASHS-PN03B-06-CAMHDA301/2024/11/10/CAMHDA301-20241110T091500.mp4
2024-11,20241103T143000,8,0,222.3,283.8,317.3,113.68,39.70,,/home/jovyan/ooi/san_data/RS03ASHS-PN03B-06-CAMHDA301/2024/11/03/CAMHDA301-20241103T143000.mp4
2024-11,20241111T031500,8,0,230.2,348.0,405.8,80.03,41.42,,/home/jovyan/ooi/san_data/RS03ASHS-PN03B-06-CAMHDA301/2024/11/11/CAMHDA301-20241111T031500.mp4
2024-11,20241118T181500,8,0,170.0,359.5,394.0,79.03,40.56,,/home/jovyan/ooi/san_data/RS03ASHS-PN03B-06-CAMHDA301/2024/11/18/CAMHDA301-20241118T181500.mp4
2024-11,20241130T211500,8,0,142.4,172.9,188.7,81.24,36.53,,/home/jovyan/ooi/san_data/RS03ASHS-PN03B-06-CAMHDA301/2024/11/30/CAMHDA301-20241130T211500.mp4
2024-11,20241123T031500,8,0,202.4,252.6,290.1,80.70,38.04,,/home/jovyan/ooi/san_data/RS03ASHS-PN03B-06-CAMHDA301/2024/11/23/CAMHDA301-20241123T031500.mp4
2024-12,20241211T151500,0,8,,,,,,all-black,/home/jovyan/ooi/san_data/RS03ASHS-PN03B-06-CAMHDA301/2024/12/11/CAMHDA301-20241211T151500.mp4
2024-11,20241120T131500,8,0,34.5,45.1,61.1,60.60,22.78,,/home/jovyan/ooi/san_data/RS03ASHS-PN03B-06-CAMHDA301/2024/11/20/CAMHDA301-20241120T131500.mp4
2024-12,20241201T010000,8,0,141.8,197.0,197.6,81.53,43.49,,/home/jovyan/ooi/san_data/RS03ASHS-PN03B-06-CAMHDA301/2024/12/01/CAMHDA301-20241201T010000.mp4
2024-12,20241202T080000,8,0,69.9,122.8,211.1,105.07,38.73,,/home/jovyan/ooi/san_data/RS03ASHS-PN03B-06-CAMHDA301/2024/12/02/CAMHDA301-20241202T080000.mp4
2024-12,20241201T163000,8,0,125.2,150.8,178.0,86.58,39.24,,/home/jovyan/ooi/san_data/RS03ASHS-PN03B-06-CAMHDA301/2024/12/01/CAMHDA301-20241201T163000.mp4
2024-12,20241202T233000,8,0,183.9,236.6,276.1,129.00,34.46,,/home/jovyan/ooi/san_data/RS03ASHS-PN03B-06-CAMHDA301/2024/12/02/CAMHDA301-20241202T233000.mp4
2024-12,20241207T031500,8,0,110.7,144.0,173.7,80.92,34.90,,/home/jovyan/ooi/san_data/RS03ASHS-PN03B-06-CAMHDA301/2024/12/07/CAMHDA301-20241207T031500.mp4
2024-12,20241203T150000,8,0,150.6,210.4,249.2,111.08,33.41,,/home/jovyan/ooi/san_data/RS03ASHS-PN03B-06-CAMHDA301/2024/12/03/CAMHDA301-20241203T150000.mp4
2024-12,20241210T100000,8,0,92.3,144.6,198.1,106.65,31.17,,/home/jovyan/ooi/san_data/RS03ASHS-PN03B-06-CAMHDA301/2024/12/10/CAMHDA301-20241210T100000.mp4
2024-12,20241219T091500,8,0,75.2,117.5,153.1,78.81,31.78,,/home/jovyan/ooi/san_data/RS03ASHS-PN03B-06-CAMHDA301/2024/12/19/CAMHDA301-20241219T091500.mp4
2024-12,20241223T211500,8,0,66.2,84.1,98.3,77.24,30.06,,/home/jovyan/ooi/san_data/RS03ASHS-PN03B-06-CAMHDA301/2024/12/23/CAMHDA301-20241223T211500.mp4
2025-01,20250101T163000,8,0,134.4,187.6,213.5,81.53,45.89,,/home/jovyan/ooi/san_data/RS03ASHS-PN03B-06-CAMHDA301/2025/01/01/CAMHDA301-20250101T163000.mp4
2025-01,20250102T080000,8,0,241.5,296.3,311.2,108.06,40.28,,/home/jovyan/ooi/san_data/RS03ASHS-PN03B-06-CAMHDA301/2025/01/02/CAMHDA301-20250102T080000.mp4
2024-12,20241220T143000,8,0,63.1,84.1,106.8,77.38,8.35,,/home/jovyan/ooi/san_data/RS03ASHS-PN03B-06-CAMHDA301/2024/12/20/CAMHDA301-20241220T143000.mp4
2024-12,20241231T211500,8,0,157.1,448.8,662.1,78.99,39.46,,/home/jovyan/ooi/san_data/RS03ASHS-PN03B-06-CAMHDA301/2024/12/31/CAMHDA301-20241231T211500.mp4
2025-01,20250101T010000,8,0,239.2,281.2,284.4,79.80,45.21,,/home/jovyan/ooi/san_data/RS03ASHS-PN03B-06-CAMHDA301/2025/01/01/CAMHDA301-20250101T010000.mp4
2025-01,20250102T233000,8,0,236.4,253.2,269.8,124.99,42.33,,/home/jovyan/ooi/san_data/RS03ASHS-PN03B-06-CAMHDA301/2025/01/02/CAMHDA301-20250102T233000.mp4
2025-01,20250103T150000,8,0,193.2,220.8,238.4,107.76,37.63,,/home/jovyan/ooi/san_data/RS03ASHS-PN03B-06-CAMHDA301/2025/01/03/CAMHDA301-20250103T150000.mp4
2025-01,20250110T101500,8,0,88.1,176.3,184.2,108.20,37.96,,/home/jovyan/ooi/san_data/RS03ASHS-PN03B-06-CAMHDA301/2025/01/10/CAMHDA301-20250110T101500.mp4
2025-01,20250111T181500,8,0,238.9,340.1,371.4,77.57,37.80,,/home/jovyan/ooi/san_data/RS03ASHS-PN03B-06-CAMHDA301/2025/01/11/CAMHDA301-20250111T181500.mp4
2025-01,20250119T121500,8,0,174.0,296.0,317.8,82.12,39.92,,/home/jovyan/ooi/san_data/RS03ASHS-PN03B-06-CAMHDA301/2025/01/19/CAMHDA301-20250119T121500.mp4
2025-01,20250107T031500,8,0,184.4,362.6,492.0,83.47,37.86,,/home/jovyan/ooi/san_data/RS03ASHS-PN03B-06-CAMHDA301/2025/01/07/CAMHDA301-20250107T031500.mp4
2025-01,20250124T001500,0,8,,,,,,all-black,/home/jovyan/ooi/san_data/RS03ASHS-PN03B-06-CAMHDA301/2025/01/24/CAMHDA301-20250124T001500.mp4
2025-01,20250120T144500,8,0,82.7,116.0,150.8,58.88,18.63,,/home/jovyan/ooi/san_data/RS03ASHS-PN03B-06-CAMHDA301/2025/01/20/CAMHDA301-20250120T144500.mp4
2025-02,20250201T010000,8,0,166.7,287.6,310.0,79.45,48.37,,/home/jovyan/ooi/san_data/RS03ASHS-PN03B-06-CAMHDA301/2025/02/01/CAMHDA301-20250201T010000.mp4
2025-01,20250131T211500,8,0,233.5,469.7,471.9,78.29,40.34,,/home/jovyan/ooi/san_data/RS03ASHS-PN03B-06-CAMHDA301/2025/01/31/CAMHDA301-20250131T211500.mp4
2025-02,20250201T160000,8,0,90.5,129.0,171.3,85.47,41.38,,/home/jovyan/ooi/san_data/RS03ASHS-PN03B-06-CAMHDA301/2025/02/01/CAMHDA301-20250201T160000.mp4
2025-02,20250202T070000,8,0,189.1,267.4,297.8,113.47,41.62,,/home/jovyan/ooi/san_data/RS03ASHS-PN03B-06-CAMHDA301/2025/02/02/CAMHDA301-20250202T070000.mp4
2025-02,20250202T220000,8,0,236.7,276.7,316.6,129.41,39.05,,/home/jovyan/ooi/san_data/RS03ASHS-PN03B-06-CAMHDA301/2025/02/02/CAMHDA301-20250202T220000.mp4
2025-02,20250210T070000,8,0,70.9,147.8,161.4,98.57,40.01,,/home/jovyan/ooi/san_data/RS03ASHS-PN03B-06-CAMHDA301/2025/02/10/CAMHDA301-20250210T070000.mp4
2025-02,20250203T130000,8,0,177.7,192.4,203.8,106.84,32.45,,/home/jovyan/ooi/san_data/RS03ASHS-PN03B-06-CAMHDA301/2025/02/03/CAMHDA301-20250203T130000.mp4
2025-02,20250205T211500,8,0,201.9,300.5,337.8,80.30,41.28,,/home/jovyan/ooi/san_data/RS03ASHS-PN03B-06-CAMHDA301/2025/02/05/CAMHDA301-20250205T211500.mp4
2025-02,20250217T091500,8,0,123.9,283.0,298.4,76.32,35.97,,/home/jovyan/ooi/san_data/RS03ASHS-PN03B-06-CAMHDA301/2025/02/17/CAMHDA301-20250217T091500.mp4
2025-02,20250210T220000,8,0,74.9,93.1,99.3,119.52,35.33,,/home/jovyan/ooi/san_data/RS03ASHS-PN03B-06-CAMHDA301/2025/02/10/CAMHDA301-20250210T220000.mp4
2025-02,20250220T100000,8,0,96.1,126.9,145.3,116.01,31.87,,/home/jovyan/ooi/san_data/RS03ASHS-PN03B-06-CAMHDA301/2025/02/20/CAMHDA301-20250220T100000.mp4
2025-02,20250221T091500,8,0,125.8,321.6,354.1,78.27,37.54,,/home/jovyan/ooi/san_data/RS03ASHS-PN03B-06-CAMHDA301/2025/02/21/CAMHDA301-20250221T091500.mp4
2025-03,20250302T080000,8,0,138.3,177.7,183.1,116.35,20.75,,/home/jovyan/ooi/san_data/RS03ASHS-PN03B-06-CAMHDA301/2025/03/02/CAMHDA301-20250302T080000.mp4
2025-03,20250301T163000,8,0,86.9,119.5,145.4,86.65,34.36,,/home/jovyan/ooi/san_data/RS03ASHS-PN03B-06-CAMHDA301/2025/03/01/CAMHDA301-20250301T163000.mp4
2025-02,20250228T211500,8,0,160.7,211.2,228.6,79.91,36.12,,/home/jovyan/ooi/san_data/RS03ASHS-PN03B-06-CAMHDA301/2025/02/28/CAMHDA301-20250228T211500.mp4
2025-03,20250310T101500,8,0,176.0,231.1,272.6,116.51,26.38,,/home/jovyan/ooi/san_data/RS03ASHS-PN03B-06-CAMHDA301/2025/03/10/CAMHDA301-20250310T101500.mp4
2025-03,20250303T150000,8,0,123.4,167.5,223.5,106.71,24.95,,/home/jovyan/ooi/san_data/RS03ASHS-PN03B-06-CAMHDA301/2025/03/03/CAMHDA301-20250303T150000.mp4
2025-03,20250302T233000,8,0,154.3,169.7,175.2,129.82,28.04,,/home/jovyan/ooi/san_data/RS03ASHS-PN03B-06-CAMHDA301/2025/03/02/CAMHDA301-20250302T233000.mp4
2025-03,20250301T010000,8,0,134.0,157.3,165.0,76.77,41.15,,/home/jovyan/ooi/san_data/RS03ASHS-PN03B-06-CAMHDA301/2025/03/01/CAMHDA301-20250301T010000.mp4
2025-03,20250307T061500,8,0,111.9,210.5,221.9,81.05,36.70,,/home/jovyan/ooi/san_data/RS03ASHS-PN03B-06-CAMHDA301/2025/03/07/CAMHDA301-20250307T061500.mp4
2025-03,20250311T181500,8,0,210.2,279.0,293.3,78.85,38.39,,/home/jovyan/ooi/san_data/RS03ASHS-PN03B-06-CAMHDA301/2025/03/11/CAMHDA301-20250311T181500.mp4
2025-03,20250319T121500,8,0,205.8,317.0,348.7,77.69,38.49,,/home/jovyan/ooi/san_data/RS03ASHS-PN03B-06-CAMHDA301/2025/03/19/CAMHDA301-20250319T121500.mp4
2025-03,20250320T144500,8,0,53.8,76.4,103.6,58.08,18.04,,/home/jovyan/ooi/san_data/RS03ASHS-PN03B-06-CAMHDA301/2025/03/20/CAMHDA301-20250320T144500.mp4
2025-03,20250324T001500,8,0,112.6,203.7,221.3,78.98,37.24,,/home/jovyan/ooi/san_data/RS03ASHS-PN03B-06-CAMHDA301/2025/03/24/CAMHDA301-20250324T001500.mp4
2025-03,20250331T211500,8,0,98.0,168.4,208.0,79.60,35.79,,/home/jovyan/ooi/san_data/RS03ASHS-PN03B-06-CAMHDA301/2025/03/31/CAMHDA301-20250331T211500.mp4
2025-04,20250401T161500,8,0,94.5,103.9,105.1,84.12,40.77,,/home/jovyan/ooi/san_data/RS03ASHS-PN03B-06-CAMHDA301/2025/04/01/CAMHDA301-20250401T161500.mp4
2025-04,20250402T073000,8,0,122.9,180.2,214.2,111.89,28.64,,/home/jovyan/ooi/san_data/RS03ASHS-PN03B-06-CAMHDA301/2025/04/02/CAMHDA301-20250402T073000.mp4
2025-04,20250402T230000,8,0,152.7,210.1,213.0,129.27,36.75,,/home/jovyan/ooi/san_data/RS03ASHS-PN03B-06-CAMHDA301/2025/04/02/CAMHDA301-20250402T230000.mp4
2025-04,20250403T141500,8,0,94.4,132.0,159.0,102.76,26.18,,/home/jovyan/ooi/san_data/RS03ASHS-PN03B-06-CAMHDA301/2025/04/03/CAMHDA301-20250403T141500.mp4
2025-04,20250401T010000,8,0,109.1,143.8,145.1,76.16,41.27,,/home/jovyan/ooi/san_data/RS03ASHS-PN03B-06-CAMHDA301/2025/04/01/CAMHDA301-20250401T010000.mp4
2025-04,20250410T090000,8,0,79.1,118.5,134.6,96.41,39.48,,/home/jovyan/ooi/san_data/RS03ASHS-PN03B-06-CAMHDA301/2025/04/10/CAMHDA301-20250410T090000.mp4
2025-04,20250406T151500,8,0,131.9,165.2,200.9,79.32,35.13,,/home/jovyan/ooi/san_data/RS03ASHS-PN03B-06-CAMHDA301/2025/04/06/CAMHDA301-20250406T151500.mp4
2025-04,20250411T001500,8,0,128.8,185.3,266.1,84.49,43.06,,/home/jovyan/ooi/san_data/RS03ASHS-PN03B-06-CAMHDA301/2025/04/11/CAMHDA301-20250411T001500.mp4
2025-04,20250418T181500,8,0,121.6,187.4,192.5,83.47,38.20,,/home/jovyan/ooi/san_data/RS03ASHS-PN03B-06-CAMHDA301/2025/04/18/CAMHDA301-20250418T181500.mp4
2025-04,20250420T131500,8,0,69.0,110.3,115.4,73.22,17.84,,/home/jovyan/ooi/san_data/RS03ASHS-PN03B-06-CAMHDA301/2025/04/20/CAMHDA301-20250420T131500.mp4
2025-04,20250423T031500,8,0,131.8,244.9,328.3,82.39,41.83,,/home/jovyan/ooi/san_data/RS03ASHS-PN03B-06-CAMHDA301/2025/04/23/CAMHDA301-20250423T031500.mp4
2025-05,20250502T233000,8,0,177.5,197.2,208.9,126.43,34.98,,/home/jovyan/ooi/san_data/RS03ASHS-PN03B-06-CAMHDA301/2025/05/02/CAMHDA301-20250502T233000.mp4
2025-05,20250501T163000,8,0,118.9,135.1,161.5,81.93,43.01,,/home/jovyan/ooi/san_data/RS03ASHS-PN03B-06-CAMHDA301/2025/05/01/CAMHDA301-20250501T163000.mp4
2025-04,20250430T211500,8,0,119.2,221.7,237.5,77.71,36.37,,/home/jovyan/ooi/san_data/RS03ASHS-PN03B-06-CAMHDA301/2025/04/30/CAMHDA301-20250430T211500.mp4
2025-05,20250501T010000,8,0,167.8,222.3,230.6,74.60,42.04,,/home/jovyan/ooi/san_data/RS03ASHS-PN03B-06-CAMHDA301/2025/05/01/CAMHDA301-20250501T010000.mp4
2025-05,20250503T150000,8,0,135.7,147.7,151.0,111.39,40.60,,/home/jovyan/ooi/san_data/RS03ASHS-PN03B-06-CAMHDA301/2025/05/03/CAMHDA301-20250503T150000.mp4
2025-05,20250502T080000,8,0,89.9,104.8,109.0,112.85,36.09,,/home/jovyan/ooi/san_data/RS03ASHS-PN03B-06-CAMHDA301/2025/05/02/CAMHDA301-20250502T080000.mp4
2025-05,20250510T101500,8,0,116.8,141.1,167.7,115.11,41.43,,/home/jovyan/ooi/san_data/RS03ASHS-PN03B-06-CAMHDA301/2025/05/10/CAMHDA301-20250510T101500.mp4
2025-05,20250511T181500,8,0,245.4,346.1,455.0,81.66,40.75,,/home/jovyan/ooi/san_data/RS03ASHS-PN03B-06-CAMHDA301/2025/05/11/CAMHDA301-20250511T181500.mp4
2025-05,20250507T031500,8,0,221.2,296.8,320.6,78.24,39.52,,/home/jovyan/ooi/san_data/RS03ASHS-PN03B-06-CAMHDA301/2025/05/07/CAMHDA301-20250507T031500.mp4
2025-05,20250520T144500,8,0,73.1,93.0,113.2,61.69,26.54,,/home/jovyan/ooi/san_data/RS03ASHS-PN03B-06-CAMHDA301/2025/05/20/CAMHDA301-20250520T144500.mp4
2025-05,20250519T121500,8,0,329.5,478.8,519.5,76.21,44.43,,/home/jovyan/ooi/san_data/RS03ASHS-PN03B-06-CAMHDA301/2025/05/19/CAMHDA301-20250519T121500.mp4
2025-05,20250524T001500,8,0,226.4,327.1,418.1,80.92,40.31,,/home/jovyan/ooi/san_data/RS03ASHS-PN03B-06-CAMHDA301/2025/05/24/CAMHDA301-20250524T001500.mp4
2025-06,20250601T161500,8,0,105.5,164.0,201.0,80.76,45.30,,/home/jovyan/ooi/san_data/RS03ASHS-PN03B-06-CAMHDA301/2025/06/01/CAMHDA301-20250601T161500.mp4
2025-05,20250531T211500,8,0,142.4,215.9,230.3,79.31,39.03,,/home/jovyan/ooi/san_data/RS03ASHS-PN03B-06-CAMHDA301/2025/05/31/CAMHDA301-20250531T211500.mp4
2025-06,20250602T073000,8,0,143.3,217.2,220.5,115.34,41.49,,/home/jovyan/ooi/san_data/RS03ASHS-PN03B-06-CAMHDA301/2025/06/02/CAMHDA301-20250602T073000.mp4
2025-06,20250601T010000,8,0,253.7,314.0,314.6,74.73,43.94,,/home/jovyan/ooi/san_data/RS03ASHS-PN03B-06-CAMHDA301/2025/06/01/CAMHDA301-20250601T010000.mp4
2025-06,20250602T230000,8,0,159.8,178.9,189.7,124.56,39.55,,/home/jovyan/ooi/san_data/RS03ASHS-PN03B-06-CAMHDA301/2025/06/02/CAMHDA301-20250602T230000.mp4
2025-06,20250603T141500,8,0,170.1,195.4,202.3,104.57,35.84,,/home/jovyan/ooi/san_data/RS03ASHS-PN03B-06-CAMHDA301/2025/06/03/CAMHDA301-20250603T141500.mp4
2025-06,20250606T181500,8,0,160.9,449.5,592.5,80.04,38.31,,/home/jovyan/ooi/san_data/RS03ASHS-PN03B-06-CAMHDA301/2025/06/06/CAMHDA301-20250606T181500.mp4
2025-06,20250610T090000,8,0,113.0,130.8,154.8,100.31,49.35,,/home/jovyan/ooi/san_data/RS03ASHS-PN03B-06-CAMHDA301/2025/06/10/CAMHDA301-20250610T090000.mp4
2025-06,20250618T181500,8,0,143.3,277.9,404.5,79.27,40.67,,/home/jovyan/ooi/san_data/RS03ASHS-PN03B-06-CAMHDA301/2025/06/18/CAMHDA301-20250618T181500.mp4
2025-06,20250611T031500,8,0,157.9,361.3,373.7,79.35,40.18,,/home/jovyan/ooi/san_data/RS03ASHS-PN03B-06-CAMHDA301/2025/06/11/CAMHDA301-20250611T031500.mp4
2025-06,20250620T131500,8,0,46.4,57.9,67.8,59.67,17.29,,/home/jovyan/ooi/san_data/RS03ASHS-PN03B-06-CAMHDA301/2025/06/20/CAMHDA301-20250620T131500.mp4
2025-06,20250623T031500,8,0,337.1,436.0,473.5,77.71,42.38,,/home/jovyan/ooi/san_data/RS03ASHS-PN03B-06-CAMHDA301/2025/06/23/CAMHDA301-20250623T031500.mp4
2025-07,20250702T080000,8,0,237.3,308.4,385.8,115.22,27.33,,/home/jovyan/ooi/san_data/RS03ASHS-PN03B-06-CAMHDA301/2025/07/02/CAMHDA301-20250702T080000.mp4
2025-06,20250630T211500,8,0,282.9,506.6,552.5,77.64,42.42,,/home/jovyan/ooi/san_data/RS03ASHS-PN03B-06-CAMHDA301/2025/06/30/CAMHDA301-20250630T211500.mp4
2025-07,20250701T163000,8,0,123.2,149.6,153.8,83.83,42.94,,/home/jovyan/ooi/san_data/RS03ASHS-PN03B-06-CAMHDA301/2025/07/01/CAMHDA301-20250701T163000.mp4
2025-07,20250702T234500,8,0,247.2,304.7,321.9,124.60,42.37,,/home/jovyan/ooi/san_data/RS03ASHS-PN03B-06-CAMHDA301/2025/07/02/CAMHDA301-20250702T234500.mp4
2025-07,20250701T010000,8,0,424.1,506.1,524.4,74.49,48.93,,/home/jovyan/ooi/san_data/RS03ASHS-PN03B-06-CAMHDA301/2025/07/01/CAMHDA301-20250701T010000.mp4
2025-07,20250710T103000,8,0,105.7,124.7,126.3,115.06,40.79,,/home/jovyan/ooi/san_data/RS03ASHS-PN03B-06-CAMHDA301/2025/07/10/CAMHDA301-20250710T103000.mp4
2025-07,20250703T151500,8,0,168.2,207.0,242.9,118.34,38.47,,/home/jovyan/ooi/san_data/RS03ASHS-PN03B-06-CAMHDA301/2025/07/03/CAMHDA301-20250703T151500.mp4
2025-07,20250707T061500,8,0,383.5,521.2,534.9,77.40,46.47,,/home/jovyan/ooi/san_data/RS03ASHS-PN03B-06-CAMHDA301/2025/07/07/CAMHDA301-20250707T061500.mp4
2025-07,20250711T211500,8,0,168.1,428.8,452.3,77.01,44.07,,/home/jovyan/ooi/san_data/RS03ASHS-PN03B-06-CAMHDA301/2025/07/11/CAMHDA301-20250711T211500.mp4
2025-07,20250719T091500,8,0,639.0,654.5,688.1,84.90,52.93,,/home/jovyan/ooi/san_data/RS03ASHS-PN03B-06-CAMHDA301/2025/07/19/CAMHDA301-20250719T091500.mp4
2025-07,20250720T144500,8,0,257.0,263.1,265.1,84.78,51.79,,/home/jovyan/ooi/san_data/RS03ASHS-PN03B-06-CAMHDA301/2025/07/20/CAMHDA301-20250720T144500.mp4
2025-07,20250724T001500,8,0,201.3,485.1,506.1,79.04,46.81,,/home/jovyan/ooi/san_data/RS03ASHS-PN03B-06-CAMHDA301/2025/07/24/CAMHDA301-20250724T001500.mp4
2025-07,20250731T211500,8,0,195.7,532.6,580.5,78.02,46.33,,/home/jovyan/ooi/san_data/RS03ASHS-PN03B-06-CAMHDA301/2025/07/31/CAMHDA301-20250731T211500.mp4
2025-08,20250801T010000,8,0,536.1,560.2,567.1,71.52,51.85,,/home/jovyan/ooi/san_data/RS03ASHS-PN03B-06-CAMHDA301/2025/08/01/CAMHDA301-20250801T010000.mp4
2025-08,20250802T080000,8,0,281.2,492.3,518.6,105.37,33.06,,/home/jovyan/ooi/san_data/RS03ASHS-PN03B-06-CAMHDA301/2025/08/02/CAMHDA301-20250802T080000.mp4
2025-08,20250801T163000,8,0,164.9,188.8,190.3,76.63,52.25,,/home/jovyan/ooi/san_data/RS03ASHS-PN03B-06-CAMHDA301/2025/08/01/CAMHDA301-20250801T163000.mp4
2025-08,20250807T061500,8,0,302.4,733.4,871.5,79.58,47.37,,/home/jovyan/ooi/san_data/RS03ASHS-PN03B-06-CAMHDA301/2025/08/07/CAMHDA301-20250807T061500.mp4
2025-08,20250802T233000,8,0,325.1,387.3,455.0,121.91,44.16,,/home/jovyan/ooi/san_data/RS03ASHS-PN03B-06-CAMHDA301/2025/08/02/CAMHDA301-20250802T233000.mp4
2025-08,20250803T151500,8,0,99.9,142.6,160.3,117.16,39.92,,/home/jovyan/ooi/san_data/RS03ASHS-PN03B-06-CAMHDA301/2025/08/03/CAMHDA301-20250803T151500.mp4
2025-08,20250811T151500,8,0,561.7,1226.2,1304.8,81.70,49.05,,/home/jovyan/ooi/san_data/RS03ASHS-PN03B-06-CAMHDA301/2025/08/11/CAMHDA301-20250811T151500.mp4
2025-08,20250810T100000,8,0,39.3,51.7,56.9,32.63,4.28,,/home/jovyan/ooi/san_data/RS03ASHS-PN03B-06-CAMHDA301/2025/08/10/CAMHDA301-20250810T100000.mp4
2025-08,20250819T121500,8,0,571.2,1427.7,1756.1,75.98,51.06,,/home/jovyan/ooi/san_data/RS03ASHS-PN03B-06-CAMHDA301/2025/08/19/CAMHDA301-20250819T121500.mp4
2025-08,20250824T001500,8,0,363.8,994.5,1317.2,78.36,42.17,,/home/jovyan/ooi/san_data/RS03ASHS-PN03B-06-CAMHDA301/2025/08/24/CAMHDA301-20250824T001500.mp4
2025-08,20250831T211500,8,0,170.5,653.8,800.0,77.68,41.19,,/home/jovyan/ooi/san_data/RS03ASHS-PN03B-06-CAMHDA301/2025/08/31/CAMHDA301-20250831T211500.mp4
2025-08,20250820T144500,8,0,79.4,79.5,79.6,33.22,3.41,,/home/jovyan/ooi/san_data/RS03ASHS-PN03B-06-CAMHDA301/2025/08/20/CAMHDA301-20250820T144500.mp4
2025-09,20250908T091500,0,8,,,,,,all-black,/home/jovyan/ooi/san_data/RS03ASHS-PN03B-06-CAMHDA301/2025/09/08/CAMHDA301-20250908T091500.mp4
2025-09,20250910T103000,0,8,,,,,,all-black,/home/jovyan/ooi/san_data/RS03ASHS-PN03B-06-CAMHDA301/2025/09/10/CAMHDA301-20250910T103000.mp4
2025-09,20250901T010000,8,0,451.8,663.2,721.8,74.30,54.61,,/home/jovyan/ooi/san_data/RS03ASHS-PN03B-06-CAMHDA301/2025/09/01/CAMHDA301-20250901T010000.mp4
2025-09,20250901T141500,8,0,21.2,26.9,30.2,25.71,2.14,,/home/jovyan/ooi/san_data/RS03ASHS-PN03B-06-CAMHDA301/2025/09/01/CAMHDA301-20250901T141500.mp4
2025-09,20250910T234500,0,8,,,,,,all-black,/home/jovyan/ooi/san_data/RS03ASHS-PN03B-06-CAMHDA301/2025/09/10/CAMHDA301-20250910T234500.mp4
2025-09,20250902T033000,0,8,,,,,,all-black,/home/jovyan/ooi/san_data/RS03ASHS-PN03B-06-CAMHDA301/2025/09/02/CAMHDA301-20250902T033000.mp4
2025-09,20250917T121500,0,8,,,,,,all-black,/home/jovyan/ooi/san_data/RS03ASHS-PN03B-06-CAMHDA301/2025/09/17/CAMHDA301-20250917T121500.mp4
2025-09,20250902T170000,0,8,,,,,,all-black,/home/jovyan/ooi/san_data/RS03ASHS-PN03B-06-CAMHDA301/2025/09/02/CAMHDA301-20250902T170000.mp4
2025-09,20250903T194500,0,8,,,,,,all-black,/home/jovyan/ooi/san_data/RS03ASHS-PN03B-06-CAMHDA301/2025/09/03/CAMHDA301-20250903T194500.mp4
2025-09,20250903T061500,0,8,,,,,,all-black,/home/jovyan/ooi/san_data/RS03ASHS-PN03B-06-CAMHDA301/2025/09/03/CAMHDA301-20250903T061500.mp4
2025-09,20250930T211500,8,0,263.5,294.3,311.3,52.68,40.61,,/home/jovyan/ooi/san_data/RS03ASHS-PN03B-06-CAMHDA301/2025/09/30/CAMHDA301-20250930T211500.mp4
2025-09,20250924T031500,8,0,235.9,283.7,292.4,55.46,38.21,,/home/jovyan/ooi/san_data/RS03ASHS-PN03B-06-CAMHDA301/2025/09/24/CAMHDA301-20250924T031500.mp4
2025-10,20251001T001500,8,0,174.0,235.9,253.2,60.93,35.08,,/home/jovyan/ooi/san_data/RS03ASHS-PN03B-06-CAMHDA301/2025/10/01/CAMHDA301-20251001T001500.mp4
2025-10,20251003T181500,8,0,137.7,200.6,234.9,64.68,34.01,,/home/jovyan/ooi/san_data/RS03ASHS-PN03B-06-CAMHDA301/2025/10/03/CAMHDA301-20251003T181500.mp4
2025-10,20251020T151500,0,8,,,,,,all-black,/home/jovyan/ooi/san_data/RS03ASHS-PN03B-06-CAMHDA301/2025/10/20/CAMHDA301-20251020T151500.mp4
2025-10,20251009T091500,8,0,202.7,238.1,247.0,51.95,39.96,,/home/jovyan/ooi/san_data/RS03ASHS-PN03B-06-CAMHDA301/2025/10/09/CAMHDA301-20251009T091500.mp4
2025-10,20251006T121500,8,0,162.7,213.7,234.2,57.73,36.68,,/home/jovyan/ooi/san_data/RS03ASHS-PN03B-06-CAMHDA301/2025/10/06/CAMHDA301-20251006T121500.mp4
2025-10,20251012T031500,8,0,225.4,237.5,241.5,51.57,39.89,,/home/jovyan/ooi/san_data/RS03ASHS-PN03B-06-CAMHDA301/2025/10/12/CAMHDA301-20251012T031500.mp4
2025-10,20251017T181500,8,0,110.4,182.5,188.0,60.55,35.10,,/home/jovyan/ooi/san_data/RS03ASHS-PN03B-06-CAMHDA301/2025/10/17/CAMHDA301-20251017T181500.mp4
2025-10,20251015T001500,8,0,81.0,200.0,243.1,60.31,34.91,,/home/jovyan/ooi/san_data/RS03ASHS-PN03B-06-CAMHDA301/2025/10/15/CAMHDA301-20251015T001500.mp4
2025-10,20251023T091500,8,0,95.1,208.0,212.2,62.90,34.16,,/home/jovyan/ooi/san_data/RS03ASHS-PN03B-06-CAMHDA301/2025/10/23/CAMHDA301-20251023T091500.mp4
2025-10,20251026T061500,8,0,220.9,272.5,273.8,50.32,40.84,,/home/jovyan/ooi/san_data/RS03ASHS-PN03B-06-CAMHDA301/2025/10/26/CAMHDA301-20251026T061500.mp4
2025-11,20251103T151500,8,0,143.4,176.6,202.0,60.69,34.80,,/home/jovyan/ooi/san_data/RS03ASHS-PN03B-06-CAMHDA301/2025/11/03/CAMHDA301-20251103T151500.mp4
2025-11,20251101T001500,8,0,166.6,220.5,222.4,53.25,39.17,,/home/jovyan/ooi/san_data/RS03ASHS-PN03B-06-CAMHDA301/2025/11/01/CAMHDA301-20251101T001500.mp4
2025-10,20251031T211500,8,0,210.5,225.8,233.1,51.91,39.67,,/home/jovyan/ooi/san_data/RS03ASHS-PN03B-06-CAMHDA301/2025/10/31/CAMHDA301-20251031T211500.mp4
2025-10,20251029T001500,8,0,193.1,245.1,249.6,50.87,40.74,,/home/jovyan/ooi/san_data/RS03ASHS-PN03B-06-CAMHDA301/2025/10/29/CAMHDA301-20251029T001500.mp4
2025-11,20251106T091500,8,0,180.1,223.1,224.0,53.69,39.32,,/home/jovyan/ooi/san_data/RS03ASHS-PN03B-06-CAMHDA301/2025/11/06/CAMHDA301-20251106T091500.mp4
2025-11,20251109T031500,8,0,165.1,189.0,197.9,54.67,38.95,,/home/jovyan/ooi/san_data/RS03ASHS-PN03B-06-CAMHDA301/2025/11/09/CAMHDA301-20251109T031500.mp4
2025-11,20251111T181500,8,0,157.8,191.5,193.2,64.75,34.42,,/home/jovyan/ooi/san_data/RS03ASHS-PN03B-06-CAMHDA301/2025/11/11/CAMHDA301-20251111T181500.mp4
2025-11,20251114T121500,8,0,94.4,139.0,150.2,64.79,31.27,,/home/jovyan/ooi/san_data/RS03ASHS-PN03B-06-CAMHDA301/2025/11/14/CAMHDA301-20251114T121500.mp4
2025-11,20251117T061500,8,0,120.6,174.5,175.1,56.07,37.70,,/home/jovyan/ooi/san_data/RS03ASHS-PN03B-06-CAMHDA301/2025/11/17/CAMHDA301-20251117T061500.mp4
2025-11,20251120T001500,8,0,116.7,175.6,209.6,53.20,38.13,,/home/jovyan/ooi/san_data/RS03ASHS-PN03B-06-CAMHDA301/2025/11/20/CAMHDA301-20251120T001500.mp4
2025-11,20251122T151500,8,0,179.2,209.9,220.4,52.79,39.18,,/home/jovyan/ooi/san_data/RS03ASHS-PN03B-06-CAMHDA301/2025/11/22/CAMHDA301-20251122T151500.mp4
2025-11,20251125T091500,8,0,183.7,219.3,223.9,53.32,39.34,,/home/jovyan/ooi/san_data/RS03ASHS-PN03B-06-CAMHDA301/2025/11/25/CAMHDA301-20251125T091500.mp4
2025-11,20251128T031500,8,0,147.8,183.1,188.3,58.47,35.56,,/home/jovyan/ooi/san_data/RS03ASHS-PN03B-06-CAMHDA301/2025/11/28/CAMHDA301-20251128T031500.mp4
2025-11,20251130T211500,8,0,163.8,195.4,197.4,54.30,38.48,,/home/jovyan/ooi/san_data/RS03ASHS-PN03B-06-CAMHDA301/2025/11/30/CAMHDA301-20251130T211500.mp4
2025-12,20251203T181500,8,0,117.9,149.6,152.6,63.94,32.42,,/home/jovyan/ooi/san_data/RS03ASHS-PN03B-06-CAMHDA301/2025/12/03/CAMHDA301-20251203T181500.mp4
2025-12,20251201T001500,8,0,151.1,176.0,186.5,54.03,38.51,,/home/jovyan/ooi/san_data/RS03ASHS-PN03B-06-CAMHDA301/2025/12/01/CAMHDA301-20251201T001500.mp4
2025-12,20251209T091500,8,0,125.1,178.0,185.9,55.72,37.76,,/home/jovyan/ooi/san_data/RS03ASHS-PN03B-06-CAMHDA301/2025/12/09/CAMHDA301-20251209T091500.mp4
2025-12,20251206T121500,8,0,146.9,197.0,197.0,55.15,38.96,,/home/jovyan/ooi/san_data/RS03ASHS-PN03B-06-CAMHDA301/2025/12/06/CAMHDA301-20251206T121500.mp4
2025-12,20251212T031500,8,0,113.7,177.5,177.6,58.61,36.67,,/home/jovyan/ooi/san_data/RS03ASHS-PN03B-06-CAMHDA301/2025/12/12/CAMHDA301-20251212T031500.mp4
2025-12,20251215T001500,8,0,101.6,166.0,167.5,58.95,36.61,,/home/jovyan/ooi/san_data/RS03ASHS-PN03B-06-CAMHDA301/2025/12/15/CAMHDA301-20251215T001500.mp4
2025-12,20251217T181500,8,0,122.0,145.8,164.4,63.53,32.14,,/home/jovyan/ooi/san_data/RS03ASHS-PN03B-06-CAMHDA301/2025/12/17/CAMHDA301-20251217T181500.mp4
2025-12,20251220T151500,8,0,143.1,177.0,181.5,51.80,38.77,,/home/jovyan/ooi/san_data/RS03ASHS-PN03B-06-CAMHDA301/2025/12/20/CAMHDA301-20251220T151500.mp4
2025-12,20251223T091500,8,0,128.6,172.3,174.9,54.73,39.01,,/home/jovyan/ooi/san_data/RS03ASHS-PN03B-06-CAMHDA301/2025/12/23/CAMHDA301-20251223T091500.mp4
2025-12,20251226T061500,8,0,160.1,186.6,194.6,52.64,38.49,,/home/jovyan/ooi/san_data/RS03ASHS-PN03B-06-CAMHDA301/2025/12/26/CAMHDA301-20251226T061500.mp4
2025-12,20251229T001500,8,0,101.7,150.2,154.8,58.70,36.23,,/home/jovyan/ooi/san_data/RS03ASHS-PN03B-06-CAMHDA301/2025/12/29/CAMHDA301-20251229T001500.mp4
2026-01,20260103T181500,8,0,81.0,93.0,100.3,60.15,29.63,,/home/jovyan/ooi/san_data/RS03ASHS-PN03B-06-CAMHDA301/2026/01/03/CAMHDA301-20260103T181500.mp4
2025-12,20251231T211500,8,0,141.4,174.4,178.1,54.55,37.81,,/home/jovyan/ooi/san_data/RS03ASHS-PN03B-06-CAMHDA301/2025/12/31/CAMHDA301-20251231T211500.mp4
2026-01,20260101T001500,8,0,131.8,187.9,192.2,54.01,38.27,,/home/jovyan/ooi/san_data/RS03ASHS-PN03B-06-CAMHDA301/2026/01/01/CAMHDA301-20260101T001500.mp4
2026-01,20260109T091500,8,0,102.0,133.8,133.9,57.51,34.96,,/home/jovyan/ooi/san_data/RS03ASHS-PN03B-06-CAMHDA301/2026/01/09/CAMHDA301-20260109T091500.mp4
2026-01,20260106T121500,8,0,112.0,151.9,154.9,59.19,34.87,,/home/jovyan/ooi/san_data/RS03ASHS-PN03B-06-CAMHDA301/2026/01/06/CAMHDA301-20260106T121500.mp4
2026-01,20260112T031500,8,0,117.2,156.0,160.9,55.01,36.61,,/home/jovyan/ooi/san_data/RS03ASHS-PN03B-06-CAMHDA301/2026/01/12/CAMHDA301-20260112T031500.mp4
2026-01,20260117T181500,8,0,109.2,136.9,143.3,58.22,35.85,,/home/jovyan/ooi/san_data/RS03ASHS-PN03B-06-CAMHDA301/2026/01/17/CAMHDA301-20260117T181500.mp4
2026-01,20260115T001500,8,0,108.8,151.3,151.4,56.59,36.50,,/home/jovyan/ooi/san_data/RS03ASHS-PN03B-06-CAMHDA301/2026/01/15/CAMHDA301-20260115T001500.mp4
2026-01,20260120T151500,8,0,91.7,132.9,133.2,55.59,36.88,,/home/jovyan/ooi/san_data/RS03ASHS-PN03B-06-CAMHDA301/2026/01/20/CAMHDA301-20260120T151500.mp4
2026-01,20260123T091500,8,0,77.9,134.3,134.4,58.70,35.36,,/home/jovyan/ooi/san_data/RS03ASHS-PN03B-06-CAMHDA301/2026/01/23/CAMHDA301-20260123T091500.mp4
2026-01,20260126T061500,8,0,67.9,100.1,103.4,56.52,35.24,,/home/jovyan/ooi/san_data/RS03ASHS-PN03B-06-CAMHDA301/2026/01/26/CAMHDA301-20260126T061500.mp4
2026-01,20260129T001500,8,0,73.3,113.6,117.2,65.04,31.77,,/home/jovyan/ooi/san_data/RS03ASHS-PN03B-06-CAMHDA301/2026/01/29/CAMHDA301-20260129T001500.mp4
2026-01,20260131T211500,8,0,69.8,111.0,111.2,58.62,35.68,,/home/jovyan/ooi/san_data/RS03ASHS-PN03B-06-CAMHDA301/2026/01/31/CAMHDA301-20260131T211500.mp4
2026-02,20260201T001500,8,0,67.8,107.2,108.0,59.60,34.74,,/home/jovyan/ooi/san_data/RS03ASHS-PN03B-06-CAMHDA301/2026/02/01/CAMHDA301-20260201T001500.mp4
2026-02,20260203T121500,8,0,61.3,112.4,114.3,57.60,36.85,,/home/jovyan/ooi/san_data/RS03ASHS-PN03B-06-CAMHDA301/2026/02/03/CAMHDA301-20260203T121500.mp4
2026-02,20260206T001500,8,0,56.0,109.3,109.5,61.69,33.26,,/home/jovyan/ooi/san_data/RS03ASHS-PN03B-06-CAMHDA301/2026/02/06/CAMHDA301-20260206T001500.mp4
2026-02,20260208T121500,8,0,49.3,93.6,100.0,60.77,32.73,,/home/jovyan/ooi/san_data/RS03ASHS-PN03B-06-CAMHDA301/2026/02/08/CAMHDA301-20260208T121500.mp4
2026-02,20260213T151500,8,0,41.0,76.5,77.5,60.02,27.67,,/home/jovyan/ooi/san_data/RS03ASHS-PN03B-06-CAMHDA301/2026/02/13/CAMHDA301-20260213T151500.mp4
2026-02,20260216T031500,8,0,49.4,81.8,82.0,58.55,29.57,,/home/jovyan/ooi/san_data/RS03ASHS-PN03B-06-CAMHDA301/2026/02/16/CAMHDA301-20260216T031500.mp4
2026-02,20260211T031500,8,0,48.6,93.0,93.9,57.68,33.80,,/home/jovyan/ooi/san_data/RS03ASHS-PN03B-06-CAMHDA301/2026/02/11/CAMHDA301-20260211T031500.mp4
2026-02,20260218T151500,8,0,57.9,108.6,114.7,56.01,34.52,,/home/jovyan/ooi/san_data/RS03ASHS-PN03B-06-CAMHDA301/2026/02/18/CAMHDA301-20260218T151500.mp4
2026-02,20260221T061500,8,0,73.6,133.4,136.3,57.88,36.35,,/home/jovyan/ooi/san_data/RS03ASHS-PN03B-06-CAMHDA301/2026/02/21/CAMHDA301-20260221T061500.mp4
2026-02,20260223T181500,8,0,41.4,84.8,91.5,65.93,26.25,,/home/jovyan/ooi/san_data/RS03ASHS-PN03B-06-CAMHDA301/2026/02/23/CAMHDA301-20260223T181500.mp4
2026-02,20260226T061500,8,0,53.7,104.5,106.3,56.48,34.48,,/home/jovyan/ooi/san_data/RS03ASHS-PN03B-06-CAMHDA301/2026/02/26/CAMHDA301-20260226T061500.mp4
2026-03,20260303T181500,8,0,50.8,83.3,89.2,57.44,26.91,,/home/jovyan/ooi/san_data/RS03ASHS-PN03B-06-CAMHDA301/2026/03/03/CAMHDA301-20260303T181500.mp4
2026-02,20260228T211500,8,0,47.9,75.1,78.7,61.13,27.34,,/home/jovyan/ooi/san_data/RS03ASHS-PN03B-06-CAMHDA301/2026/02/28/CAMHDA301-20260228T211500.mp4
2026-03,20260301T001500,8,0,56.3,85.6,86.1,57.38,30.60,,/home/jovyan/ooi/san_data/RS03ASHS-PN03B-06-CAMHDA301/2026/03/01/CAMHDA301-20260301T001500.mp4
2026-03,20260309T091500,8,0,41.2,73.3,78.5,58.34,25.06,,/home/jovyan/ooi/san_data/RS03ASHS-PN03B-06-CAMHDA301/2026/03/09/CAMHDA301-20260309T091500.mp4
2026-03,20260306T121500,8,0,44.3,93.1,101.5,59.91,32.05,,/home/jovyan/ooi/san_data/RS03ASHS-PN03B-06-CAMHDA301/2026/03/06/CAMHDA301-20260306T121500.mp4
2026-03,20260315T001500,8,0,47.8,83.9,85.5,56.78,31.54,,/home/jovyan/ooi/san_data/RS03ASHS-PN03B-06-CAMHDA301/2026/03/15/CAMHDA301-20260315T001500.mp4
2026-03,20260312T031500,8,0,55.4,106.1,106.8,56.86,35.49,,/home/jovyan/ooi/san_data/RS03ASHS-PN03B-06-CAMHDA301/2026/03/12/CAMHDA301-20260312T031500.mp4
2026-03,20260320T151500,8,0,55.4,101.2,104.6,60.49,31.67,,/home/jovyan/ooi/san_data/RS03ASHS-PN03B-06-CAMHDA301/2026/03/20/CAMHDA301-20260320T151500.mp4
2026-03,20260317T181500,8,0,42.4,74.4,82.9,58.94,28.15,,/home/jovyan/ooi/san_data/RS03ASHS-PN03B-06-CAMHDA301/2026/03/17/CAMHDA301-20260317T181500.mp4
2026-03,20260323T091500,8,0,51.7,91.7,101.4,55.85,25.60,,/home/jovyan/ooi/san_data/RS03ASHS-PN03B-06-CAMHDA301/2026/03/23/CAMHDA301-20260323T091500.mp4
2026-03,20260326T061500,8,0,37.7,64.7,65.2,58.95,23.49,,/home/jovyan/ooi/san_data/RS03ASHS-PN03B-06-CAMHDA301/2026/03/26/CAMHDA301-20260326T061500.mp4
2026-03,20260329T001500,8,0,50.7,81.1,89.7,55.78,31.01,,/home/jovyan/ooi/san_data/RS03ASHS-PN03B-06-CAMHDA301/2026/03/29/CAMHDA301-20260329T001500.mp4
2026-04,20260420T001500,0,8,,,,,,all-black,/home/jovyan/ooi/san_data/RS03ASHS-PN03B-06-CAMHDA301/2026/04/20/CAMHDA301-20260420T001500.mp4
2026-04,20260401T001500,8,0,56.7,89.4,94.4,60.09,30.86,,/home/jovyan/ooi/san_data/RS03ASHS-PN03B-06-CAMHDA301/2026/04/01/CAMHDA301-20260401T001500.mp4
2026-03,20260331T211500,8,0,38.1,71.1,72.8,59.86,24.66,,/home/jovyan/ooi/san_data/RS03ASHS-PN03B-06-CAMHDA301/2026/03/31/CAMHDA301-20260331T211500.mp4
2026-04,20260403T151500,8,0,49.5,85.3,86.3,62.51,29.43,,/home/jovyan/ooi/san_data/RS03ASHS-PN03B-06-CAMHDA301/2026/04/03/CAMHDA301-20260403T151500.mp4
2026-04,20260409T031500,8,0,49.8,88.3,91.1,59.78,30.45,,/home/jovyan/ooi/san_data/RS03ASHS-PN03B-06-CAMHDA301/2026/04/09/CAMHDA301-20260409T031500.mp4
2026-04,20260406T091500,8,0,38.9,89.3,91.1,61.42,27.79,,/home/jovyan/ooi/san_data/RS03ASHS-PN03B-06-CAMHDA301/2026/04/06/CAMHDA301-20260406T091500.mp4
2026-04,20260411T181500,8,0,49.0,82.7,85.9,61.14,27.48,,/home/jovyan/ooi/san_data/RS03ASHS-PN03B-06-CAMHDA301/2026/04/11/CAMHDA301-20260411T181500.mp4
2026-04,20260414T121500,8,0,48.7,95.9,96.5,58.26,32.31,,/home/jovyan/ooi/san_data/RS03ASHS-PN03B-06-CAMHDA301/2026/04/14/CAMHDA301-20260414T121500.mp4
2026-04,20260417T061500,8,0,54.7,91.7,91.7,59.43,26.23,,/home/jovyan/ooi/san_data/RS03ASHS-PN03B-06-CAMHDA301/2026/04/17/CAMHDA301-20260417T061500.mp4
2026-04,20260422T151500,8,0,45.1,87.4,89.1,55.19,31.49,,/home/jovyan/ooi/san_data/RS03ASHS-PN03B-06-CAMHDA301/2026/04/22/CAMHDA301-20260422T151500.mp4
2026-04,20260425T091500,8,0,55.6,93.8,99.6,55.11,32.11,,/home/jovyan/ooi/san_data/RS03ASHS-PN03B-06-CAMHDA301/2026/04/25/CAMHDA301-20260425T091500.mp4
2026-04,20260428T031500,8,0,45.8,81.4,84.3,67.59,22.24,,/home/jovyan/ooi/san_data/RS03ASHS-PN03B-06-CAMHDA301/2026/04/28/CAMHDA301-20260428T031500.mp4
2026-05,20260501T001500,8,0,61.4,100.2,101.1,54.20,32.53,,/home/jovyan/ooi/san_data/RS03ASHS-PN03B-06-CAMHDA301/2026/05/01/CAMHDA301-20260501T001500.mp4
2026-04,20260430T211500,8,0,52.3,94.1,95.8,57.79,28.81,,/home/jovyan/ooi/san_data/RS03ASHS-PN03B-06-CAMHDA301/2026/04/30/CAMHDA301-20260430T211500.mp4
2026-05,20260503T181500,8,0,90.5,112.6,114.0,59.64,33.18,,/home/jovyan/ooi/san_data/RS03ASHS-PN03B-06-CAMHDA301/2026/05/03/CAMHDA301-20260503T181500.mp4
2026-05,20260509T091500,8,0,101.5,124.4,128.2,52.79,35.49,,/home/jovyan/ooi/san_data/RS03ASHS-PN03B-06-CAMHDA301/2026/05/09/CAMHDA301-20260509T091500.mp4
2026-05,20260506T121500,8,0,80.6,123.4,128.8,63.13,31.43,,/home/jovyan/ooi/san_data/RS03ASHS-PN03B-06-CAMHDA301/2026/05/06/CAMHDA301-20260506T121500.mp4
2026-05,20260512T031500,8,0,96.2,128.3,129.8,56.80,33.39,,/home/jovyan/ooi/san_data/RS03ASHS-PN03B-06-CAMHDA301/2026/05/12/CAMHDA301-20260512T031500.mp4
2026-05,20260517T181500,8,0,106.4,120.1,120.2,52.16,33.86,,/home/jovyan/ooi/san_data/RS03ASHS-PN03B-06-CAMHDA301/2026/05/17/CAMHDA301-20260517T181500.mp4
2026-05,20260515T001500,8,0,106.5,132.1,136.6,52.49,35.17,,/home/jovyan/ooi/san_data/RS03ASHS-PN03B-06-CAMHDA301/2026/05/15/CAMHDA301-20260515T001500.mp4
2026-05,20260520T151500,8,0,152.4,174.2,178.2,51.02,35.58,,/home/jovyan/ooi/san_data/RS03ASHS-PN03B-06-CAMHDA301/2026/05/20/CAMHDA301-20260520T151500.mp4
2026-05,20260523T091500,8,0,119.7,139.7,144.0,49.56,35.49,,/home/jovyan/ooi/san_data/RS03ASHS-PN03B-06-CAMHDA301/2026/05/23/CAMHDA301-20260523T091500.mp4
2026-05,20260526T061500,8,0,101.7,125.5,137.1,56.48,35.09,,/home/jovyan/ooi/san_data/RS03ASHS-PN03B-06-CAMHDA301/2026/05/26/CAMHDA301-20260526T061500.mp4
2026-05,20260529T001500,8,0,112.8,128.5,128.6,52.39,35.65,,/home/jovyan/ooi/san_data/RS03ASHS-PN03B-06-CAMHDA301/2026/05/29/CAMHDA301-20260529T001500.mp4
2026-05,20260531T211500,8,0,105.5,125.8,126.7,52.18,34.75,,/home/jovyan/ooi/san_data/RS03ASHS-PN03B-06-CAMHDA301/2026/05/31/CAMHDA301-20260531T211500.mp4
2026-06,20260601T001500,8,0,106.5,116.6,125.1,53.19,34.82,,/home/jovyan/ooi/san_data/RS03ASHS-PN03B-06-CAMHDA301/2026/06/01/CAMHDA301-20260601T001500.mp4
2026-06,20260603T151500,8,0,90.3,106.8,112.8,52.23,33.83,,/home/jovyan/ooi/san_data/RS03ASHS-PN03B-06-CAMHDA301/2026/06/03/CAMHDA301-20260603T151500.mp4
2026-06,20260609T031500,8,0,80.8,95.2,98.2,51.81,33.72,,/home/jovyan/ooi/san_data/RS03ASHS-PN03B-06-CAMHDA301/2026/06/09/CAMHDA301-20260609T031500.mp4
2026-06,20260606T091500,8,0,77.4,101.0,102.3,57.22,32.93,,/home/jovyan/ooi/san_data/RS03ASHS-PN03B-06-CAMHDA301/2026/06/06/CAMHDA301-20260606T091500.mp4
2026-06,20260611T181500,8,0,59.6,96.5,96.6,53.39,33.20,,/home/jovyan/ooi/san_data/RS03ASHS-PN03B-06-CAMHDA301/2026/06/11/CAMHDA301-20260611T181500.mp4
2026-06,20260614T121500,8,0,52.2,94.0,94.2,57.09,32.23,,/home/jovyan/ooi/san_data/RS03ASHS-PN03B-06-CAMHDA301/2026/06/14/CAMHDA301-20260614T121500.mp4
2026-06,20260617T061500,8,0,29.7,86.3,88.7,56.84,29.05,,/home/jovyan/ooi/san_data/RS03ASHS-PN03B-06-CAMHDA301/2026/06/17/CAMHDA301-20260617T061500.mp4
2026-06,20260620T001500,8,0,53.4,85.5,85.6,51.76,32.11,,/home/jovyan/ooi/san_data/RS03ASHS-PN03B-06-CAMHDA301/2026/06/20/CAMHDA301-20260620T001500.mp4
2026-06,20260622T151500,8,0,25.2,70.0,71.7,56.24,26.79,,/home/jovyan/ooi/san_data/RS03ASHS-PN03B-06-CAMHDA301/2026/06/22/CAMHDA301-20260622T151500.mp4
2026-06,20260625T091500,8,0,70.7,92.4,95.9,54.64,33.77,,/home/jovyan/ooi/san_data/RS03ASHS-PN03B-06-CAMHDA301/2026/06/25/CAMHDA301-20260625T091500.mp4
2026-06,20260628T031500,8,0,51.9,108.5,110.1,57.93,30.31,,/home/jovyan/ooi/san_data/RS03ASHS-PN03B-06-CAMHDA301/2026/06/28/CAMHDA301-20260628T031500.mp4
2026-06,20260630T211500,8,0,95.4,133.1,140.2,56.19,34.87,,/home/jovyan/ooi/san_data/RS03ASHS-PN03B-06-CAMHDA301/2026/06/30/CAMHDA301-20260630T211500.mp4
2026-07,20260703T181500,8,0,169.4,186.5,195.0,49.19,37.59,,/home/jovyan/ooi/san_data/RS03ASHS-PN03B-06-CAMHDA301/2026/07/03/CAMHDA301-20260703T181500.mp4
2026-07,20260706T121500,8,0,108.4,169.3,177.6,57.22,34.43,,/home/jovyan/ooi/san_data/RS03ASHS-PN03B-06-CAMHDA301/2026/07/06/CAMHDA301-20260706T121500.mp4
2026-07,20260701T001500,8,0,130.5,155.1,156.7,48.62,36.96,,/home/jovyan/ooi/san_data/RS03ASHS-PN03B-06-CAMHDA301/2026/07/01/CAMHDA301-20260701T001500.mp4
2026-07,20260709T091500,8,0,168.7,199.8,213.7,49.45,38.89,,/home/jovyan/ooi/san_data/RS03ASHS-PN03B-06-CAMHDA301/2026/07/09/CAMHDA301-20260709T091500.mp4
2026-07,20260712T031500,8,0,99.5,154.9,157.6,60.07,34.24,,/home/jovyan/ooi/san_data/RS03ASHS-PN03B-06-CAMHDA301/2026/07/12/CAMHDA301-20260712T031500.mp4
2026-07,20260720T151500,8,0,97.9,168.9,180.4,58.47,31.93,,/home/jovyan/ooi/san_data/RS03ASHS-PN03B-06-CAMHDA301/2026/07/20/CAMHDA301-20260720T151500.mp4
2026-07,20260715T001500,8,0,174.5,203.3,208.0,47.34,37.59,,/home/jovyan/ooi/san_data/RS03ASHS-PN03B-06-CAMHDA301/2026/07/15/CAMHDA301-20260715T001500.mp4
2026-07,20260717T181500,8,0,192.5,211.1,215.9,49.74,39.58,,/home/jovyan/ooi/san_data/RS03ASHS-PN03B-06-CAMHDA301/2026/07/17/CAMHDA301-20260717T181500.mp4
2026-07,20260723T091500,8,0,169.6,199.5,200.3,57.92,33.87,,/home/jovyan/ooi/san_data/RS03ASHS-PN03B-06-CAMHDA301/2026/07/23/CAMHDA301-20260723T091500.mp4
2026-07,20260729T001500,8,0,189.1,214.3,221.3,48.40,38.47,,/home/jovyan/ooi/san_data/RS03ASHS-PN03B-06-CAMHDA301/2026/07/29/CAMHDA301-20260729T001500.mp4
2026-07,20260726T061500,8,0,192.1,221.1,222.1,54.62,35.80,,/home/jovyan/ooi/san_data/RS03ASHS-PN03B-06-CAMHDA301/2026/07/26/CAMHDA301-20260726T061500.mp4
2026-07,20260731T211500,8,0,166.4,213.3,220.2,57.30,35.05,,/home/jovyan/ooi/san_data/RS03ASHS-PN03B-06-CAMHDA301/2026/07/31/CAMHDA301-20260731T211500.mp4
2026-08,20260801T001500,8,0,223.2,234.0,244.9,53.19,37.36,,/home/jovyan/ooi/san_data/RS03ASHS-PN03B-06-CAMHDA301/2026/08/01/CAMHDA301-20260801T001500.mp4
2026-08,20260820T074500,8,0,106.3,117.1,117.7,115.40,40.43,,/home/jovyan/ooi/san_data/RS03ASHS-PN03B-06-CAMHDA301/2026/08/20/CAMHDA301-20260820T074500.mp4
2026-08,20260816T031500,8,0,431.1,979.7,1714.9,70.69,49.01,,/home/jovyan/ooi/san_data/RS03ASHS-PN03B-06-CAMHDA301/2026/08/16/CAMHDA301-20260816T031500.mp4
2026-08,20260804T181500,8,0,193.4,231.7,233.0,48.19,39.13,,/home/jovyan/ooi/san_data/RS03ASHS-PN03B-06-CAMHDA301/2026/08/04/CAMHDA301-20260804T181500.mp4
2026-08,20260820T001500,8,0,360.4,505.7,514.3,62.44,51.36,,/home/jovyan/ooi/san_data/RS03ASHS-PN03B-06-CAMHDA301/2026/08/20/CAMHDA301-20260820T001500.mp4
2026-08,20260812T091500,8,0,188.2,223.6,234.2,54.77,35.79,,/home/jovyan/ooi/san_data/RS03ASHS-PN03B-06-CAMHDA301/2026/08/12/CAMHDA301-20260812T091500.mp4
2026-08,20260808T121500,8,0,236.2,256.7,273.3,48.15,39.71,,/home/jovyan/ooi/san_data/RS03ASHS-PN03B-06-CAMHDA301/2026/08/08/CAMHDA301-20260808T121500.mp4
2026-08,20260820T230000,8,0,268.2,322.9,378.1,130.09,29.66,,/home/jovyan/ooi/san_data/RS03ASHS-PN03B-06-CAMHDA301/2026/08/20/CAMHDA301-20260820T230000.mp4
2026-08,20260820T153000,8,0,88.5,97.0,104.0,105.62,53.98,,/home/jovyan/ooi/san_data/RS03ASHS-PN03B-06-CAMHDA301/2026/08/20/CAMHDA301-20260820T153000.mp4
2026-08,20260824T061500,8,0,441.2,1068.9,1677.3,76.23,44.36,,/home/jovyan/ooi/san_data/RS03ASHS-PN03B-06-CAMHDA301/2026/08/24/CAMHDA301-20260824T061500.mp4
2026-08,20260831T211500,8,0,343.6,728.7,1035.1,77.17,42.11,,/home/jovyan/ooi/san_data/RS03ASHS-PN03B-06-CAMHDA301/2026/08/31/CAMHDA301-20260831T211500.mp4
2026-08,20260828T001500,8,0,569.0,1025.5,1675.4,71.56,48.87,,/home/jovyan/ooi/san_data/RS03ASHS-PN03B-06-CAMHDA301/2026/08/28/CAMHDA301-20260828T001500.mp4
2026-09,20260901T010000,8,0,305.7,391.3,392.3,60.88,52.35,,/home/jovyan/ooi/san_data/RS03ASHS-PN03B-06-CAMHDA301/2026/09/01/CAMHDA301-20260901T010000.mp4
2026-09,20260901T040000,8,0,412.8,427.9,438.4,55.18,56.01,,/home/jovyan/ooi/san_data/RS03ASHS-PN03B-06-CAMHDA301/2026/09/01/CAMHDA301-20260901T040000.mp4
2026-09,20260901T200000,8,0,116.4,141.0,163.8,114.63,46.83,,/home/jovyan/ooi/san_data/RS03ASHS-PN03B-06-CAMHDA301/2026/09/01/CAMHDA301-20260901T200000.mp4
2026-09,20260901T071500,8,0,396.3,424.2,434.4,55.83,56.25,,/home/jovyan/ooi/san_data/RS03ASHS-PN03B-06-CAMHDA301/2026/09/01/CAMHDA301-20260901T071500.mp4
2026-09,20260901T231500,8,0,130.4,199.6,231.5,114.78,40.87,,/home/jovyan/ooi/san_data/RS03ASHS-PN03B-06-CAMHDA301/2026/09/01/CAMHDA301-20260901T231500.mp4
2026-09,20260901T134500,8,0,19.1,30.7,38.3,31.08,2.33,,/home/jovyan/ooi/san_data/RS03ASHS-PN03B-06-CAMHDA301/2026/09/01/CAMHDA301-20260901T134500.mp4
2026-09,20260902T023000,8,0,72.7,97.5,98.1,113.89,45.76,,/home/jovyan/ooi/san_data/RS03ASHS-PN03B-06-CAMHDA301/2026/09/02/CAMHDA301-20260902T023000.mp4
2026-09,20260901T103000,8,0,25.9,42.4,50.0,32.50,2.80,,/home/jovyan/ooi/san_data/RS03ASHS-PN03B-06-CAMHDA301/2026/09/01/CAMHDA301-20260901T103000.mp4
2026-09,20260901T170000,8,0,20.7,27.2,34.4,29.44,2.31,,/home/jovyan/ooi/san_data/RS03ASHS-PN03B-06-CAMHDA301/2026/09/01/CAMHDA301-20260901T170000.mp4
2026-09,20260902T054500,8,0,108.2,127.4,136.6,110.77,40.97,,/home/jovyan/ooi/san_data/RS03ASHS-PN03B-06-CAMHDA301/2026/09/02/CAMHDA301-20260902T054500.mp4
2026-09,20260902T090000,8,0,72.8,129.2,145.6,110.52,19.26,,/home/jovyan/ooi/san_data/RS03ASHS-PN03B-06-CAMHDA301/2026/09/02/CAMHDA301-20260902T090000.mp4
2026-09,20260902T121500,8,0,68.4,124.6,138.1,85.12,25.24,,/home/jovyan/ooi/san_data/RS03ASHS-PN03B-06-CAMHDA301/2026/09/02/CAMHDA301-20260902T121500.mp4
