ym,ts,n_frames,n_black,sharp_median,sharp_p90,sharp_max,brightness,contrast,note,path
2021-W30,20210801T073000,8,0,273.0,451.0,470.2,98.63,51.84,,/home/jovyan/ooi/san_data/RS03ASHS-PN03B-06-CAMHDA301/2021/08/01/CAMHDA301-20210801T073000.mp4
2021-W31,20210802T163000,8,0,105.0,121.9,135.3,69.32,42.25,,/home/jovyan/ooi/san_data/RS03ASHS-PN03B-06-CAMHDA301/2021/08/02/CAMHDA301-20210802T163000.mp4
2021-W30,20210801T234500,8,0,100.8,130.1,152.3,65.34,39.34,,/home/jovyan/ooi/san_data/RS03ASHS-PN03B-06-CAMHDA301/2021/08/01/CAMHDA301-20210801T234500.mp4
2021-W30,20210801T171500,8,0,46.9,53.8,62.0,39.33,12.19,,/home/jovyan/ooi/san_data/RS03ASHS-PN03B-06-CAMHDA301/2021/08/01/CAMHDA301-20210801T171500.mp4
2021-W30,20210801T010000,8,0,234.9,397.0,463.4,97.48,51.12,,/home/jovyan/ooi/san_data/RS03ASHS-PN03B-06-CAMHDA301/2021/08/01/CAMHDA301-20210801T010000.mp4
2021-W31,20210803T004500,8,0,130.6,222.1,294.2,121.69,35.36,,/home/jovyan/ooi/san_data/RS03ASHS-PN03B-06-CAMHDA301/2021/08/03/CAMHDA301-20210803T004500.mp4
2021-W31,20210802T000000,8,0,59.8,104.0,167.8,65.21,39.18,,/home/jovyan/ooi/san_data/RS03ASHS-PN03B-06-CAMHDA301/2021/08/02/CAMHDA301-20210802T000000.mp4
2021-W30,20210801T041500,8,0,241.0,311.7,404.8,97.88,52.13,,/home/jovyan/ooi/san_data/RS03ASHS-PN03B-06-CAMHDA301/2021/08/01/CAMHDA301-20210801T041500.mp4
2021-W30,20210801T203000,8,0,89.4,111.1,123.4,68.20,41.73,,/home/jovyan/ooi/san_data/RS03ASHS-PN03B-06-CAMHDA301/2021/08/01/CAMHDA301-20210801T203000.mp4
2021-W30,20210801T104500,8,0,31.4,40.5,53.5,35.60,9.57,,/home/jovyan/ooi/san_data/RS03ASHS-PN03B-06-CAMHDA301/2021/08/01/CAMHDA301-20210801T104500.mp4
2021-W30,20210801T140000,8,0,45.3,57.0,61.1,36.93,12.27,,/home/jovyan/ooi/san_data/RS03ASHS-PN03B-06-CAMHDA301/2021/08/01/CAMHDA301-20210801T140000.mp4
2021-W31,20210802T081500,8,0,105.6,136.1,149.5,104.79,31.62,,/home/jovyan/ooi/san_data/RS03ASHS-PN03B-06-CAMHDA301/2021/08/02/CAMHDA301-20210802T081500.mp4
2021-W32,20210810T183000,8,0,71.0,97.2,124.2,93.56,10.57,,/home/jovyan/ooi/san_data/RS03ASHS-PN03B-06-CAMHDA301/2021/08/10/CAMHDA301-20210810T183000.mp4
2021-W32,20210813T061500,8,0,212.0,311.5,311.7,84.46,37.89,,/home/jovyan/ooi/san_data/RS03ASHS-PN03B-06-CAMHDA301/2021/08/13/CAMHDA301-20210813T061500.mp4
2021-W31,20210804T151500,8,0,312.4,459.8,559.5,80.88,37.91,,/home/jovyan/ooi/san_data/RS03ASHS-PN03B-06-CAMHDA301/2021/08/04/CAMHDA301-20210804T151500.mp4
2021-W32,20210810T081500,8,0,60.5,99.8,128.6,63.54,27.48,,/home/jovyan/ooi/san_data/RS03ASHS-PN03B-06-CAMHDA301/2021/08/10/CAMHDA301-20210810T081500.mp4
2021-W31,20210803T090000,8,0,81.3,105.8,125.6,91.20,17.63,,/home/jovyan/ooi/san_data/RS03ASHS-PN03B-06-CAMHDA301/2021/08/03/CAMHDA301-20210803T090000.mp4
2021-W32,20210809T001500,8,0,181.7,370.8,401.1,82.83,35.03,,/home/jovyan/ooi/san_data/RS03ASHS-PN03B-06-CAMHDA301/2021/08/09/CAMHDA301-20210809T001500.mp4
2021-W31,20210808T211500,8,0,206.4,326.1,351.7,84.34,35.36,,/home/jovyan/ooi/san_data/RS03ASHS-PN03B-06-CAMHDA301/2021/08/08/CAMHDA301-20210808T211500.mp4
2021-W32,20210810T031500,8,0,41.6,66.2,88.8,35.78,7.28,,/home/jovyan/ooi/san_data/RS03ASHS-PN03B-06-CAMHDA301/2021/08/10/CAMHDA301-20210810T031500.mp4
2021-W32,20210815T211500,8,0,118.6,212.5,311.5,88.71,37.01,,/home/jovyan/ooi/san_data/RS03ASHS-PN03B-06-CAMHDA301/2021/08/15/CAMHDA301-20210815T211500.mp4
2021-W32,20210810T133000,8,0,82.0,104.7,131.2,72.05,30.67,,/home/jovyan/ooi/san_data/RS03ASHS-PN03B-06-CAMHDA301/2021/08/10/CAMHDA301-20210810T133000.mp4
2021-W31,20210803T171500,8,0,471.8,547.0,560.1,118.21,38.39,,/home/jovyan/ooi/san_data/RS03ASHS-PN03B-06-CAMHDA301/2021/08/03/CAMHDA301-20210803T171500.mp4
2021-W32,20210810T234500,8,0,297.6,321.9,330.4,120.30,36.48,,/home/jovyan/ooi/san_data/RS03ASHS-PN03B-06-CAMHDA301/2021/08/10/CAMHDA301-20210810T234500.mp4
2021-W33,20210818T121500,8,0,167.7,244.9,300.6,83.72,34.20,,/home/jovyan/ooi/san_data/RS03ASHS-PN03B-06-CAMHDA301/2021/08/18/CAMHDA301-20210818T121500.mp4
2021-W33,20210816T001500,8,0,115.7,239.1,316.2,86.49,35.35,,/home/jovyan/ooi/san_data/RS03ASHS-PN03B-06-CAMHDA301/2021/08/16/CAMHDA301-20210816T001500.mp4
2021-W33,20210820T073000,8,0,62.2,105.0,120.5,71.59,27.31,,/home/jovyan/ooi/san_data/RS03ASHS-PN03B-06-CAMHDA301/2021/08/20/CAMHDA301-20210820T073000.mp4
2021-W33,20210820T021500,8,0,260.1,280.1,290.7,98.54,51.50,,/home/jovyan/ooi/san_data/RS03ASHS-PN03B-06-CAMHDA301/2021/08/20/CAMHDA301-20210820T021500.mp4
2021-W33,20210822T211500,8,0,152.3,219.8,237.3,87.75,35.06,,/home/jovyan/ooi/san_data/RS03ASHS-PN03B-06-CAMHDA301/2021/08/22/CAMHDA301-20210822T211500.mp4
2021-W34,20210826T001500,8,0,101.5,233.3,288.8,81.93,36.73,,/home/jovyan/ooi/san_data/RS03ASHS-PN03B-06-CAMHDA301/2021/08/26/CAMHDA301-20210826T001500.mp4
2021-W34,20210824T121500,8,0,82.6,154.3,166.9,87.41,32.09,,/home/jovyan/ooi/san_data/RS03ASHS-PN03B-06-CAMHDA301/2021/08/24/CAMHDA301-20210824T121500.mp4
2021-W33,20210820T174500,8,0,112.7,151.6,212.8,121.12,28.10,,/home/jovyan/ooi/san_data/RS03ASHS-PN03B-06-CAMHDA301/2021/08/20/CAMHDA301-20210820T174500.mp4
2021-W33,20210820T224500,8,0,197.5,326.2,345.3,120.99,32.08,,/home/jovyan/ooi/san_data/RS03ASHS-PN03B-06-CAMHDA301/2021/08/20/CAMHDA301-20210820T224500.mp4
2021-W34,20210823T001500,8,0,140.4,238.4,275.2,85.34,36.75,,/home/jovyan/ooi/san_data/RS03ASHS-PN03B-06-CAMHDA301/2021/08/23/CAMHDA301-20210823T001500.mp4
2021-W33,20210820T123000,8,0,72.5,80.5,92.9,73.14,30.63,,/home/jovyan/ooi/san_data/RS03ASHS-PN03B-06-CAMHDA301/2021/08/20/CAMHDA301-20210820T123000.mp4
2021-W34,20210827T121500,8,0,133.8,191.7,217.7,82.32,36.93,,/home/jovyan/ooi/san_data/RS03ASHS-PN03B-06-CAMHDA301/2021/08/27/CAMHDA301-20210827T121500.mp4
2021-W34,20210829T001000,0,8,,,,,,all-black,/home/jovyan/ooi/san_data/RS03ASHS-PN03B-06-CAMHDA301/2021/08/29/CAMHDA301-20210829T001000.mp4
2021-W35,20210830T211500,0,8,,,,,,all-black,/home/jovyan/ooi/san_data/RS03ASHS-PN03B-06-CAMHDA301/2021/08/30/CAMHDA301-20210830T211500.mp4
2021-W35,20210901T161500,2,6,369.7,374.3,375.5,113.02,46.46,,/home/jovyan/ooi/san_data/RS03ASHS-PN03B-06-CAMHDA301/2021/09/01/CAMHDA301-20210901T161500.mp4
2021-W34,20210829T234500,8,0,494.0,555.5,571.6,114.32,51.88,,/home/jovyan/ooi/san_data/RS03ASHS-PN03B-06-CAMHDA301/2021/08/29/CAMHDA301-20210829T234500.mp4
2021-W35,20210830T050000,8,0,406.7,626.5,634.5,117.92,31.72,,/home/jovyan/ooi/san_data/RS03ASHS-PN03B-06-CAMHDA301/2021/08/30/CAMHDA301-20210830T050000.mp4
2021-W34,20210829T174500,8,0,364.6,433.8,447.2,113.05,51.06,,/home/jovyan/ooi/san_data/RS03ASHS-PN03B-06-CAMHDA301/2021/08/29/CAMHDA301-20210829T174500.mp4
2021-W35,20210830T010000,8,0,473.4,553.4,557.2,114.28,51.56,,/home/jovyan/ooi/san_data/RS03ASHS-PN03B-06-CAMHDA301/2021/08/30/CAMHDA301-20210830T010000.mp4
2021-W34,20210829T204500,8,0,462.3,608.5,719.1,112.31,52.08,,/home/jovyan/ooi/san_data/RS03ASHS-PN03B-06-CAMHDA301/2021/08/29/CAMHDA301-20210829T204500.mp4
2021-W35,20210830T090000,8,0,466.5,527.5,528.9,113.27,51.20,,/home/jovyan/ooi/san_data/RS03ASHS-PN03B-06-CAMHDA301/2021/08/30/CAMHDA301-20210830T090000.mp4
2021-W35,20210903T151500,8,0,456.5,490.8,495.1,83.85,52.91,,/home/jovyan/ooi/san_data/RS03ASHS-PN03B-06-CAMHDA301/2021/09/03/CAMHDA301-20210903T151500.mp4
2021-W35,20210905T211500,8,0,371.6,586.1,591.6,81.99,53.92,,/home/jovyan/ooi/san_data/RS03ASHS-PN03B-06-CAMHDA301/2021/09/05/CAMHDA301-20210905T211500.mp4
2021-W35,20210830T130000,8,0,297.8,380.5,443.3,114.74,47.32,,/home/jovyan/ooi/san_data/RS03ASHS-PN03B-06-CAMHDA301/2021/08/30/CAMHDA301-20210830T130000.mp4
2021-W36,20210906T001500,8,0,283.2,532.2,758.2,85.54,50.93,,/home/jovyan/ooi/san_data/RS03ASHS-PN03B-06-CAMHDA301/2021/09/06/CAMHDA301-20210906T001500.mp4
2021-W36,20210908T121500,8,0,304.5,482.4,667.2,87.54,48.10,,/home/jovyan/ooi/san_data/RS03ASHS-PN03B-06-CAMHDA301/2021/09/08/CAMHDA301-20210908T121500.mp4
2021-W36,20210910T021500,8,0,518.5,600.6,636.3,92.94,67.06,,/home/jovyan/ooi/san_data/RS03ASHS-PN03B-06-CAMHDA301/2021/09/10/CAMHDA301-20210910T021500.mp4
2021-W36,20210910T123000,8,0,225.8,349.1,406.5,112.84,60.57,,/home/jovyan/ooi/san_data/RS03ASHS-PN03B-06-CAMHDA301/2021/09/10/CAMHDA301-20210910T123000.mp4
2021-W36,20210910T174500,8,0,124.2,203.6,227.5,104.62,34.28,,/home/jovyan/ooi/san_data/RS03ASHS-PN03B-06-CAMHDA301/2021/09/10/CAMHDA301-20210910T174500.mp4
2021-W36,20210912T211500,8,0,424.8,978.6,1300.5,77.67,55.90,,/home/jovyan/ooi/san_data/RS03ASHS-PN03B-06-CAMHDA301/2021/09/12/CAMHDA301-20210912T211500.mp4
2021-W36,20210910T073000,8,0,24.4,33.2,38.3,21.36,3.62,,/home/jovyan/ooi/san_data/RS03ASHS-PN03B-06-CAMHDA301/2021/09/10/CAMHDA301-20210910T073000.mp4
2021-W37,20210913T001500,8,0,372.9,837.1,1517.2,79.83,53.98,,/home/jovyan/ooi/san_data/RS03ASHS-PN03B-06-CAMHDA301/2021/09/13/CAMHDA301-20210913T001500.mp4
2021-W36,20210910T224500,8,0,459.4,562.2,615.9,101.06,60.93,,/home/jovyan/ooi/san_data/RS03ASHS-PN03B-06-CAMHDA301/2021/09/10/CAMHDA301-20210910T224500.mp4
2021-W37,20210915T211500,8,0,409.3,588.6,654.0,89.60,50.72,,/home/jovyan/ooi/san_data/RS03ASHS-PN03B-06-CAMHDA301/2021/09/15/CAMHDA301-20210915T211500.mp4
2021-W37,20210913T211500,8,0,459.0,727.3,737.3,81.15,55.37,,/home/jovyan/ooi/san_data/RS03ASHS-PN03B-06-CAMHDA301/2021/09/13/CAMHDA301-20210913T211500.mp4
2021-W37,20210914T211500,8,0,446.6,539.2,673.3,81.43,53.82,,/home/jovyan/ooi/san_data/RS03ASHS-PN03B-06-CAMHDA301/2021/09/14/CAMHDA301-20210914T211500.mp4
2021-W37,20210916T211500,8,0,530.4,636.8,727.2,87.86,52.39,,/home/jovyan/ooi/san_data/RS03ASHS-PN03B-06-CAMHDA301/2021/09/16/CAMHDA301-20210916T211500.mp4
2021-W38,20210920T001500,8,0,527.7,609.1,624.9,95.03,58.44,,/home/jovyan/ooi/san_data/RS03ASHS-PN03B-06-CAMHDA301/2021/09/20/CAMHDA301-20210920T001500.mp4
2021-W37,20210917T211500,8,0,350.4,486.6,577.8,86.36,46.05,,/home/jovyan/ooi/san_data/RS03ASHS-PN03B-06-CAMHDA301/2021/09/17/CAMHDA301-20210917T211500.mp4
2021-W37,20210919T211500,8,0,459.0,558.8,561.0,85.06,50.28,,/home/jovyan/ooi/san_data/RS03ASHS-PN03B-06-CAMHDA301/2021/09/19/CAMHDA301-20210919T211500.mp4
2021-W38,20210920T153000,8,0,108.0,167.8,235.1,112.19,14.29,,/home/jovyan/ooi/san_data/RS03ASHS-PN03B-06-CAMHDA301/2021/09/20/CAMHDA301-20210920T153000.mp4
2021-W37,20210918T211500,8,0,201.3,522.6,785.0,87.38,44.26,,/home/jovyan/ooi/san_data/RS03ASHS-PN03B-06-CAMHDA301/2021/09/18/CAMHDA301-20210918T211500.mp4
2021-W38,20210920T203000,8,0,538.7,751.2,856.4,127.77,50.51,,/home/jovyan/ooi/san_data/RS03ASHS-PN03B-06-CAMHDA301/2021/09/20/CAMHDA301-20210920T203000.mp4
2021-W38,20210920T051500,8,0,145.7,150.5,151.9,58.58,48.53,,/home/jovyan/ooi/san_data/RS03ASHS-PN03B-06-CAMHDA301/2021/09/20/CAMHDA301-20210920T051500.mp4
2021-W38,20210926T211500,8,0,418.7,530.5,566.8,81.96,53.60,,/home/jovyan/ooi/san_data/RS03ASHS-PN03B-06-CAMHDA301/2021/09/26/CAMHDA301-20210926T211500.mp4
2021-W38,20210920T101500,8,0,39.3,70.2,98.6,29.57,4.00,,/home/jovyan/ooi/san_data/RS03ASHS-PN03B-06-CAMHDA301/2021/09/20/CAMHDA301-20210920T101500.mp4
2021-W38,20210921T181500,8,0,446.7,731.9,1084.4,81.14,53.51,,/home/jovyan/ooi/san_data/RS03ASHS-PN03B-06-CAMHDA301/2021/09/21/CAMHDA301-20210921T181500.mp4
2021-W38,20210924T061500,8,0,281.1,465.2,575.5,88.77,45.05,,/home/jovyan/ooi/san_data/RS03ASHS-PN03B-06-CAMHDA301/2021/09/24/CAMHDA301-20210924T061500.mp4
2021-W39,20210927T001500,8,0,458.6,718.2,718.3,82.30,52.58,,/home/jovyan/ooi/san_data/RS03ASHS-PN03B-06-CAMHDA301/2021/09/27/CAMHDA301-20210927T001500.mp4
2021-W40,20211006T091500,0,8,,,,,,all-black,/home/jovyan/ooi/san_data/RS03ASHS-PN03B-06-CAMHDA301/2021/10/06/CAMHDA301-20211006T091500.mp4
2021-W39,20211001T041500,8,0,643.8,749.1,804.1,90.61,63.78,,/home/jovyan/ooi/san_data/RS03ASHS-PN03B-06-CAMHDA301/2021/10/01/CAMHDA301-20211001T041500.mp4
2021-W39,20211002T024500,8,0,549.0,576.4,579.8,88.96,66.44,,/home/jovyan/ooi/san_data/RS03ASHS-PN03B-06-CAMHDA301/2021/10/02/CAMHDA301-20211002T024500.mp4
2021-W39,20211002T140000,8,0,548.6,575.6,583.0,88.96,66.44,,/home/jovyan/ooi/san_data/RS03ASHS-PN03B-06-CAMHDA301/2021/10/02/CAMHDA301-20211002T140000.mp4
2021-W39,20211003T123000,8,0,548.3,582.9,583.2,88.96,66.44,,/home/jovyan/ooi/san_data/RS03ASHS-PN03B-06-CAMHDA301/2021/10/03/CAMHDA301-20211003T123000.mp4
2021-W40,20211008T211500,8,0,242.4,625.0,731.6,87.00,45.55,,/home/jovyan/ooi/san_data/RS03ASHS-PN03B-06-CAMHDA301/2021/10/08/CAMHDA301-20211008T211500.mp4
2021-W39,20211001T153000,8,0,549.2,582.6,582.8,88.96,66.44,,/home/jovyan/ooi/san_data/RS03ASHS-PN03B-06-CAMHDA301/2021/10/01/CAMHDA301-20211001T153000.mp4
2021-W39,20211003T234500,8,0,548.3,575.8,583.0,88.96,66.44,,/home/jovyan/ooi/san_data/RS03ASHS-PN03B-06-CAMHDA301/2021/10/03/CAMHDA301-20211003T234500.mp4
2021-W40,20211004T000000,6,2,547.5,560.4,571.3,88.98,66.43,,/home/jovyan/ooi/san_data/RS03ASHS-PN03B-06-CAMHDA301/2021/10/04/CAMHDA301-20211004T000000.mp4
2021-W39,20211003T011500,8,0,549.1,556.0,559.8,88.97,66.43,,/home/jovyan/ooi/san_data/RS03ASHS-PN03B-06-CAMHDA301/2021/10/03/CAMHDA301-20211003T011500.mp4
2021-W40,20211010T031500,8,0,76.0,135.9,141.0,66.42,36.42,,/home/jovyan/ooi/san_data/RS03ASHS-PN03B-06-CAMHDA301/2021/10/10/CAMHDA301-20211010T031500.mp4
2021-W40,20211010T081500,8,0,14.2,19.1,24.9,19.28,2.70,,/home/jovyan/ooi/san_data/RS03ASHS-PN03B-06-CAMHDA301/2021/10/10/CAMHDA301-20211010T081500.mp4
2021-W40,20211010T133000,8,0,286.9,406.1,455.0,120.39,37.64,,/home/jovyan/ooi/san_data/RS03ASHS-PN03B-06-CAMHDA301/2021/10/10/CAMHDA301-20211010T133000.mp4
2021-W40,20211010T183000,8,0,512.4,647.6,793.3,128.56,50.92,,/home/jovyan/ooi/san_data/RS03ASHS-PN03B-06-CAMHDA301/2021/10/10/CAMHDA301-20211010T183000.mp4
2021-W41,20211011T211500,8,0,340.5,446.6,470.2,85.70,48.25,,/home/jovyan/ooi/san_data/RS03ASHS-PN03B-06-CAMHDA301/2021/10/11/CAMHDA301-20211011T211500.mp4
2021-W41,20211011T000000,6,2,494.8,537.3,560.2,99.16,61.69,,/home/jovyan/ooi/san_data/RS03ASHS-PN03B-06-CAMHDA301/2021/10/11/CAMHDA301-20211011T000000.mp4
2021-W41,20211014T211500,8,0,251.9,444.1,569.6,87.69,44.95,,/home/jovyan/ooi/san_data/RS03ASHS-PN03B-06-CAMHDA301/2021/10/14/CAMHDA301-20211014T211500.mp4
2021-W41,20211015T211500,8,0,311.3,416.7,531.5,89.36,43.16,,/home/jovyan/ooi/san_data/RS03ASHS-PN03B-06-CAMHDA301/2021/10/15/CAMHDA301-20211015T211500.mp4
2021-W40,20211010T234500,8,0,455.3,493.9,501.1,99.56,59.77,,/home/jovyan/ooi/san_data/RS03ASHS-PN03B-06-CAMHDA301/2021/10/10/CAMHDA301-20211010T234500.mp4
2021-W41,20211012T211500,8,0,415.4,504.4,555.8,82.71,53.85,,/home/jovyan/ooi/san_data/RS03ASHS-PN03B-06-CAMHDA301/2021/10/12/CAMHDA301-20211012T211500.mp4
2021-W41,20211013T211500,8,0,346.5,467.6,513.8,84.93,50.21,,/home/jovyan/ooi/san_data/RS03ASHS-PN03B-06-CAMHDA301/2021/10/13/CAMHDA301-20211013T211500.mp4
2021-W41,20211017T211500,8,0,357.2,517.5,643.5,88.23,48.05,,/home/jovyan/ooi/san_data/RS03ASHS-PN03B-06-CAMHDA301/2021/10/17/CAMHDA301-20211017T211500.mp4
2021-W41,20211016T211500,8,0,336.4,534.8,617.3,85.66,49.09,,/home/jovyan/ooi/san_data/RS03ASHS-PN03B-06-CAMHDA301/2021/10/16/CAMHDA301-20211016T211500.mp4
2021-W42,20211018T001500,8,0,323.8,478.7,489.3,87.33,48.01,,/home/jovyan/ooi/san_data/RS03ASHS-PN03B-06-CAMHDA301/2021/10/18/CAMHDA301-20211018T001500.mp4
2021-W42,20211020T011500,8,0,425.3,508.4,557.0,92.55,59.84,,/home/jovyan/ooi/san_data/RS03ASHS-PN03B-06-CAMHDA301/2021/10/20/CAMHDA301-20211020T011500.mp4
2021-W42,20211020T061500,8,0,36.4,52.9,71.7,33.24,5.23,,/home/jovyan/ooi/san_data/RS03ASHS-PN03B-06-CAMHDA301/2021/10/20/CAMHDA301-20211020T061500.mp4
2021-W42,20211020T163000,8,0,160.4,372.2,376.8,112.64,31.28,,/home/jovyan/ooi/san_data/RS03ASHS-PN03B-06-CAMHDA301/2021/10/20/CAMHDA301-20211020T163000.mp4
2021-W42,20211020T113000,8,0,32.0,54.2,78.2,25.42,4.99,,/home/jovyan/ooi/san_data/RS03ASHS-PN03B-06-CAMHDA301/2021/10/20/CAMHDA301-20211020T113000.mp4
2021-W42,20211022T061500,8,0,247.7,455.0,630.9,87.40,47.35,,/home/jovyan/ooi/san_data/RS03ASHS-PN03B-06-CAMHDA301/2021/10/22/CAMHDA301-20211022T061500.mp4
2021-W42,20211020T214500,8,0,360.1,499.1,586.7,97.72,60.53,,/home/jovyan/ooi/san_data/RS03ASHS-PN03B-06-CAMHDA301/2021/10/20/CAMHDA301-20211020T214500.mp4
2021-W43,20211025T211500,8,0,318.5,469.0,642.6,84.61,47.37,,/home/jovyan/ooi/san_data/RS03ASHS-PN03B-06-CAMHDA301/2021/10/25/CAMHDA301-20211025T211500.mp4
2021-W42,20211024T211500,8,0,433.6,593.7,600.6,83.41,52.77,,/home/jovyan/ooi/san_data/RS03ASHS-PN03B-06-CAMHDA301/2021/10/24/CAMHDA301-20211024T211500.mp4
2021-W43,20211025T001500,8,0,330.1,530.9,613.4,85.18,48.24,,/home/jovyan/ooi/san_data/RS03ASHS-PN03B-06-CAMHDA301/2021/10/25/CAMHDA301-20211025T001500.mp4
2021-W43,20211027T211500,8,0,448.3,580.4,589.6,81.98,52.95,,/home/jovyan/ooi/san_data/RS03ASHS-PN03B-06-CAMHDA301/2021/10/27/CAMHDA301-20211027T211500.mp4
2021-W43,20211026T211500,8,0,507.9,591.2,681.7,81.08,56.02,,/home/jovyan/ooi/san_data/RS03ASHS-PN03B-06-CAMHDA301/2021/10/26/CAMHDA301-20211026T211500.mp4
2021-W43,20211028T211500,8,0,250.7,584.0,596.2,87.01,45.78,,/home/jovyan/ooi/san_data/RS03ASHS-PN03B-06-CAMHDA301/2021/10/28/CAMHDA301-20211028T211500.mp4
2021-W43,20211029T211500,8,0,426.5,542.4,571.2,81.38,54.00,,/home/jovyan/ooi/san_data/RS03ASHS-PN03B-06-CAMHDA301/2021/10/29/CAMHDA301-20211029T211500.mp4
2021-W43,20211031T211500,8,0,327.3,506.0,586.5,86.83,43.32,,/home/jovyan/ooi/san_data/RS03ASHS-PN03B-06-CAMHDA301/2021/10/31/CAMHDA301-20211031T211500.mp4
2021-W44,20211101T010000,8,0,447.6,568.8,686.3,90.71,58.68,,/home/jovyan/ooi/san_data/RS03ASHS-PN03B-06-CAMHDA301/2021/11/01/CAMHDA301-20211101T010000.mp4
2021-W43,20211030T211500,8,0,368.7,492.8,498.5,83.40,51.37,,/home/jovyan/ooi/san_data/RS03ASHS-PN03B-06-CAMHDA301/2021/10/30/CAMHDA301-20211030T211500.mp4
2021-W44,20211101T034500,8,0,682.3,768.8,855.7,87.60,61.95,,/home/jovyan/ooi/san_data/RS03ASHS-PN03B-06-CAMHDA301/2021/11/01/CAMHDA301-20211101T034500.mp4
2021-W44,20211101T063000,8,0,680.2,802.0,881.5,87.50,62.00,,/home/jovyan/ooi/san_data/RS03ASHS-PN03B-06-CAMHDA301/2021/11/01/CAMHDA301-20211101T063000.mp4
2021-W44,20211101T144500,8,0,90.4,167.4,189.6,60.08,42.22,,/home/jovyan/ooi/san_data/RS03ASHS-PN03B-06-CAMHDA301/2021/11/01/CAMHDA301-20211101T144500.mp4
2021-W44,20211101T120000,8,0,110.5,142.7,144.7,63.59,41.61,,/home/jovyan/ooi/san_data/RS03ASHS-PN03B-06-CAMHDA301/2021/11/01/CAMHDA301-20211101T120000.mp4
2021-W44,20211101T091500,8,0,111.4,145.6,152.6,56.23,41.84,,/home/jovyan/ooi/san_data/RS03ASHS-PN03B-06-CAMHDA301/2021/11/01/CAMHDA301-20211101T091500.mp4
2021-W45,20211108T001500,8,0,169.2,413.3,480.4,88.40,39.84,,/home/jovyan/ooi/san_data/RS03ASHS-PN03B-06-CAMHDA301/2021/11/08/CAMHDA301-20211108T001500.mp4
2021-W44,20211107T211500,8,0,424.0,699.2,811.2,80.40,53.32,,/home/jovyan/ooi/san_data/RS03ASHS-PN03B-06-CAMHDA301/2021/11/07/CAMHDA301-20211107T211500.mp4
2021-W44,20211106T121500,8,0,217.2,362.1,503.1,93.11,43.62,,/home/jovyan/ooi/san_data/RS03ASHS-PN03B-06-CAMHDA301/2021/11/06/CAMHDA301-20211106T121500.mp4
2021-W45,20211110T011500,8,0,332.1,442.0,535.3,89.79,57.42,,/home/jovyan/ooi/san_data/RS03ASHS-PN03B-06-CAMHDA301/2021/11/10/CAMHDA301-20211110T011500.mp4
2021-W45,20211110T163000,8,0,69.3,125.3,127.3,117.20,26.15,,/home/jovyan/ooi/san_data/RS03ASHS-PN03B-06-CAMHDA301/2021/11/10/CAMHDA301-20211110T163000.mp4
2021-W45,20211110T113000,8,0,26.6,39.3,40.5,22.81,4.08,,/home/jovyan/ooi/san_data/RS03ASHS-PN03B-06-CAMHDA301/2021/11/10/CAMHDA301-20211110T113000.mp4
2021-W45,20211110T061500,8,0,42.5,57.9,64.4,21.13,3.85,,/home/jovyan/ooi/san_data/RS03ASHS-PN03B-06-CAMHDA301/2021/11/10/CAMHDA301-20211110T061500.mp4
2021-W45,20211112T061500,8,0,202.0,392.1,565.1,87.01,43.18,,/home/jovyan/ooi/san_data/RS03ASHS-PN03B-06-CAMHDA301/2021/11/12/CAMHDA301-20211112T061500.mp4
2021-W46,20211115T001500,8,0,236.2,459.0,503.5,86.22,43.99,,/home/jovyan/ooi/san_data/RS03ASHS-PN03B-06-CAMHDA301/2021/11/15/CAMHDA301-20211115T001500.mp4
2021-W45,20211110T214500,8,0,437.8,504.6,505.9,98.12,59.10,,/home/jovyan/ooi/san_data/RS03ASHS-PN03B-06-CAMHDA301/2021/11/10/CAMHDA301-20211110T214500.mp4
2021-W45,20211114T211500,8,0,257.8,422.0,477.5,85.28,43.75,,/home/jovyan/ooi/san_data/RS03ASHS-PN03B-06-CAMHDA301/2021/11/14/CAMHDA301-20211114T211500.mp4
2021-W46,20211120T001500,8,0,667.1,721.7,747.6,88.09,58.96,,/home/jovyan/ooi/san_data/RS03ASHS-PN03B-06-CAMHDA301/2021/11/20/CAMHDA301-20211120T001500.mp4
2021-W46,20211117T121500,8,0,241.2,463.2,610.8,87.58,45.46,,/home/jovyan/ooi/san_data/RS03ASHS-PN03B-06-CAMHDA301/2021/11/17/CAMHDA301-20211117T121500.mp4
2021-W46,20211120T053000,8,0,92.9,138.1,185.4,59.01,46.93,,/home/jovyan/ooi/san_data/RS03ASHS-PN03B-06-CAMHDA301/2021/11/20/CAMHDA301-20211120T053000.mp4
2021-W46,20211120T103000,8,0,33.3,55.0,70.5,28.58,3.58,,/home/jovyan/ooi/san_data/RS03ASHS-PN03B-06-CAMHDA301/2021/11/20/CAMHDA301-20211120T103000.mp4
2021-W46,20211120T154500,8,0,94.9,171.1,217.2,118.47,30.59,,/home/jovyan/ooi/san_data/RS03ASHS-PN03B-06-CAMHDA301/2021/11/20/CAMHDA301-20211120T154500.mp4
2021-W46,20211121T211500,8,0,353.5,494.2,512.3,83.74,44.39,,/home/jovyan/ooi/san_data/RS03ASHS-PN03B-06-CAMHDA301/2021/11/21/CAMHDA301-20211121T211500.mp4
2021-W46,20211120T204500,8,0,724.5,836.1,919.2,118.86,49.36,,/home/jovyan/ooi/san_data/RS03ASHS-PN03B-06-CAMHDA301/2021/11/20/CAMHDA301-20211120T204500.mp4
2021-W47,20211122T211500,8,0,507.5,581.0,615.3,81.79,48.69,,/home/jovyan/ooi/san_data/RS03ASHS-PN03B-06-CAMHDA301/2021/11/22/CAMHDA301-20211122T211500.mp4
2021-W47,20211123T211500,8,0,266.1,451.7,551.1,85.32,43.29,,/home/jovyan/ooi/san_data/RS03ASHS-PN03B-06-CAMHDA301/2021/11/23/CAMHDA301-20211123T211500.mp4
2021-W47,20211122T001500,0,8,,,,,,all-black,/home/jovyan/ooi/san_data/RS03ASHS-PN03B-06-CAMHDA301/2021/11/22/CAMHDA301-20211122T001500.mp4
2021-W47,20211124T211500,8,0,484.9,621.0,650.0,78.72,52.47,,/home/jovyan/ooi/san_data/RS03ASHS-PN03B-06-CAMHDA301/2021/11/24/CAMHDA301-20211124T211500.mp4
2021-W47,20211125T211500,8,0,322.8,560.5,612.0,87.01,45.03,,/home/jovyan/ooi/san_data/RS03ASHS-PN03B-06-CAMHDA301/2021/11/25/CAMHDA301-20211125T211500.mp4
2021-W47,20211126T211500,8,0,438.5,675.6,745.2,78.10,52.50,,/home/jovyan/ooi/san_data/RS03ASHS-PN03B-06-CAMHDA301/2021/11/26/CAMHDA301-20211126T211500.mp4
2021-W47,20211127T211500,8,0,513.3,830.0,1136.4,77.82,53.09,,/home/jovyan/ooi/san_data/RS03ASHS-PN03B-06-CAMHDA301/2021/11/27/CAMHDA301-20211127T211500.mp4
2021-W47,20211128T211500,8,0,193.0,415.7,494.0,84.27,46.43,,/home/jovyan/ooi/san_data/RS03ASHS-PN03B-06-CAMHDA301/2021/11/28/CAMHDA301-20211128T211500.mp4
2021-W48,20211129T001500,8,0,322.0,659.6,842.9,81.10,49.14,,/home/jovyan/ooi/san_data/RS03ASHS-PN03B-06-CAMHDA301/2021/11/29/CAMHDA301-20211129T001500.mp4
2021-W48,20211201T081500,8,0,528.7,656.8,734.8,89.18,57.65,,/home/jovyan/ooi/san_data/RS03ASHS-PN03B-06-CAMHDA301/2021/12/01/CAMHDA301-20211201T081500.mp4
2021-W48,20211201T193000,8,0,19.8,36.4,51.7,17.93,2.58,,/home/jovyan/ooi/san_data/RS03ASHS-PN03B-06-CAMHDA301/2021/12/01/CAMHDA301-20211201T193000.mp4
2021-W48,20211202T064500,8,0,19.0,34.4,56.5,18.53,2.49,,/home/jovyan/ooi/san_data/RS03ASHS-PN03B-06-CAMHDA301/2021/12/02/CAMHDA301-20211202T064500.mp4
2021-W48,20211203T051500,8,0,513.2,574.8,583.8,117.44,44.35,,/home/jovyan/ooi/san_data/RS03ASHS-PN03B-06-CAMHDA301/2021/12/03/CAMHDA301-20211203T051500.mp4
2021-W48,20211202T180000,8,0,391.8,438.2,447.9,114.98,43.16,,/home/jovyan/ooi/san_data/RS03ASHS-PN03B-06-CAMHDA301/2021/12/02/CAMHDA301-20211202T180000.mp4
2021-W48,20211203T163000,8,0,543.9,628.8,693.2,91.01,57.53,,/home/jovyan/ooi/san_data/RS03ASHS-PN03B-06-CAMHDA301/2021/12/03/CAMHDA301-20211203T163000.mp4
2021-W49,20211208T121500,8,0,307.3,448.4,499.1,84.75,43.11,,/home/jovyan/ooi/san_data/RS03ASHS-PN03B-06-CAMHDA301/2021/12/08/CAMHDA301-20211208T121500.mp4
2021-W48,20211205T211500,8,0,453.6,621.9,821.1,80.23,49.49,,/home/jovyan/ooi/san_data/RS03ASHS-PN03B-06-CAMHDA301/2021/12/05/CAMHDA301-20211205T211500.mp4
2021-W49,20211206T001500,8,0,444.2,690.9,818.8,79.20,50.79,,/home/jovyan/ooi/san_data/RS03ASHS-PN03B-06-CAMHDA301/2021/12/06/CAMHDA301-20211206T001500.mp4
2021-W49,20211210T021500,8,0,618.1,721.5,725.1,80.28,59.52,,/home/jovyan/ooi/san_data/RS03ASHS-PN03B-06-CAMHDA301/2021/12/10/CAMHDA301-20211210T021500.mp4
2021-W49,20211210T073000,8,0,42.6,60.1,64.2,29.97,4.29,,/home/jovyan/ooi/san_data/RS03ASHS-PN03B-06-CAMHDA301/2021/12/10/CAMHDA301-20211210T073000.mp4
2021-W49,20211210T174500,8,0,118.4,188.4,262.8,120.69,24.37,,/home/jovyan/ooi/san_data/RS03ASHS-PN03B-06-CAMHDA301/2021/12/10/CAMHDA301-20211210T174500.mp4
2021-W49,20211210T123000,8,0,219.3,334.1,393.2,116.79,34.58,,/home/jovyan/ooi/san_data/RS03ASHS-PN03B-06-CAMHDA301/2021/12/10/CAMHDA301-20211210T123000.mp4
2021-W49,20211212T211500,8,0,234.1,417.1,623.1,86.12,40.17,,/home/jovyan/ooi/san_data/RS03ASHS-PN03B-06-CAMHDA301/2021/12/12/CAMHDA301-20211212T211500.mp4
2021-W49,20211210T224500,8,0,593.7,670.4,689.0,90.93,57.10,,/home/jovyan/ooi/san_data/RS03ASHS-PN03B-06-CAMHDA301/2021/12/10/CAMHDA301-20211210T224500.mp4
2021-W50,20211213T211500,8,0,202.0,404.3,465.2,87.77,42.35,,/home/jovyan/ooi/san_data/RS03ASHS-PN03B-06-CAMHDA301/2021/12/13/CAMHDA301-20211213T211500.mp4
2021-W50,20211213T001500,8,0,585.7,686.9,823.7,80.26,50.74,,/home/jovyan/ooi/san_data/RS03ASHS-PN03B-06-CAMHDA301/2021/12/13/CAMHDA301-20211213T001500.mp4
2021-W50,20211214T211500,8,0,419.6,505.4,514.5,83.00,46.96,,/home/jovyan/ooi/san_data/RS03ASHS-PN03B-06-CAMHDA301/2021/12/14/CAMHDA301-20211214T211500.mp4
2021-W50,20211215T211500,8,0,641.5,814.3,849.3,78.03,50.72,,/home/jovyan/ooi/san_data/RS03ASHS-PN03B-06-CAMHDA301/2021/12/15/CAMHDA301-20211215T211500.mp4
2021-W50,20211216T211500,8,0,266.5,784.4,1070.8,84.86,44.64,,/home/jovyan/ooi/san_data/RS03ASHS-PN03B-06-CAMHDA301/2021/12/16/CAMHDA301-20211216T211500.mp4
2021-W50,20211218T211500,8,0,459.3,721.0,811.0,83.89,45.47,,/home/jovyan/ooi/san_data/RS03ASHS-PN03B-06-CAMHDA301/2021/12/18/CAMHDA301-20211218T211500.mp4
2021-W50,20211217T211500,8,0,567.3,1120.6,1169.5,77.52,50.81,,/home/jovyan/ooi/san_data/RS03ASHS-PN03B-06-CAMHDA301/2021/12/17/CAMHDA301-20211217T211500.mp4
2021-W50,20211219T211500,8,0,301.3,471.3,696.1,82.42,44.65,,/home/jovyan/ooi/san_data/RS03ASHS-PN03B-06-CAMHDA301/2021/12/19/CAMHDA301-20211219T211500.mp4
2021-W51,20211220T001500,8,0,486.6,594.1,601.6,87.76,59.40,,/home/jovyan/ooi/san_data/RS03ASHS-PN03B-06-CAMHDA301/2021/12/20/CAMHDA301-20211220T001500.mp4
2021-W51,20211220T051500,8,0,202.5,2067.1,3934.0,61.64,48.58,,/home/jovyan/ooi/san_data/RS03ASHS-PN03B-06-CAMHDA301/2021/12/20/CAMHDA301-20211220T051500.mp4
2021-W51,20211220T101500,8,0,38.5,56.3,66.9,19.02,2.97,,/home/jovyan/ooi/san_data/RS03ASHS-PN03B-06-CAMHDA301/2021/12/20/CAMHDA301-20211220T101500.mp4
2021-W51,20211220T203000,8,0,342.5,626.2,671.5,121.83,33.42,,/home/jovyan/ooi/san_data/RS03ASHS-PN03B-06-CAMHDA301/2021/12/20/CAMHDA301-20211220T203000.mp4
2021-W51,20211220T153000,8,0,386.3,505.6,657.8,118.32,39.49,,/home/jovyan/ooi/san_data/RS03ASHS-PN03B-06-CAMHDA301/2021/12/20/CAMHDA301-20211220T153000.mp4
2021-W51,20211221T181500,8,0,367.5,597.2,670.2,82.65,44.74,,/home/jovyan/ooi/san_data/RS03ASHS-PN03B-06-CAMHDA301/2021/12/21/CAMHDA301-20211221T181500.mp4
2021-W51,20211224T061500,8,0,540.4,947.8,1088.6,81.41,43.47,,/home/jovyan/ooi/san_data/RS03ASHS-PN03B-06-CAMHDA301/2021/12/24/CAMHDA301-20211224T061500.mp4
2021-W52,20211227T001500,8,0,615.4,890.0,1131.7,77.76,54.36,,/home/jovyan/ooi/san_data/RS03ASHS-PN03B-06-CAMHDA301/2021/12/27/CAMHDA301-20211227T001500.mp4
2021-W51,20211226T211500,8,0,301.7,710.6,752.5,82.20,47.97,,/home/jovyan/ooi/san_data/RS03ASHS-PN03B-06-CAMHDA301/2021/12/26/CAMHDA301-20211226T211500.mp4
2021-W52,20220101T070000,8,0,463.3,574.8,668.9,89.01,57.99,,/home/jovyan/ooi/san_data/RS03ASHS-PN03B-06-CAMHDA301/2022/01/01/CAMHDA301-20220101T070000.mp4
2021-W52,20211231T001500,8,0,337.7,711.2,907.8,89.01,40.22,,/home/jovyan/ooi/san_data/RS03ASHS-PN03B-06-CAMHDA301/2021/12/31/CAMHDA301-20211231T001500.mp4
2021-W52,20220101T151500,8,0,102.2,207.9,351.3,66.91,51.42,,/home/jovyan/ooi/san_data/RS03ASHS-PN03B-06-CAMHDA301/2022/01/01/CAMHDA301-20220101T151500.mp4
2021-W52,20220101T231500,8,0,48.2,86.9,89.0,27.22,4.04,,/home/jovyan/ooi/san_data/RS03ASHS-PN03B-06-CAMHDA301/2022/01/01/CAMHDA301-20220101T231500.mp4
2021-W52,20220102T234500,8,0,168.4,362.3,658.4,120.35,28.60,,/home/jovyan/ooi/san_data/RS03ASHS-PN03B-06-CAMHDA301/2022/01/02/CAMHDA301-20220102T234500.mp4
2022-W01,20220103T000000,8,0,196.7,392.7,393.6,119.24,34.34,,/home/jovyan/ooi/san_data/RS03ASHS-PN03B-06-CAMHDA301/2022/01/03/CAMHDA301-20220103T000000.mp4
2021-W52,20220102T153000,8,0,316.1,552.4,734.4,115.03,40.61,,/home/jovyan/ooi/san_data/RS03ASHS-PN03B-06-CAMHDA301/2022/01/02/CAMHDA301-20220102T153000.mp4
2022-W01,20220103T050000,8,0,226.5,2630.7,7954.3,121.58,27.28,,/home/jovyan/ooi/san_data/RS03ASHS-PN03B-06-CAMHDA301/2022/01/03/CAMHDA301-20220103T050000.mp4
2021-W52,20220102T073000,8,0,42.1,73.8,87.8,28.35,4.44,,/home/jovyan/ooi/san_data/RS03ASHS-PN03B-06-CAMHDA301/2022/01/02/CAMHDA301-20220102T073000.mp4
2022-W01,20220103T101500,8,0,202.1,241.3,251.5,121.09,30.47,,/home/jovyan/ooi/san_data/RS03ASHS-PN03B-06-CAMHDA301/2022/01/03/CAMHDA301-20220103T101500.mp4
2022-W01,20220103T151500,8,0,706.9,3938.5,11155.4,94.47,59.71,,/home/jovyan/ooi/san_data/RS03ASHS-PN03B-06-CAMHDA301/2022/01/03/CAMHDA301-20220103T151500.mp4
2022-W01,20220103T203000,5,3,679.9,758.4,784.3,84.83,63.48,,/home/jovyan/ooi/san_data/RS03ASHS-PN03B-06-CAMHDA301/2022/01/03/CAMHDA301-20220103T203000.mp4
2022-W01,20220104T151500,8,0,449.3,609.2,759.5,80.15,51.74,,/home/jovyan/ooi/san_data/RS03ASHS-PN03B-06-CAMHDA301/2022/01/04/CAMHDA301-20220104T151500.mp4
2022-W01,20220109T211500,8,0,334.8,470.8,560.2,83.34,47.33,,/home/jovyan/ooi/san_data/RS03ASHS-PN03B-06-CAMHDA301/2022/01/09/CAMHDA301-20220109T211500.mp4
2022-W01,20220107T061500,8,0,414.2,832.5,1018.3,79.70,51.37,,/home/jovyan/ooi/san_data/RS03ASHS-PN03B-06-CAMHDA301/2022/01/07/CAMHDA301-20220107T061500.mp4
2022-W02,20220110T001500,8,0,384.2,588.0,674.9,86.52,58.30,,/home/jovyan/ooi/san_data/RS03ASHS-PN03B-06-CAMHDA301/2022/01/10/CAMHDA301-20220110T001500.mp4
2022-W02,20220110T203000,8,0,187.6,285.1,327.3,121.48,30.25,,/home/jovyan/ooi/san_data/RS03ASHS-PN03B-06-CAMHDA301/2022/01/10/CAMHDA301-20220110T203000.mp4
2022-W02,20220110T051500,8,0,144.4,221.1,240.7,65.82,46.31,,/home/jovyan/ooi/san_data/RS03ASHS-PN03B-06-CAMHDA301/2022/01/10/CAMHDA301-20220110T051500.mp4
2022-W02,20220110T101500,8,0,28.0,43.5,44.8,23.39,3.35,,/home/jovyan/ooi/san_data/RS03ASHS-PN03B-06-CAMHDA301/2022/01/10/CAMHDA301-20220110T101500.mp4
2022-W02,20220110T153000,8,0,197.4,315.7,350.2,114.09,40.03,,/home/jovyan/ooi/san_data/RS03ASHS-PN03B-06-CAMHDA301/2022/01/10/CAMHDA301-20220110T153000.mp4
2022-W02,20220111T181500,8,0,427.4,646.1,683.3,77.63,53.47,,/home/jovyan/ooi/san_data/RS03ASHS-PN03B-06-CAMHDA301/2022/01/11/CAMHDA301-20220111T181500.mp4
2022-W02,20220116T211500,8,0,310.5,546.3,550.9,80.76,46.83,,/home/jovyan/ooi/san_data/RS03ASHS-PN03B-06-CAMHDA301/2022/01/16/CAMHDA301-20220116T211500.mp4
2022-W03,20220117T001500,8,0,444.1,700.7,848.3,79.19,50.87,,/home/jovyan/ooi/san_data/RS03ASHS-PN03B-06-CAMHDA301/2022/01/17/CAMHDA301-20220117T001500.mp4
2022-W02,20220114T061500,8,0,333.1,442.4,449.6,80.12,51.18,,/home/jovyan/ooi/san_data/RS03ASHS-PN03B-06-CAMHDA301/2022/01/14/CAMHDA301-20220114T061500.mp4
2022-W03,20220119T121500,8,0,301.4,663.5,668.5,81.87,48.53,,/home/jovyan/ooi/san_data/RS03ASHS-PN03B-06-CAMHDA301/2022/01/19/CAMHDA301-20220119T121500.mp4
2022-W03,20220120T041500,8,0,119.5,147.4,154.0,68.86,53.02,,/home/jovyan/ooi/san_data/RS03ASHS-PN03B-06-CAMHDA301/2022/01/20/CAMHDA301-20220120T041500.mp4
2022-W03,20220120T143000,8,0,173.8,231.3,266.9,118.54,30.38,,/home/jovyan/ooi/san_data/RS03ASHS-PN03B-06-CAMHDA301/2022/01/20/CAMHDA301-20220120T143000.mp4
2022-W03,20220120T093000,8,0,19.7,30.9,34.0,28.16,3.80,,/home/jovyan/ooi/san_data/RS03ASHS-PN03B-06-CAMHDA301/2022/01/20/CAMHDA301-20220120T093000.mp4
2022-W03,20220121T061500,8,0,325.7,684.6,823.9,80.43,49.32,,/home/jovyan/ooi/san_data/RS03ASHS-PN03B-06-CAMHDA301/2022/01/21/CAMHDA301-20220121T061500.mp4
2022-W04,20220124T001500,8,0,293.6,423.7,441.3,80.79,50.24,,/home/jovyan/ooi/san_data/RS03ASHS-PN03B-06-CAMHDA301/2022/01/24/CAMHDA301-20220124T001500.mp4
2022-W03,20220123T211500,8,0,396.6,624.2,647.0,77.92,51.99,,/home/jovyan/ooi/san_data/RS03ASHS-PN03B-06-CAMHDA301/2022/01/23/CAMHDA301-20220123T211500.mp4
2022-W03,20220120T194500,8,0,428.0,497.6,530.5,113.02,47.62,,/home/jovyan/ooi/san_data/RS03ASHS-PN03B-06-CAMHDA301/2022/01/20/CAMHDA301-20220120T194500.mp4
2022-W04,20220124T211500,8,0,366.3,659.3,726.4,77.94,51.56,,/home/jovyan/ooi/san_data/RS03ASHS-PN03B-06-CAMHDA301/2022/01/24/CAMHDA301-20220124T211500.mp4
2022-W04,20220125T211500,8,0,224.4,673.7,713.9,81.64,46.88,,/home/jovyan/ooi/san_data/RS03ASHS-PN03B-06-CAMHDA301/2022/01/25/CAMHDA301-20220125T211500.mp4
2022-W04,20220126T211500,8,0,218.3,622.5,652.4,83.74,45.75,,/home/jovyan/ooi/san_data/RS03ASHS-PN03B-06-CAMHDA301/2022/01/26/CAMHDA301-20220126T211500.mp4
2022-W04,20220127T211500,8,0,453.4,666.4,727.3,77.91,52.02,,/home/jovyan/ooi/san_data/RS03ASHS-PN03B-06-CAMHDA301/2022/01/27/CAMHDA301-20220127T211500.mp4
2022-W04,20220128T211500,8,0,348.0,535.0,686.8,83.67,44.83,,/home/jovyan/ooi/san_data/RS03ASHS-PN03B-06-CAMHDA301/2022/01/28/CAMHDA301-20220128T211500.mp4
2022-W04,20220129T211500,8,0,367.2,798.7,825.4,78.13,52.31,,/home/jovyan/ooi/san_data/RS03ASHS-PN03B-06-CAMHDA301/2022/01/29/CAMHDA301-20220129T211500.mp4
2022-W04,20220130T211500,8,0,354.4,640.6,749.7,78.23,51.18,,/home/jovyan/ooi/san_data/RS03ASHS-PN03B-06-CAMHDA301/2022/01/30/CAMHDA301-20220130T211500.mp4
2022-W05,20220131T001500,8,0,374.0,571.8,694.0,80.77,49.11,,/home/jovyan/ooi/san_data/RS03ASHS-PN03B-06-CAMHDA301/2022/01/31/CAMHDA301-20220131T001500.mp4
2022-W05,20220201T101500,8,0,92.3,162.3,162.5,69.89,46.04,,/home/jovyan/ooi/san_data/RS03ASHS-PN03B-06-CAMHDA301/2022/02/01/CAMHDA301-20220201T101500.mp4
2022-W05,20220202T200000,8,0,151.2,192.1,220.6,122.08,15.47,,/home/jovyan/ooi/san_data/RS03ASHS-PN03B-06-CAMHDA301/2022/02/02/CAMHDA301-20220202T200000.mp4
2022-W05,20220201T213000,8,0,12.9,20.6,21.8,17.09,2.20,,/home/jovyan/ooi/san_data/RS03ASHS-PN03B-06-CAMHDA301/2022/02/01/CAMHDA301-20220201T213000.mp4
2022-W05,20220202T084500,8,0,15.9,23.0,29.4,19.19,2.75,,/home/jovyan/ooi/san_data/RS03ASHS-PN03B-06-CAMHDA301/2022/02/02/CAMHDA301-20220202T084500.mp4
2022-W05,20220203T071500,8,0,338.3,471.0,542.5,113.56,43.82,,/home/jovyan/ooi/san_data/RS03ASHS-PN03B-06-CAMHDA301/2022/02/03/CAMHDA301-20220203T071500.mp4
2022-W06,20220207T001500,8,0,499.2,879.3,1179.7,76.53,54.13,,/home/jovyan/ooi/san_data/RS03ASHS-PN03B-06-CAMHDA301/2022/02/07/CAMHDA301-20220207T001500.mp4
2022-W05,20220203T183000,8,0,769.2,873.0,908.5,95.18,59.78,,/home/jovyan/ooi/san_data/RS03ASHS-PN03B-06-CAMHDA301/2022/02/03/CAMHDA301-20220203T183000.mp4
2022-W05,20220206T211500,8,0,252.9,596.3,659.2,82.25,45.81,,/home/jovyan/ooi/san_data/RS03ASHS-PN03B-06-CAMHDA301/2022/02/06/CAMHDA301-20220206T211500.mp4
2022-W06,20220209T121500,8,0,424.1,768.2,849.3,79.41,51.52,,/home/jovyan/ooi/san_data/RS03ASHS-PN03B-06-CAMHDA301/2022/02/09/CAMHDA301-20220209T121500.mp4
2022-W06,20220210T041500,8,0,110.6,134.6,154.3,69.59,50.07,,/home/jovyan/ooi/san_data/RS03ASHS-PN03B-06-CAMHDA301/2022/02/10/CAMHDA301-20220210T041500.mp4
2022-W06,20220211T061500,8,0,454.5,744.9,775.5,78.28,52.92,,/home/jovyan/ooi/san_data/RS03ASHS-PN03B-06-CAMHDA301/2022/02/11/CAMHDA301-20220211T061500.mp4
2022-W06,20220210T194500,8,0,370.2,551.7,774.4,110.87,46.31,,/home/jovyan/ooi/san_data/RS03ASHS-PN03B-06-CAMHDA301/2022/02/10/CAMHDA301-20220210T194500.mp4
2022-W06,20220210T143000,8,0,125.7,189.0,250.1,121.25,17.50,,/home/jovyan/ooi/san_data/RS03ASHS-PN03B-06-CAMHDA301/2022/02/10/CAMHDA301-20220210T143000.mp4
2022-W06,20220210T093000,8,0,31.6,67.1,98.1,29.52,4.30,,/home/jovyan/ooi/san_data/RS03ASHS-PN03B-06-CAMHDA301/2022/02/10/CAMHDA301-20220210T093000.mp4
2022-W06,20220213T211500,8,0,271.1,466.9,574.7,82.70,46.31,,/home/jovyan/ooi/san_data/RS03ASHS-PN03B-06-CAMHDA301/2022/02/13/CAMHDA301-20220213T211500.mp4
2022-W07,20220214T001500,8,0,421.5,690.6,785.9,80.03,51.09,,/home/jovyan/ooi/san_data/RS03ASHS-PN03B-06-CAMHDA301/2022/02/14/CAMHDA301-20220214T001500.mp4
2022-W07,20220216T121500,8,0,333.6,755.0,835.4,82.22,45.97,,/home/jovyan/ooi/san_data/RS03ASHS-PN03B-06-CAMHDA301/2022/02/16/CAMHDA301-20220216T121500.mp4
2022-W07,20220220T031500,8,0,94.4,156.5,201.6,73.39,28.66,,/home/jovyan/ooi/san_data/RS03ASHS-PN03B-06-CAMHDA301/2022/02/20/CAMHDA301-20220220T031500.mp4
2022-W07,20220219T001500,8,0,373.2,721.3,730.8,76.97,52.70,,/home/jovyan/ooi/san_data/RS03ASHS-PN03B-06-CAMHDA301/2022/02/19/CAMHDA301-20220219T001500.mp4
2022-W07,20220220T083000,8,0,22.4,29.2,43.1,34.37,3.91,,/home/jovyan/ooi/san_data/RS03ASHS-PN03B-06-CAMHDA301/2022/02/20/CAMHDA301-20220220T083000.mp4
2022-W07,20220220T133000,8,0,189.7,258.6,286.9,116.57,35.16,,/home/jovyan/ooi/san_data/RS03ASHS-PN03B-06-CAMHDA301/2022/02/20/CAMHDA301-20220220T133000.mp4
2022-W08,20220226T211500,0,8,,,,,,all-black,/home/jovyan/ooi/san_data/RS03ASHS-PN03B-06-CAMHDA301/2022/02/26/CAMHDA301-20220226T211500.mp4
2022-W08,20220221T000000,6,2,612.5,676.1,710.2,100.22,57.04,,/home/jovyan/ooi/san_data/RS03ASHS-PN03B-06-CAMHDA301/2022/02/21/CAMHDA301-20220221T000000.mp4
2022-W07,20220220T183000,8,0,154.9,235.1,360.7,112.63,44.03,,/home/jovyan/ooi/san_data/RS03ASHS-PN03B-06-CAMHDA301/2022/02/20/CAMHDA301-20220220T183000.mp4
2022-W08,20220222T211500,8,0,191.5,577.8,627.7,84.85,42.50,,/home/jovyan/ooi/san_data/RS03ASHS-PN03B-06-CAMHDA301/2022/02/22/CAMHDA301-20220222T211500.mp4
2022-W07,20220220T234500,8,0,621.0,706.1,802.1,100.52,56.95,,/home/jovyan/ooi/san_data/RS03ASHS-PN03B-06-CAMHDA301/2022/02/20/CAMHDA301-20220220T234500.mp4
2022-W08,20220223T211500,8,0,342.8,854.0,959.7,80.48,48.96,,/home/jovyan/ooi/san_data/RS03ASHS-PN03B-06-CAMHDA301/2022/02/23/CAMHDA301-20220223T211500.mp4
2022-W08,20220221T211500,8,0,390.8,633.1,698.2,78.78,50.37,,/home/jovyan/ooi/san_data/RS03ASHS-PN03B-06-CAMHDA301/2022/02/21/CAMHDA301-20220221T211500.mp4
2022-W08,20220225T211500,8,0,244.5,465.2,532.2,83.49,46.14,,/home/jovyan/ooi/san_data/RS03ASHS-PN03B-06-CAMHDA301/2022/02/25/CAMHDA301-20220225T211500.mp4
2022-W08,20220224T211500,8,0,430.6,940.3,1058.9,77.03,53.14,,/home/jovyan/ooi/san_data/RS03ASHS-PN03B-06-CAMHDA301/2022/02/24/CAMHDA301-20220224T211500.mp4
2022-W08,20220227T211500,8,0,378.7,936.8,1366.0,79.83,50.20,,/home/jovyan/ooi/san_data/RS03ASHS-PN03B-06-CAMHDA301/2022/02/27/CAMHDA301-20220227T211500.mp4
2022-W09,20220228T001500,8,0,447.4,639.2,891.1,78.66,50.93,,/home/jovyan/ooi/san_data/RS03ASHS-PN03B-06-CAMHDA301/2022/02/28/CAMHDA301-20220228T001500.mp4
2022-W09,20220301T101500,0,8,,,,,,all-black,/home/jovyan/ooi/san_data/RS03ASHS-PN03B-06-CAMHDA301/2022/03/01/CAMHDA301-20220301T101500.mp4
2022-W09,20220301T213000,0,8,,,,,,all-black,/home/jovyan/ooi/san_data/RS03ASHS-PN03B-06-CAMHDA301/2022/03/01/CAMHDA301-20220301T213000.mp4
2022-W09,20220302T090000,0,8,,,,,,all-black,/home/jovyan/ooi/san_data/RS03ASHS-PN03B-06-CAMHDA301/2022/03/02/CAMHDA301-20220302T090000.mp4
2022-W09,20220303T184500,0,8,,,,,,all-black,/home/jovyan/ooi/san_data/RS03ASHS-PN03B-06-CAMHDA301/2022/03/03/CAMHDA301-20220303T184500.mp4
2022-W09,20220303T073000,0,8,,,,,,all-black,/home/jovyan/ooi/san_data/RS03ASHS-PN03B-06-CAMHDA301/2022/03/03/CAMHDA301-20220303T073000.mp4
2022-W09,20220302T201500,0,8,,,,,,all-black,/home/jovyan/ooi/san_data/RS03ASHS-PN03B-06-CAMHDA301/2022/03/02/CAMHDA301-20220302T201500.mp4
2022-W10,20220307T001500,8,0,382.7,572.9,762.5,83.03,45.19,,/home/jovyan/ooi/san_data/RS03ASHS-PN03B-06-CAMHDA301/2022/03/07/CAMHDA301-20220307T001500.mp4
2022-W09,20220306T211500,8,0,443.6,596.0,600.3,78.36,50.84,,/home/jovyan/ooi/san_data/RS03ASHS-PN03B-06-CAMHDA301/2022/03/06/CAMHDA301-20220306T211500.mp4
2022-W10,20220310T041500,8,0,57.4,94.3,136.4,66.02,29.85,,/home/jovyan/ooi/san_data/RS03ASHS-PN03B-06-CAMHDA301/2022/03/10/CAMHDA301-20220310T041500.mp4
2022-W10,20220310T093000,8,0,32.6,52.1,69.1,25.38,3.52,,/home/jovyan/ooi/san_data/RS03ASHS-PN03B-06-CAMHDA301/2022/03/10/CAMHDA301-20220310T093000.mp4
2022-W10,20220309T121500,8,0,517.1,875.4,998.4,76.29,52.47,,/home/jovyan/ooi/san_data/RS03ASHS-PN03B-06-CAMHDA301/2022/03/09/CAMHDA301-20220309T121500.mp4
2022-W10,20220310T194500,8,0,257.2,395.0,545.2,117.87,34.46,,/home/jovyan/ooi/san_data/RS03ASHS-PN03B-06-CAMHDA301/2022/03/10/CAMHDA301-20220310T194500.mp4
2022-W10,20220310T143000,8,0,415.9,507.6,632.1,111.21,44.54,,/home/jovyan/ooi/san_data/RS03ASHS-PN03B-06-CAMHDA301/2022/03/10/CAMHDA301-20220310T143000.mp4
2022-W10,20220311T061500,8,0,329.1,634.2,641.4,80.34,49.92,,/home/jovyan/ooi/san_data/RS03ASHS-PN03B-06-CAMHDA301/2022/03/11/CAMHDA301-20220311T061500.mp4
2022-W10,20220313T211500,8,0,314.1,603.2,728.5,79.96,49.88,,/home/jovyan/ooi/san_data/RS03ASHS-PN03B-06-CAMHDA301/2022/03/13/CAMHDA301-20220313T211500.mp4
2022-W11,20220314T001500,8,0,456.2,596.0,761.7,78.93,50.26,,/home/jovyan/ooi/san_data/RS03ASHS-PN03B-06-CAMHDA301/2022/03/14/CAMHDA301-20220314T001500.mp4
2022-W11,20220316T121500,8,0,226.7,462.4,602.2,81.41,45.25,,/home/jovyan/ooi/san_data/RS03ASHS-PN03B-06-CAMHDA301/2022/03/16/CAMHDA301-20220316T121500.mp4
2022-W11,20220319T001500,8,0,352.6,582.2,585.3,80.63,47.77,,/home/jovyan/ooi/san_data/RS03ASHS-PN03B-06-CAMHDA301/2022/03/19/CAMHDA301-20220319T001500.mp4
2022-W11,20220320T083000,8,0,38.7,62.4,76.8,31.21,4.03,,/home/jovyan/ooi/san_data/RS03ASHS-PN03B-06-CAMHDA301/2022/03/20/CAMHDA301-20220320T083000.mp4
2022-W11,20220320T031500,8,0,89.6,110.2,114.8,57.89,38.23,,/home/jovyan/ooi/san_data/RS03ASHS-PN03B-06-CAMHDA301/2022/03/20/CAMHDA301-20220320T031500.mp4
2022-W11,20220320T183000,8,0,306.5,429.4,491.9,117.97,36.64,,/home/jovyan/ooi/san_data/RS03ASHS-PN03B-06-CAMHDA301/2022/03/20/CAMHDA301-20220320T183000.mp4
2022-W11,20220320T133000,8,0,224.5,392.8,469.5,110.18,39.08,,/home/jovyan/ooi/san_data/RS03ASHS-PN03B-06-CAMHDA301/2022/03/20/CAMHDA301-20220320T133000.mp4
2022-W12,20220321T000000,6,2,558.3,607.4,608.2,97.67,59.22,,/home/jovyan/ooi/san_data/RS03ASHS-PN03B-06-CAMHDA301/2022/03/21/CAMHDA301-20220321T000000.mp4
2022-W12,20220321T211500,8,0,276.5,369.6,509.8,83.92,43.31,,/home/jovyan/ooi/san_data/RS03ASHS-PN03B-06-CAMHDA301/2022/03/21/CAMHDA301-20220321T211500.mp4
2022-W11,20220320T234500,8,0,370.2,534.9,579.7,99.01,57.28,,/home/jovyan/ooi/san_data/RS03ASHS-PN03B-06-CAMHDA301/2022/03/20/CAMHDA301-20220320T234500.mp4
2022-W12,20220322T211500,8,0,425.3,712.7,826.9,77.45,51.61,,/home/jovyan/ooi/san_data/RS03ASHS-PN03B-06-CAMHDA301/2022/03/22/CAMHDA301-20220322T211500.mp4
2022-W12,20220324T211500,8,0,334.1,569.5,855.9,81.22,45.82,,/home/jovyan/ooi/san_data/RS03ASHS-PN03B-06-CAMHDA301/2022/03/24/CAMHDA301-20220324T211500.mp4
2022-W12,20220323T211500,8,0,331.2,696.2,733.0,80.58,47.24,,/home/jovyan/ooi/san_data/RS03ASHS-PN03B-06-CAMHDA301/2022/03/23/CAMHDA301-20220323T211500.mp4
2022-W12,20220326T211500,8,0,278.6,636.7,660.5,82.29,43.75,,/home/jovyan/ooi/san_data/RS03ASHS-PN03B-06-CAMHDA301/2022/03/26/CAMHDA301-20220326T211500.mp4
2022-W12,20220325T211500,8,0,356.2,566.4,616.2,80.81,48.00,,/home/jovyan/ooi/san_data/RS03ASHS-PN03B-06-CAMHDA301/2022/03/25/CAMHDA301-20220325T211500.mp4
2022-W12,20220327T211500,8,0,245.3,542.9,682.6,84.98,41.28,,/home/jovyan/ooi/san_data/RS03ASHS-PN03B-06-CAMHDA301/2022/03/27/CAMHDA301-20220327T211500.mp4
2022-W13,20220328T001500,8,0,229.6,592.5,661.8,82.79,44.08,,/home/jovyan/ooi/san_data/RS03ASHS-PN03B-06-CAMHDA301/2022/03/28/CAMHDA301-20220328T001500.mp4
2022-W13,20220401T040000,8,0,486.3,586.5,597.4,88.13,57.81,,/home/jovyan/ooi/san_data/RS03ASHS-PN03B-06-CAMHDA301/2022/04/01/CAMHDA301-20220401T040000.mp4
2022-W13,20220401T151500,8,0,95.7,128.4,131.2,63.76,44.36,,/home/jovyan/ooi/san_data/RS03ASHS-PN03B-06-CAMHDA301/2022/04/01/CAMHDA301-20220401T151500.mp4
2022-W13,20220402T023000,8,0,50.5,70.8,84.2,33.10,5.46,,/home/jovyan/ooi/san_data/RS03ASHS-PN03B-06-CAMHDA301/2022/04/02/CAMHDA301-20220402T023000.mp4
2022-W13,20220402T134500,8,0,295.8,388.6,495.2,110.02,41.65,,/home/jovyan/ooi/san_data/RS03ASHS-PN03B-06-CAMHDA301/2022/04/02/CAMHDA301-20220402T134500.mp4
2022-W13,20220403T010000,8,0,209.4,356.0,375.0,110.74,46.53,,/home/jovyan/ooi/san_data/RS03ASHS-PN03B-06-CAMHDA301/2022/04/03/CAMHDA301-20220403T010000.mp4
2022-W13,20220403T121500,8,0,224.7,326.7,384.1,110.06,48.48,,/home/jovyan/ooi/san_data/RS03ASHS-PN03B-06-CAMHDA301/2022/04/03/CAMHDA301-20220403T121500.mp4
2022-W14,20220404T000000,6,2,495.4,527.5,536.1,95.60,57.09,,/home/jovyan/ooi/san_data/RS03ASHS-PN03B-06-CAMHDA301/2022/04/04/CAMHDA301-20220404T000000.mp4
2022-W13,20220403T234500,8,0,623.6,670.6,693.1,96.81,58.14,,/home/jovyan/ooi/san_data/RS03ASHS-PN03B-06-CAMHDA301/2022/04/03/CAMHDA301-20220403T234500.mp4
2022-W14,20220408T211500,8,0,190.5,531.9,575.6,85.12,44.76,,/home/jovyan/ooi/san_data/RS03ASHS-PN03B-06-CAMHDA301/2022/04/08/CAMHDA301-20220408T211500.mp4
2022-W14,20220406T091500,8,0,466.7,824.8,877.0,76.98,52.92,,/home/jovyan/ooi/san_data/RS03ASHS-PN03B-06-CAMHDA301/2022/04/06/CAMHDA301-20220406T091500.mp4
2022-W14,20220410T031500,8,0,99.8,143.5,180.3,65.20,37.17,,/home/jovyan/ooi/san_data/RS03ASHS-PN03B-06-CAMHDA301/2022/04/10/CAMHDA301-20220410T031500.mp4
2022-W14,20220410T183000,8,0,158.1,421.3,507.0,116.96,35.91,,/home/jovyan/ooi/san_data/RS03ASHS-PN03B-06-CAMHDA301/2022/04/10/CAMHDA301-20220410T183000.mp4
2022-W14,20220410T133000,8,0,348.0,441.4,512.2,110.83,47.46,,/home/jovyan/ooi/san_data/RS03ASHS-PN03B-06-CAMHDA301/2022/04/10/CAMHDA301-20220410T133000.mp4
2022-W14,20220410T081500,8,0,24.7,37.2,49.0,33.43,5.24,,/home/jovyan/ooi/san_data/RS03ASHS-PN03B-06-CAMHDA301/2022/04/10/CAMHDA301-20220410T081500.mp4
2022-W15,20220411T211500,8,0,151.3,630.0,688.0,83.03,45.27,,/home/jovyan/ooi/san_data/RS03ASHS-PN03B-06-CAMHDA301/2022/04/11/CAMHDA301-20220411T211500.mp4
2022-W15,20220411T000000,6,2,408.2,524.7,557.1,93.28,58.25,,/home/jovyan/ooi/san_data/RS03ASHS-PN03B-06-CAMHDA301/2022/04/11/CAMHDA301-20220411T000000.mp4
2022-W14,20220410T234500,8,0,581.5,723.3,771.7,93.96,57.70,,/home/jovyan/ooi/san_data/RS03ASHS-PN03B-06-CAMHDA301/2022/04/10/CAMHDA301-20220410T234500.mp4
2022-W15,20220414T211500,8,0,228.2,523.6,558.2,84.32,44.46,,/home/jovyan/ooi/san_data/RS03ASHS-PN03B-06-CAMHDA301/2022/04/14/CAMHDA301-20220414T211500.mp4
2022-W15,20220412T211500,8,0,239.3,350.0,395.2,79.99,47.33,,/home/jovyan/ooi/san_data/RS03ASHS-PN03B-06-CAMHDA301/2022/04/12/CAMHDA301-20220412T211500.mp4
2022-W15,20220413T211500,8,0,329.4,513.5,713.8,81.39,46.27,,/home/jovyan/ooi/san_data/RS03ASHS-PN03B-06-CAMHDA301/2022/04/13/CAMHDA301-20220413T211500.mp4
2022-W15,20220415T211500,8,0,337.2,729.7,1143.6,78.66,48.70,,/home/jovyan/ooi/san_data/RS03ASHS-PN03B-06-CAMHDA301/2022/04/15/CAMHDA301-20220415T211500.mp4
2022-W15,20220416T211500,8,0,336.5,832.3,1211.2,78.15,49.40,,/home/jovyan/ooi/san_data/RS03ASHS-PN03B-06-CAMHDA301/2022/04/16/CAMHDA301-20220416T211500.mp4
2022-W15,20220417T211500,8,0,419.5,573.7,609.7,82.17,44.22,,/home/jovyan/ooi/san_data/RS03ASHS-PN03B-06-CAMHDA301/2022/04/17/CAMHDA301-20220417T211500.mp4
2022-W16,20220420T011500,8,0,577.9,682.4,766.1,85.37,58.93,,/home/jovyan/ooi/san_data/RS03ASHS-PN03B-06-CAMHDA301/2022/04/20/CAMHDA301-20220420T011500.mp4
2022-W16,20220418T001500,8,0,225.9,476.3,499.4,86.71,37.76,,/home/jovyan/ooi/san_data/RS03ASHS-PN03B-06-CAMHDA301/2022/04/18/CAMHDA301-20220418T001500.mp4
2022-W16,20220422T061500,8,0,487.0,822.2,908.5,85.01,51.29,,/home/jovyan/ooi/san_data/RS03ASHS-PN03B-06-CAMHDA301/2022/04/22/CAMHDA301-20220422T061500.mp4
2022-W16,20220424T211500,8,0,332.2,799.5,1146.8,84.10,50.58,,/home/jovyan/ooi/san_data/RS03ASHS-PN03B-06-CAMHDA301/2022/04/24/CAMHDA301-20220424T211500.mp4
2022-W17,20220425T001500,8,0,493.1,893.6,1220.8,84.72,49.29,,/home/jovyan/ooi/san_data/RS03ASHS-PN03B-06-CAMHDA301/2022/04/25/CAMHDA301-20220425T001500.mp4
2022-W16,20220420T113000,8,0,19.3,32.0,43.3,16.49,2.27,,/home/jovyan/ooi/san_data/RS03ASHS-PN03B-06-CAMHDA301/2022/04/20/CAMHDA301-20220420T113000.mp4
2022-W16,20220420T163000,8,0,125.1,148.1,165.4,117.61,24.55,,/home/jovyan/ooi/san_data/RS03ASHS-PN03B-06-CAMHDA301/2022/04/20/CAMHDA301-20220420T163000.mp4
2022-W16,20220420T061500,8,0,23.1,45.4,72.7,23.78,3.30,,/home/jovyan/ooi/san_data/RS03ASHS-PN03B-06-CAMHDA301/2022/04/20/CAMHDA301-20220420T061500.mp4
2022-W17,20220427T091500,8,0,480.3,831.2,837.6,81.76,52.42,,/home/jovyan/ooi/san_data/RS03ASHS-PN03B-06-CAMHDA301/2022/04/27/CAMHDA301-20220427T091500.mp4
2022-W16,20220420T214500,8,0,501.2,604.4,758.6,90.19,55.19,,/home/jovyan/ooi/san_data/RS03ASHS-PN03B-06-CAMHDA301/2022/04/20/CAMHDA301-20220420T214500.mp4
2022-W17,20220429T211500,8,0,422.7,742.5,900.9,85.60,47.14,,/home/jovyan/ooi/san_data/RS03ASHS-PN03B-06-CAMHDA301/2022/04/29/CAMHDA301-20220429T211500.mp4
2022-W17,20220501T034500,8,0,532.1,653.6,660.2,89.37,56.82,,/home/jovyan/ooi/san_data/RS03ASHS-PN03B-06-CAMHDA301/2022/05/01/CAMHDA301-20220501T034500.mp4
2022-W17,20220501T084500,8,0,794.4,888.6,943.1,85.76,61.15,,/home/jovyan/ooi/san_data/RS03ASHS-PN03B-06-CAMHDA301/2022/05/01/CAMHDA301-20220501T084500.mp4
2022-W17,20220501T134500,8,0,207.7,220.6,232.3,104.06,38.53,,/home/jovyan/ooi/san_data/RS03ASHS-PN03B-06-CAMHDA301/2022/05/01/CAMHDA301-20220501T134500.mp4
2022-W18,20220502T000000,8,0,119.3,147.1,148.4,109.35,19.50,,/home/jovyan/ooi/san_data/RS03ASHS-PN03B-06-CAMHDA301/2022/05/02/CAMHDA301-20220502T000000.mp4
2022-W17,20220501T184500,8,0,94.4,106.5,112.6,110.86,18.63,,/home/jovyan/ooi/san_data/RS03ASHS-PN03B-06-CAMHDA301/2022/05/01/CAMHDA301-20220501T184500.mp4
2022-W17,20220501T234500,8,0,94.7,123.5,142.3,110.11,22.74,,/home/jovyan/ooi/san_data/RS03ASHS-PN03B-06-CAMHDA301/2022/05/01/CAMHDA301-20220501T234500.mp4
2022-W18,20220502T163000,8,0,211.2,322.7,332.6,102.46,51.87,,/home/jovyan/ooi/san_data/RS03ASHS-PN03B-06-CAMHDA301/2022/05/02/CAMHDA301-20220502T163000.mp4
2022-W18,20220503T004500,8,0,167.8,228.1,239.5,100.36,54.90,,/home/jovyan/ooi/san_data/RS03ASHS-PN03B-06-CAMHDA301/2022/05/03/CAMHDA301-20220503T004500.mp4
2022-W18,20220502T081500,8,0,243.1,336.6,368.3,111.80,33.39,,/home/jovyan/ooi/san_data/RS03ASHS-PN03B-06-CAMHDA301/2022/05/02/CAMHDA301-20220502T081500.mp4
2022-W18,20220503T090000,8,0,45.1,49.2,50.8,61.91,21.72,,/home/jovyan/ooi/san_data/RS03ASHS-PN03B-06-CAMHDA301/2022/05/03/CAMHDA301-20220503T090000.mp4
2022-W18,20220503T171500,8,0,440.7,662.6,978.0,103.30,57.92,,/home/jovyan/ooi/san_data/RS03ASHS-PN03B-06-CAMHDA301/2022/05/03/CAMHDA301-20220503T171500.mp4
2022-W18,20220504T151500,8,0,434.6,905.4,1194.5,83.92,49.69,,/home/jovyan/ooi/san_data/RS03ASHS-PN03B-06-CAMHDA301/2022/05/04/CAMHDA301-20220504T151500.mp4
2022-W18,20220508T211500,8,0,333.5,855.4,1227.4,83.83,51.60,,/home/jovyan/ooi/san_data/RS03ASHS-PN03B-06-CAMHDA301/2022/05/08/CAMHDA301-20220508T211500.mp4
2022-W19,20220510T031500,8,0,126.6,171.4,220.5,101.41,36.01,,/home/jovyan/ooi/san_data/RS03ASHS-PN03B-06-CAMHDA301/2022/05/10/CAMHDA301-20220510T031500.mp4
2022-W19,20220509T001500,8,0,293.9,644.7,882.7,84.05,53.32,,/home/jovyan/ooi/san_data/RS03ASHS-PN03B-06-CAMHDA301/2022/05/09/CAMHDA301-20220509T001500.mp4
2022-W19,20220510T081500,8,0,99.3,135.1,162.1,110.36,20.27,,/home/jovyan/ooi/san_data/RS03ASHS-PN03B-06-CAMHDA301/2022/05/10/CAMHDA301-20220510T081500.mp4
2022-W19,20220510T133000,8,0,233.9,288.0,319.7,97.36,38.19,,/home/jovyan/ooi/san_data/RS03ASHS-PN03B-06-CAMHDA301/2022/05/10/CAMHDA301-20220510T133000.mp4
2022-W19,20220510T183000,8,0,98.0,150.7,153.2,80.57,31.27,,/home/jovyan/ooi/san_data/RS03ASHS-PN03B-06-CAMHDA301/2022/05/10/CAMHDA301-20220510T183000.mp4
2022-W19,20220510T234500,8,0,559.7,686.5,768.2,101.98,58.68,,/home/jovyan/ooi/san_data/RS03ASHS-PN03B-06-CAMHDA301/2022/05/10/CAMHDA301-20220510T234500.mp4
2022-W19,20220515T211500,8,0,365.6,731.1,817.3,82.37,50.50,,/home/jovyan/ooi/san_data/RS03ASHS-PN03B-06-CAMHDA301/2022/05/15/CAMHDA301-20220515T211500.mp4
2022-W19,20220513T061500,8,0,425.0,780.8,1249.9,82.86,50.99,,/home/jovyan/ooi/san_data/RS03ASHS-PN03B-06-CAMHDA301/2022/05/13/CAMHDA301-20220513T061500.mp4
2022-W20,20220516T001500,8,0,526.2,997.7,1009.9,82.97,51.64,,/home/jovyan/ooi/san_data/RS03ASHS-PN03B-06-CAMHDA301/2022/05/16/CAMHDA301-20220516T001500.mp4
2022-W20,20220518T121500,8,0,692.5,1049.8,1295.5,84.89,50.95,,/home/jovyan/ooi/san_data/RS03ASHS-PN03B-06-CAMHDA301/2022/05/18/CAMHDA301-20220518T121500.mp4
2022-W20,20220520T021500,8,0,471.1,639.3,686.2,84.52,57.43,,/home/jovyan/ooi/san_data/RS03ASHS-PN03B-06-CAMHDA301/2022/05/20/CAMHDA301-20220520T021500.mp4
2022-W20,20220520T073000,8,0,288.3,340.5,402.7,112.91,38.33,,/home/jovyan/ooi/san_data/RS03ASHS-PN03B-06-CAMHDA301/2022/05/20/CAMHDA301-20220520T073000.mp4
2022-W20,20220520T123000,8,0,132.5,246.6,285.8,95.75,33.11,,/home/jovyan/ooi/san_data/RS03ASHS-PN03B-06-CAMHDA301/2022/05/20/CAMHDA301-20220520T123000.mp4
2022-W20,20220520T224500,8,0,458.0,826.7,829.5,103.36,57.20,,/home/jovyan/ooi/san_data/RS03ASHS-PN03B-06-CAMHDA301/2022/05/20/CAMHDA301-20220520T224500.mp4
2022-W20,20220520T174500,8,0,152.9,202.1,213.1,97.25,59.37,,/home/jovyan/ooi/san_data/RS03ASHS-PN03B-06-CAMHDA301/2022/05/20/CAMHDA301-20220520T174500.mp4
2022-W20,20220522T211500,8,0,471.0,867.8,1385.0,84.37,52.91,,/home/jovyan/ooi/san_data/RS03ASHS-PN03B-06-CAMHDA301/2022/05/22/CAMHDA301-20220522T211500.mp4
2022-W21,20220523T001500,8,0,335.5,860.2,905.8,87.01,52.76,,/home/jovyan/ooi/san_data/RS03ASHS-PN03B-06-CAMHDA301/2022/05/23/CAMHDA301-20220523T001500.mp4
2022-W21,20220523T211500,8,0,327.4,882.5,964.9,86.26,49.45,,/home/jovyan/ooi/san_data/RS03ASHS-PN03B-06-CAMHDA301/2022/05/23/CAMHDA301-20220523T211500.mp4
2022-W21,20220526T211500,8,0,498.9,978.0,1435.1,82.66,50.28,,/home/jovyan/ooi/san_data/RS03ASHS-PN03B-06-CAMHDA301/2022/05/26/CAMHDA301-20220526T211500.mp4
2022-W21,20220524T211500,8,0,339.2,644.3,714.8,86.53,52.48,,/home/jovyan/ooi/san_data/RS03ASHS-PN03B-06-CAMHDA301/2022/05/24/CAMHDA301-20220524T211500.mp4
2022-W21,20220525T211500,8,0,548.4,969.7,1179.1,81.41,50.58,,/home/jovyan/ooi/san_data/RS03ASHS-PN03B-06-CAMHDA301/2022/05/25/CAMHDA301-20220525T211500.mp4
2022-W21,20220527T211500,8,0,366.2,648.9,848.1,82.58,51.86,,/home/jovyan/ooi/san_data/RS03ASHS-PN03B-06-CAMHDA301/2022/05/27/CAMHDA301-20220527T211500.mp4
2022-W21,20220528T211500,8,0,509.3,771.4,1169.5,82.60,52.25,,/home/jovyan/ooi/san_data/RS03ASHS-PN03B-06-CAMHDA301/2022/05/28/CAMHDA301-20220528T211500.mp4
2022-W21,20220529T211500,8,0,480.8,959.3,1212.2,82.19,51.77,,/home/jovyan/ooi/san_data/RS03ASHS-PN03B-06-CAMHDA301/2022/05/29/CAMHDA301-20220529T211500.mp4
2022-W22,20220530T001500,8,0,633.6,969.5,1393.3,80.72,50.12,,/home/jovyan/ooi/san_data/RS03ASHS-PN03B-06-CAMHDA301/2022/05/30/CAMHDA301-20220530T001500.mp4
2022-W22,20220601T081500,8,0,726.0,791.1,811.0,86.22,63.54,,/home/jovyan/ooi/san_data/RS03ASHS-PN03B-06-CAMHDA301/2022/06/01/CAMHDA301-20220601T081500.mp4
2022-W22,20220602T180000,8,0,151.9,220.0,225.9,87.72,40.20,,/home/jovyan/ooi/san_data/RS03ASHS-PN03B-06-CAMHDA301/2022/06/02/CAMHDA301-20220602T180000.mp4
2022-W22,20220602T064500,8,0,260.4,295.4,300.1,119.19,39.85,,/home/jovyan/ooi/san_data/RS03ASHS-PN03B-06-CAMHDA301/2022/06/02/CAMHDA301-20220602T064500.mp4
2022-W22,20220601T193000,8,0,264.2,350.9,416.6,108.46,37.72,,/home/jovyan/ooi/san_data/RS03ASHS-PN03B-06-CAMHDA301/2022/06/01/CAMHDA301-20220601T193000.mp4
2022-W22,20220603T051500,8,0,101.0,192.3,281.4,109.25,40.28,,/home/jovyan/ooi/san_data/RS03ASHS-PN03B-06-CAMHDA301/2022/06/03/CAMHDA301-20220603T051500.mp4
2022-W22,20220603T163000,8,0,316.3,425.9,453.1,99.33,47.10,,/home/jovyan/ooi/san_data/RS03ASHS-PN03B-06-CAMHDA301/2022/06/03/CAMHDA301-20220603T163000.mp4
2022-W22,20220605T211500,8,0,524.9,710.9,992.7,83.47,50.50,,/home/jovyan/ooi/san_data/RS03ASHS-PN03B-06-CAMHDA301/2022/06/05/CAMHDA301-20220605T211500.mp4
2022-W23,20220606T001500,8,0,363.0,622.0,921.1,84.49,48.94,,/home/jovyan/ooi/san_data/RS03ASHS-PN03B-06-CAMHDA301/2022/06/06/CAMHDA301-20220606T001500.mp4
2022-W23,20220608T121500,8,0,455.2,818.4,1178.3,84.51,51.46,,/home/jovyan/ooi/san_data/RS03ASHS-PN03B-06-CAMHDA301/2022/06/08/CAMHDA301-20220608T121500.mp4
2022-W23,20220610T021500,8,0,754.9,933.0,1042.2,85.93,63.52,,/home/jovyan/ooi/san_data/RS03ASHS-PN03B-06-CAMHDA301/2022/06/10/CAMHDA301-20220610T021500.mp4
2022-W23,20220610T073000,8,0,199.8,229.8,231.6,108.72,37.59,,/home/jovyan/ooi/san_data/RS03ASHS-PN03B-06-CAMHDA301/2022/06/10/CAMHDA301-20220610T073000.mp4
2022-W24,20220615T211500,0,8,,,,,,all-black,/home/jovyan/ooi/san_data/RS03ASHS-PN03B-06-CAMHDA301/2022/06/15/CAMHDA301-20220615T211500.mp4
2022-W23,20220610T123000,8,0,100.3,162.5,164.5,86.27,25.07,,/home/jovyan/ooi/san_data/RS03ASHS-PN03B-06-CAMHDA301/2022/06/10/CAMHDA301-20220610T123000.mp4
2022-W24,20220616T211500,0,8,,,,,,all-black,/home/jovyan/ooi/san_data/RS03ASHS-PN03B-06-CAMHDA301/2022/06/16/CAMHDA301-20220616T211500.mp4
2022-W24,20220613T211500,8,0,459.9,811.4,992.4,82.41,49.27,,/home/jovyan/ooi/san_data/RS03ASHS-PN03B-06-CAMHDA301/2022/06/13/CAMHDA301-20220613T211500.mp4
2022-W23,20220612T211500,8,0,371.1,849.6,1081.2,85.16,50.19,,/home/jovyan/ooi/san_data/RS03ASHS-PN03B-06-CAMHDA301/2022/06/12/CAMHDA301-20220612T211500.mp4
2022-W24,20220613T001500,8,0,426.7,930.4,1258.5,84.62,51.30,,/home/jovyan/ooi/san_data/RS03ASHS-PN03B-06-CAMHDA301/2022/06/13/CAMHDA301-20220613T001500.mp4
2022-W23,20220610T174500,8,0,120.8,223.3,230.2,103.38,52.96,,/home/jovyan/ooi/san_data/RS03ASHS-PN03B-06-CAMHDA301/2022/06/10/CAMHDA301-20220610T174500.mp4
2022-W23,20220610T224500,8,0,331.7,506.1,562.3,101.56,49.11,,/home/jovyan/ooi/san_data/RS03ASHS-PN03B-06-CAMHDA301/2022/06/10/CAMHDA301-20220610T224500.mp4
2022-W24,20220614T211500,8,0,433.7,706.7,769.8,85.63,49.08,,/home/jovyan/ooi/san_data/RS03ASHS-PN03B-06-CAMHDA301/2022/06/14/CAMHDA301-20220614T211500.mp4
2022-W24,20220617T211500,8,0,470.2,941.6,957.6,84.71,50.29,,/home/jovyan/ooi/san_data/RS03ASHS-PN03B-06-CAMHDA301/2022/06/17/CAMHDA301-20220617T211500.mp4
2022-W24,20220618T211500,8,0,392.0,906.6,1255.6,86.59,52.33,,/home/jovyan/ooi/san_data/RS03ASHS-PN03B-06-CAMHDA301/2022/06/18/CAMHDA301-20220618T211500.mp4
2022-W24,20220619T211500,8,0,498.1,929.8,1004.3,84.23,52.80,,/home/jovyan/ooi/san_data/RS03ASHS-PN03B-06-CAMHDA301/2022/06/19/CAMHDA301-20220619T211500.mp4
2022-W25,20220620T153000,8,0,131.7,243.1,275.6,113.41,38.45,,/home/jovyan/ooi/san_data/RS03ASHS-PN03B-06-CAMHDA301/2022/06/20/CAMHDA301-20220620T153000.mp4
2022-W25,20220620T001500,8,0,555.6,619.7,648.6,87.78,60.09,,/home/jovyan/ooi/san_data/RS03ASHS-PN03B-06-CAMHDA301/2022/06/20/CAMHDA301-20220620T001500.mp4
2022-W25,20220620T051500,8,0,161.5,198.6,210.5,103.46,37.70,,/home/jovyan/ooi/san_data/RS03ASHS-PN03B-06-CAMHDA301/2022/06/20/CAMHDA301-20220620T051500.mp4
2022-W25,20220624T061500,8,0,493.0,770.7,902.6,84.29,52.69,,/home/jovyan/ooi/san_data/RS03ASHS-PN03B-06-CAMHDA301/2022/06/24/CAMHDA301-20220624T061500.mp4
2022-W25,20220620T203000,8,0,148.4,228.6,247.0,86.75,48.36,,/home/jovyan/ooi/san_data/RS03ASHS-PN03B-06-CAMHDA301/2022/06/20/CAMHDA301-20220620T203000.mp4
2022-W25,20220620T101500,8,0,283.8,352.3,390.5,116.65,38.48,,/home/jovyan/ooi/san_data/RS03ASHS-PN03B-06-CAMHDA301/2022/06/20/CAMHDA301-20220620T101500.mp4
2022-W25,20220621T181500,8,0,646.6,1049.5,1334.1,81.47,51.97,,/home/jovyan/ooi/san_data/RS03ASHS-PN03B-06-CAMHDA301/2022/06/21/CAMHDA301-20220621T181500.mp4
2022-W25,20220626T211500,8,0,439.2,952.8,1406.1,85.19,55.13,,/home/jovyan/ooi/san_data/RS03ASHS-PN03B-06-CAMHDA301/2022/06/26/CAMHDA301-20220626T211500.mp4
2022-W26,20220627T001500,8,0,580.4,795.4,1129.0,85.89,51.58,,/home/jovyan/ooi/san_data/RS03ASHS-PN03B-06-CAMHDA301/2022/06/27/CAMHDA301-20220627T001500.mp4
2022-W26,20220701T041500,8,0,490.3,554.3,559.2,91.02,57.52,,/home/jovyan/ooi/san_data/RS03ASHS-PN03B-06-CAMHDA301/2022/07/01/CAMHDA301-20220701T041500.mp4
2022-W26,20220701T153000,8,0,125.6,219.7,337.7,101.83,35.84,,/home/jovyan/ooi/san_data/RS03ASHS-PN03B-06-CAMHDA301/2022/07/01/CAMHDA301-20220701T153000.mp4
2022-W26,20220702T024500,8,0,285.2,355.7,428.6,113.57,39.54,,/home/jovyan/ooi/san_data/RS03ASHS-PN03B-06-CAMHDA301/2022/07/02/CAMHDA301-20220702T024500.mp4
2022-W27,20220704T000000,6,2,445.0,511.0,555.1,94.26,61.22,,/home/jovyan/ooi/san_data/RS03ASHS-PN03B-06-CAMHDA301/2022/07/04/CAMHDA301-20220704T000000.mp4
2022-W26,20220703T123000,8,0,207.7,299.8,332.9,78.90,28.70,,/home/jovyan/ooi/san_data/RS03ASHS-PN03B-06-CAMHDA301/2022/07/03/CAMHDA301-20220703T123000.mp4
2022-W26,20220703T011500,8,0,120.8,161.6,180.6,103.03,53.54,,/home/jovyan/ooi/san_data/RS03ASHS-PN03B-06-CAMHDA301/2022/07/03/CAMHDA301-20220703T011500.mp4
2022-W26,20220702T140000,8,0,89.5,110.4,129.6,72.00,35.99,,/home/jovyan/ooi/san_data/RS03ASHS-PN03B-06-CAMHDA301/2022/07/02/CAMHDA301-20220702T140000.mp4
2022-W26,20220703T234500,8,0,497.1,713.8,817.5,91.91,63.23,,/home/jovyan/ooi/san_data/RS03ASHS-PN03B-06-CAMHDA301/2022/07/03/CAMHDA301-20220703T234500.mp4
2022-W27,20220708T211500,8,0,380.5,580.0,591.0,80.35,47.81,,/home/jovyan/ooi/san_data/RS03ASHS-PN03B-06-CAMHDA301/2022/07/08/CAMHDA301-20220708T211500.mp4
2022-W27,20220706T091500,8,0,306.3,814.3,898.7,84.19,53.77,,/home/jovyan/ooi/san_data/RS03ASHS-PN03B-06-CAMHDA301/2022/07/06/CAMHDA301-20220706T091500.mp4
2022-W27,20220710T031500,8,0,266.9,317.0,319.9,104.91,37.96,,/home/jovyan/ooi/san_data/RS03ASHS-PN03B-06-CAMHDA301/2022/07/10/CAMHDA301-20220710T031500.mp4
2022-W27,20220710T081500,8,0,117.0,154.6,196.3,110.01,23.47,,/home/jovyan/ooi/san_data/RS03ASHS-PN03B-06-CAMHDA301/2022/07/10/CAMHDA301-20220710T081500.mp4
2022-W27,20220710T133000,8,0,128.5,205.1,221.7,84.49,39.54,,/home/jovyan/ooi/san_data/RS03ASHS-PN03B-06-CAMHDA301/2022/07/10/CAMHDA301-20220710T133000.mp4
2022-W27,20220710T183000,8,0,98.0,127.3,165.6,90.21,41.30,,/home/jovyan/ooi/san_data/RS03ASHS-PN03B-06-CAMHDA301/2022/07/10/CAMHDA301-20220710T183000.mp4
2022-W28,20220711T000000,6,2,387.7,416.2,419.0,99.17,57.46,,/home/jovyan/ooi/san_data/RS03ASHS-PN03B-06-CAMHDA301/2022/07/11/CAMHDA301-20220711T000000.mp4
2022-W27,20220710T234500,8,0,414.8,555.8,623.7,98.55,58.69,,/home/jovyan/ooi/san_data/RS03ASHS-PN03B-06-CAMHDA301/2022/07/10/CAMHDA301-20220710T234500.mp4
2022-W28,20220711T211500,8,0,438.2,915.6,1031.4,82.92,50.11,,/home/jovyan/ooi/san_data/RS03ASHS-PN03B-06-CAMHDA301/2022/07/11/CAMHDA301-20220711T211500.mp4
2022-W28,20220713T211500,8,0,283.5,828.5,853.9,85.17,51.32,,/home/jovyan/ooi/san_data/RS03ASHS-PN03B-06-CAMHDA301/2022/07/13/CAMHDA301-20220713T211500.mp4
2022-W28,20220714T211500,8,0,463.1,874.6,1511.5,82.02,50.03,,/home/jovyan/ooi/san_data/RS03ASHS-PN03B-06-CAMHDA301/2022/07/14/CAMHDA301-20220714T211500.mp4
2022-W28,20220715T211500,8,0,658.8,965.1,988.6,84.13,51.22,,/home/jovyan/ooi/san_data/RS03ASHS-PN03B-06-CAMHDA301/2022/07/15/CAMHDA301-20220715T211500.mp4
2022-W28,20220716T211500,8,0,448.3,876.8,1048.4,81.22,53.29,,/home/jovyan/ooi/san_data/RS03ASHS-PN03B-06-CAMHDA301/2022/07/16/CAMHDA301-20220716T211500.mp4
2022-W28,20220712T211500,8,0,246.3,678.0,854.8,83.21,48.91,,/home/jovyan/ooi/san_data/RS03ASHS-PN03B-06-CAMHDA301/2022/07/12/CAMHDA301-20220712T211500.mp4
2022-W28,20220717T211500,8,0,416.7,669.3,840.4,85.76,51.81,,/home/jovyan/ooi/san_data/RS03ASHS-PN03B-06-CAMHDA301/2022/07/17/CAMHDA301-20220717T211500.mp4
2022-W29,20220718T001500,8,0,432.7,695.6,698.7,86.40,51.69,,/home/jovyan/ooi/san_data/RS03ASHS-PN03B-06-CAMHDA301/2022/07/18/CAMHDA301-20220718T001500.mp4
2022-W29,20220720T011500,8,0,701.8,790.6,876.4,85.25,58.60,,/home/jovyan/ooi/san_data/RS03ASHS-PN03B-06-CAMHDA301/2022/07/20/CAMHDA301-20220720T011500.mp4
2022-W29,20220720T061500,8,0,107.9,249.7,373.9,108.41,23.48,,/home/jovyan/ooi/san_data/RS03ASHS-PN03B-06-CAMHDA301/2022/07/20/CAMHDA301-20220720T061500.mp4
2022-W29,20220722T061500,8,0,488.3,859.1,1388.1,82.84,52.25,,/home/jovyan/ooi/san_data/RS03ASHS-PN03B-06-CAMHDA301/2022/07/22/CAMHDA301-20220722T061500.mp4
2022-W29,20220720T163000,8,0,95.2,198.5,202.7,110.48,40.70,,/home/jovyan/ooi/san_data/RS03ASHS-PN03B-06-CAMHDA301/2022/07/20/CAMHDA301-20220720T163000.mp4
2022-W29,20220724T211500,8,0,395.4,700.8,818.7,82.02,51.08,,/home/jovyan/ooi/san_data/RS03ASHS-PN03B-06-CAMHDA301/2022/07/24/CAMHDA301-20220724T211500.mp4
2022-W29,20220720T214500,8,0,619.9,720.2,792.3,89.05,64.93,,/home/jovyan/ooi/san_data/RS03ASHS-PN03B-06-CAMHDA301/2022/07/20/CAMHDA301-20220720T214500.mp4
2022-W29,20220720T113000,8,0,265.3,308.6,375.9,113.64,34.79,,/home/jovyan/ooi/san_data/RS03ASHS-PN03B-06-CAMHDA301/2022/07/20/CAMHDA301-20220720T113000.mp4
2022-W30,20220725T001500,8,0,412.7,653.0,850.3,84.11,51.99,,/home/jovyan/ooi/san_data/RS03ASHS-PN03B-06-CAMHDA301/2022/07/25/CAMHDA301-20220725T001500.mp4
2022-W30,20220727T211500,8,0,480.0,1033.0,1405.9,83.88,53.43,,/home/jovyan/ooi/san_data/RS03ASHS-PN03B-06-CAMHDA301/2022/07/27/CAMHDA301-20220727T211500.mp4
2022-W30,20220725T211500,8,0,487.8,686.2,750.2,81.27,50.14,,/home/jovyan/ooi/san_data/RS03ASHS-PN03B-06-CAMHDA301/2022/07/25/CAMHDA301-20220725T211500.mp4
2022-W30,20220726T211500,8,0,342.2,665.4,874.8,83.47,51.11,,/home/jovyan/ooi/san_data/RS03ASHS-PN03B-06-CAMHDA301/2022/07/26/CAMHDA301-20220726T211500.mp4
2022-W30,20220728T211500,8,0,510.3,782.7,1255.8,83.91,54.09,,/home/jovyan/ooi/san_data/RS03ASHS-PN03B-06-CAMHDA301/2022/07/28/CAMHDA301-20220728T211500.mp4
2022-W30,20220729T211500,8,0,477.0,933.8,1485.9,84.98,53.22,,/home/jovyan/ooi/san_data/RS03ASHS-PN03B-06-CAMHDA301/2022/07/29/CAMHDA301-20220729T211500.mp4
2022-W30,20220731T211500,8,0,464.4,828.7,1296.8,84.02,51.15,,/home/jovyan/ooi/san_data/RS03ASHS-PN03B-06-CAMHDA301/2022/07/31/CAMHDA301-20220731T211500.mp4
2022-W30,20220730T211500,8,0,440.7,706.5,788.3,81.49,51.87,,/home/jovyan/ooi/san_data/RS03ASHS-PN03B-06-CAMHDA301/2022/07/30/CAMHDA301-20220730T211500.mp4
2022-W31,20220801T233000,8,0,161.8,237.0,345.4,110.37,25.71,,/home/jovyan/ooi/san_data/RS03ASHS-PN03B-06-CAMHDA301/2022/08/01/CAMHDA301-20220801T233000.mp4
2022-W31,20220801T010000,8,0,461.7,599.3,659.3,87.04,57.64,,/home/jovyan/ooi/san_data/RS03ASHS-PN03B-06-CAMHDA301/2022/08/01/CAMHDA301-20220801T010000.mp4
2022-W31,20220801T121500,8,0,152.3,211.4,240.8,103.51,35.86,,/home/jovyan/ooi/san_data/RS03ASHS-PN03B-06-CAMHDA301/2022/08/01/CAMHDA301-20220801T121500.mp4
2022-W31,20220802T220000,8,0,156.1,199.2,218.0,107.63,42.87,,/home/jovyan/ooi/san_data/RS03ASHS-PN03B-06-CAMHDA301/2022/08/02/CAMHDA301-20220802T220000.mp4
2022-W31,20220802T104500,8,0,238.7,336.5,436.2,116.09,33.91,,/home/jovyan/ooi/san_data/RS03ASHS-PN03B-06-CAMHDA301/2022/08/02/CAMHDA301-20220802T104500.mp4
2022-W31,20220803T203000,8,0,589.7,687.4,721.0,92.91,68.13,,/home/jovyan/ooi/san_data/RS03ASHS-PN03B-06-CAMHDA301/2022/08/03/CAMHDA301-20220803T203000.mp4
2022-W31,20220807T211500,8,0,327.9,713.0,798.6,85.00,53.77,,/home/jovyan/ooi/san_data/RS03ASHS-PN03B-06-CAMHDA301/2022/08/07/CAMHDA301-20220807T211500.mp4
2022-W31,20220803T091500,8,0,99.6,106.5,118.7,81.51,37.55,,/home/jovyan/ooi/san_data/RS03ASHS-PN03B-06-CAMHDA301/2022/08/03/CAMHDA301-20220803T091500.mp4
2022-W32,20220808T001500,8,0,541.4,784.0,956.8,84.29,55.29,,/home/jovyan/ooi/san_data/RS03ASHS-PN03B-06-CAMHDA301/2022/08/08/CAMHDA301-20220808T001500.mp4
2022-W32,20220810T011500,8,0,382.1,510.0,536.8,87.26,57.06,,/home/jovyan/ooi/san_data/RS03ASHS-PN03B-06-CAMHDA301/2022/08/10/CAMHDA301-20220810T011500.mp4
2022-W32,20220810T061500,8,0,206.0,228.2,229.8,112.83,36.14,,/home/jovyan/ooi/san_data/RS03ASHS-PN03B-06-CAMHDA301/2022/08/10/CAMHDA301-20220810T061500.mp4
2022-W32,20220810T113000,8,0,100.4,151.5,152.7,115.35,12.98,,/home/jovyan/ooi/san_data/RS03ASHS-PN03B-06-CAMHDA301/2022/08/10/CAMHDA301-20220810T113000.mp4
2022-W32,20220810T163000,8,0,181.2,236.0,284.1,101.25,60.46,,/home/jovyan/ooi/san_data/RS03ASHS-PN03B-06-CAMHDA301/2022/08/10/CAMHDA301-20220810T163000.mp4
2022-W32,20220810T214500,8,0,596.9,929.6,1063.8,100.39,55.05,,/home/jovyan/ooi/san_data/RS03ASHS-PN03B-06-CAMHDA301/2022/08/10/CAMHDA301-20220810T214500.mp4
2022-W32,20220812T061500,8,0,547.4,828.4,1071.8,81.02,53.14,,/home/jovyan/ooi/san_data/RS03ASHS-PN03B-06-CAMHDA301/2022/08/12/CAMHDA301-20220812T061500.mp4
2022-W33,20220820T053000,8,0,195.8,233.1,235.5,100.94,38.14,,/home/jovyan/ooi/san_data/RS03ASHS-PN03B-06-CAMHDA301/2022/08/20/CAMHDA301-20220820T053000.mp4
2022-W33,20220820T103000,8,0,105.0,199.0,238.8,120.93,17.70,,/home/jovyan/ooi/san_data/RS03ASHS-PN03B-06-CAMHDA301/2022/08/20/CAMHDA301-20220820T103000.mp4
2022-W33,20220815T001500,8,0,496.4,924.9,1140.2,89.40,49.27,,/home/jovyan/ooi/san_data/RS03ASHS-PN03B-06-CAMHDA301/2022/08/15/CAMHDA301-20220815T001500.mp4
2022-W33,20220820T001500,8,0,613.4,728.7,913.6,88.35,58.49,,/home/jovyan/ooi/san_data/RS03ASHS-PN03B-06-CAMHDA301/2022/08/20/CAMHDA301-20220820T001500.mp4
2022-W33,20220817T121500,8,0,393.6,703.3,770.4,89.85,49.40,,/home/jovyan/ooi/san_data/RS03ASHS-PN03B-06-CAMHDA301/2022/08/17/CAMHDA301-20220817T121500.mp4
2022-W32,20220814T211500,8,0,541.0,831.6,948.4,88.36,51.94,,/home/jovyan/ooi/san_data/RS03ASHS-PN03B-06-CAMHDA301/2022/08/14/CAMHDA301-20220814T211500.mp4
2022-W33,20220820T154500,8,0,204.6,288.3,300.0,109.73,43.95,,/home/jovyan/ooi/san_data/RS03ASHS-PN03B-06-CAMHDA301/2022/08/20/CAMHDA301-20220820T154500.mp4
2022-W33,20220820T204500,8,0,111.4,162.2,208.7,78.74,35.77,,/home/jovyan/ooi/san_data/RS03ASHS-PN03B-06-CAMHDA301/2022/08/20/CAMHDA301-20220820T204500.mp4
2022-W34,20220822T001500,8,0,608.4,1179.6,1328.5,86.63,53.99,,/home/jovyan/ooi/san_data/RS03ASHS-PN03B-06-CAMHDA301/2022/08/22/CAMHDA301-20220822T001500.mp4
2022-W33,20220821T211500,8,0,564.3,980.8,1005.1,86.98,50.00,,/home/jovyan/ooi/san_data/RS03ASHS-PN03B-06-CAMHDA301/2022/08/21/CAMHDA301-20220821T211500.mp4
2022-W34,20220822T211500,7,1,295.5,618.3,621.0,87.14,49.50,,/home/jovyan/ooi/san_data/RS03ASHS-PN03B-06-CAMHDA301/2022/08/22/CAMHDA301-20220822T211500.mp4
2022-W34,20220823T211500,8,0,288.1,768.6,812.4,86.52,49.10,,/home/jovyan/ooi/san_data/RS03ASHS-PN03B-06-CAMHDA301/2022/08/23/CAMHDA301-20220823T211500.mp4
2022-W34,20220825T211500,8,0,443.4,725.9,916.8,84.30,46.07,,/home/jovyan/ooi/san_data/RS03ASHS-PN03B-06-CAMHDA301/2022/08/25/CAMHDA301-20220825T211500.mp4
2022-W34,20220826T211500,8,0,555.9,751.4,843.8,83.76,50.95,,/home/jovyan/ooi/san_data/RS03ASHS-PN03B-06-CAMHDA301/2022/08/26/CAMHDA301-20220826T211500.mp4
2022-W35,20220829T001500,8,0,559.2,641.7,689.5,81.31,46.91,,/home/jovyan/ooi/san_data/RS03ASHS-PN03B-06-CAMHDA301/2022/08/29/CAMHDA301-20220829T001500.mp4
2022-W34,20220824T211500,8,0,738.9,1076.6,1171.2,85.36,49.41,,/home/jovyan/ooi/san_data/RS03ASHS-PN03B-06-CAMHDA301/2022/08/24/CAMHDA301-20220824T211500.mp4
2022-W34,20220828T211500,8,0,450.8,600.6,767.8,82.26,50.38,,/home/jovyan/ooi/san_data/RS03ASHS-PN03B-06-CAMHDA301/2022/08/28/CAMHDA301-20220828T211500.mp4
2022-W34,20220827T211500,8,0,400.1,743.0,907.5,85.88,47.16,,/home/jovyan/ooi/san_data/RS03ASHS-PN03B-06-CAMHDA301/2022/08/27/CAMHDA301-20220827T211500.mp4
2022-W35,20220901T061500,8,0,618.4,672.7,678.3,87.46,57.18,,/home/jovyan/ooi/san_data/RS03ASHS-PN03B-06-CAMHDA301/2022/09/01/CAMHDA301-20220901T061500.mp4
2022-W35,20220902T044500,8,0,158.0,220.1,245.9,117.58,21.32,,/home/jovyan/ooi/san_data/RS03ASHS-PN03B-06-CAMHDA301/2022/09/02/CAMHDA301-20220902T044500.mp4
2022-W35,20220901T173000,8,0,128.1,193.3,211.4,105.71,38.29,,/home/jovyan/ooi/san_data/RS03ASHS-PN03B-06-CAMHDA301/2022/09/01/CAMHDA301-20220901T173000.mp4
2022-W35,20220903T031500,8,0,157.6,252.9,264.7,114.20,41.04,,/home/jovyan/ooi/san_data/RS03ASHS-PN03B-06-CAMHDA301/2022/09/03/CAMHDA301-20220903T031500.mp4
2022-W35,20220902T160000,8,0,97.1,181.3,184.8,81.92,39.56,,/home/jovyan/ooi/san_data/RS03ASHS-PN03B-06-CAMHDA301/2022/09/02/CAMHDA301-20220902T160000.mp4
2022-W35,20220904T211500,8,0,411.4,755.5,784.3,84.02,50.85,,/home/jovyan/ooi/san_data/RS03ASHS-PN03B-06-CAMHDA301/2022/09/04/CAMHDA301-20220904T211500.mp4
2022-W35,20220903T143000,8,0,59.5,66.4,76.4,73.07,32.09,,/home/jovyan/ooi/san_data/RS03ASHS-PN03B-06-CAMHDA301/2022/09/03/CAMHDA301-20220903T143000.mp4
2022-W36,20220905T001500,8,0,404.1,907.7,1261.4,83.06,51.26,,/home/jovyan/ooi/san_data/RS03ASHS-PN03B-06-CAMHDA301/2022/09/05/CAMHDA301-20220905T001500.mp4
2022-W36,20220910T001500,8,0,507.8,606.9,637.8,88.57,56.28,,/home/jovyan/ooi/san_data/RS03ASHS-PN03B-06-CAMHDA301/2022/09/10/CAMHDA301-20220910T001500.mp4
2022-W36,20220907T121500,8,0,525.7,844.7,981.5,85.32,50.55,,/home/jovyan/ooi/san_data/RS03ASHS-PN03B-06-CAMHDA301/2022/09/07/CAMHDA301-20220907T121500.mp4
2022-W36,20220910T103000,8,0,215.3,305.3,322.1,119.58,42.29,,/home/jovyan/ooi/san_data/RS03ASHS-PN03B-06-CAMHDA301/2022/09/10/CAMHDA301-20220910T103000.mp4
2022-W36,20220910T053000,8,0,222.6,269.6,302.6,113.97,42.59,,/home/jovyan/ooi/san_data/RS03ASHS-PN03B-06-CAMHDA301/2022/09/10/CAMHDA301-20220910T053000.mp4
2022-W36,20220910T154500,8,0,114.3,170.2,193.6,105.93,31.97,,/home/jovyan/ooi/san_data/RS03ASHS-PN03B-06-CAMHDA301/2022/09/10/CAMHDA301-20220910T154500.mp4
2022-W36,20220911T211500,8,0,521.3,932.7,1203.3,88.28,52.86,,/home/jovyan/ooi/san_data/RS03ASHS-PN03B-06-CAMHDA301/2022/09/11/CAMHDA301-20220911T211500.mp4
2022-W36,20220910T204500,8,0,138.7,160.1,190.1,105.05,47.79,,/home/jovyan/ooi/san_data/RS03ASHS-PN03B-06-CAMHDA301/2022/09/10/CAMHDA301-20220910T204500.mp4
2022-W37,20220912T001500,8,0,532.2,914.1,1047.5,85.89,52.25,,/home/jovyan/ooi/san_data/RS03ASHS-PN03B-06-CAMHDA301/2022/09/12/CAMHDA301-20220912T001500.mp4
2022-W37,20220912T211500,8,0,471.8,846.6,1071.6,85.88,54.85,,/home/jovyan/ooi/san_data/RS03ASHS-PN03B-06-CAMHDA301/2022/09/12/CAMHDA301-20220912T211500.mp4
2022-W37,20220914T211500,8,0,541.5,1523.0,2053.8,86.46,53.01,,/home/jovyan/ooi/san_data/RS03ASHS-PN03B-06-CAMHDA301/2022/09/14/CAMHDA301-20220914T211500.mp4
2022-W37,20220913T211500,8,0,557.3,1034.1,1083.2,84.22,55.05,,/home/jovyan/ooi/san_data/RS03ASHS-PN03B-06-CAMHDA301/2022/09/13/CAMHDA301-20220913T211500.mp4
2022-W37,20220915T211500,8,0,654.8,873.9,1201.7,82.30,54.28,,/home/jovyan/ooi/san_data/RS03ASHS-PN03B-06-CAMHDA301/2022/09/15/CAMHDA301-20220915T211500.mp4
2022-W37,20220917T211500,8,0,444.5,763.4,878.4,84.63,46.58,,/home/jovyan/ooi/san_data/RS03ASHS-PN03B-06-CAMHDA301/2022/09/17/CAMHDA301-20220917T211500.mp4
2022-W37,20220916T211500,8,0,431.2,932.5,1473.2,83.44,53.21,,/home/jovyan/ooi/san_data/RS03ASHS-PN03B-06-CAMHDA301/2022/09/16/CAMHDA301-20220916T211500.mp4
2022-W37,20220918T211500,8,0,436.7,581.1,704.9,82.93,47.04,,/home/jovyan/ooi/san_data/RS03ASHS-PN03B-06-CAMHDA301/2022/09/18/CAMHDA301-20220918T211500.mp4
2022-W38,20220919T001500,8,0,448.2,845.4,1331.6,83.79,47.79,,/home/jovyan/ooi/san_data/RS03ASHS-PN03B-06-CAMHDA301/2022/09/19/CAMHDA301-20220919T001500.mp4
2022-W38,20220920T031500,8,0,258.5,328.0,388.1,114.63,38.70,,/home/jovyan/ooi/san_data/RS03ASHS-PN03B-06-CAMHDA301/2022/09/20/CAMHDA301-20220920T031500.mp4
2022-W38,20220920T081500,8,0,131.5,163.5,166.9,113.22,23.99,,/home/jovyan/ooi/san_data/RS03ASHS-PN03B-06-CAMHDA301/2022/09/20/CAMHDA301-20220920T081500.mp4
2022-W38,20220920T133000,8,0,105.2,141.7,168.3,87.42,31.47,,/home/jovyan/ooi/san_data/RS03ASHS-PN03B-06-CAMHDA301/2022/09/20/CAMHDA301-20220920T133000.mp4
2022-W38,20220920T234500,8,0,539.6,722.6,780.8,96.67,59.26,,/home/jovyan/ooi/san_data/RS03ASHS-PN03B-06-CAMHDA301/2022/09/20/CAMHDA301-20220920T234500.mp4
2022-W38,20220925T211500,8,0,361.2,483.4,606.4,83.73,47.93,,/home/jovyan/ooi/san_data/RS03ASHS-PN03B-06-CAMHDA301/2022/09/25/CAMHDA301-20220925T211500.mp4
2022-W38,20220920T183000,8,0,70.8,95.7,122.7,60.62,21.25,,/home/jovyan/ooi/san_data/RS03ASHS-PN03B-06-CAMHDA301/2022/09/20/CAMHDA301-20220920T183000.mp4
2022-W38,20220923T061500,8,0,477.6,818.6,1129.9,85.43,49.11,,/home/jovyan/ooi/san_data/RS03ASHS-PN03B-06-CAMHDA301/2022/09/23/CAMHDA301-20220923T061500.mp4
2022-W39,20220926T001500,8,0,601.7,1044.1,1129.5,81.55,51.38,,/home/jovyan/ooi/san_data/RS03ASHS-PN03B-06-CAMHDA301/2022/09/26/CAMHDA301-20220926T001500.mp4
2022-W39,20220930T001500,8,0,434.8,714.7,1254.5,81.33,49.65,,/home/jovyan/ooi/san_data/RS03ASHS-PN03B-06-CAMHDA301/2022/09/30/CAMHDA301-20220930T001500.mp4
2022-W39,20221001T070000,8,0,394.7,462.5,486.2,90.79,57.22,,/home/jovyan/ooi/san_data/RS03ASHS-PN03B-06-CAMHDA301/2022/10/01/CAMHDA301-20221001T070000.mp4
2022-W39,20221001T151500,8,0,147.2,211.4,230.0,111.53,36.56,,/home/jovyan/ooi/san_data/RS03ASHS-PN03B-06-CAMHDA301/2022/10/01/CAMHDA301-20221001T151500.mp4
2022-W39,20221001T231500,8,0,97.2,140.1,149.3,110.56,16.68,,/home/jovyan/ooi/san_data/RS03ASHS-PN03B-06-CAMHDA301/2022/10/01/CAMHDA301-20221001T231500.mp4
2022-W40,20221003T000000,8,0,203.8,290.2,360.1,88.22,65.35,,/home/jovyan/ooi/san_data/RS03ASHS-PN03B-06-CAMHDA301/2022/10/03/CAMHDA301-20221003T000000.mp4
2022-W39,20221002T234500,8,0,148.4,281.2,334.2,88.95,64.82,,/home/jovyan/ooi/san_data/RS03ASHS-PN03B-06-CAMHDA301/2022/10/02/CAMHDA301-20221002T234500.mp4
2022-W39,20221002T073000,8,0,244.4,323.8,366.2,122.74,24.44,,/home/jovyan/ooi/san_data/RS03ASHS-PN03B-06-CAMHDA301/2022/10/02/CAMHDA301-20221002T073000.mp4
2022-W39,20221002T153000,8,0,79.9,111.9,147.8,56.43,33.59,,/home/jovyan/ooi/san_data/RS03ASHS-PN03B-06-CAMHDA301/2022/10/02/CAMHDA301-20221002T153000.mp4
2022-W40,20221003T050000,8,0,304.1,411.6,525.0,82.23,70.52,,/home/jovyan/ooi/san_data/RS03ASHS-PN03B-06-CAMHDA301/2022/10/03/CAMHDA301-20221003T050000.mp4
2022-W40,20221003T101500,8,0,59.7,91.7,95.0,69.63,26.44,,/home/jovyan/ooi/san_data/RS03ASHS-PN03B-06-CAMHDA301/2022/10/03/CAMHDA301-20221003T101500.mp4
2022-W40,20221007T061500,8,0,408.3,718.1,727.0,84.58,47.35,,/home/jovyan/ooi/san_data/RS03ASHS-PN03B-06-CAMHDA301/2022/10/07/CAMHDA301-20221007T061500.mp4
2022-W40,20221004T151500,8,0,406.8,825.7,883.5,81.81,53.25,,/home/jovyan/ooi/san_data/RS03ASHS-PN03B-06-CAMHDA301/2022/10/04/CAMHDA301-20221004T151500.mp4
2022-W40,20221003T203000,8,0,368.9,500.1,559.3,91.38,62.60,,/home/jovyan/ooi/san_data/RS03ASHS-PN03B-06-CAMHDA301/2022/10/03/CAMHDA301-20221003T203000.mp4
2022-W40,20221003T151500,8,0,501.7,566.9,636.0,90.20,64.10,,/home/jovyan/ooi/san_data/RS03ASHS-PN03B-06-CAMHDA301/2022/10/03/CAMHDA301-20221003T151500.mp4
2022-W40,20221009T211500,8,0,426.3,761.5,1043.1,85.05,50.33,,/home/jovyan/ooi/san_data/RS03ASHS-PN03B-06-CAMHDA301/2022/10/09/CAMHDA301-20221009T211500.mp4
2022-W41,20221010T001500,8,0,518.4,533.9,538.9,86.89,59.12,,/home/jovyan/ooi/san_data/RS03ASHS-PN03B-06-CAMHDA301/2022/10/10/CAMHDA301-20221010T001500.mp4
2022-W41,20221010T203000,8,0,87.1,91.5,93.9,73.83,35.23,,/home/jovyan/ooi/san_data/RS03ASHS-PN03B-06-CAMHDA301/2022/10/10/CAMHDA301-20221010T203000.mp4
2022-W41,20221010T101500,8,0,244.7,345.8,469.4,122.33,45.02,,/home/jovyan/ooi/san_data/RS03ASHS-PN03B-06-CAMHDA301/2022/10/10/CAMHDA301-20221010T101500.mp4
2022-W41,20221010T153000,8,0,145.5,255.1,295.0,104.10,49.13,,/home/jovyan/ooi/san_data/RS03ASHS-PN03B-06-CAMHDA301/2022/10/10/CAMHDA301-20221010T153000.mp4
2022-W41,20221010T051500,8,0,251.2,332.2,419.9,114.06,39.49,,/home/jovyan/ooi/san_data/RS03ASHS-PN03B-06-CAMHDA301/2022/10/10/CAMHDA301-20221010T051500.mp4
2022-W41,20221014T061500,8,0,478.7,927.9,1170.2,83.23,49.71,,/home/jovyan/ooi/san_data/RS03ASHS-PN03B-06-CAMHDA301/2022/10/14/CAMHDA301-20221014T061500.mp4
2022-W41,20221016T211500,8,0,524.8,869.6,923.1,78.80,52.29,,/home/jovyan/ooi/san_data/RS03ASHS-PN03B-06-CAMHDA301/2022/10/16/CAMHDA301-20221016T211500.mp4
2022-W41,20221011T181500,8,0,401.2,781.4,1016.2,86.02,51.47,,/home/jovyan/ooi/san_data/RS03ASHS-PN03B-06-CAMHDA301/2022/10/11/CAMHDA301-20221011T181500.mp4
2022-W42,20221017T001500,8,0,470.8,811.3,1288.3,84.49,49.15,,/home/jovyan/ooi/san_data/RS03ASHS-PN03B-06-CAMHDA301/2022/10/17/CAMHDA301-20221017T001500.mp4
2022-W42,20221019T121500,8,0,378.8,732.9,1039.8,82.08,51.53,,/home/jovyan/ooi/san_data/RS03ASHS-PN03B-06-CAMHDA301/2022/10/19/CAMHDA301-20221019T121500.mp4
2022-W42,20221020T091500,8,0,106.4,206.9,226.1,116.77,20.20,,/home/jovyan/ooi/san_data/RS03ASHS-PN03B-06-CAMHDA301/2022/10/20/CAMHDA301-20221020T091500.mp4
2022-W42,20221020T041500,8,0,239.9,265.5,267.5,112.76,38.38,,/home/jovyan/ooi/san_data/RS03ASHS-PN03B-06-CAMHDA301/2022/10/20/CAMHDA301-20221020T041500.mp4
2022-W42,20221020T143000,8,0,119.0,210.1,302.3,90.02,36.85,,/home/jovyan/ooi/san_data/RS03ASHS-PN03B-06-CAMHDA301/2022/10/20/CAMHDA301-20221020T143000.mp4
2022-W42,20221021T061500,8,0,438.2,737.2,768.5,84.47,47.66,,/home/jovyan/ooi/san_data/RS03ASHS-PN03B-06-CAMHDA301/2022/10/21/CAMHDA301-20221021T061500.mp4
2022-W42,20221020T194500,8,0,96.1,128.4,161.7,84.38,39.51,,/home/jovyan/ooi/san_data/RS03ASHS-PN03B-06-CAMHDA301/2022/10/20/CAMHDA301-20221020T194500.mp4
2022-W43,20221024T211500,8,0,512.8,858.0,878.7,83.80,52.15,,/home/jovyan/ooi/san_data/RS03ASHS-PN03B-06-CAMHDA301/2022/10/24/CAMHDA301-20221024T211500.mp4
2022-W43,20221024T001500,8,0,387.0,833.9,1059.9,84.34,53.03,,/home/jovyan/ooi/san_data/RS03ASHS-PN03B-06-CAMHDA301/2022/10/24/CAMHDA301-20221024T001500.mp4
2022-W43,20221030T211500,0,8,,,,,,all-black,/home/jovyan/ooi/san_data/RS03ASHS-PN03B-06-CAMHDA301/2022/10/30/CAMHDA301-20221030T211500.mp4
2022-W42,20221023T211500,8,0,341.2,784.4,1014.0,87.83,49.52,,/home/jovyan/ooi/san_data/RS03ASHS-PN03B-06-CAMHDA301/2022/10/23/CAMHDA301-20221023T211500.mp4
2022-W43,20221025T211500,8,0,623.3,911.5,1263.3,85.86,54.00,,/home/jovyan/ooi/san_data/RS03ASHS-PN03B-06-CAMHDA301/2022/10/25/CAMHDA301-20221025T211500.mp4
2022-W43,20221026T211500,8,0,555.8,860.7,1296.3,85.00,54.79,,/home/jovyan/ooi/san_data/RS03ASHS-PN03B-06-CAMHDA301/2022/10/26/CAMHDA301-20221026T211500.mp4
2022-W43,20221027T211500,8,0,497.4,912.5,1264.4,85.27,53.22,,/home/jovyan/ooi/san_data/RS03ASHS-PN03B-06-CAMHDA301/2022/10/27/CAMHDA301-20221027T211500.mp4
2022-W43,20221028T211500,8,0,385.6,747.3,861.3,86.00,48.72,,/home/jovyan/ooi/san_data/RS03ASHS-PN03B-06-CAMHDA301/2022/10/28/CAMHDA301-20221028T211500.mp4
2022-W44,20221031T001500,0,8,,,,,,all-black,/home/jovyan/ooi/san_data/RS03ASHS-PN03B-06-CAMHDA301/2022/10/31/CAMHDA301-20221031T001500.mp4
2022-W43,20221029T211500,8,0,572.8,1019.7,1336.4,84.57,55.14,,/home/jovyan/ooi/san_data/RS03ASHS-PN03B-06-CAMHDA301/2022/10/29/CAMHDA301-20221029T211500.mp4
2022-W44,20221102T084500,8,0,118.6,215.9,344.4,117.00,21.64,,/home/jovyan/ooi/san_data/RS03ASHS-PN03B-06-CAMHDA301/2022/11/02/CAMHDA301-20221102T084500.mp4
2022-W44,20221101T101500,8,0,237.6,286.7,324.4,108.52,39.10,,/home/jovyan/ooi/san_data/RS03ASHS-PN03B-06-CAMHDA301/2022/11/01/CAMHDA301-20221101T101500.mp4
2022-W44,20221101T213000,8,0,81.3,158.1,221.5,113.50,26.75,,/home/jovyan/ooi/san_data/RS03ASHS-PN03B-06-CAMHDA301/2022/11/01/CAMHDA301-20221101T213000.mp4
2022-W44,20221103T071500,8,0,101.5,125.7,128.7,81.17,30.58,,/home/jovyan/ooi/san_data/RS03ASHS-PN03B-06-CAMHDA301/2022/11/03/CAMHDA301-20221103T071500.mp4
2022-W44,20221106T211500,8,0,568.0,841.1,1135.8,87.46,54.53,,/home/jovyan/ooi/san_data/RS03ASHS-PN03B-06-CAMHDA301/2022/11/06/CAMHDA301-20221106T211500.mp4
2022-W44,20221102T200000,8,0,199.2,269.2,318.3,81.31,40.72,,/home/jovyan/ooi/san_data/RS03ASHS-PN03B-06-CAMHDA301/2022/11/02/CAMHDA301-20221102T200000.mp4
2022-W44,20221103T183000,8,0,446.9,522.0,601.5,92.30,65.87,,/home/jovyan/ooi/san_data/RS03ASHS-PN03B-06-CAMHDA301/2022/11/03/CAMHDA301-20221103T183000.mp4
2022-W45,20221107T001500,8,0,449.7,747.8,754.5,85.56,53.41,,/home/jovyan/ooi/san_data/RS03ASHS-PN03B-06-CAMHDA301/2022/11/07/CAMHDA301-20221107T001500.mp4
2022-W45,20221109T121500,8,0,375.6,701.2,826.4,85.74,46.88,,/home/jovyan/ooi/san_data/RS03ASHS-PN03B-06-CAMHDA301/2022/11/09/CAMHDA301-20221109T121500.mp4
2022-W45,20221110T093000,8,0,85.0,111.8,124.4,114.07,23.69,,/home/jovyan/ooi/san_data/RS03ASHS-PN03B-06-CAMHDA301/2022/11/10/CAMHDA301-20221110T093000.mp4
2022-W45,20221110T041500,8,0,271.6,350.8,419.9,113.01,40.25,,/home/jovyan/ooi/san_data/RS03ASHS-PN03B-06-CAMHDA301/2022/11/10/CAMHDA301-20221110T041500.mp4
2022-W45,20221110T143000,8,0,90.8,164.7,189.4,80.05,37.29,,/home/jovyan/ooi/san_data/RS03ASHS-PN03B-06-CAMHDA301/2022/11/10/CAMHDA301-20221110T143000.mp4
2022-W45,20221110T194500,8,0,114.9,144.3,191.2,79.40,38.55,,/home/jovyan/ooi/san_data/RS03ASHS-PN03B-06-CAMHDA301/2022/11/10/CAMHDA301-20221110T194500.mp4
2022-W45,20221113T211500,8,0,721.0,1152.9,1427.2,86.36,55.38,,/home/jovyan/ooi/san_data/RS03ASHS-PN03B-06-CAMHDA301/2022/11/13/CAMHDA301-20221113T211500.mp4
2022-W46,20221114T001500,8,0,339.3,662.5,929.5,88.69,51.26,,/home/jovyan/ooi/san_data/RS03ASHS-PN03B-06-CAMHDA301/2022/11/14/CAMHDA301-20221114T001500.mp4
2022-W46,20221116T121500,8,0,550.8,722.2,826.6,84.53,50.02,,/home/jovyan/ooi/san_data/RS03ASHS-PN03B-06-CAMHDA301/2022/11/16/CAMHDA301-20221116T121500.mp4
2022-W45,20221111T061500,8,0,424.3,1086.3,1174.3,84.31,52.70,,/home/jovyan/ooi/san_data/RS03ASHS-PN03B-06-CAMHDA301/2022/11/11/CAMHDA301-20221111T061500.mp4
2022-W46,20221119T001500,8,0,568.9,738.4,819.8,83.77,53.41,,/home/jovyan/ooi/san_data/RS03ASHS-PN03B-06-CAMHDA301/2022/11/19/CAMHDA301-20221119T001500.mp4
2022-W46,20221120T083000,8,0,141.0,176.7,184.3,115.63,35.01,,/home/jovyan/ooi/san_data/RS03ASHS-PN03B-06-CAMHDA301/2022/11/20/CAMHDA301-20221120T083000.mp4
2022-W46,20221120T133000,8,0,220.9,284.1,295.9,97.50,30.12,,/home/jovyan/ooi/san_data/RS03ASHS-PN03B-06-CAMHDA301/2022/11/20/CAMHDA301-20221120T133000.mp4
2022-W46,20221120T031500,8,0,278.9,307.9,323.1,114.28,38.78,,/home/jovyan/ooi/san_data/RS03ASHS-PN03B-06-CAMHDA301/2022/11/20/CAMHDA301-20221120T031500.mp4
2022-W47,20221121T000000,6,2,462.4,506.9,507.4,91.46,65.61,,/home/jovyan/ooi/san_data/RS03ASHS-PN03B-06-CAMHDA301/2022/11/21/CAMHDA301-20221121T000000.mp4
2022-W46,20221120T183000,8,0,91.4,114.1,145.4,75.20,31.65,,/home/jovyan/ooi/san_data/RS03ASHS-PN03B-06-CAMHDA301/2022/11/20/CAMHDA301-20221120T183000.mp4
2022-W46,20221120T234500,8,0,548.9,737.6,795.5,91.83,65.65,,/home/jovyan/ooi/san_data/RS03ASHS-PN03B-06-CAMHDA301/2022/11/20/CAMHDA301-20221120T234500.mp4
2022-W47,20221121T211500,8,0,495.8,696.8,826.0,88.84,48.32,,/home/jovyan/ooi/san_data/RS03ASHS-PN03B-06-CAMHDA301/2022/11/21/CAMHDA301-20221121T211500.mp4
2022-W48,20221201T174500,0,8,,,,,,all-black,/home/jovyan/ooi/san_data/RS03ASHS-PN03B-06-CAMHDA301/2022/12/01/CAMHDA301-20221201T174500.mp4
2022-W48,20221201T061500,0,8,,,,,,all-black,/home/jovyan/ooi/san_data/RS03ASHS-PN03B-06-CAMHDA301/2022/12/01/CAMHDA301-20221201T061500.mp4
2022-W47,20221123T211500,8,0,419.8,851.7,1296.3,84.51,52.30,,/home/jovyan/ooi/san_data/RS03ASHS-PN03B-06-CAMHDA301/2022/11/23/CAMHDA301-20221123T211500.mp4
2022-W48,20221202T050000,0,8,,,,,,all-black,/home/jovyan/ooi/san_data/RS03ASHS-PN03B-06-CAMHDA301/2022/12/02/CAMHDA301-20221202T050000.mp4
2022-W47,20221122T211500,8,0,408.5,622.3,806.4,87.49,48.81,,/home/jovyan/ooi/san_data/RS03ASHS-PN03B-06-CAMHDA301/2022/11/22/CAMHDA301-20221122T211500.mp4
2022-W48,20221202T161500,0,8,,,,,,all-black,/home/jovyan/ooi/san_data/RS03ASHS-PN03B-06-CAMHDA301/2022/12/02/CAMHDA301-20221202T161500.mp4
2022-W47,20221124T211500,8,0,259.1,729.9,885.2,85.54,49.70,,/home/jovyan/ooi/san_data/RS03ASHS-PN03B-06-CAMHDA301/2022/11/24/CAMHDA301-20221124T211500.mp4
2022-W47,20221127T211500,8,0,469.3,990.1,1151.6,85.16,55.05,,/home/jovyan/ooi/san_data/RS03ASHS-PN03B-06-CAMHDA301/2022/11/27/CAMHDA301-20221127T211500.mp4
2022-W48,20221128T001500,8,0,363.9,656.9,832.2,84.83,55.43,,/home/jovyan/ooi/san_data/RS03ASHS-PN03B-06-CAMHDA301/2022/11/28/CAMHDA301-20221128T001500.mp4
2022-W47,20221126T211500,8,0,353.4,557.3,581.0,83.23,51.46,,/home/jovyan/ooi/san_data/RS03ASHS-PN03B-06-CAMHDA301/2022/11/26/CAMHDA301-20221126T211500.mp4
2022-W47,20221125T211500,8,0,396.5,672.8,1034.5,83.76,50.80,,/home/jovyan/ooi/san_data/RS03ASHS-PN03B-06-CAMHDA301/2022/11/25/CAMHDA301-20221125T211500.mp4
2022-W48,20221203T033000,0,8,,,,,,all-black,/home/jovyan/ooi/san_data/RS03ASHS-PN03B-06-CAMHDA301/2022/12/03/CAMHDA301-20221203T033000.mp4
2022-W48,20221203T144500,0,8,,,,,,all-black,/home/jovyan/ooi/san_data/RS03ASHS-PN03B-06-CAMHDA301/2022/12/03/CAMHDA301-20221203T144500.mp4
2022-W49,20221210T001500,8,0,357.2,411.1,479.7,89.57,53.28,,/home/jovyan/ooi/san_data/RS03ASHS-PN03B-06-CAMHDA301/2022/12/10/CAMHDA301-20221210T001500.mp4
2022-W49,20221205T001500,8,0,501.4,867.5,1281.0,85.57,49.09,,/home/jovyan/ooi/san_data/RS03ASHS-PN03B-06-CAMHDA301/2022/12/05/CAMHDA301-20221205T001500.mp4
2022-W48,20221204T211500,8,0,414.8,876.5,1384.8,86.90,52.11,,/home/jovyan/ooi/san_data/RS03ASHS-PN03B-06-CAMHDA301/2022/12/04/CAMHDA301-20221204T211500.mp4
2022-W49,20221210T103000,8,0,141.1,167.5,167.6,108.07,21.71,,/home/jovyan/ooi/san_data/RS03ASHS-PN03B-06-CAMHDA301/2022/12/10/CAMHDA301-20221210T103000.mp4
2022-W49,20221207T121500,8,0,435.7,896.6,1357.2,82.75,53.10,,/home/jovyan/ooi/san_data/RS03ASHS-PN03B-06-CAMHDA301/2022/12/07/CAMHDA301-20221207T121500.mp4
2022-W49,20221210T053000,8,0,227.6,288.5,289.2,117.20,40.32,,/home/jovyan/ooi/san_data/RS03ASHS-PN03B-06-CAMHDA301/2022/12/10/CAMHDA301-20221210T053000.mp4
2022-W49,20221210T204500,8,0,77.0,100.7,119.7,72.22,28.20,,/home/jovyan/ooi/san_data/RS03ASHS-PN03B-06-CAMHDA301/2022/12/10/CAMHDA301-20221210T204500.mp4
2022-W50,20221212T001500,8,0,542.5,772.3,879.5,87.18,56.36,,/home/jovyan/ooi/san_data/RS03ASHS-PN03B-06-CAMHDA301/2022/12/12/CAMHDA301-20221212T001500.mp4
2022-W49,20221211T211500,8,0,450.7,803.1,970.2,88.30,54.52,,/home/jovyan/ooi/san_data/RS03ASHS-PN03B-06-CAMHDA301/2022/12/11/CAMHDA301-20221211T211500.mp4
2022-W49,20221210T154500,8,0,196.7,247.3,262.2,103.74,58.84,,/home/jovyan/ooi/san_data/RS03ASHS-PN03B-06-CAMHDA301/2022/12/10/CAMHDA301-20221210T154500.mp4
2022-W50,20221212T211500,8,0,351.4,698.1,738.3,87.04,48.75,,/home/jovyan/ooi/san_data/RS03ASHS-PN03B-06-CAMHDA301/2022/12/12/CAMHDA301-20221212T211500.mp4
2022-W50,20221213T211500,8,0,443.0,683.6,937.6,87.15,53.77,,/home/jovyan/ooi/san_data/RS03ASHS-PN03B-06-CAMHDA301/2022/12/13/CAMHDA301-20221213T211500.mp4
2022-W50,20221214T211500,8,0,420.5,704.2,733.9,85.75,52.46,,/home/jovyan/ooi/san_data/RS03ASHS-PN03B-06-CAMHDA301/2022/12/14/CAMHDA301-20221214T211500.mp4
2022-W50,20221217T211500,8,0,654.6,971.6,1618.9,81.76,50.12,,/home/jovyan/ooi/san_data/RS03ASHS-PN03B-06-CAMHDA301/2022/12/17/CAMHDA301-20221217T211500.mp4
2022-W50,20221215T211500,8,0,502.4,815.5,984.4,84.69,56.01,,/home/jovyan/ooi/san_data/RS03ASHS-PN03B-06-CAMHDA301/2022/12/15/CAMHDA301-20221215T211500.mp4
2022-W50,20221218T211500,8,0,456.2,910.5,1558.9,84.32,51.57,,/home/jovyan/ooi/san_data/RS03ASHS-PN03B-06-CAMHDA301/2022/12/18/CAMHDA301-20221218T211500.mp4
2022-W50,20221216T211500,8,0,611.2,940.5,1136.4,83.50,52.12,,/home/jovyan/ooi/san_data/RS03ASHS-PN03B-06-CAMHDA301/2022/12/16/CAMHDA301-20221216T211500.mp4
2022-W51,20221220T133000,8,0,96.2,172.0,190.5,90.10,15.89,,/home/jovyan/ooi/san_data/RS03ASHS-PN03B-06-CAMHDA301/2022/12/20/CAMHDA301-20221220T133000.mp4
2022-W51,20221219T001500,8,0,460.6,685.3,922.1,83.08,49.49,,/home/jovyan/ooi/san_data/RS03ASHS-PN03B-06-CAMHDA301/2022/12/19/CAMHDA301-20221219T001500.mp4
2022-W51,20221220T081500,8,0,93.1,145.8,175.6,114.03,18.42,,/home/jovyan/ooi/san_data/RS03ASHS-PN03B-06-CAMHDA301/2022/12/20/CAMHDA301-20221220T081500.mp4
2022-W51,20221220T031500,8,0,243.0,285.8,333.6,119.28,40.34,,/home/jovyan/ooi/san_data/RS03ASHS-PN03B-06-CAMHDA301/2022/12/20/CAMHDA301-20221220T031500.mp4
2022-W51,20221220T234500,8,0,491.8,675.1,682.0,100.55,51.79,,/home/jovyan/ooi/san_data/RS03ASHS-PN03B-06-CAMHDA301/2022/12/20/CAMHDA301-20221220T234500.mp4
2022-W51,20221220T183000,8,0,89.2,118.0,173.6,76.01,34.22,,/home/jovyan/ooi/san_data/RS03ASHS-PN03B-06-CAMHDA301/2022/12/20/CAMHDA301-20221220T183000.mp4
2022-W51,20221223T061500,8,0,362.7,855.3,909.5,85.33,53.52,,/home/jovyan/ooi/san_data/RS03ASHS-PN03B-06-CAMHDA301/2022/12/23/CAMHDA301-20221223T061500.mp4
2022-W52,20221226T001500,8,0,483.8,751.2,806.3,87.17,53.43,,/home/jovyan/ooi/san_data/RS03ASHS-PN03B-06-CAMHDA301/2022/12/26/CAMHDA301-20221226T001500.mp4
2022-W51,20221225T211500,8,0,598.6,755.1,907.2,87.32,54.07,,/home/jovyan/ooi/san_data/RS03ASHS-PN03B-06-CAMHDA301/2022/12/25/CAMHDA301-20221225T211500.mp4
2022-W52,20230101T034500,8,0,301.6,390.2,405.4,85.63,56.90,,/home/jovyan/ooi/san_data/RS03ASHS-PN03B-06-CAMHDA301/2023/01/01/CAMHDA301-20230101T034500.mp4
2022-W52,20230101T084500,8,0,336.3,388.8,471.9,83.92,57.92,,/home/jovyan/ooi/san_data/RS03ASHS-PN03B-06-CAMHDA301/2023/01/01/CAMHDA301-20230101T084500.mp4
2022-W52,20221230T211500,8,0,649.9,896.4,1007.0,93.60,53.33,,/home/jovyan/ooi/san_data/RS03ASHS-PN03B-06-CAMHDA301/2022/12/30/CAMHDA301-20221230T211500.mp4
2022-W52,20230101T184500,8,0,133.1,174.0,181.4,121.05,19.53,,/home/jovyan/ooi/san_data/RS03ASHS-PN03B-06-CAMHDA301/2023/01/01/CAMHDA301-20230101T184500.mp4
2023-W01,20230102T000000,8,0,181.1,231.6,238.9,118.43,35.83,,/home/jovyan/ooi/san_data/RS03ASHS-PN03B-06-CAMHDA301/2023/01/02/CAMHDA301-20230102T000000.mp4
2022-W52,20221228T091500,8,0,567.5,577.9,579.8,104.52,53.58,,/home/jovyan/ooi/san_data/RS03ASHS-PN03B-06-CAMHDA301/2022/12/28/CAMHDA301-20221228T091500.mp4
2022-W52,20230101T234500,8,0,166.9,237.5,300.9,116.92,38.26,,/home/jovyan/ooi/san_data/RS03ASHS-PN03B-06-CAMHDA301/2023/01/01/CAMHDA301-20230101T234500.mp4
2023-W01,20230102T081500,8,0,166.8,192.5,199.4,114.81,18.10,,/home/jovyan/ooi/san_data/RS03ASHS-PN03B-06-CAMHDA301/2023/01/02/CAMHDA301-20230102T081500.mp4
2022-W52,20230101T134500,8,0,203.2,324.6,399.2,119.75,39.35,,/home/jovyan/ooi/san_data/RS03ASHS-PN03B-06-CAMHDA301/2023/01/01/CAMHDA301-20230101T134500.mp4
2023-W01,20230102T163000,8,0,231.0,337.7,357.7,91.35,17.30,,/home/jovyan/ooi/san_data/RS03ASHS-PN03B-06-CAMHDA301/2023/01/02/CAMHDA301-20230102T163000.mp4
2023-W01,20230103T090000,8,0,88.7,108.9,130.2,69.56,34.90,,/home/jovyan/ooi/san_data/RS03ASHS-PN03B-06-CAMHDA301/2023/01/03/CAMHDA301-20230103T090000.mp4
2023-W01,20230103T004500,8,0,242.1,317.4,389.8,111.95,50.39,,/home/jovyan/ooi/san_data/RS03ASHS-PN03B-06-CAMHDA301/2023/01/03/CAMHDA301-20230103T004500.mp4
2023-W01,20230103T171500,8,0,561.1,639.8,680.0,95.88,66.24,,/home/jovyan/ooi/san_data/RS03ASHS-PN03B-06-CAMHDA301/2023/01/03/CAMHDA301-20230103T171500.mp4
2023-W01,20230104T181500,8,0,545.4,1005.8,1017.4,88.19,55.31,,/home/jovyan/ooi/san_data/RS03ASHS-PN03B-06-CAMHDA301/2023/01/04/CAMHDA301-20230104T181500.mp4
2023-W02,20230109T001500,8,0,521.0,866.1,986.3,88.24,55.61,,/home/jovyan/ooi/san_data/RS03ASHS-PN03B-06-CAMHDA301/2023/01/09/CAMHDA301-20230109T001500.mp4
2023-W02,20230110T081500,8,0,336.7,527.4,678.4,116.49,39.67,,/home/jovyan/ooi/san_data/RS03ASHS-PN03B-06-CAMHDA301/2023/01/10/CAMHDA301-20230110T081500.mp4
2023-W01,20230108T211500,8,0,535.0,697.3,741.3,87.77,53.99,,/home/jovyan/ooi/san_data/RS03ASHS-PN03B-06-CAMHDA301/2023/01/08/CAMHDA301-20230108T211500.mp4
2023-W02,20230110T133000,8,0,203.9,244.5,281.8,88.60,38.33,,/home/jovyan/ooi/san_data/RS03ASHS-PN03B-06-CAMHDA301/2023/01/10/CAMHDA301-20230110T133000.mp4
2023-W02,20230110T031500,8,0,271.1,305.6,341.3,119.92,40.62,,/home/jovyan/ooi/san_data/RS03ASHS-PN03B-06-CAMHDA301/2023/01/10/CAMHDA301-20230110T031500.mp4
2023-W02,20230113T061500,8,0,212.1,543.0,725.9,90.60,49.76,,/home/jovyan/ooi/san_data/RS03ASHS-PN03B-06-CAMHDA301/2023/01/13/CAMHDA301-20230113T061500.mp4
2023-W02,20230110T183000,8,0,101.3,113.3,113.5,88.47,41.31,,/home/jovyan/ooi/san_data/RS03ASHS-PN03B-06-CAMHDA301/2023/01/10/CAMHDA301-20230110T183000.mp4
2023-W02,20230110T234500,8,0,480.7,531.5,562.3,94.75,66.61,,/home/jovyan/ooi/san_data/RS03ASHS-PN03B-06-CAMHDA301/2023/01/10/CAMHDA301-20230110T234500.mp4
2023-W03,20230116T001500,8,0,460.1,892.2,1257.6,90.49,55.19,,/home/jovyan/ooi/san_data/RS03ASHS-PN03B-06-CAMHDA301/2023/01/16/CAMHDA301-20230116T001500.mp4
2023-W02,20230115T211500,8,0,516.9,836.6,1214.9,89.88,51.08,,/home/jovyan/ooi/san_data/RS03ASHS-PN03B-06-CAMHDA301/2023/01/15/CAMHDA301-20230115T211500.mp4
2023-W03,20230120T021500,8,0,546.8,608.3,683.1,86.81,60.34,,/home/jovyan/ooi/san_data/RS03ASHS-PN03B-06-CAMHDA301/2023/01/20/CAMHDA301-20230120T021500.mp4
2023-W03,20230120T073000,8,0,122.7,188.6,264.1,117.80,25.68,,/home/jovyan/ooi/san_data/RS03ASHS-PN03B-06-CAMHDA301/2023/01/20/CAMHDA301-20230120T073000.mp4
2023-W03,20230118T121500,8,0,249.3,605.1,868.1,86.81,53.61,,/home/jovyan/ooi/san_data/RS03ASHS-PN03B-06-CAMHDA301/2023/01/18/CAMHDA301-20230118T121500.mp4
2023-W03,20230120T224500,8,0,419.9,640.2,665.2,103.83,56.94,,/home/jovyan/ooi/san_data/RS03ASHS-PN03B-06-CAMHDA301/2023/01/20/CAMHDA301-20230120T224500.mp4
2023-W03,20230122T211500,8,0,366.9,828.5,1105.7,87.11,53.17,,/home/jovyan/ooi/san_data/RS03ASHS-PN03B-06-CAMHDA301/2023/01/22/CAMHDA301-20230122T211500.mp4
2023-W04,20230123T211500,8,0,519.3,862.5,1336.7,87.54,54.87,,/home/jovyan/ooi/san_data/RS03ASHS-PN03B-06-CAMHDA301/2023/01/23/CAMHDA301-20230123T211500.mp4
2023-W04,20230124T211500,8,0,444.2,922.9,1114.0,87.61,56.57,,/home/jovyan/ooi/san_data/RS03ASHS-PN03B-06-CAMHDA301/2023/01/24/CAMHDA301-20230124T211500.mp4
2023-W03,20230120T123000,8,0,178.5,211.1,216.7,84.74,39.09,,/home/jovyan/ooi/san_data/RS03ASHS-PN03B-06-CAMHDA301/2023/01/20/CAMHDA301-20230120T123000.mp4
2023-W03,20230120T174500,8,0,333.3,371.0,404.0,104.53,54.54,,/home/jovyan/ooi/san_data/RS03ASHS-PN03B-06-CAMHDA301/2023/01/20/CAMHDA301-20230120T174500.mp4
2023-W04,20230123T001500,8,0,559.2,1068.9,1314.9,86.30,52.96,,/home/jovyan/ooi/san_data/RS03ASHS-PN03B-06-CAMHDA301/2023/01/23/CAMHDA301-20230123T001500.mp4
2023-W04,20230125T211500,8,0,385.7,994.6,1315.2,85.77,55.37,,/home/jovyan/ooi/san_data/RS03ASHS-PN03B-06-CAMHDA301/2023/01/25/CAMHDA301-20230125T211500.mp4
2023-W04,20230126T211500,8,0,384.0,941.5,1262.8,87.42,53.92,,/home/jovyan/ooi/san_data/RS03ASHS-PN03B-06-CAMHDA301/2023/01/26/CAMHDA301-20230126T211500.mp4
2023-W04,20230127T211500,8,0,360.8,594.2,615.4,85.44,53.93,,/home/jovyan/ooi/san_data/RS03ASHS-PN03B-06-CAMHDA301/2023/01/27/CAMHDA301-20230127T211500.mp4
2023-W04,20230128T211500,8,0,356.4,758.9,785.4,86.60,54.85,,/home/jovyan/ooi/san_data/RS03ASHS-PN03B-06-CAMHDA301/2023/01/28/CAMHDA301-20230128T211500.mp4
2023-W04,20230129T211500,8,0,395.9,903.9,1441.5,89.29,53.30,,/home/jovyan/ooi/san_data/RS03ASHS-PN03B-06-CAMHDA301/2023/01/29/CAMHDA301-20230129T211500.mp4
2023-W05,20230130T001500,8,0,661.0,881.6,1005.7,87.66,54.48,,/home/jovyan/ooi/san_data/RS03ASHS-PN03B-06-CAMHDA301/2023/01/30/CAMHDA301-20230130T001500.mp4
2023-W05,20230202T064500,8,0,126.6,173.6,200.3,114.23,25.44,,/home/jovyan/ooi/san_data/RS03ASHS-PN03B-06-CAMHDA301/2023/02/02/CAMHDA301-20230202T064500.mp4
2023-W05,20230201T081500,8,0,381.6,440.0,488.1,87.01,56.43,,/home/jovyan/ooi/san_data/RS03ASHS-PN03B-06-CAMHDA301/2023/02/01/CAMHDA301-20230201T081500.mp4
2023-W05,20230202T180000,8,0,76.2,151.7,155.4,96.71,23.49,,/home/jovyan/ooi/san_data/RS03ASHS-PN03B-06-CAMHDA301/2023/02/02/CAMHDA301-20230202T180000.mp4
2023-W05,20230201T193000,8,0,318.5,458.1,514.1,119.86,38.59,,/home/jovyan/ooi/san_data/RS03ASHS-PN03B-06-CAMHDA301/2023/02/01/CAMHDA301-20230201T193000.mp4
2023-W05,20230203T163000,8,0,428.9,512.3,573.1,94.63,68.27,,/home/jovyan/ooi/san_data/RS03ASHS-PN03B-06-CAMHDA301/2023/02/03/CAMHDA301-20230203T163000.mp4
2023-W05,20230203T051500,8,0,144.7,210.2,231.7,105.50,51.10,,/home/jovyan/ooi/san_data/RS03ASHS-PN03B-06-CAMHDA301/2023/02/03/CAMHDA301-20230203T051500.mp4
2023-W05,20230205T211500,8,0,518.1,700.3,720.4,85.04,52.77,,/home/jovyan/ooi/san_data/RS03ASHS-PN03B-06-CAMHDA301/2023/02/05/CAMHDA301-20230205T211500.mp4
2023-W06,20230206T001500,8,0,324.2,855.0,1294.0,85.47,52.63,,/home/jovyan/ooi/san_data/RS03ASHS-PN03B-06-CAMHDA301/2023/02/06/CAMHDA301-20230206T001500.mp4
2023-W06,20230208T121500,8,0,487.3,624.4,680.8,86.78,53.74,,/home/jovyan/ooi/san_data/RS03ASHS-PN03B-06-CAMHDA301/2023/02/08/CAMHDA301-20230208T121500.mp4
2023-W06,20230210T021500,8,0,419.5,626.4,721.8,86.84,56.61,,/home/jovyan/ooi/san_data/RS03ASHS-PN03B-06-CAMHDA301/2023/02/10/CAMHDA301-20230210T021500.mp4
2023-W06,20230210T174500,8,0,172.4,228.4,310.8,105.80,56.51,,/home/jovyan/ooi/san_data/RS03ASHS-PN03B-06-CAMHDA301/2023/02/10/CAMHDA301-20230210T174500.mp4
2023-W07,20230213T001500,8,0,384.2,721.7,727.2,88.46,51.60,,/home/jovyan/ooi/san_data/RS03ASHS-PN03B-06-CAMHDA301/2023/02/13/CAMHDA301-20230213T001500.mp4
2023-W06,20230212T211500,8,0,473.3,931.8,1613.9,85.56,52.77,,/home/jovyan/ooi/san_data/RS03ASHS-PN03B-06-CAMHDA301/2023/02/12/CAMHDA301-20230212T211500.mp4
2023-W06,20230210T073000,8,0,165.5,218.3,258.3,116.99,39.70,,/home/jovyan/ooi/san_data/RS03ASHS-PN03B-06-CAMHDA301/2023/02/10/CAMHDA301-20230210T073000.mp4
2023-W06,20230210T224500,8,0,462.1,535.1,596.9,94.68,69.66,,/home/jovyan/ooi/san_data/RS03ASHS-PN03B-06-CAMHDA301/2023/02/10/CAMHDA301-20230210T224500.mp4
2023-W06,20230210T123000,8,0,250.4,296.7,315.9,89.54,43.59,,/home/jovyan/ooi/san_data/RS03ASHS-PN03B-06-CAMHDA301/2023/02/10/CAMHDA301-20230210T123000.mp4
2023-W07,20230213T211500,8,0,577.4,895.7,1276.0,87.22,54.79,,/home/jovyan/ooi/san_data/RS03ASHS-PN03B-06-CAMHDA301/2023/02/13/CAMHDA301-20230213T211500.mp4
2023-W07,20230214T211500,8,0,672.7,1067.7,1530.7,84.98,55.56,,/home/jovyan/ooi/san_data/RS03ASHS-PN03B-06-CAMHDA301/2023/02/14/CAMHDA301-20230214T211500.mp4
2023-W07,20230217T211500,8,0,535.5,963.6,1397.7,87.15,56.96,,/home/jovyan/ooi/san_data/RS03ASHS-PN03B-06-CAMHDA301/2023/02/17/CAMHDA301-20230217T211500.mp4
2023-W07,20230215T211500,8,0,347.4,537.3,723.9,86.01,52.91,,/home/jovyan/ooi/san_data/RS03ASHS-PN03B-06-CAMHDA301/2023/02/15/CAMHDA301-20230215T211500.mp4
2023-W07,20230216T211500,8,0,438.8,938.7,1159.2,83.91,54.90,,/home/jovyan/ooi/san_data/RS03ASHS-PN03B-06-CAMHDA301/2023/02/16/CAMHDA301-20230216T211500.mp4
2023-W07,20230218T211500,8,0,502.2,821.1,1274.8,87.26,49.98,,/home/jovyan/ooi/san_data/RS03ASHS-PN03B-06-CAMHDA301/2023/02/18/CAMHDA301-20230218T211500.mp4
2023-W08,20230220T001500,8,0,688.0,746.8,756.5,85.75,56.73,,/home/jovyan/ooi/san_data/RS03ASHS-PN03B-06-CAMHDA301/2023/02/20/CAMHDA301-20230220T001500.mp4
2023-W08,20230220T153000,8,0,165.1,235.8,241.3,104.01,59.14,,/home/jovyan/ooi/san_data/RS03ASHS-PN03B-06-CAMHDA301/2023/02/20/CAMHDA301-20230220T153000.mp4
2023-W07,20230219T211500,8,0,326.6,932.0,1296.0,86.13,56.53,,/home/jovyan/ooi/san_data/RS03ASHS-PN03B-06-CAMHDA301/2023/02/19/CAMHDA301-20230219T211500.mp4
2023-W08,20230220T101500,8,0,101.3,240.0,286.0,111.50,20.29,,/home/jovyan/ooi/san_data/RS03ASHS-PN03B-06-CAMHDA301/2023/02/20/CAMHDA301-20230220T101500.mp4
2023-W08,20230220T203000,8,0,118.2,128.5,137.6,89.61,43.34,,/home/jovyan/ooi/san_data/RS03ASHS-PN03B-06-CAMHDA301/2023/02/20/CAMHDA301-20230220T203000.mp4
2023-W08,20230220T051500,8,0,271.7,294.8,298.9,116.18,45.21,,/home/jovyan/ooi/san_data/RS03ASHS-PN03B-06-CAMHDA301/2023/02/20/CAMHDA301-20230220T051500.mp4
2023-W08,20230221T181500,8,0,284.0,646.2,725.3,87.45,53.18,,/home/jovyan/ooi/san_data/RS03ASHS-PN03B-06-CAMHDA301/2023/02/21/CAMHDA301-20230221T181500.mp4
2023-W08,20230224T061500,8,0,393.2,908.5,1432.7,88.23,56.91,,/home/jovyan/ooi/san_data/RS03ASHS-PN03B-06-CAMHDA301/2023/02/24/CAMHDA301-20230224T061500.mp4
2023-W09,20230301T081500,8,0,328.8,399.1,409.4,84.07,57.61,,/home/jovyan/ooi/san_data/RS03ASHS-PN03B-06-CAMHDA301/2023/03/01/CAMHDA301-20230301T081500.mp4
2023-W09,20230227T001500,8,0,438.3,668.6,697.3,85.69,51.56,,/home/jovyan/ooi/san_data/RS03ASHS-PN03B-06-CAMHDA301/2023/02/27/CAMHDA301-20230227T001500.mp4
2023-W08,20230226T211500,8,0,501.4,1137.3,1768.6,85.11,56.78,,/home/jovyan/ooi/san_data/RS03ASHS-PN03B-06-CAMHDA301/2023/02/26/CAMHDA301-20230226T211500.mp4
2023-W09,20230301T193000,8,0,277.0,352.7,429.3,118.68,42.03,,/home/jovyan/ooi/san_data/RS03ASHS-PN03B-06-CAMHDA301/2023/03/01/CAMHDA301-20230301T193000.mp4
2023-W09,20230302T180000,8,0,302.0,380.9,482.6,103.69,33.66,,/home/jovyan/ooi/san_data/RS03ASHS-PN03B-06-CAMHDA301/2023/03/02/CAMHDA301-20230302T180000.mp4
2023-W09,20230302T064500,8,0,221.1,310.9,353.1,110.32,37.37,,/home/jovyan/ooi/san_data/RS03ASHS-PN03B-06-CAMHDA301/2023/03/02/CAMHDA301-20230302T064500.mp4
2023-W09,20230305T211500,8,0,528.4,893.0,1133.1,85.33,55.22,,/home/jovyan/ooi/san_data/RS03ASHS-PN03B-06-CAMHDA301/2023/03/05/CAMHDA301-20230305T211500.mp4
2023-W09,20230303T163000,8,0,514.6,689.6,739.1,94.80,67.71,,/home/jovyan/ooi/san_data/RS03ASHS-PN03B-06-CAMHDA301/2023/03/03/CAMHDA301-20230303T163000.mp4
2023-W10,20230306T001500,8,0,302.0,613.5,790.0,86.55,49.08,,/home/jovyan/ooi/san_data/RS03ASHS-PN03B-06-CAMHDA301/2023/03/06/CAMHDA301-20230306T001500.mp4
2023-W09,20230303T051500,8,0,131.1,205.9,260.2,104.59,56.49,,/home/jovyan/ooi/san_data/RS03ASHS-PN03B-06-CAMHDA301/2023/03/03/CAMHDA301-20230303T051500.mp4
2023-W10,20230308T121500,8,0,481.0,715.5,774.6,84.04,53.47,,/home/jovyan/ooi/san_data/RS03ASHS-PN03B-06-CAMHDA301/2023/03/08/CAMHDA301-20230308T121500.mp4
2023-W10,20230310T021500,8,0,424.7,536.0,613.8,83.32,60.00,,/home/jovyan/ooi/san_data/RS03ASHS-PN03B-06-CAMHDA301/2023/03/10/CAMHDA301-20230310T021500.mp4
2023-W10,20230310T123000,8,0,146.4,212.5,225.0,100.70,25.81,,/home/jovyan/ooi/san_data/RS03ASHS-PN03B-06-CAMHDA301/2023/03/10/CAMHDA301-20230310T123000.mp4
2023-W10,20230310T174500,8,0,233.1,264.8,270.9,108.51,53.79,,/home/jovyan/ooi/san_data/RS03ASHS-PN03B-06-CAMHDA301/2023/03/10/CAMHDA301-20230310T174500.mp4
2023-W10,20230310T073000,8,0,194.2,321.2,509.7,117.12,40.94,,/home/jovyan/ooi/san_data/RS03ASHS-PN03B-06-CAMHDA301/2023/03/10/CAMHDA301-20230310T073000.mp4
2023-W10,20230310T224500,8,0,447.2,501.6,521.0,95.26,67.01,,/home/jovyan/ooi/san_data/RS03ASHS-PN03B-06-CAMHDA301/2023/03/10/CAMHDA301-20230310T224500.mp4
2023-W10,20230312T211500,8,0,372.4,735.6,892.9,84.23,54.89,,/home/jovyan/ooi/san_data/RS03ASHS-PN03B-06-CAMHDA301/2023/03/12/CAMHDA301-20230312T211500.mp4
2023-W11,20230313T001500,8,0,320.3,945.3,1209.6,84.90,54.79,,/home/jovyan/ooi/san_data/RS03ASHS-PN03B-06-CAMHDA301/2023/03/13/CAMHDA301-20230313T001500.mp4
2023-W11,20230315T211500,8,0,297.4,591.6,601.1,84.97,53.98,,/home/jovyan/ooi/san_data/RS03ASHS-PN03B-06-CAMHDA301/2023/03/15/CAMHDA301-20230315T211500.mp4
2023-W11,20230313T211500,8,0,281.1,550.0,575.3,89.46,50.28,,/home/jovyan/ooi/san_data/RS03ASHS-PN03B-06-CAMHDA301/2023/03/13/CAMHDA301-20230313T211500.mp4
2023-W11,20230314T211500,8,0,433.3,891.1,1495.8,85.61,56.40,,/home/jovyan/ooi/san_data/RS03ASHS-PN03B-06-CAMHDA301/2023/03/14/CAMHDA301-20230314T211500.mp4
2023-W11,20230316T211500,8,0,278.9,519.0,682.6,86.56,52.55,,/home/jovyan/ooi/san_data/RS03ASHS-PN03B-06-CAMHDA301/2023/03/16/CAMHDA301-20230316T211500.mp4
2023-W11,20230317T211500,8,0,310.8,673.7,776.6,84.95,54.54,,/home/jovyan/ooi/san_data/RS03ASHS-PN03B-06-CAMHDA301/2023/03/17/CAMHDA301-20230317T211500.mp4
2023-W11,20230318T211500,8,0,468.2,857.2,1348.7,84.77,53.59,,/home/jovyan/ooi/san_data/RS03ASHS-PN03B-06-CAMHDA301/2023/03/18/CAMHDA301-20230318T211500.mp4
2023-W11,20230319T211500,8,0,394.4,568.9,724.8,86.57,49.61,,/home/jovyan/ooi/san_data/RS03ASHS-PN03B-06-CAMHDA301/2023/03/19/CAMHDA301-20230319T211500.mp4
2023-W12,20230320T001500,8,0,430.8,536.2,620.9,84.97,58.45,,/home/jovyan/ooi/san_data/RS03ASHS-PN03B-06-CAMHDA301/2023/03/20/CAMHDA301-20230320T001500.mp4
2023-W12,20230320T051500,8,0,182.6,272.3,357.8,112.45,38.51,,/home/jovyan/ooi/san_data/RS03ASHS-PN03B-06-CAMHDA301/2023/03/20/CAMHDA301-20230320T051500.mp4
2023-W12,20230320T101500,8,0,119.2,195.4,234.9,109.39,14.17,,/home/jovyan/ooi/san_data/RS03ASHS-PN03B-06-CAMHDA301/2023/03/20/CAMHDA301-20230320T101500.mp4
2023-W12,20230320T153000,8,0,201.8,228.3,249.5,106.24,54.30,,/home/jovyan/ooi/san_data/RS03ASHS-PN03B-06-CAMHDA301/2023/03/20/CAMHDA301-20230320T153000.mp4
2023-W12,20230321T181500,8,0,447.5,841.9,1103.1,87.02,50.63,,/home/jovyan/ooi/san_data/RS03ASHS-PN03B-06-CAMHDA301/2023/03/21/CAMHDA301-20230321T181500.mp4
2023-W12,20230320T203000,8,0,96.0,124.4,160.8,64.85,26.04,,/home/jovyan/ooi/san_data/RS03ASHS-PN03B-06-CAMHDA301/2023/03/20/CAMHDA301-20230320T203000.mp4
2023-W12,20230324T061500,8,0,580.2,877.8,940.3,84.80,53.97,,/home/jovyan/ooi/san_data/RS03ASHS-PN03B-06-CAMHDA301/2023/03/24/CAMHDA301-20230324T061500.mp4
2023-W12,20230326T211500,8,0,363.8,755.6,825.5,83.41,50.71,,/home/jovyan/ooi/san_data/RS03ASHS-PN03B-06-CAMHDA301/2023/03/26/CAMHDA301-20230326T211500.mp4
2023-W13,20230331T001500,8,0,358.8,984.1,1122.9,86.54,50.11,,/home/jovyan/ooi/san_data/RS03ASHS-PN03B-06-CAMHDA301/2023/03/31/CAMHDA301-20230331T001500.mp4
2023-W13,20230327T001500,8,0,283.4,573.0,629.1,84.02,50.11,,/home/jovyan/ooi/san_data/RS03ASHS-PN03B-06-CAMHDA301/2023/03/27/CAMHDA301-20230327T001500.mp4
2023-W13,20230401T070000,8,0,597.6,791.6,918.9,85.12,57.09,,/home/jovyan/ooi/san_data/RS03ASHS-PN03B-06-CAMHDA301/2023/04/01/CAMHDA301-20230401T070000.mp4
2023-W13,20230401T151500,8,0,154.0,250.7,301.2,109.76,33.23,,/home/jovyan/ooi/san_data/RS03ASHS-PN03B-06-CAMHDA301/2023/04/01/CAMHDA301-20230401T151500.mp4
2023-W13,20230402T073000,8,0,119.0,195.6,206.4,110.67,23.64,,/home/jovyan/ooi/san_data/RS03ASHS-PN03B-06-CAMHDA301/2023/04/02/CAMHDA301-20230402T073000.mp4
2023-W13,20230401T231500,8,0,173.8,249.3,291.5,116.29,35.95,,/home/jovyan/ooi/san_data/RS03ASHS-PN03B-06-CAMHDA301/2023/04/01/CAMHDA301-20230401T231500.mp4
2023-W14,20230403T000000,8,0,118.1,228.4,265.2,104.22,58.41,,/home/jovyan/ooi/san_data/RS03ASHS-PN03B-06-CAMHDA301/2023/04/03/CAMHDA301-20230403T000000.mp4
2023-W14,20230403T050000,8,0,170.1,253.5,359.6,107.43,54.29,,/home/jovyan/ooi/san_data/RS03ASHS-PN03B-06-CAMHDA301/2023/04/03/CAMHDA301-20230403T050000.mp4
2023-W13,20230402T234500,8,0,128.1,170.2,183.1,104.55,59.75,,/home/jovyan/ooi/san_data/RS03ASHS-PN03B-06-CAMHDA301/2023/04/02/CAMHDA301-20230402T234500.mp4
2023-W13,20230402T153000,8,0,200.0,226.5,243.6,96.92,47.95,,/home/jovyan/ooi/san_data/RS03ASHS-PN03B-06-CAMHDA301/2023/04/02/CAMHDA301-20230402T153000.mp4
2023-W14,20230403T101500,8,0,87.4,156.5,175.4,67.59,24.70,,/home/jovyan/ooi/san_data/RS03ASHS-PN03B-06-CAMHDA301/2023/04/03/CAMHDA301-20230403T101500.mp4
2023-W14,20230403T203000,8,0,338.0,417.4,421.8,97.87,66.13,,/home/jovyan/ooi/san_data/RS03ASHS-PN03B-06-CAMHDA301/2023/04/03/CAMHDA301-20230403T203000.mp4
2023-W14,20230403T151500,8,0,330.7,372.0,393.7,96.64,66.89,,/home/jovyan/ooi/san_data/RS03ASHS-PN03B-06-CAMHDA301/2023/04/03/CAMHDA301-20230403T151500.mp4
2023-W14,20230404T151500,8,0,399.5,637.5,954.7,82.46,50.48,,/home/jovyan/ooi/san_data/RS03ASHS-PN03B-06-CAMHDA301/2023/04/04/CAMHDA301-20230404T151500.mp4
2023-W14,20230407T061500,8,0,548.5,957.2,1380.5,82.28,52.41,,/home/jovyan/ooi/san_data/RS03ASHS-PN03B-06-CAMHDA301/2023/04/07/CAMHDA301-20230407T061500.mp4
2023-W14,20230409T211500,8,0,621.7,6574.7,16733.9,91.26,50.13,,/home/jovyan/ooi/san_data/RS03ASHS-PN03B-06-CAMHDA301/2023/04/09/CAMHDA301-20230409T211500.mp4
2023-W15,20230410T001500,8,0,705.1,1427.9,1690.7,83.26,58.40,,/home/jovyan/ooi/san_data/RS03ASHS-PN03B-06-CAMHDA301/2023/04/10/CAMHDA301-20230410T001500.mp4
2023-W15,20230410T051500,8,0,209.7,365.9,527.7,109.60,29.24,,/home/jovyan/ooi/san_data/RS03ASHS-PN03B-06-CAMHDA301/2023/04/10/CAMHDA301-20230410T051500.mp4
2023-W15,20230410T101500,8,0,173.6,409.8,594.5,110.83,22.26,,/home/jovyan/ooi/san_data/RS03ASHS-PN03B-06-CAMHDA301/2023/04/10/CAMHDA301-20230410T101500.mp4
2023-W15,20230410T203000,8,0,89.7,2864.3,3983.4,71.60,26.96,,/home/jovyan/ooi/san_data/RS03ASHS-PN03B-06-CAMHDA301/2023/04/10/CAMHDA301-20230410T203000.mp4
2023-W15,20230411T181500,8,0,802.3,5622.1,15641.4,88.50,51.14,,/home/jovyan/ooi/san_data/RS03ASHS-PN03B-06-CAMHDA301/2023/04/11/CAMHDA301-20230411T181500.mp4
2023-W15,20230416T211500,8,0,598.8,1234.9,2190.8,89.76,50.32,,/home/jovyan/ooi/san_data/RS03ASHS-PN03B-06-CAMHDA301/2023/04/16/CAMHDA301-20230416T211500.mp4
2023-W15,20230410T153000,8,0,288.0,17567.6,36138.7,99.12,61.53,,/home/jovyan/ooi/san_data/RS03ASHS-PN03B-06-CAMHDA301/2023/04/10/CAMHDA301-20230410T153000.mp4
2023-W15,20230414T061500,7,1,687.0,2369.3,4419.7,86.29,53.55,,/home/jovyan/ooi/san_data/RS03ASHS-PN03B-06-CAMHDA301/2023/04/14/CAMHDA301-20230414T061500.mp4
2023-W16,20230417T001500,8,0,666.4,2272.7,4485.4,88.40,51.60,,/home/jovyan/ooi/san_data/RS03ASHS-PN03B-06-CAMHDA301/2023/04/17/CAMHDA301-20230417T001500.mp4
2023-W16,20230419T121500,8,0,405.1,1355.4,1607.6,89.43,51.67,,/home/jovyan/ooi/san_data/RS03ASHS-PN03B-06-CAMHDA301/2023/04/19/CAMHDA301-20230419T121500.mp4
2023-W16,20230420T041500,8,0,222.1,3189.6,9543.7,107.71,38.24,,/home/jovyan/ooi/san_data/RS03ASHS-PN03B-06-CAMHDA301/2023/04/20/CAMHDA301-20230420T041500.mp4
2023-W16,20230420T093000,8,0,197.6,231.5,234.5,109.65,32.93,,/home/jovyan/ooi/san_data/RS03ASHS-PN03B-06-CAMHDA301/2023/04/20/CAMHDA301-20230420T093000.mp4
2023-W16,20230420T143000,8,0,324.7,445.4,466.3,97.35,47.16,,/home/jovyan/ooi/san_data/RS03ASHS-PN03B-06-CAMHDA301/2023/04/20/CAMHDA301-20230420T143000.mp4
2023-W16,20230421T061500,8,0,808.6,6105.6,17638.7,90.12,50.55,,/home/jovyan/ooi/san_data/RS03ASHS-PN03B-06-CAMHDA301/2023/04/21/CAMHDA301-20230421T061500.mp4
2023-W16,20230420T194500,8,0,172.4,279.8,435.0,75.09,43.12,,/home/jovyan/ooi/san_data/RS03ASHS-PN03B-06-CAMHDA301/2023/04/20/CAMHDA301-20230420T194500.mp4
2023-W17,20230424T001500,8,0,1173.1,2862.5,5319.3,90.09,51.95,,/home/jovyan/ooi/san_data/RS03ASHS-PN03B-06-CAMHDA301/2023/04/24/CAMHDA301-20230424T001500.mp4
2023-W16,20230423T211500,8,0,488.5,1149.2,1473.0,90.01,50.63,,/home/jovyan/ooi/san_data/RS03ASHS-PN03B-06-CAMHDA301/2023/04/23/CAMHDA301-20230423T211500.mp4
2023-W17,20230424T211500,8,0,490.6,999.7,1390.4,90.72,49.57,,/home/jovyan/ooi/san_data/RS03ASHS-PN03B-06-CAMHDA301/2023/04/24/CAMHDA301-20230424T211500.mp4
2023-W17,20230425T211500,8,0,704.3,9124.5,26677.5,87.18,52.36,,/home/jovyan/ooi/san_data/RS03ASHS-PN03B-06-CAMHDA301/2023/04/25/CAMHDA301-20230425T211500.mp4
2023-W17,20230426T211500,8,0,1043.6,11801.3,35594.3,88.96,54.71,,/home/jovyan/ooi/san_data/RS03ASHS-PN03B-06-CAMHDA301/2023/04/26/CAMHDA301-20230426T211500.mp4
2023-W17,20230427T211500,8,0,866.9,12308.3,26543.6,88.65,51.68,,/home/jovyan/ooi/san_data/RS03ASHS-PN03B-06-CAMHDA301/2023/04/27/CAMHDA301-20230427T211500.mp4
2023-W17,20230428T211500,8,0,775.6,13107.1,14657.8,91.98,51.87,,/home/jovyan/ooi/san_data/RS03ASHS-PN03B-06-CAMHDA301/2023/04/28/CAMHDA301-20230428T211500.mp4
2023-W17,20230430T211500,8,0,732.6,8544.9,23683.3,90.01,49.62,,/home/jovyan/ooi/san_data/RS03ASHS-PN03B-06-CAMHDA301/2023/04/30/CAMHDA301-20230430T211500.mp4
2023-W18,20230501T121500,8,0,222.0,7357.4,9573.2,103.55,31.08,,/home/jovyan/ooi/san_data/RS03ASHS-PN03B-06-CAMHDA301/2023/05/01/CAMHDA301-20230501T121500.mp4
2023-W18,20230501T010000,8,0,713.5,9056.2,26674.1,80.15,58.16,,/home/jovyan/ooi/san_data/RS03ASHS-PN03B-06-CAMHDA301/2023/05/01/CAMHDA301-20230501T010000.mp4
2023-W18,20230501T233000,8,0,153.5,209.2,211.4,112.84,32.81,,/home/jovyan/ooi/san_data/RS03ASHS-PN03B-06-CAMHDA301/2023/05/01/CAMHDA301-20230501T233000.mp4
2023-W17,20230429T211500,8,0,546.1,13110.7,39976.9,91.71,47.02,,/home/jovyan/ooi/san_data/RS03ASHS-PN03B-06-CAMHDA301/2023/04/29/CAMHDA301-20230429T211500.mp4
2023-W18,20230502T104500,8,0,207.8,330.1,471.5,110.42,32.69,,/home/jovyan/ooi/san_data/RS03ASHS-PN03B-06-CAMHDA301/2023/05/02/CAMHDA301-20230502T104500.mp4
2023-W18,20230502T220000,8,0,335.2,958.6,1248.2,103.01,56.53,,/home/jovyan/ooi/san_data/RS03ASHS-PN03B-06-CAMHDA301/2023/05/02/CAMHDA301-20230502T220000.mp4
2023-W18,20230503T091500,8,0,151.1,203.8,205.0,84.40,39.07,,/home/jovyan/ooi/san_data/RS03ASHS-PN03B-06-CAMHDA301/2023/05/03/CAMHDA301-20230503T091500.mp4
2023-W18,20230503T203000,8,0,933.9,7142.0,13816.3,94.17,67.19,,/home/jovyan/ooi/san_data/RS03ASHS-PN03B-06-CAMHDA301/2023/05/03/CAMHDA301-20230503T203000.mp4
2023-W18,20230507T211500,8,0,437.3,803.6,1233.7,91.21,44.93,,/home/jovyan/ooi/san_data/RS03ASHS-PN03B-06-CAMHDA301/2023/05/07/CAMHDA301-20230507T211500.mp4
2023-W19,20230508T001500,8,0,583.5,6799.0,19191.8,91.41,46.91,,/home/jovyan/ooi/san_data/RS03ASHS-PN03B-06-CAMHDA301/2023/05/08/CAMHDA301-20230508T001500.mp4
2023-W19,20230510T011500,8,0,898.4,9668.7,25596.0,80.71,57.60,,/home/jovyan/ooi/san_data/RS03ASHS-PN03B-06-CAMHDA301/2023/05/10/CAMHDA301-20230510T011500.mp4
2023-W19,20230510T113000,8,0,294.9,3926.2,11818.2,107.18,37.10,,/home/jovyan/ooi/san_data/RS03ASHS-PN03B-06-CAMHDA301/2023/05/10/CAMHDA301-20230510T113000.mp4
2023-W19,20230510T061500,8,0,522.1,1227.8,1352.9,108.25,43.30,,/home/jovyan/ooi/san_data/RS03ASHS-PN03B-06-CAMHDA301/2023/05/10/CAMHDA301-20230510T061500.mp4
2023-W19,20230510T163000,8,0,276.1,464.0,498.4,103.83,64.09,,/home/jovyan/ooi/san_data/RS03ASHS-PN03B-06-CAMHDA301/2023/05/10/CAMHDA301-20230510T163000.mp4
2023-W19,20230510T214500,8,0,551.8,661.5,798.7,100.79,59.80,,/home/jovyan/ooi/san_data/RS03ASHS-PN03B-06-CAMHDA301/2023/05/10/CAMHDA301-20230510T214500.mp4
2023-W19,20230514T211500,8,0,498.2,1028.7,1184.9,88.64,51.54,,/home/jovyan/ooi/san_data/RS03ASHS-PN03B-06-CAMHDA301/2023/05/14/CAMHDA301-20230514T211500.mp4
2023-W19,20230512T061500,8,0,491.8,899.7,1076.4,89.02,52.62,,/home/jovyan/ooi/san_data/RS03ASHS-PN03B-06-CAMHDA301/2023/05/12/CAMHDA301-20230512T061500.mp4
2023-W20,20230517T121500,8,0,739.2,1284.9,1303.5,88.43,50.81,,/home/jovyan/ooi/san_data/RS03ASHS-PN03B-06-CAMHDA301/2023/05/17/CAMHDA301-20230517T121500.mp4
2023-W20,20230520T001500,8,0,404.0,8486.2,26734.4,80.28,57.96,,/home/jovyan/ooi/san_data/RS03ASHS-PN03B-06-CAMHDA301/2023/05/20/CAMHDA301-20230520T001500.mp4
2023-W20,20230515T001500,8,0,642.6,8145.9,25187.1,88.13,51.81,,/home/jovyan/ooi/san_data/RS03ASHS-PN03B-06-CAMHDA301/2023/05/15/CAMHDA301-20230515T001500.mp4
2023-W20,20230520T053000,8,0,145.6,176.7,212.5,103.25,25.88,,/home/jovyan/ooi/san_data/RS03ASHS-PN03B-06-CAMHDA301/2023/05/20/CAMHDA301-20230520T053000.mp4
2023-W20,20230520T103000,8,0,360.5,3570.4,9963.5,110.14,34.30,,/home/jovyan/ooi/san_data/RS03ASHS-PN03B-06-CAMHDA301/2023/05/20/CAMHDA301-20230520T103000.mp4
2023-W20,20230520T154500,8,0,465.7,663.4,762.4,100.28,61.16,,/home/jovyan/ooi/san_data/RS03ASHS-PN03B-06-CAMHDA301/2023/05/20/CAMHDA301-20230520T154500.mp4
2023-W20,20230520T204500,8,0,135.4,196.2,211.8,100.43,52.74,,/home/jovyan/ooi/san_data/RS03ASHS-PN03B-06-CAMHDA301/2023/05/20/CAMHDA301-20230520T204500.mp4
2023-W20,20230521T211500,8,0,1030.1,7473.3,13357.1,93.54,52.23,,/home/jovyan/ooi/san_data/RS03ASHS-PN03B-06-CAMHDA301/2023/05/21/CAMHDA301-20230521T211500.mp4
2023-W21,20230522T001500,8,0,551.7,1065.6,1290.6,91.58,53.25,,/home/jovyan/ooi/san_data/RS03ASHS-PN03B-06-CAMHDA301/2023/05/22/CAMHDA301-20230522T001500.mp4
2023-W21,20230522T211500,8,0,408.6,1059.6,1544.5,93.90,52.40,,/home/jovyan/ooi/san_data/RS03ASHS-PN03B-06-CAMHDA301/2023/05/22/CAMHDA301-20230522T211500.mp4
2023-W21,20230523T211500,8,0,504.9,1182.5,1218.8,90.22,52.57,,/home/jovyan/ooi/san_data/RS03ASHS-PN03B-06-CAMHDA301/2023/05/23/CAMHDA301-20230523T211500.mp4
2023-W21,20230525T211500,8,0,509.5,1036.2,1256.4,91.10,52.88,,/home/jovyan/ooi/san_data/RS03ASHS-PN03B-06-CAMHDA301/2023/05/25/CAMHDA301-20230525T211500.mp4
2023-W21,20230524T211500,8,0,623.4,1295.9,1367.8,89.56,53.77,,/home/jovyan/ooi/san_data/RS03ASHS-PN03B-06-CAMHDA301/2023/05/24/CAMHDA301-20230524T211500.mp4
2023-W21,20230528T211500,8,0,573.5,1164.2,1270.8,91.52,53.79,,/home/jovyan/ooi/san_data/RS03ASHS-PN03B-06-CAMHDA301/2023/05/28/CAMHDA301-20230528T211500.mp4
2023-W21,20230526T211500,8,0,451.0,2186.9,2645.7,92.27,50.41,,/home/jovyan/ooi/san_data/RS03ASHS-PN03B-06-CAMHDA301/2023/05/26/CAMHDA301-20230526T211500.mp4
2023-W21,20230527T211500,8,0,439.5,1040.1,1423.4,92.10,51.43,,/home/jovyan/ooi/san_data/RS03ASHS-PN03B-06-CAMHDA301/2023/05/27/CAMHDA301-20230527T211500.mp4
2023-W22,20230529T001500,8,0,701.2,944.3,1043.1,90.05,53.02,,/home/jovyan/ooi/san_data/RS03ASHS-PN03B-06-CAMHDA301/2023/05/29/CAMHDA301-20230529T001500.mp4
2023-W22,20230601T061500,8,0,995.7,9536.1,27165.8,78.72,61.02,,/home/jovyan/ooi/san_data/RS03ASHS-PN03B-06-CAMHDA301/2023/06/01/CAMHDA301-20230601T061500.mp4
2023-W22,20230601T173000,8,0,147.9,2571.0,7837.6,102.09,25.59,,/home/jovyan/ooi/san_data/RS03ASHS-PN03B-06-CAMHDA301/2023/06/01/CAMHDA301-20230601T173000.mp4
2023-W22,20230602T044500,8,0,265.7,5633.7,12044.8,105.58,37.31,,/home/jovyan/ooi/san_data/RS03ASHS-PN03B-06-CAMHDA301/2023/06/02/CAMHDA301-20230602T044500.mp4
2023-W22,20230602T160000,8,0,496.6,6733.8,16460.4,100.28,48.00,,/home/jovyan/ooi/san_data/RS03ASHS-PN03B-06-CAMHDA301/2023/06/02/CAMHDA301-20230602T160000.mp4
2023-W22,20230603T031500,8,0,216.1,19575.2,22092.4,102.37,53.24,,/home/jovyan/ooi/san_data/RS03ASHS-PN03B-06-CAMHDA301/2023/06/03/CAMHDA301-20230603T031500.mp4
2023-W22,20230603T143000,8,0,370.0,8130.0,14398.3,104.15,51.15,,/home/jovyan/ooi/san_data/RS03ASHS-PN03B-06-CAMHDA301/2023/06/03/CAMHDA301-20230603T143000.mp4
2023-W22,20230604T211500,8,0,931.0,5693.1,15706.4,93.83,51.63,,/home/jovyan/ooi/san_data/RS03ASHS-PN03B-06-CAMHDA301/2023/06/04/CAMHDA301-20230604T211500.mp4
2023-W23,20230610T053000,8,0,149.8,236.9,281.3,101.70,38.92,,/home/jovyan/ooi/san_data/RS03ASHS-PN03B-06-CAMHDA301/2023/06/10/CAMHDA301-20230610T053000.mp4
2023-W23,20230607T121500,8,0,666.3,4804.5,5942.0,92.21,49.19,,/home/jovyan/ooi/san_data/RS03ASHS-PN03B-06-CAMHDA301/2023/06/07/CAMHDA301-20230607T121500.mp4
2023-W23,20230610T001500,8,0,544.2,8090.1,24984.1,80.21,58.36,,/home/jovyan/ooi/san_data/RS03ASHS-PN03B-06-CAMHDA301/2023/06/10/CAMHDA301-20230610T001500.mp4
2023-W23,20230605T001500,8,0,545.4,895.9,1047.5,91.15,50.51,,/home/jovyan/ooi/san_data/RS03ASHS-PN03B-06-CAMHDA301/2023/06/05/CAMHDA301-20230605T001500.mp4
2023-W23,20230610T103000,8,0,269.9,517.3,757.0,106.79,35.93,,/home/jovyan/ooi/san_data/RS03ASHS-PN03B-06-CAMHDA301/2023/06/10/CAMHDA301-20230610T103000.mp4
2023-W23,20230610T154500,8,0,184.9,287.2,287.6,101.35,59.97,,/home/jovyan/ooi/san_data/RS03ASHS-PN03B-06-CAMHDA301/2023/06/10/CAMHDA301-20230610T154500.mp4
2023-W23,20230610T204500,8,0,128.9,12036.1,16300.2,100.01,49.56,,/home/jovyan/ooi/san_data/RS03ASHS-PN03B-06-CAMHDA301/2023/06/10/CAMHDA301-20230610T204500.mp4
2023-W23,20230611T211500,8,0,689.3,1487.5,2322.6,90.08,53.20,,/home/jovyan/ooi/san_data/RS03ASHS-PN03B-06-CAMHDA301/2023/06/11/CAMHDA301-20230611T211500.mp4
2023-W24,20230612T211500,8,0,386.0,916.4,981.2,91.36,50.34,,/home/jovyan/ooi/san_data/RS03ASHS-PN03B-06-CAMHDA301/2023/06/12/CAMHDA301-20230612T211500.mp4
2023-W24,20230612T001500,8,0,758.5,12747.4,39552.6,91.71,49.67,,/home/jovyan/ooi/san_data/RS03ASHS-PN03B-06-CAMHDA301/2023/06/12/CAMHDA301-20230612T001500.mp4
2023-W24,20230618T211500,0,8,,,,,,all-black,/home/jovyan/ooi/san_data/RS03ASHS-PN03B-06-CAMHDA301/2023/06/18/CAMHDA301-20230618T211500.mp4
2023-W24,20230613T211500,8,0,500.0,12129.8,37720.4,91.04,50.76,,/home/jovyan/ooi/san_data/RS03ASHS-PN03B-06-CAMHDA301/2023/06/13/CAMHDA301-20230613T211500.mp4
2023-W24,20230614T211500,8,0,871.2,8331.6,23701.4,89.81,52.20,,/home/jovyan/ooi/san_data/RS03ASHS-PN03B-06-CAMHDA301/2023/06/14/CAMHDA301-20230614T211500.mp4
2023-W25,20230619T001500,0,8,,,,,,all-black,/home/jovyan/ooi/san_data/RS03ASHS-PN03B-06-CAMHDA301/2023/06/19/CAMHDA301-20230619T001500.mp4
2023-W24,20230616T211500,8,0,356.4,728.9,900.5,83.54,50.96,,/home/jovyan/ooi/san_data/RS03ASHS-PN03B-06-CAMHDA301/2023/06/16/CAMHDA301-20230616T211500.mp4
2023-W24,20230617T211500,8,0,380.9,1006.0,1444.2,84.01,51.44,,/home/jovyan/ooi/san_data/RS03ASHS-PN03B-06-CAMHDA301/2023/06/17/CAMHDA301-20230617T211500.mp4
2023-W24,20230615T214600,8,0,421.9,674.5,856.8,83.85,51.27,,/home/jovyan/ooi/san_data/RS03ASHS-PN03B-06-CAMHDA301/2023/06/15/CAMHDA301-20230615T214600.mp4
2023-W25,20230620T031500,0,8,,,,,,all-black,/home/jovyan/ooi/san_data/RS03ASHS-PN03B-06-CAMHDA301/2023/06/20/CAMHDA301-20230620T031500.mp4
2023-W25,20230620T081500,0,8,,,,,,all-black,/home/jovyan/ooi/san_data/RS03ASHS-PN03B-06-CAMHDA301/2023/06/20/CAMHDA301-20230620T081500.mp4
2023-W25,20230620T133000,0,8,,,,,,all-black,/home/jovyan/ooi/san_data/RS03ASHS-PN03B-06-CAMHDA301/2023/06/20/CAMHDA301-20230620T133000.mp4
2023-W25,20230620T183000,0,8,,,,,,all-black,/home/jovyan/ooi/san_data/RS03ASHS-PN03B-06-CAMHDA301/2023/06/20/CAMHDA301-20230620T183000.mp4
2023-W25,20230620T234500,0,8,,,,,,all-black,/home/jovyan/ooi/san_data/RS03ASHS-PN03B-06-CAMHDA301/2023/06/20/CAMHDA301-20230620T234500.mp4
2023-W25,20230623T061500,8,0,444.6,910.0,1102.2,84.45,53.33,,/home/jovyan/ooi/san_data/RS03ASHS-PN03B-06-CAMHDA301/2023/06/23/CAMHDA301-20230623T061500.mp4
2023-W25,20230625T211500,8,0,412.1,606.9,625.2,85.21,52.84,,/home/jovyan/ooi/san_data/RS03ASHS-PN03B-06-CAMHDA301/2023/06/25/CAMHDA301-20230625T211500.mp4
2023-W26,20230626T001500,8,0,276.0,644.4,828.0,85.75,54.50,,/home/jovyan/ooi/san_data/RS03ASHS-PN03B-06-CAMHDA301/2023/06/26/CAMHDA301-20230626T001500.mp4
2023-W26,20230630T001500,8,0,422.0,618.8,636.7,84.61,52.96,,/home/jovyan/ooi/san_data/RS03ASHS-PN03B-06-CAMHDA301/2023/06/30/CAMHDA301-20230630T001500.mp4
2023-W26,20230626T193000,7,1,132.5,595.7,754.4,93.26,40.05,,/home/jovyan/ooi/san_data/RS03ASHS-PN03B-06-CAMHDA301/2023/06/26/CAMHDA301-20230626T193000.mp4
2023-W26,20230701T183000,8,0,71.3,100.3,117.6,108.86,26.33,,/home/jovyan/ooi/san_data/RS03ASHS-PN03B-06-CAMHDA301/2023/07/01/CAMHDA301-20230701T183000.mp4
2023-W26,20230701T084500,8,0,653.5,690.2,695.4,79.14,59.73,,/home/jovyan/ooi/san_data/RS03ASHS-PN03B-06-CAMHDA301/2023/07/01/CAMHDA301-20230701T084500.mp4
2023-W27,20230703T000000,8,0,225.4,347.4,406.5,101.50,53.48,,/home/jovyan/ooi/san_data/RS03ASHS-PN03B-06-CAMHDA301/2023/07/03/CAMHDA301-20230703T000000.mp4
2023-W26,20230702T234500,8,0,144.9,323.0,338.0,104.64,54.80,,/home/jovyan/ooi/san_data/RS03ASHS-PN03B-06-CAMHDA301/2023/07/02/CAMHDA301-20230702T234500.mp4
2023-W26,20230702T140000,8,0,216.5,264.2,309.1,93.25,43.21,,/home/jovyan/ooi/san_data/RS03ASHS-PN03B-06-CAMHDA301/2023/07/02/CAMHDA301-20230702T140000.mp4
2023-W26,20230702T041500,8,0,203.6,300.3,337.0,107.01,35.80,,/home/jovyan/ooi/san_data/RS03ASHS-PN03B-06-CAMHDA301/2023/07/02/CAMHDA301-20230702T041500.mp4
2023-W27,20230703T050000,8,0,263.7,363.8,382.5,98.24,62.22,,/home/jovyan/ooi/san_data/RS03ASHS-PN03B-06-CAMHDA301/2023/07/03/CAMHDA301-20230703T050000.mp4
2023-W27,20230703T203000,8,0,616.9,843.5,909.3,97.59,59.32,,/home/jovyan/ooi/san_data/RS03ASHS-PN03B-06-CAMHDA301/2023/07/03/CAMHDA301-20230703T203000.mp4
2023-W27,20230703T101500,8,0,191.2,199.5,215.4,117.94,48.16,,/home/jovyan/ooi/san_data/RS03ASHS-PN03B-06-CAMHDA301/2023/07/03/CAMHDA301-20230703T101500.mp4
2023-W27,20230703T151500,8,0,307.9,471.4,606.6,96.62,59.50,,/home/jovyan/ooi/san_data/RS03ASHS-PN03B-06-CAMHDA301/2023/07/03/CAMHDA301-20230703T151500.mp4
2023-W27,20230704T151500,8,0,882.9,1084.4,1332.1,84.56,54.34,,/home/jovyan/ooi/san_data/RS03ASHS-PN03B-06-CAMHDA301/2023/07/04/CAMHDA301-20230704T151500.mp4
2023-W27,20230707T061500,8,0,814.8,1250.3,1564.5,83.45,55.53,,/home/jovyan/ooi/san_data/RS03ASHS-PN03B-06-CAMHDA301/2023/07/07/CAMHDA301-20230707T061500.mp4
2023-W27,20230709T211500,8,0,486.8,741.1,764.3,86.49,52.45,,/home/jovyan/ooi/san_data/RS03ASHS-PN03B-06-CAMHDA301/2023/07/09/CAMHDA301-20230709T211500.mp4
2023-W28,20230710T001500,8,0,918.8,958.1,974.7,78.32,62.45,,/home/jovyan/ooi/san_data/RS03ASHS-PN03B-06-CAMHDA301/2023/07/10/CAMHDA301-20230710T001500.mp4
2023-W28,20230710T153000,8,0,702.6,752.1,800.1,56.42,57.19,,/home/jovyan/ooi/san_data/RS03ASHS-PN03B-06-CAMHDA301/2023/07/10/CAMHDA301-20230710T153000.mp4
2023-W28,20230710T051500,8,0,119.6,135.0,153.7,103.57,36.30,,/home/jovyan/ooi/san_data/RS03ASHS-PN03B-06-CAMHDA301/2023/07/10/CAMHDA301-20230710T051500.mp4
2023-W28,20230711T181500,8,0,329.3,637.9,800.8,88.78,51.02,,/home/jovyan/ooi/san_data/RS03ASHS-PN03B-06-CAMHDA301/2023/07/11/CAMHDA301-20230711T181500.mp4
2023-W28,20230710T101500,8,0,240.0,243.4,248.0,115.82,35.23,,/home/jovyan/ooi/san_data/RS03ASHS-PN03B-06-CAMHDA301/2023/07/10/CAMHDA301-20230710T101500.mp4
2023-W28,20230710T203000,8,0,196.7,236.5,302.5,107.16,57.68,,/home/jovyan/ooi/san_data/RS03ASHS-PN03B-06-CAMHDA301/2023/07/10/CAMHDA301-20230710T203000.mp4
2023-W28,20230716T211500,8,0,465.0,837.1,1007.6,86.21,55.11,,/home/jovyan/ooi/san_data/RS03ASHS-PN03B-06-CAMHDA301/2023/07/16/CAMHDA301-20230716T211500.mp4
2023-W28,20230714T061500,8,0,403.4,983.0,1372.7,84.93,54.90,,/home/jovyan/ooi/san_data/RS03ASHS-PN03B-06-CAMHDA301/2023/07/14/CAMHDA301-20230714T061500.mp4
2023-W29,20230719T121500,8,0,436.5,671.7,773.1,86.57,53.08,,/home/jovyan/ooi/san_data/RS03ASHS-PN03B-06-CAMHDA301/2023/07/19/CAMHDA301-20230719T121500.mp4
2023-W29,20230717T001500,8,0,519.6,716.8,965.3,84.51,54.17,,/home/jovyan/ooi/san_data/RS03ASHS-PN03B-06-CAMHDA301/2023/07/17/CAMHDA301-20230717T001500.mp4
2023-W30,20230724T211500,0,8,,,,,,all-black,/home/jovyan/ooi/san_data/RS03ASHS-PN03B-06-CAMHDA301/2023/07/24/CAMHDA301-20230724T211500.mp4
2023-W30,20230724T001500,0,8,,,,,,all-black,/home/jovyan/ooi/san_data/RS03ASHS-PN03B-06-CAMHDA301/2023/07/24/CAMHDA301-20230724T001500.mp4
2023-W29,20230723T211500,0,8,,,,,,all-black,/home/jovyan/ooi/san_data/RS03ASHS-PN03B-06-CAMHDA301/2023/07/23/CAMHDA301-20230723T211500.mp4
2023-W29,20230720T093000,8,0,274.3,337.7,409.2,114.39,38.93,,/home/jovyan/ooi/san_data/RS03ASHS-PN03B-06-CAMHDA301/2023/07/20/CAMHDA301-20230720T093000.mp4
2023-W29,20230720T143000,8,0,151.4,213.9,252.7,90.48,39.09,,/home/jovyan/ooi/san_data/RS03ASHS-PN03B-06-CAMHDA301/2023/07/20/CAMHDA301-20230720T143000.mp4
2023-W29,20230720T041500,8,0,182.1,194.6,211.1,105.12,40.42,,/home/jovyan/ooi/san_data/RS03ASHS-PN03B-06-CAMHDA301/2023/07/20/CAMHDA301-20230720T041500.mp4
2023-W29,20230721T061500,8,0,450.7,807.4,1297.3,86.48,52.89,,/home/jovyan/ooi/san_data/RS03ASHS-PN03B-06-CAMHDA301/2023/07/21/CAMHDA301-20230721T061500.mp4
2023-W29,20230720T194500,8,0,154.2,193.9,226.7,101.22,59.52,,/home/jovyan/ooi/san_data/RS03ASHS-PN03B-06-CAMHDA301/2023/07/20/CAMHDA301-20230720T194500.mp4
2023-W30,20230725T211500,0,8,,,,,,all-black,/home/jovyan/ooi/san_data/RS03ASHS-PN03B-06-CAMHDA301/2023/07/25/CAMHDA301-20230725T211500.mp4
2023-W30,20230726T211500,8,0,376.6,604.9,618.6,86.78,55.08,,/home/jovyan/ooi/san_data/RS03ASHS-PN03B-06-CAMHDA301/2023/07/26/CAMHDA301-20230726T211500.mp4
2023-W30,20230727T211500,8,0,371.7,682.8,697.3,86.95,53.66,,/home/jovyan/ooi/san_data/RS03ASHS-PN03B-06-CAMHDA301/2023/07/27/CAMHDA301-20230727T211500.mp4
2023-W31,20230731T001500,8,0,360.9,628.6,714.1,86.22,54.92,,/home/jovyan/ooi/san_data/RS03ASHS-PN03B-06-CAMHDA301/2023/07/31/CAMHDA301-20230731T001500.mp4
2023-W30,20230728T211500,8,0,345.1,614.3,622.9,87.04,55.40,,/home/jovyan/ooi/san_data/RS03ASHS-PN03B-06-CAMHDA301/2023/07/28/CAMHDA301-20230728T211500.mp4
2023-W30,20230730T211500,8,0,546.3,910.2,922.0,85.37,56.30,,/home/jovyan/ooi/san_data/RS03ASHS-PN03B-06-CAMHDA301/2023/07/30/CAMHDA301-20230730T211500.mp4
2023-W31,20230731T031500,8,0,609.7,970.3,1257.6,85.06,57.34,,/home/jovyan/ooi/san_data/RS03ASHS-PN03B-06-CAMHDA301/2023/07/31/CAMHDA301-20230731T031500.mp4
2023-W30,20230729T211500,8,0,445.6,969.5,1382.0,86.33,54.02,,/home/jovyan/ooi/san_data/RS03ASHS-PN03B-06-CAMHDA301/2023/07/29/CAMHDA301-20230729T211500.mp4
2023-W31,20230731T061500,8,0,515.8,911.5,1075.9,87.06,54.57,,/home/jovyan/ooi/san_data/RS03ASHS-PN03B-06-CAMHDA301/2023/07/31/CAMHDA301-20230731T061500.mp4
2023-W31,20230731T121500,8,0,556.2,1124.4,1607.4,86.55,55.36,,/home/jovyan/ooi/san_data/RS03ASHS-PN03B-06-CAMHDA301/2023/07/31/CAMHDA301-20230731T121500.mp4
2023-W31,20230731T091500,8,0,432.9,665.4,736.4,88.56,52.65,,/home/jovyan/ooi/san_data/RS03ASHS-PN03B-06-CAMHDA301/2023/07/31/CAMHDA301-20230731T091500.mp4
2023-W31,20230731T151500,8,0,767.7,1093.3,1460.1,86.34,55.40,,/home/jovyan/ooi/san_data/RS03ASHS-PN03B-06-CAMHDA301/2023/07/31/CAMHDA301-20230731T151500.mp4
2023-W31,20230731T181500,8,0,461.9,1183.1,1358.3,85.75,55.92,,/home/jovyan/ooi/san_data/RS03ASHS-PN03B-06-CAMHDA301/2023/07/31/CAMHDA301-20230731T181500.mp4
2023-W31,20230731T211500,8,0,545.0,903.2,1041.2,87.46,54.86,,/home/jovyan/ooi/san_data/RS03ASHS-PN03B-06-CAMHDA301/2023/07/31/CAMHDA301-20230731T211500.mp4
