stem,utc_datetime,weekday,slot,video_exists,sheet_path
CAMHDA301-20230102T001500,2023-01-02T00:15:00+00:00,Monday,001500,True,/home/jovyan/scaleworm-student-lab/scene_sorting/full_2023_2024/contact_sheets/CAMHDA301-20230102T001500.png
CAMHDA301-20230102T031500,2023-01-02T03:15:00+00:00,Monday,031500,True,/home/jovyan/scaleworm-student-lab/scene_sorting/full_2023_2024/contact_sheets/CAMHDA301-20230102T031500.png
CAMHDA301-20230102T061500,2023-01-02T06:15:00+00:00,Monday,061500,True,/home/jovyan/scaleworm-student-lab/scene_sorting/full_2023_2024/contact_sheets/CAMHDA301-20230102T061500.png
CAMHDA301-20230102T091500,2023-01-02T09:15:00+00:00,Monday,091500,True,/home/jovyan/scaleworm-student-lab/scene_sorting/full_2023_2024/contact_sheets/CAMHDA301-20230102T091500.png
CAMHDA301-20230102T121500,2023-01-02T12:15:00+00:00,Monday,121500,True,/home/jovyan/scaleworm-student-lab/scene_sorting/full_2023_2024/contact_sheets/CAMHDA301-20230102T121500.png
CAMHDA301-20230102T151500,2023-01-02T15:15:00+00:00,Monday,151500,True,/home/jovyan/scaleworm-student-lab/scene_sorting/full_2023_2024/contact_sheets/CAMHDA301-20230102T151500.png
CAMHDA301-20230102T181500,2023-01-02T18:15:00+00:00,Monday,181500,True,/home/jovyan/scaleworm-student-lab/scene_sorting/full_2023_2024/contact_sheets/CAMHDA301-20230102T181500.png
CAMHDA301-20230102T211500,2023-01-02T21:15:00+00:00,Monday,211500,True,/home/jovyan/scaleworm-student-lab/scene_sorting/full_2023_2024/contact_sheets/CAMHDA301-20230102T211500.png
CAMHDA301-20230109T001500,2023-01-09T00:15:00+00:00,Monday,001500,True,/home/jovyan/scaleworm-student-lab/scene_sorting/full_2023_2024/contact_sheets/CAMHDA301-20230109T001500.png
CAMHDA301-20230109T031500,2023-01-09T03:15:00+00:00,Monday,031500,True,/home/jovyan/scaleworm-student-lab/scene_sorting/full_2023_2024/contact_sheets/CAMHDA301-20230109T031500.png
CAMHDA301-20230109T061500,2023-01-09T06:15:00+00:00,Monday,061500,True,/home/jovyan/scaleworm-student-lab/scene_sorting/full_2023_2024/contact_sheets/CAMHDA301-20230109T061500.png
CAMHDA301-20230109T091500,2023-01-09T09:15:00+00:00,Monday,091500,True,/home/jovyan/scaleworm-student-lab/scene_sorting/full_2023_2024/contact_sheets/CAMHDA301-20230109T091500.png
CAMHDA301-20230109T121500,2023-01-09T12:15:00+00:00,Monday,121500,True,/home/jovyan/scaleworm-student-lab/scene_sorting/full_2023_2024/contact_sheets/CAMHDA301-20230109T121500.png
CAMHDA301-20230109T151500,2023-01-09T15:15:00+00:00,Monday,151500,True,/home/jovyan/scaleworm-student-lab/scene_sorting/full_2023_2024/contact_sheets/CAMHDA301-20230109T151500.png
CAMHDA301-20230109T181500,2023-01-09T18:15:00+00:00,Monday,181500,True,/home/jovyan/scaleworm-student-lab/scene_sorting/full_2023_2024/contact_sheets/CAMHDA301-20230109T181500.png
CAMHDA301-20230109T211500,2023-01-09T21:15:00+00:00,Monday,211500,True,/home/jovyan/scaleworm-student-lab/scene_sorting/full_2023_2024/contact_sheets/CAMHDA301-20230109T211500.png
CAMHDA301-20230116T001500,2023-01-16T00:15:00+00:00,Monday,001500,True,/home/jovyan/scaleworm-student-lab/scene_sorting/full_2023_2024/contact_sheets/CAMHDA301-20230116T001500.png
CAMHDA301-20230116T031500,2023-01-16T03:15:00+00:00,Monday,031500,True,/home/jovyan/scaleworm-student-lab/scene_sorting/full_2023_2024/contact_sheets/CAMHDA301-20230116T031500.png
CAMHDA301-20230116T061500,2023-01-16T06:15:00+00:00,Monday,061500,True,/home/jovyan/scaleworm-student-lab/scene_sorting/full_2023_2024/contact_sheets/CAMHDA301-20230116T061500.png
CAMHDA301-20230116T091500,2023-01-16T09:15:00+00:00,Monday,091500,True,/home/jovyan/scaleworm-student-lab/scene_sorting/full_2023_2024/contact_sheets/CAMHDA301-20230116T091500.png
CAMHDA301-20230116T121500,2023-01-16T12:15:00+00:00,Monday,121500,True,/home/jovyan/scaleworm-student-lab/scene_sorting/full_2023_2024/contact_sheets/CAMHDA301-20230116T121500.png
CAMHDA301-20230116T151500,2023-01-16T15:15:00+00:00,Monday,151500,True,/home/jovyan/scaleworm-student-lab/scene_sorting/full_2023_2024/contact_sheets/CAMHDA301-20230116T151500.png
CAMHDA301-20230116T181500,2023-01-16T18:15:00+00:00,Monday,181500,True,/home/jovyan/scaleworm-student-lab/scene_sorting/full_2023_2024/contact_sheets/CAMHDA301-20230116T181500.png
CAMHDA301-20230116T211500,2023-01-16T21:15:00+00:00,Monday,211500,True,/home/jovyan/scaleworm-student-lab/scene_sorting/full_2023_2024/contact_sheets/CAMHDA301-20230116T211500.png
CAMHDA301-20230123T001500,2023-01-23T00:15:00+00:00,Monday,001500,True,/home/jovyan/scaleworm-student-lab/scene_sorting/full_2023_2024/contact_sheets/CAMHDA301-20230123T001500.png
CAMHDA301-20230123T031500,2023-01-23T03:15:00+00:00,Monday,031500,True,/home/jovyan/scaleworm-student-lab/scene_sorting/full_2023_2024/contact_sheets/CAMHDA301-20230123T031500.png
CAMHDA301-20230123T061500,2023-01-23T06:15:00+00:00,Monday,061500,True,/home/jovyan/scaleworm-student-lab/scene_sorting/full_2023_2024/contact_sheets/CAMHDA301-20230123T061500.png
CAMHDA301-20230123T091500,2023-01-23T09:15:00+00:00,Monday,091500,True,/home/jovyan/scaleworm-student-lab/scene_sorting/full_2023_2024/contact_sheets/CAMHDA301-20230123T091500.png
CAMHDA301-20230123T121500,2023-01-23T12:15:00+00:00,Monday,121500,True,/home/jovyan/scaleworm-student-lab/scene_sorting/full_2023_2024/contact_sheets/CAMHDA301-20230123T121500.png
CAMHDA301-20230123T151500,2023-01-23T15:15:00+00:00,Monday,151500,True,/home/jovyan/scaleworm-student-lab/scene_sorting/full_2023_2024/contact_sheets/CAMHDA301-20230123T151500.png
CAMHDA301-20230123T181500,2023-01-23T18:15:00+00:00,Monday,181500,True,/home/jovyan/scaleworm-student-lab/scene_sorting/full_2023_2024/contact_sheets/CAMHDA301-20230123T181500.png
CAMHDA301-20230123T211500,2023-01-23T21:15:00+00:00,Monday,211500,True,/home/jovyan/scaleworm-student-lab/scene_sorting/full_2023_2024/contact_sheets/CAMHDA301-20230123T211500.png
CAMHDA301-20230130T001500,2023-01-30T00:15:00+00:00,Monday,001500,True,/home/jovyan/scaleworm-student-lab/scene_sorting/full_2023_2024/contact_sheets/CAMHDA301-20230130T001500.png
CAMHDA301-20230130T031500,2023-01-30T03:15:00+00:00,Monday,031500,True,/home/jovyan/scaleworm-student-lab/scene_sorting/full_2023_2024/contact_sheets/CAMHDA301-20230130T031500.png
CAMHDA301-20230130T061500,2023-01-30T06:15:00+00:00,Monday,061500,True,/home/jovyan/scaleworm-student-lab/scene_sorting/full_2023_2024/contact_sheets/CAMHDA301-20230130T061500.png
CAMHDA301-20230130T091500,2023-01-30T09:15:00+00:00,Monday,091500,True,/home/jovyan/scaleworm-student-lab/scene_sorting/full_2023_2024/contact_sheets/CAMHDA301-20230130T091500.png
CAMHDA301-20230130T121500,2023-01-30T12:15:00+00:00,Monday,121500,True,/home/jovyan/scaleworm-student-lab/scene_sorting/full_2023_2024/contact_sheets/CAMHDA301-20230130T121500.png
CAMHDA301-20230130T151500,2023-01-30T15:15:00+00:00,Monday,151500,True,/home/jovyan/scaleworm-student-lab/scene_sorting/full_2023_2024/contact_sheets/CAMHDA301-20230130T151500.png
CAMHDA301-20230130T181500,2023-01-30T18:15:00+00:00,Monday,181500,True,/home/jovyan/scaleworm-student-lab/scene_sorting/full_2023_2024/contact_sheets/CAMHDA301-20230130T181500.png
CAMHDA301-20230130T211500,2023-01-30T21:15:00+00:00,Monday,211500,True,/home/jovyan/scaleworm-student-lab/scene_sorting/full_2023_2024/contact_sheets/CAMHDA301-20230130T211500.png
CAMHDA301-20230206T001500,2023-02-06T00:15:00+00:00,Monday,001500,True,/home/jovyan/scaleworm-student-lab/scene_sorting/full_2023_2024/contact_sheets/CAMHDA301-20230206T001500.png
CAMHDA301-20230206T031500,2023-02-06T03:15:00+00:00,Monday,031500,True,/home/jovyan/scaleworm-student-lab/scene_sorting/full_2023_2024/contact_sheets/CAMHDA301-20230206T031500.png
CAMHDA301-20230206T061500,2023-02-06T06:15:00+00:00,Monday,061500,True,/home/jovyan/scaleworm-student-lab/scene_sorting/full_2023_2024/contact_sheets/CAMHDA301-20230206T061500.png
CAMHDA301-20230206T091500,2023-02-06T09:15:00+00:00,Monday,091500,True,/home/jovyan/scaleworm-student-lab/scene_sorting/full_2023_2024/contact_sheets/CAMHDA301-20230206T091500.png
CAMHDA301-20230206T121500,2023-02-06T12:15:00+00:00,Monday,121500,True,/home/jovyan/scaleworm-student-lab/scene_sorting/full_2023_2024/contact_sheets/CAMHDA301-20230206T121500.png
CAMHDA301-20230206T151500,2023-02-06T15:15:00+00:00,Monday,151500,True,/home/jovyan/scaleworm-student-lab/scene_sorting/full_2023_2024/contact_sheets/CAMHDA301-20230206T151500.png
CAMHDA301-20230206T181500,2023-02-06T18:15:00+00:00,Monday,181500,True,/home/jovyan/scaleworm-student-lab/scene_sorting/full_2023_2024/contact_sheets/CAMHDA301-20230206T181500.png
CAMHDA301-20230206T211500,2023-02-06T21:15:00+00:00,Monday,211500,True,/home/jovyan/scaleworm-student-lab/scene_sorting/full_2023_2024/contact_sheets/CAMHDA301-20230206T211500.png
CAMHDA301-20230213T001500,2023-02-13T00:15:00+00:00,Monday,001500,True,/home/jovyan/scaleworm-student-lab/scene_sorting/full_2023_2024/contact_sheets/CAMHDA301-20230213T001500.png
CAMHDA301-20230213T031500,2023-02-13T03:15:00+00:00,Monday,031500,True,/home/jovyan/scaleworm-student-lab/scene_sorting/full_2023_2024/contact_sheets/CAMHDA301-20230213T031500.png
CAMHDA301-20230213T061500,2023-02-13T06:15:00+00:00,Monday,061500,True,/home/jovyan/scaleworm-student-lab/scene_sorting/full_2023_2024/contact_sheets/CAMHDA301-20230213T061500.png
CAMHDA301-20230213T091500,2023-02-13T09:15:00+00:00,Monday,091500,True,/home/jovyan/scaleworm-student-lab/scene_sorting/full_2023_2024/contact_sheets/CAMHDA301-20230213T091500.png
CAMHDA301-20230213T121500,2023-02-13T12:15:00+00:00,Monday,121500,True,/home/jovyan/scaleworm-student-lab/scene_sorting/full_2023_2024/contact_sheets/CAMHDA301-20230213T121500.png
CAMHDA301-20230213T151500,2023-02-13T15:15:00+00:00,Monday,151500,True,/home/jovyan/scaleworm-student-lab/scene_sorting/full_2023_2024/contact_sheets/CAMHDA301-20230213T151500.png
CAMHDA301-20230213T181500,2023-02-13T18:15:00+00:00,Monday,181500,True,/home/jovyan/scaleworm-student-lab/scene_sorting/full_2023_2024/contact_sheets/CAMHDA301-20230213T181500.png
CAMHDA301-20230213T211500,2023-02-13T21:15:00+00:00,Monday,211500,True,/home/jovyan/scaleworm-student-lab/scene_sorting/full_2023_2024/contact_sheets/CAMHDA301-20230213T211500.png
CAMHDA301-20230220T001500,2023-02-20T00:15:00+00:00,Monday,001500,True,/home/jovyan/scaleworm-student-lab/scene_sorting/full_2023_2024/contact_sheets/CAMHDA301-20230220T001500.png
CAMHDA301-20230220T031500,2023-02-20T03:15:00+00:00,Monday,031500,True,/home/jovyan/scaleworm-student-lab/scene_sorting/full_2023_2024/contact_sheets/CAMHDA301-20230220T031500.png
CAMHDA301-20230220T061500,2023-02-20T06:15:00+00:00,Monday,061500,True,/home/jovyan/scaleworm-student-lab/scene_sorting/full_2023_2024/contact_sheets/CAMHDA301-20230220T061500.png
CAMHDA301-20230220T091500,2023-02-20T09:15:00+00:00,Monday,091500,True,/home/jovyan/scaleworm-student-lab/scene_sorting/full_2023_2024/contact_sheets/CAMHDA301-20230220T091500.png
CAMHDA301-20230220T121500,2023-02-20T12:15:00+00:00,Monday,121500,True,/home/jovyan/scaleworm-student-lab/scene_sorting/full_2023_2024/contact_sheets/CAMHDA301-20230220T121500.png
CAMHDA301-20230220T151500,2023-02-20T15:15:00+00:00,Monday,151500,True,/home/jovyan/scaleworm-student-lab/scene_sorting/full_2023_2024/contact_sheets/CAMHDA301-20230220T151500.png
CAMHDA301-20230220T181500,2023-02-20T18:15:00+00:00,Monday,181500,True,/home/jovyan/scaleworm-student-lab/scene_sorting/full_2023_2024/contact_sheets/CAMHDA301-20230220T181500.png
CAMHDA301-20230220T211500,2023-02-20T21:15:00+00:00,Monday,211500,True,/home/jovyan/scaleworm-student-lab/scene_sorting/full_2023_2024/contact_sheets/CAMHDA301-20230220T211500.png
CAMHDA301-20230227T001500,2023-02-27T00:15:00+00:00,Monday,001500,True,/home/jovyan/scaleworm-student-lab/scene_sorting/full_2023_2024/contact_sheets/CAMHDA301-20230227T001500.png
CAMHDA301-20230227T031500,2023-02-27T03:15:00+00:00,Monday,031500,True,/home/jovyan/scaleworm-student-lab/scene_sorting/full_2023_2024/contact_sheets/CAMHDA301-20230227T031500.png
CAMHDA301-20230227T061500,2023-02-27T06:15:00+00:00,Monday,061500,True,/home/jovyan/scaleworm-student-lab/scene_sorting/full_2023_2024/contact_sheets/CAMHDA301-20230227T061500.png
CAMHDA301-20230227T091500,2023-02-27T09:15:00+00:00,Monday,091500,True,/home/jovyan/scaleworm-student-lab/scene_sorting/full_2023_2024/contact_sheets/CAMHDA301-20230227T091500.png
CAMHDA301-20230227T121500,2023-02-27T12:15:00+00:00,Monday,121500,True,/home/jovyan/scaleworm-student-lab/scene_sorting/full_2023_2024/contact_sheets/CAMHDA301-20230227T121500.png
CAMHDA301-20230227T151500,2023-02-27T15:15:00+00:00,Monday,151500,True,/home/jovyan/scaleworm-student-lab/scene_sorting/full_2023_2024/contact_sheets/CAMHDA301-20230227T151500.png
CAMHDA301-20230227T181500,2023-02-27T18:15:00+00:00,Monday,181500,True,/home/jovyan/scaleworm-student-lab/scene_sorting/full_2023_2024/contact_sheets/CAMHDA301-20230227T181500.png
CAMHDA301-20230227T211500,2023-02-27T21:15:00+00:00,Monday,211500,True,/home/jovyan/scaleworm-student-lab/scene_sorting/full_2023_2024/contact_sheets/CAMHDA301-20230227T211500.png
CAMHDA301-20230306T001500,2023-03-06T00:15:00+00:00,Monday,001500,True,/home/jovyan/scaleworm-student-lab/scene_sorting/full_2023_2024/contact_sheets/CAMHDA301-20230306T001500.png
CAMHDA301-20230306T031500,2023-03-06T03:15:00+00:00,Monday,031500,True,/home/jovyan/scaleworm-student-lab/scene_sorting/full_2023_2024/contact_sheets/CAMHDA301-20230306T031500.png
CAMHDA301-20230306T061500,2023-03-06T06:15:00+00:00,Monday,061500,True,/home/jovyan/scaleworm-student-lab/scene_sorting/full_2023_2024/contact_sheets/CAMHDA301-20230306T061500.png
CAMHDA301-20230306T091500,2023-03-06T09:15:00+00:00,Monday,091500,True,/home/jovyan/scaleworm-student-lab/scene_sorting/full_2023_2024/contact_sheets/CAMHDA301-20230306T091500.png
CAMHDA301-20230306T121500,2023-03-06T12:15:00+00:00,Monday,121500,True,/home/jovyan/scaleworm-student-lab/scene_sorting/full_2023_2024/contact_sheets/CAMHDA301-20230306T121500.png
CAMHDA301-20230306T151500,2023-03-06T15:15:00+00:00,Monday,151500,True,/home/jovyan/scaleworm-student-lab/scene_sorting/full_2023_2024/contact_sheets/CAMHDA301-20230306T151500.png
CAMHDA301-20230306T181500,2023-03-06T18:15:00+00:00,Monday,181500,True,/home/jovyan/scaleworm-student-lab/scene_sorting/full_2023_2024/contact_sheets/CAMHDA301-20230306T181500.png
CAMHDA301-20230306T211500,2023-03-06T21:15:00+00:00,Monday,211500,True,/home/jovyan/scaleworm-student-lab/scene_sorting/full_2023_2024/contact_sheets/CAMHDA301-20230306T211500.png
CAMHDA301-20230313T001500,2023-03-13T00:15:00+00:00,Monday,001500,True,/home/jovyan/scaleworm-student-lab/scene_sorting/full_2023_2024/contact_sheets/CAMHDA301-20230313T001500.png
CAMHDA301-20230313T031500,2023-03-13T03:15:00+00:00,Monday,031500,True,/home/jovyan/scaleworm-student-lab/scene_sorting/full_2023_2024/contact_sheets/CAMHDA301-20230313T031500.png
CAMHDA301-20230313T061500,2023-03-13T06:15:00+00:00,Monday,061500,True,/home/jovyan/scaleworm-student-lab/scene_sorting/full_2023_2024/contact_sheets/CAMHDA301-20230313T061500.png
CAMHDA301-20230313T091500,2023-03-13T09:15:00+00:00,Monday,091500,True,/home/jovyan/scaleworm-student-lab/scene_sorting/full_2023_2024/contact_sheets/CAMHDA301-20230313T091500.png
CAMHDA301-20230313T121500,2023-03-13T12:15:00+00:00,Monday,121500,True,/home/jovyan/scaleworm-student-lab/scene_sorting/full_2023_2024/contact_sheets/CAMHDA301-20230313T121500.png
CAMHDA301-20230313T151500,2023-03-13T15:15:00+00:00,Monday,151500,True,/home/jovyan/scaleworm-student-lab/scene_sorting/full_2023_2024/contact_sheets/CAMHDA301-20230313T151500.png
CAMHDA301-20230313T181500,2023-03-13T18:15:00+00:00,Monday,181500,True,/home/jovyan/scaleworm-student-lab/scene_sorting/full_2023_2024/contact_sheets/CAMHDA301-20230313T181500.png
CAMHDA301-20230313T211500,2023-03-13T21:15:00+00:00,Monday,211500,True,/home/jovyan/scaleworm-student-lab/scene_sorting/full_2023_2024/contact_sheets/CAMHDA301-20230313T211500.png
CAMHDA301-20230320T001500,2023-03-20T00:15:00+00:00,Monday,001500,True,/home/jovyan/scaleworm-student-lab/scene_sorting/full_2023_2024/contact_sheets/CAMHDA301-20230320T001500.png
CAMHDA301-20230320T031500,2023-03-20T03:15:00+00:00,Monday,031500,True,/home/jovyan/scaleworm-student-lab/scene_sorting/full_2023_2024/contact_sheets/CAMHDA301-20230320T031500.png
CAMHDA301-20230320T061500,2023-03-20T06:15:00+00:00,Monday,061500,True,/home/jovyan/scaleworm-student-lab/scene_sorting/full_2023_2024/contact_sheets/CAMHDA301-20230320T061500.png
CAMHDA301-20230320T091500,2023-03-20T09:15:00+00:00,Monday,091500,True,/home/jovyan/scaleworm-student-lab/scene_sorting/full_2023_2024/contact_sheets/CAMHDA301-20230320T091500.png
CAMHDA301-20230320T121500,2023-03-20T12:15:00+00:00,Monday,121500,True,/home/jovyan/scaleworm-student-lab/scene_sorting/full_2023_2024/contact_sheets/CAMHDA301-20230320T121500.png
CAMHDA301-20230320T151500,2023-03-20T15:15:00+00:00,Monday,151500,True,/home/jovyan/scaleworm-student-lab/scene_sorting/full_2023_2024/contact_sheets/CAMHDA301-20230320T151500.png
CAMHDA301-20230320T181500,2023-03-20T18:15:00+00:00,Monday,181500,True,/home/jovyan/scaleworm-student-lab/scene_sorting/full_2023_2024/contact_sheets/CAMHDA301-20230320T181500.png
CAMHDA301-20230320T211500,2023-03-20T21:15:00+00:00,Monday,211500,True,/home/jovyan/scaleworm-student-lab/scene_sorting/full_2023_2024/contact_sheets/CAMHDA301-20230320T211500.png
CAMHDA301-20230327T001500,2023-03-27T00:15:00+00:00,Monday,001500,True,/home/jovyan/scaleworm-student-lab/scene_sorting/full_2023_2024/contact_sheets/CAMHDA301-20230327T001500.png
CAMHDA301-20230327T031500,2023-03-27T03:15:00+00:00,Monday,031500,True,/home/jovyan/scaleworm-student-lab/scene_sorting/full_2023_2024/contact_sheets/CAMHDA301-20230327T031500.png
CAMHDA301-20230327T061500,2023-03-27T06:15:00+00:00,Monday,061500,True,/home/jovyan/scaleworm-student-lab/scene_sorting/full_2023_2024/contact_sheets/CAMHDA301-20230327T061500.png
CAMHDA301-20230327T091500,2023-03-27T09:15:00+00:00,Monday,091500,True,/home/jovyan/scaleworm-student-lab/scene_sorting/full_2023_2024/contact_sheets/CAMHDA301-20230327T091500.png
CAMHDA301-20230327T121500,2023-03-27T12:15:00+00:00,Monday,121500,True,/home/jovyan/scaleworm-student-lab/scene_sorting/full_2023_2024/contact_sheets/CAMHDA301-20230327T121500.png
CAMHDA301-20230327T151500,2023-03-27T15:15:00+00:00,Monday,151500,True,/home/jovyan/scaleworm-student-lab/scene_sorting/full_2023_2024/contact_sheets/CAMHDA301-20230327T151500.png
CAMHDA301-20230327T181500,2023-03-27T18:15:00+00:00,Monday,181500,True,/home/jovyan/scaleworm-student-lab/scene_sorting/full_2023_2024/contact_sheets/CAMHDA301-20230327T181500.png
CAMHDA301-20230327T211500,2023-03-27T21:15:00+00:00,Monday,211500,True,/home/jovyan/scaleworm-student-lab/scene_sorting/full_2023_2024/contact_sheets/CAMHDA301-20230327T211500.png
CAMHDA301-20230403T001500,2023-04-03T00:15:00+00:00,Monday,001500,True,/home/jovyan/scaleworm-student-lab/scene_sorting/full_2023_2024/contact_sheets/CAMHDA301-20230403T001500.png
CAMHDA301-20230403T031500,2023-04-03T03:15:00+00:00,Monday,031500,True,/home/jovyan/scaleworm-student-lab/scene_sorting/full_2023_2024/contact_sheets/CAMHDA301-20230403T031500.png
CAMHDA301-20230403T061500,2023-04-03T06:15:00+00:00,Monday,061500,True,/home/jovyan/scaleworm-student-lab/scene_sorting/full_2023_2024/contact_sheets/CAMHDA301-20230403T061500.png
CAMHDA301-20230403T091500,2023-04-03T09:15:00+00:00,Monday,091500,True,/home/jovyan/scaleworm-student-lab/scene_sorting/full_2023_2024/contact_sheets/CAMHDA301-20230403T091500.png
CAMHDA301-20230403T121500,2023-04-03T12:15:00+00:00,Monday,121500,True,/home/jovyan/scaleworm-student-lab/scene_sorting/full_2023_2024/contact_sheets/CAMHDA301-20230403T121500.png
CAMHDA301-20230403T151500,2023-04-03T15:15:00+00:00,Monday,151500,True,/home/jovyan/scaleworm-student-lab/scene_sorting/full_2023_2024/contact_sheets/CAMHDA301-20230403T151500.png
CAMHDA301-20230403T181500,2023-04-03T18:15:00+00:00,Monday,181500,True,/home/jovyan/scaleworm-student-lab/scene_sorting/full_2023_2024/contact_sheets/CAMHDA301-20230403T181500.png
CAMHDA301-20230403T211500,2023-04-03T21:15:00+00:00,Monday,211500,True,/home/jovyan/scaleworm-student-lab/scene_sorting/full_2023_2024/contact_sheets/CAMHDA301-20230403T211500.png
CAMHDA301-20230410T001500,2023-04-10T00:15:00+00:00,Monday,001500,True,/home/jovyan/scaleworm-student-lab/scene_sorting/full_2023_2024/contact_sheets/CAMHDA301-20230410T001500.png
CAMHDA301-20230410T031500,2023-04-10T03:15:00+00:00,Monday,031500,True,/home/jovyan/scaleworm-student-lab/scene_sorting/full_2023_2024/contact_sheets/CAMHDA301-20230410T031500.png
CAMHDA301-20230410T061500,2023-04-10T06:15:00+00:00,Monday,061500,True,/home/jovyan/scaleworm-student-lab/scene_sorting/full_2023_2024/contact_sheets/CAMHDA301-20230410T061500.png
CAMHDA301-20230410T091500,2023-04-10T09:15:00+00:00,Monday,091500,True,/home/jovyan/scaleworm-student-lab/scene_sorting/full_2023_2024/contact_sheets/CAMHDA301-20230410T091500.png
CAMHDA301-20230410T121500,2023-04-10T12:15:00+00:00,Monday,121500,True,/home/jovyan/scaleworm-student-lab/scene_sorting/full_2023_2024/contact_sheets/CAMHDA301-20230410T121500.png
CAMHDA301-20230410T151500,2023-04-10T15:15:00+00:00,Monday,151500,True,/home/jovyan/scaleworm-student-lab/scene_sorting/full_2023_2024/contact_sheets/CAMHDA301-20230410T151500.png
CAMHDA301-20230410T181500,2023-04-10T18:15:00+00:00,Monday,181500,True,/home/jovyan/scaleworm-student-lab/scene_sorting/full_2023_2024/contact_sheets/CAMHDA301-20230410T181500.png
CAMHDA301-20230410T211500,2023-04-10T21:15:00+00:00,Monday,211500,True,/home/jovyan/scaleworm-student-lab/scene_sorting/full_2023_2024/contact_sheets/CAMHDA301-20230410T211500.png
CAMHDA301-20230417T001500,2023-04-17T00:15:00+00:00,Monday,001500,True,/home/jovyan/scaleworm-student-lab/scene_sorting/full_2023_2024/contact_sheets/CAMHDA301-20230417T001500.png
CAMHDA301-20230417T031500,2023-04-17T03:15:00+00:00,Monday,031500,True,/home/jovyan/scaleworm-student-lab/scene_sorting/full_2023_2024/contact_sheets/CAMHDA301-20230417T031500.png
CAMHDA301-20230417T061500,2023-04-17T06:15:00+00:00,Monday,061500,True,/home/jovyan/scaleworm-student-lab/scene_sorting/full_2023_2024/contact_sheets/CAMHDA301-20230417T061500.png
CAMHDA301-20230417T091500,2023-04-17T09:15:00+00:00,Monday,091500,True,/home/jovyan/scaleworm-student-lab/scene_sorting/full_2023_2024/contact_sheets/CAMHDA301-20230417T091500.png
CAMHDA301-20230417T121500,2023-04-17T12:15:00+00:00,Monday,121500,True,/home/jovyan/scaleworm-student-lab/scene_sorting/full_2023_2024/contact_sheets/CAMHDA301-20230417T121500.png
CAMHDA301-20230417T151500,2023-04-17T15:15:00+00:00,Monday,151500,True,/home/jovyan/scaleworm-student-lab/scene_sorting/full_2023_2024/contact_sheets/CAMHDA301-20230417T151500.png
CAMHDA301-20230417T181500,2023-04-17T18:15:00+00:00,Monday,181500,True,/home/jovyan/scaleworm-student-lab/scene_sorting/full_2023_2024/contact_sheets/CAMHDA301-20230417T181500.png
CAMHDA301-20230417T211500,2023-04-17T21:15:00+00:00,Monday,211500,True,/home/jovyan/scaleworm-student-lab/scene_sorting/full_2023_2024/contact_sheets/CAMHDA301-20230417T211500.png
CAMHDA301-20230424T001500,2023-04-24T00:15:00+00:00,Monday,001500,True,/home/jovyan/scaleworm-student-lab/scene_sorting/full_2023_2024/contact_sheets/CAMHDA301-20230424T001500.png
CAMHDA301-20230424T031500,2023-04-24T03:15:00+00:00,Monday,031500,True,/home/jovyan/scaleworm-student-lab/scene_sorting/full_2023_2024/contact_sheets/CAMHDA301-20230424T031500.png
CAMHDA301-20230424T061500,2023-04-24T06:15:00+00:00,Monday,061500,True,/home/jovyan/scaleworm-student-lab/scene_sorting/full_2023_2024/contact_sheets/CAMHDA301-20230424T061500.png
CAMHDA301-20230424T091500,2023-04-24T09:15:00+00:00,Monday,091500,True,/home/jovyan/scaleworm-student-lab/scene_sorting/full_2023_2024/contact_sheets/CAMHDA301-20230424T091500.png
CAMHDA301-20230424T121500,2023-04-24T12:15:00+00:00,Monday,121500,True,/home/jovyan/scaleworm-student-lab/scene_sorting/full_2023_2024/contact_sheets/CAMHDA301-20230424T121500.png
CAMHDA301-20230424T151500,2023-04-24T15:15:00+00:00,Monday,151500,True,/home/jovyan/scaleworm-student-lab/scene_sorting/full_2023_2024/contact_sheets/CAMHDA301-20230424T151500.png
CAMHDA301-20230424T181500,2023-04-24T18:15:00+00:00,Monday,181500,True,/home/jovyan/scaleworm-student-lab/scene_sorting/full_2023_2024/contact_sheets/CAMHDA301-20230424T181500.png
CAMHDA301-20230424T211500,2023-04-24T21:15:00+00:00,Monday,211500,True,/home/jovyan/scaleworm-student-lab/scene_sorting/full_2023_2024/contact_sheets/CAMHDA301-20230424T211500.png
CAMHDA301-20230501T001500,2023-05-01T00:15:00+00:00,Monday,001500,False,
CAMHDA301-20230501T031500,2023-05-01T03:15:00+00:00,Monday,031500,True,/home/jovyan/scaleworm-student-lab/scene_sorting/full_2023_2024/contact_sheets/CAMHDA301-20230501T031500.png
CAMHDA301-20230501T061500,2023-05-01T06:15:00+00:00,Monday,061500,True,/home/jovyan/scaleworm-student-lab/scene_sorting/full_2023_2024/contact_sheets/CAMHDA301-20230501T061500.png
CAMHDA301-20230501T091500,2023-05-01T09:15:00+00:00,Monday,091500,True,/home/jovyan/scaleworm-student-lab/scene_sorting/full_2023_2024/contact_sheets/CAMHDA301-20230501T091500.png
CAMHDA301-20230501T121500,2023-05-01T12:15:00+00:00,Monday,121500,True,/home/jovyan/scaleworm-student-lab/scene_sorting/full_2023_2024/contact_sheets/CAMHDA301-20230501T121500.png
CAMHDA301-20230501T151500,2023-05-01T15:15:00+00:00,Monday,151500,True,/home/jovyan/scaleworm-student-lab/scene_sorting/full_2023_2024/contact_sheets/CAMHDA301-20230501T151500.png
CAMHDA301-20230501T181500,2023-05-01T18:15:00+00:00,Monday,181500,True,/home/jovyan/scaleworm-student-lab/scene_sorting/full_2023_2024/contact_sheets/CAMHDA301-20230501T181500.png
CAMHDA301-20230501T211500,2023-05-01T21:15:00+00:00,Monday,211500,True,/home/jovyan/scaleworm-student-lab/scene_sorting/full_2023_2024/contact_sheets/CAMHDA301-20230501T211500.png
CAMHDA301-20230508T001500,2023-05-08T00:15:00+00:00,Monday,001500,True,/home/jovyan/scaleworm-student-lab/scene_sorting/full_2023_2024/contact_sheets/CAMHDA301-20230508T001500.png
CAMHDA301-20230508T031500,2023-05-08T03:15:00+00:00,Monday,031500,True,/home/jovyan/scaleworm-student-lab/scene_sorting/full_2023_2024/contact_sheets/CAMHDA301-20230508T031500.png
CAMHDA301-20230508T061500,2023-05-08T06:15:00+00:00,Monday,061500,True,/home/jovyan/scaleworm-student-lab/scene_sorting/full_2023_2024/contact_sheets/CAMHDA301-20230508T061500.png
CAMHDA301-20230508T091500,2023-05-08T09:15:00+00:00,Monday,091500,True,/home/jovyan/scaleworm-student-lab/scene_sorting/full_2023_2024/contact_sheets/CAMHDA301-20230508T091500.png
CAMHDA301-20230508T121500,2023-05-08T12:15:00+00:00,Monday,121500,True,/home/jovyan/scaleworm-student-lab/scene_sorting/full_2023_2024/contact_sheets/CAMHDA301-20230508T121500.png
CAMHDA301-20230508T151500,2023-05-08T15:15:00+00:00,Monday,151500,True,/home/jovyan/scaleworm-student-lab/scene_sorting/full_2023_2024/contact_sheets/CAMHDA301-20230508T151500.png
CAMHDA301-20230508T181500,2023-05-08T18:15:00+00:00,Monday,181500,True,/home/jovyan/scaleworm-student-lab/scene_sorting/full_2023_2024/contact_sheets/CAMHDA301-20230508T181500.png
CAMHDA301-20230508T211500,2023-05-08T21:15:00+00:00,Monday,211500,True,/home/jovyan/scaleworm-student-lab/scene_sorting/full_2023_2024/contact_sheets/CAMHDA301-20230508T211500.png
CAMHDA301-20230515T001500,2023-05-15T00:15:00+00:00,Monday,001500,True,/home/jovyan/scaleworm-student-lab/scene_sorting/full_2023_2024/contact_sheets/CAMHDA301-20230515T001500.png
CAMHDA301-20230515T031500,2023-05-15T03:15:00+00:00,Monday,031500,True,/home/jovyan/scaleworm-student-lab/scene_sorting/full_2023_2024/contact_sheets/CAMHDA301-20230515T031500.png
CAMHDA301-20230515T061500,2023-05-15T06:15:00+00:00,Monday,061500,True,/home/jovyan/scaleworm-student-lab/scene_sorting/full_2023_2024/contact_sheets/CAMHDA301-20230515T061500.png
CAMHDA301-20230515T091500,2023-05-15T09:15:00+00:00,Monday,091500,True,/home/jovyan/scaleworm-student-lab/scene_sorting/full_2023_2024/contact_sheets/CAMHDA301-20230515T091500.png
CAMHDA301-20230515T121500,2023-05-15T12:15:00+00:00,Monday,121500,True,/home/jovyan/scaleworm-student-lab/scene_sorting/full_2023_2024/contact_sheets/CAMHDA301-20230515T121500.png
CAMHDA301-20230515T151500,2023-05-15T15:15:00+00:00,Monday,151500,True,/home/jovyan/scaleworm-student-lab/scene_sorting/full_2023_2024/contact_sheets/CAMHDA301-20230515T151500.png
CAMHDA301-20230515T181500,2023-05-15T18:15:00+00:00,Monday,181500,True,/home/jovyan/scaleworm-student-lab/scene_sorting/full_2023_2024/contact_sheets/CAMHDA301-20230515T181500.png
CAMHDA301-20230515T211500,2023-05-15T21:15:00+00:00,Monday,211500,True,/home/jovyan/scaleworm-student-lab/scene_sorting/full_2023_2024/contact_sheets/CAMHDA301-20230515T211500.png
CAMHDA301-20230522T001500,2023-05-22T00:15:00+00:00,Monday,001500,True,/home/jovyan/scaleworm-student-lab/scene_sorting/full_2023_2024/contact_sheets/CAMHDA301-20230522T001500.png
CAMHDA301-20230522T031500,2023-05-22T03:15:00+00:00,Monday,031500,True,/home/jovyan/scaleworm-student-lab/scene_sorting/full_2023_2024/contact_sheets/CAMHDA301-20230522T031500.png
CAMHDA301-20230522T061500,2023-05-22T06:15:00+00:00,Monday,061500,True,/home/jovyan/scaleworm-student-lab/scene_sorting/full_2023_2024/contact_sheets/CAMHDA301-20230522T061500.png
CAMHDA301-20230522T091500,2023-05-22T09:15:00+00:00,Monday,091500,True,/home/jovyan/scaleworm-student-lab/scene_sorting/full_2023_2024/contact_sheets/CAMHDA301-20230522T091500.png
CAMHDA301-20230522T121500,2023-05-22T12:15:00+00:00,Monday,121500,True,/home/jovyan/scaleworm-student-lab/scene_sorting/full_2023_2024/contact_sheets/CAMHDA301-20230522T121500.png
CAMHDA301-20230522T151500,2023-05-22T15:15:00+00:00,Monday,151500,True,/home/jovyan/scaleworm-student-lab/scene_sorting/full_2023_2024/contact_sheets/CAMHDA301-20230522T151500.png
CAMHDA301-20230522T181500,2023-05-22T18:15:00+00:00,Monday,181500,True,/home/jovyan/scaleworm-student-lab/scene_sorting/full_2023_2024/contact_sheets/CAMHDA301-20230522T181500.png
CAMHDA301-20230522T211500,2023-05-22T21:15:00+00:00,Monday,211500,True,/home/jovyan/scaleworm-student-lab/scene_sorting/full_2023_2024/contact_sheets/CAMHDA301-20230522T211500.png
CAMHDA301-20230529T001500,2023-05-29T00:15:00+00:00,Monday,001500,True,/home/jovyan/scaleworm-student-lab/scene_sorting/full_2023_2024/contact_sheets/CAMHDA301-20230529T001500.png
CAMHDA301-20230529T031500,2023-05-29T03:15:00+00:00,Monday,031500,True,/home/jovyan/scaleworm-student-lab/scene_sorting/full_2023_2024/contact_sheets/CAMHDA301-20230529T031500.png
CAMHDA301-20230529T061500,2023-05-29T06:15:00+00:00,Monday,061500,True,/home/jovyan/scaleworm-student-lab/scene_sorting/full_2023_2024/contact_sheets/CAMHDA301-20230529T061500.png
CAMHDA301-20230529T091500,2023-05-29T09:15:00+00:00,Monday,091500,True,/home/jovyan/scaleworm-student-lab/scene_sorting/full_2023_2024/contact_sheets/CAMHDA301-20230529T091500.png
CAMHDA301-20230529T121500,2023-05-29T12:15:00+00:00,Monday,121500,True,/home/jovyan/scaleworm-student-lab/scene_sorting/full_2023_2024/contact_sheets/CAMHDA301-20230529T121500.png
CAMHDA301-20230529T151500,2023-05-29T15:15:00+00:00,Monday,151500,True,/home/jovyan/scaleworm-student-lab/scene_sorting/full_2023_2024/contact_sheets/CAMHDA301-20230529T151500.png
CAMHDA301-20230529T181500,2023-05-29T18:15:00+00:00,Monday,181500,True,/home/jovyan/scaleworm-student-lab/scene_sorting/full_2023_2024/contact_sheets/CAMHDA301-20230529T181500.png
CAMHDA301-20230529T211500,2023-05-29T21:15:00+00:00,Monday,211500,True,/home/jovyan/scaleworm-student-lab/scene_sorting/full_2023_2024/contact_sheets/CAMHDA301-20230529T211500.png
CAMHDA301-20230605T001500,2023-06-05T00:15:00+00:00,Monday,001500,True,/home/jovyan/scaleworm-student-lab/scene_sorting/full_2023_2024/contact_sheets/CAMHDA301-20230605T001500.png
CAMHDA301-20230605T031500,2023-06-05T03:15:00+00:00,Monday,031500,True,/home/jovyan/scaleworm-student-lab/scene_sorting/full_2023_2024/contact_sheets/CAMHDA301-20230605T031500.png
CAMHDA301-20230605T061500,2023-06-05T06:15:00+00:00,Monday,061500,True,/home/jovyan/scaleworm-student-lab/scene_sorting/full_2023_2024/contact_sheets/CAMHDA301-20230605T061500.png
CAMHDA301-20230605T091500,2023-06-05T09:15:00+00:00,Monday,091500,True,/home/jovyan/scaleworm-student-lab/scene_sorting/full_2023_2024/contact_sheets/CAMHDA301-20230605T091500.png
CAMHDA301-20230605T121500,2023-06-05T12:15:00+00:00,Monday,121500,True,/home/jovyan/scaleworm-student-lab/scene_sorting/full_2023_2024/contact_sheets/CAMHDA301-20230605T121500.png
CAMHDA301-20230605T151500,2023-06-05T15:15:00+00:00,Monday,151500,True,/home/jovyan/scaleworm-student-lab/scene_sorting/full_2023_2024/contact_sheets/CAMHDA301-20230605T151500.png
CAMHDA301-20230605T181500,2023-06-05T18:15:00+00:00,Monday,181500,True,/home/jovyan/scaleworm-student-lab/scene_sorting/full_2023_2024/contact_sheets/CAMHDA301-20230605T181500.png
CAMHDA301-20230605T211500,2023-06-05T21:15:00+00:00,Monday,211500,True,/home/jovyan/scaleworm-student-lab/scene_sorting/full_2023_2024/contact_sheets/CAMHDA301-20230605T211500.png
CAMHDA301-20230612T001500,2023-06-12T00:15:00+00:00,Monday,001500,True,/home/jovyan/scaleworm-student-lab/scene_sorting/full_2023_2024/contact_sheets/CAMHDA301-20230612T001500.png
CAMHDA301-20230612T031500,2023-06-12T03:15:00+00:00,Monday,031500,True,/home/jovyan/scaleworm-student-lab/scene_sorting/full_2023_2024/contact_sheets/CAMHDA301-20230612T031500.png
CAMHDA301-20230612T061500,2023-06-12T06:15:00+00:00,Monday,061500,True,/home/jovyan/scaleworm-student-lab/scene_sorting/full_2023_2024/contact_sheets/CAMHDA301-20230612T061500.png
CAMHDA301-20230612T091500,2023-06-12T09:15:00+00:00,Monday,091500,True,/home/jovyan/scaleworm-student-lab/scene_sorting/full_2023_2024/contact_sheets/CAMHDA301-20230612T091500.png
CAMHDA301-20230612T121500,2023-06-12T12:15:00+00:00,Monday,121500,True,/home/jovyan/scaleworm-student-lab/scene_sorting/full_2023_2024/contact_sheets/CAMHDA301-20230612T121500.png
CAMHDA301-20230612T151500,2023-06-12T15:15:00+00:00,Monday,151500,True,/home/jovyan/scaleworm-student-lab/scene_sorting/full_2023_2024/contact_sheets/CAMHDA301-20230612T151500.png
CAMHDA301-20230612T181500,2023-06-12T18:15:00+00:00,Monday,181500,True,/home/jovyan/scaleworm-student-lab/scene_sorting/full_2023_2024/contact_sheets/CAMHDA301-20230612T181500.png
CAMHDA301-20230612T211500,2023-06-12T21:15:00+00:00,Monday,211500,True,/home/jovyan/scaleworm-student-lab/scene_sorting/full_2023_2024/contact_sheets/CAMHDA301-20230612T211500.png
CAMHDA301-20230619T001500,2023-06-19T00:15:00+00:00,Monday,001500,True,/home/jovyan/scaleworm-student-lab/scene_sorting/full_2023_2024/contact_sheets/CAMHDA301-20230619T001500.png
CAMHDA301-20230619T031500,2023-06-19T03:15:00+00:00,Monday,031500,True,/home/jovyan/scaleworm-student-lab/scene_sorting/full_2023_2024/contact_sheets/CAMHDA301-20230619T031500.png
CAMHDA301-20230619T061500,2023-06-19T06:15:00+00:00,Monday,061500,True,/home/jovyan/scaleworm-student-lab/scene_sorting/full_2023_2024/contact_sheets/CAMHDA301-20230619T061500.png
CAMHDA301-20230619T091500,2023-06-19T09:15:00+00:00,Monday,091500,True,/home/jovyan/scaleworm-student-lab/scene_sorting/full_2023_2024/contact_sheets/CAMHDA301-20230619T091500.png
CAMHDA301-20230619T121500,2023-06-19T12:15:00+00:00,Monday,121500,True,/home/jovyan/scaleworm-student-lab/scene_sorting/full_2023_2024/contact_sheets/CAMHDA301-20230619T121500.png
CAMHDA301-20230619T151500,2023-06-19T15:15:00+00:00,Monday,151500,True,/home/jovyan/scaleworm-student-lab/scene_sorting/full_2023_2024/contact_sheets/CAMHDA301-20230619T151500.png
CAMHDA301-20230619T181500,2023-06-19T18:15:00+00:00,Monday,181500,True,/home/jovyan/scaleworm-student-lab/scene_sorting/full_2023_2024/contact_sheets/CAMHDA301-20230619T181500.png
CAMHDA301-20230619T211500,2023-06-19T21:15:00+00:00,Monday,211500,True,/home/jovyan/scaleworm-student-lab/scene_sorting/full_2023_2024/contact_sheets/CAMHDA301-20230619T211500.png
CAMHDA301-20230626T001500,2023-06-26T00:15:00+00:00,Monday,001500,True,/home/jovyan/scaleworm-student-lab/scene_sorting/full_2023_2024/contact_sheets/CAMHDA301-20230626T001500.png
CAMHDA301-20230626T031500,2023-06-26T03:15:00+00:00,Monday,031500,True,/home/jovyan/scaleworm-student-lab/scene_sorting/full_2023_2024/contact_sheets/CAMHDA301-20230626T031500.png
CAMHDA301-20230626T061500,2023-06-26T06:15:00+00:00,Monday,061500,True,/home/jovyan/scaleworm-student-lab/scene_sorting/full_2023_2024/contact_sheets/CAMHDA301-20230626T061500.png
CAMHDA301-20230626T091500,2023-06-26T09:15:00+00:00,Monday,091500,True,/home/jovyan/scaleworm-student-lab/scene_sorting/full_2023_2024/contact_sheets/CAMHDA301-20230626T091500.png
CAMHDA301-20230626T121500,2023-06-26T12:15:00+00:00,Monday,121500,True,/home/jovyan/scaleworm-student-lab/scene_sorting/full_2023_2024/contact_sheets/CAMHDA301-20230626T121500.png
CAMHDA301-20230626T151500,2023-06-26T15:15:00+00:00,Monday,151500,True,/home/jovyan/scaleworm-student-lab/scene_sorting/full_2023_2024/contact_sheets/CAMHDA301-20230626T151500.png
CAMHDA301-20230626T181500,2023-06-26T18:15:00+00:00,Monday,181500,True,/home/jovyan/scaleworm-student-lab/scene_sorting/full_2023_2024/contact_sheets/CAMHDA301-20230626T181500.png
CAMHDA301-20230626T211500,2023-06-26T21:15:00+00:00,Monday,211500,True,/home/jovyan/scaleworm-student-lab/scene_sorting/full_2023_2024/contact_sheets/CAMHDA301-20230626T211500.png
CAMHDA301-20230703T001500,2023-07-03T00:15:00+00:00,Monday,001500,True,/home/jovyan/scaleworm-student-lab/scene_sorting/full_2023_2024/contact_sheets/CAMHDA301-20230703T001500.png
CAMHDA301-20230703T031500,2023-07-03T03:15:00+00:00,Monday,031500,True,/home/jovyan/scaleworm-student-lab/scene_sorting/full_2023_2024/contact_sheets/CAMHDA301-20230703T031500.png
CAMHDA301-20230703T061500,2023-07-03T06:15:00+00:00,Monday,061500,True,/home/jovyan/scaleworm-student-lab/scene_sorting/full_2023_2024/contact_sheets/CAMHDA301-20230703T061500.png
CAMHDA301-20230703T091500,2023-07-03T09:15:00+00:00,Monday,091500,True,/home/jovyan/scaleworm-student-lab/scene_sorting/full_2023_2024/contact_sheets/CAMHDA301-20230703T091500.png
CAMHDA301-20230703T121500,2023-07-03T12:15:00+00:00,Monday,121500,True,/home/jovyan/scaleworm-student-lab/scene_sorting/full_2023_2024/contact_sheets/CAMHDA301-20230703T121500.png
CAMHDA301-20230703T151500,2023-07-03T15:15:00+00:00,Monday,151500,True,/home/jovyan/scaleworm-student-lab/scene_sorting/full_2023_2024/contact_sheets/CAMHDA301-20230703T151500.png
CAMHDA301-20230703T181500,2023-07-03T18:15:00+00:00,Monday,181500,True,/home/jovyan/scaleworm-student-lab/scene_sorting/full_2023_2024/contact_sheets/CAMHDA301-20230703T181500.png
CAMHDA301-20230703T211500,2023-07-03T21:15:00+00:00,Monday,211500,True,/home/jovyan/scaleworm-student-lab/scene_sorting/full_2023_2024/contact_sheets/CAMHDA301-20230703T211500.png
CAMHDA301-20230710T001500,2023-07-10T00:15:00+00:00,Monday,001500,True,/home/jovyan/scaleworm-student-lab/scene_sorting/full_2023_2024/contact_sheets/CAMHDA301-20230710T001500.png
CAMHDA301-20230710T031500,2023-07-10T03:15:00+00:00,Monday,031500,True,/home/jovyan/scaleworm-student-lab/scene_sorting/full_2023_2024/contact_sheets/CAMHDA301-20230710T031500.png
CAMHDA301-20230710T061500,2023-07-10T06:15:00+00:00,Monday,061500,True,/home/jovyan/scaleworm-student-lab/scene_sorting/full_2023_2024/contact_sheets/CAMHDA301-20230710T061500.png
CAMHDA301-20230710T091500,2023-07-10T09:15:00+00:00,Monday,091500,True,/home/jovyan/scaleworm-student-lab/scene_sorting/full_2023_2024/contact_sheets/CAMHDA301-20230710T091500.png
CAMHDA301-20230710T121500,2023-07-10T12:15:00+00:00,Monday,121500,True,/home/jovyan/scaleworm-student-lab/scene_sorting/full_2023_2024/contact_sheets/CAMHDA301-20230710T121500.png
CAMHDA301-20230710T151500,2023-07-10T15:15:00+00:00,Monday,151500,True,/home/jovyan/scaleworm-student-lab/scene_sorting/full_2023_2024/contact_sheets/CAMHDA301-20230710T151500.png
CAMHDA301-20230710T181500,2023-07-10T18:15:00+00:00,Monday,181500,True,/home/jovyan/scaleworm-student-lab/scene_sorting/full_2023_2024/contact_sheets/CAMHDA301-20230710T181500.png
CAMHDA301-20230710T211500,2023-07-10T21:15:00+00:00,Monday,211500,True,/home/jovyan/scaleworm-student-lab/scene_sorting/full_2023_2024/contact_sheets/CAMHDA301-20230710T211500.png
CAMHDA301-20230717T001500,2023-07-17T00:15:00+00:00,Monday,001500,True,/home/jovyan/scaleworm-student-lab/scene_sorting/full_2023_2024/contact_sheets/CAMHDA301-20230717T001500.png
CAMHDA301-20230717T031500,2023-07-17T03:15:00+00:00,Monday,031500,True,/home/jovyan/scaleworm-student-lab/scene_sorting/full_2023_2024/contact_sheets/CAMHDA301-20230717T031500.png
CAMHDA301-20230717T061500,2023-07-17T06:15:00+00:00,Monday,061500,True,/home/jovyan/scaleworm-student-lab/scene_sorting/full_2023_2024/contact_sheets/CAMHDA301-20230717T061500.png
CAMHDA301-20230717T091500,2023-07-17T09:15:00+00:00,Monday,091500,True,/home/jovyan/scaleworm-student-lab/scene_sorting/full_2023_2024/contact_sheets/CAMHDA301-20230717T091500.png
CAMHDA301-20230717T121500,2023-07-17T12:15:00+00:00,Monday,121500,True,/home/jovyan/scaleworm-student-lab/scene_sorting/full_2023_2024/contact_sheets/CAMHDA301-20230717T121500.png
CAMHDA301-20230717T151500,2023-07-17T15:15:00+00:00,Monday,151500,True,/home/jovyan/scaleworm-student-lab/scene_sorting/full_2023_2024/contact_sheets/CAMHDA301-20230717T151500.png
CAMHDA301-20230717T181500,2023-07-17T18:15:00+00:00,Monday,181500,True,/home/jovyan/scaleworm-student-lab/scene_sorting/full_2023_2024/contact_sheets/CAMHDA301-20230717T181500.png
CAMHDA301-20230717T211500,2023-07-17T21:15:00+00:00,Monday,211500,True,/home/jovyan/scaleworm-student-lab/scene_sorting/full_2023_2024/contact_sheets/CAMHDA301-20230717T211500.png
CAMHDA301-20230724T001500,2023-07-24T00:15:00+00:00,Monday,001500,True,/home/jovyan/scaleworm-student-lab/scene_sorting/full_2023_2024/contact_sheets/CAMHDA301-20230724T001500.png
CAMHDA301-20230724T031500,2023-07-24T03:15:00+00:00,Monday,031500,True,/home/jovyan/scaleworm-student-lab/scene_sorting/full_2023_2024/contact_sheets/CAMHDA301-20230724T031500.png
CAMHDA301-20230724T061500,2023-07-24T06:15:00+00:00,Monday,061500,True,/home/jovyan/scaleworm-student-lab/scene_sorting/full_2023_2024/contact_sheets/CAMHDA301-20230724T061500.png
CAMHDA301-20230724T091500,2023-07-24T09:15:00+00:00,Monday,091500,True,/home/jovyan/scaleworm-student-lab/scene_sorting/full_2023_2024/contact_sheets/CAMHDA301-20230724T091500.png
CAMHDA301-20230724T121500,2023-07-24T12:15:00+00:00,Monday,121500,True,/home/jovyan/scaleworm-student-lab/scene_sorting/full_2023_2024/contact_sheets/CAMHDA301-20230724T121500.png
CAMHDA301-20230724T151500,2023-07-24T15:15:00+00:00,Monday,151500,True,/home/jovyan/scaleworm-student-lab/scene_sorting/full_2023_2024/contact_sheets/CAMHDA301-20230724T151500.png
CAMHDA301-20230724T181500,2023-07-24T18:15:00+00:00,Monday,181500,True,/home/jovyan/scaleworm-student-lab/scene_sorting/full_2023_2024/contact_sheets/CAMHDA301-20230724T181500.png
CAMHDA301-20230724T211500,2023-07-24T21:15:00+00:00,Monday,211500,True,/home/jovyan/scaleworm-student-lab/scene_sorting/full_2023_2024/contact_sheets/CAMHDA301-20230724T211500.png
CAMHDA301-20230731T001500,2023-07-31T00:15:00+00:00,Monday,001500,True,/home/jovyan/scaleworm-student-lab/scene_sorting/full_2023_2024/contact_sheets/CAMHDA301-20230731T001500.png
CAMHDA301-20230731T031500,2023-07-31T03:15:00+00:00,Monday,031500,True,/home/jovyan/scaleworm-student-lab/scene_sorting/full_2023_2024/contact_sheets/CAMHDA301-20230731T031500.png
CAMHDA301-20230731T061500,2023-07-31T06:15:00+00:00,Monday,061500,True,/home/jovyan/scaleworm-student-lab/scene_sorting/full_2023_2024/contact_sheets/CAMHDA301-20230731T061500.png
CAMHDA301-20230731T091500,2023-07-31T09:15:00+00:00,Monday,091500,True,/home/jovyan/scaleworm-student-lab/scene_sorting/full_2023_2024/contact_sheets/CAMHDA301-20230731T091500.png
CAMHDA301-20230731T121500,2023-07-31T12:15:00+00:00,Monday,121500,True,/home/jovyan/scaleworm-student-lab/scene_sorting/full_2023_2024/contact_sheets/CAMHDA301-20230731T121500.png
CAMHDA301-20230731T151500,2023-07-31T15:15:00+00:00,Monday,151500,True,/home/jovyan/scaleworm-student-lab/scene_sorting/full_2023_2024/contact_sheets/CAMHDA301-20230731T151500.png
CAMHDA301-20230731T181500,2023-07-31T18:15:00+00:00,Monday,181500,True,/home/jovyan/scaleworm-student-lab/scene_sorting/full_2023_2024/contact_sheets/CAMHDA301-20230731T181500.png
CAMHDA301-20230731T211500,2023-07-31T21:15:00+00:00,Monday,211500,True,/home/jovyan/scaleworm-student-lab/scene_sorting/full_2023_2024/contact_sheets/CAMHDA301-20230731T211500.png
CAMHDA301-20230807T001500,2023-08-07T00:15:00+00:00,Monday,001500,True,/home/jovyan/scaleworm-student-lab/scene_sorting/full_2023_2024/contact_sheets/CAMHDA301-20230807T001500.png
CAMHDA301-20230807T031500,2023-08-07T03:15:00+00:00,Monday,031500,True,/home/jovyan/scaleworm-student-lab/scene_sorting/full_2023_2024/contact_sheets/CAMHDA301-20230807T031500.png
CAMHDA301-20230807T061500,2023-08-07T06:15:00+00:00,Monday,061500,True,/home/jovyan/scaleworm-student-lab/scene_sorting/full_2023_2024/contact_sheets/CAMHDA301-20230807T061500.png
CAMHDA301-20230807T091500,2023-08-07T09:15:00+00:00,Monday,091500,True,/home/jovyan/scaleworm-student-lab/scene_sorting/full_2023_2024/contact_sheets/CAMHDA301-20230807T091500.png
CAMHDA301-20230807T121500,2023-08-07T12:15:00+00:00,Monday,121500,True,/home/jovyan/scaleworm-student-lab/scene_sorting/full_2023_2024/contact_sheets/CAMHDA301-20230807T121500.png
CAMHDA301-20230807T151500,2023-08-07T15:15:00+00:00,Monday,151500,True,/home/jovyan/scaleworm-student-lab/scene_sorting/full_2023_2024/contact_sheets/CAMHDA301-20230807T151500.png
CAMHDA301-20230807T181500,2023-08-07T18:15:00+00:00,Monday,181500,True,/home/jovyan/scaleworm-student-lab/scene_sorting/full_2023_2024/contact_sheets/CAMHDA301-20230807T181500.png
CAMHDA301-20230807T211500,2023-08-07T21:15:00+00:00,Monday,211500,True,/home/jovyan/scaleworm-student-lab/scene_sorting/full_2023_2024/contact_sheets/CAMHDA301-20230807T211500.png
CAMHDA301-20230814T001500,2023-08-14T00:15:00+00:00,Monday,001500,True,/home/jovyan/scaleworm-student-lab/scene_sorting/full_2023_2024/contact_sheets/CAMHDA301-20230814T001500.png
CAMHDA301-20230814T031500,2023-08-14T03:15:00+00:00,Monday,031500,True,/home/jovyan/scaleworm-student-lab/scene_sorting/full_2023_2024/contact_sheets/CAMHDA301-20230814T031500.png
CAMHDA301-20230814T061500,2023-08-14T06:15:00+00:00,Monday,061500,True,/home/jovyan/scaleworm-student-lab/scene_sorting/full_2023_2024/contact_sheets/CAMHDA301-20230814T061500.png
CAMHDA301-20230814T091500,2023-08-14T09:15:00+00:00,Monday,091500,True,/home/jovyan/scaleworm-student-lab/scene_sorting/full_2023_2024/contact_sheets/CAMHDA301-20230814T091500.png
CAMHDA301-20230814T121500,2023-08-14T12:15:00+00:00,Monday,121500,True,/home/jovyan/scaleworm-student-lab/scene_sorting/full_2023_2024/contact_sheets/CAMHDA301-20230814T121500.png
CAMHDA301-20230814T151500,2023-08-14T15:15:00+00:00,Monday,151500,True,/home/jovyan/scaleworm-student-lab/scene_sorting/full_2023_2024/contact_sheets/CAMHDA301-20230814T151500.png
CAMHDA301-20230814T181500,2023-08-14T18:15:00+00:00,Monday,181500,True,/home/jovyan/scaleworm-student-lab/scene_sorting/full_2023_2024/contact_sheets/CAMHDA301-20230814T181500.png
CAMHDA301-20230814T211500,2023-08-14T21:15:00+00:00,Monday,211500,True,/home/jovyan/scaleworm-student-lab/scene_sorting/full_2023_2024/contact_sheets/CAMHDA301-20230814T211500.png
CAMHDA301-20230821T001500,2023-08-21T00:15:00+00:00,Monday,001500,True,/home/jovyan/scaleworm-student-lab/scene_sorting/full_2023_2024/contact_sheets/CAMHDA301-20230821T001500.png
CAMHDA301-20230821T031500,2023-08-21T03:15:00+00:00,Monday,031500,True,/home/jovyan/scaleworm-student-lab/scene_sorting/full_2023_2024/contact_sheets/CAMHDA301-20230821T031500.png
CAMHDA301-20230821T061500,2023-08-21T06:15:00+00:00,Monday,061500,True,/home/jovyan/scaleworm-student-lab/scene_sorting/full_2023_2024/contact_sheets/CAMHDA301-20230821T061500.png
CAMHDA301-20230821T091500,2023-08-21T09:15:00+00:00,Monday,091500,True,/home/jovyan/scaleworm-student-lab/scene_sorting/full_2023_2024/contact_sheets/CAMHDA301-20230821T091500.png
CAMHDA301-20230821T121500,2023-08-21T12:15:00+00:00,Monday,121500,True,/home/jovyan/scaleworm-student-lab/scene_sorting/full_2023_2024/contact_sheets/CAMHDA301-20230821T121500.png
CAMHDA301-20230821T151500,2023-08-21T15:15:00+00:00,Monday,151500,True,/home/jovyan/scaleworm-student-lab/scene_sorting/full_2023_2024/contact_sheets/CAMHDA301-20230821T151500.png
CAMHDA301-20230821T181500,2023-08-21T18:15:00+00:00,Monday,181500,True,/home/jovyan/scaleworm-student-lab/scene_sorting/full_2023_2024/contact_sheets/CAMHDA301-20230821T181500.png
CAMHDA301-20230821T211500,2023-08-21T21:15:00+00:00,Monday,211500,True,/home/jovyan/scaleworm-student-lab/scene_sorting/full_2023_2024/contact_sheets/CAMHDA301-20230821T211500.png
CAMHDA301-20230828T001500,2023-08-28T00:15:00+00:00,Monday,001500,True,/home/jovyan/scaleworm-student-lab/scene_sorting/full_2023_2024/contact_sheets/CAMHDA301-20230828T001500.png
CAMHDA301-20230828T031500,2023-08-28T03:15:00+00:00,Monday,031500,True,/home/jovyan/scaleworm-student-lab/scene_sorting/full_2023_2024/contact_sheets/CAMHDA301-20230828T031500.png
CAMHDA301-20230828T061500,2023-08-28T06:15:00+00:00,Monday,061500,True,/home/jovyan/scaleworm-student-lab/scene_sorting/full_2023_2024/contact_sheets/CAMHDA301-20230828T061500.png
CAMHDA301-20230828T091500,2023-08-28T09:15:00+00:00,Monday,091500,True,/home/jovyan/scaleworm-student-lab/scene_sorting/full_2023_2024/contact_sheets/CAMHDA301-20230828T091500.png
CAMHDA301-20230828T121500,2023-08-28T12:15:00+00:00,Monday,121500,True,/home/jovyan/scaleworm-student-lab/scene_sorting/full_2023_2024/contact_sheets/CAMHDA301-20230828T121500.png
CAMHDA301-20230828T151500,2023-08-28T15:15:00+00:00,Monday,151500,True,/home/jovyan/scaleworm-student-lab/scene_sorting/full_2023_2024/contact_sheets/CAMHDA301-20230828T151500.png
CAMHDA301-20230828T181500,2023-08-28T18:15:00+00:00,Monday,181500,True,/home/jovyan/scaleworm-student-lab/scene_sorting/full_2023_2024/contact_sheets/CAMHDA301-20230828T181500.png
CAMHDA301-20230828T211500,2023-08-28T21:15:00+00:00,Monday,211500,True,/home/jovyan/scaleworm-student-lab/scene_sorting/full_2023_2024/contact_sheets/CAMHDA301-20230828T211500.png
CAMHDA301-20230904T001500,2023-09-04T00:15:00+00:00,Monday,001500,True,/home/jovyan/scaleworm-student-lab/scene_sorting/full_2023_2024/contact_sheets/CAMHDA301-20230904T001500.png
CAMHDA301-20230904T031500,2023-09-04T03:15:00+00:00,Monday,031500,True,/home/jovyan/scaleworm-student-lab/scene_sorting/full_2023_2024/contact_sheets/CAMHDA301-20230904T031500.png
CAMHDA301-20230904T061500,2023-09-04T06:15:00+00:00,Monday,061500,True,/home/jovyan/scaleworm-student-lab/scene_sorting/full_2023_2024/contact_sheets/CAMHDA301-20230904T061500.png
CAMHDA301-20230904T091500,2023-09-04T09:15:00+00:00,Monday,091500,True,/home/jovyan/scaleworm-student-lab/scene_sorting/full_2023_2024/contact_sheets/CAMHDA301-20230904T091500.png
CAMHDA301-20230904T121500,2023-09-04T12:15:00+00:00,Monday,121500,True,/home/jovyan/scaleworm-student-lab/scene_sorting/full_2023_2024/contact_sheets/CAMHDA301-20230904T121500.png
CAMHDA301-20230904T151500,2023-09-04T15:15:00+00:00,Monday,151500,True,/home/jovyan/scaleworm-student-lab/scene_sorting/full_2023_2024/contact_sheets/CAMHDA301-20230904T151500.png
CAMHDA301-20230904T181500,2023-09-04T18:15:00+00:00,Monday,181500,True,/home/jovyan/scaleworm-student-lab/scene_sorting/full_2023_2024/contact_sheets/CAMHDA301-20230904T181500.png
CAMHDA301-20230904T211500,2023-09-04T21:15:00+00:00,Monday,211500,True,/home/jovyan/scaleworm-student-lab/scene_sorting/full_2023_2024/contact_sheets/CAMHDA301-20230904T211500.png
CAMHDA301-20230911T001500,2023-09-11T00:15:00+00:00,Monday,001500,True,/home/jovyan/scaleworm-student-lab/scene_sorting/full_2023_2024/contact_sheets/CAMHDA301-20230911T001500.png
CAMHDA301-20230911T031500,2023-09-11T03:15:00+00:00,Monday,031500,True,/home/jovyan/scaleworm-student-lab/scene_sorting/full_2023_2024/contact_sheets/CAMHDA301-20230911T031500.png
CAMHDA301-20230911T061500,2023-09-11T06:15:00+00:00,Monday,061500,True,/home/jovyan/scaleworm-student-lab/scene_sorting/full_2023_2024/contact_sheets/CAMHDA301-20230911T061500.png
CAMHDA301-20230911T091500,2023-09-11T09:15:00+00:00,Monday,091500,True,/home/jovyan/scaleworm-student-lab/scene_sorting/full_2023_2024/contact_sheets/CAMHDA301-20230911T091500.png
CAMHDA301-20230911T121500,2023-09-11T12:15:00+00:00,Monday,121500,True,/home/jovyan/scaleworm-student-lab/scene_sorting/full_2023_2024/contact_sheets/CAMHDA301-20230911T121500.png
CAMHDA301-20230911T151500,2023-09-11T15:15:00+00:00,Monday,151500,True,/home/jovyan/scaleworm-student-lab/scene_sorting/full_2023_2024/contact_sheets/CAMHDA301-20230911T151500.png
CAMHDA301-20230911T181500,2023-09-11T18:15:00+00:00,Monday,181500,True,/home/jovyan/scaleworm-student-lab/scene_sorting/full_2023_2024/contact_sheets/CAMHDA301-20230911T181500.png
CAMHDA301-20230911T211500,2023-09-11T21:15:00+00:00,Monday,211500,True,/home/jovyan/scaleworm-student-lab/scene_sorting/full_2023_2024/contact_sheets/CAMHDA301-20230911T211500.png
CAMHDA301-20230918T001500,2023-09-18T00:15:00+00:00,Monday,001500,True,/home/jovyan/scaleworm-student-lab/scene_sorting/full_2023_2024/contact_sheets/CAMHDA301-20230918T001500.png
CAMHDA301-20230918T031500,2023-09-18T03:15:00+00:00,Monday,031500,True,/home/jovyan/scaleworm-student-lab/scene_sorting/full_2023_2024/contact_sheets/CAMHDA301-20230918T031500.png
CAMHDA301-20230918T061500,2023-09-18T06:15:00+00:00,Monday,061500,True,/home/jovyan/scaleworm-student-lab/scene_sorting/full_2023_2024/contact_sheets/CAMHDA301-20230918T061500.png
CAMHDA301-20230918T091500,2023-09-18T09:15:00+00:00,Monday,091500,True,/home/jovyan/scaleworm-student-lab/scene_sorting/full_2023_2024/contact_sheets/CAMHDA301-20230918T091500.png
CAMHDA301-20230918T121500,2023-09-18T12:15:00+00:00,Monday,121500,True,/home/jovyan/scaleworm-student-lab/scene_sorting/full_2023_2024/contact_sheets/CAMHDA301-20230918T121500.png
CAMHDA301-20230918T151500,2023-09-18T15:15:00+00:00,Monday,151500,True,/home/jovyan/scaleworm-student-lab/scene_sorting/full_2023_2024/contact_sheets/CAMHDA301-20230918T151500.png
CAMHDA301-20230918T181500,2023-09-18T18:15:00+00:00,Monday,181500,True,/home/jovyan/scaleworm-student-lab/scene_sorting/full_2023_2024/contact_sheets/CAMHDA301-20230918T181500.png
CAMHDA301-20230918T211500,2023-09-18T21:15:00+00:00,Monday,211500,True,/home/jovyan/scaleworm-student-lab/scene_sorting/full_2023_2024/contact_sheets/CAMHDA301-20230918T211500.png
CAMHDA301-20230925T001500,2023-09-25T00:15:00+00:00,Monday,001500,True,/home/jovyan/scaleworm-student-lab/scene_sorting/full_2023_2024/contact_sheets/CAMHDA301-20230925T001500.png
CAMHDA301-20230925T031500,2023-09-25T03:15:00+00:00,Monday,031500,True,/home/jovyan/scaleworm-student-lab/scene_sorting/full_2023_2024/contact_sheets/CAMHDA301-20230925T031500.png
CAMHDA301-20230925T061500,2023-09-25T06:15:00+00:00,Monday,061500,True,/home/jovyan/scaleworm-student-lab/scene_sorting/full_2023_2024/contact_sheets/CAMHDA301-20230925T061500.png
CAMHDA301-20230925T091500,2023-09-25T09:15:00+00:00,Monday,091500,True,/home/jovyan/scaleworm-student-lab/scene_sorting/full_2023_2024/contact_sheets/CAMHDA301-20230925T091500.png
CAMHDA301-20230925T121500,2023-09-25T12:15:00+00:00,Monday,121500,True,/home/jovyan/scaleworm-student-lab/scene_sorting/full_2023_2024/contact_sheets/CAMHDA301-20230925T121500.png
CAMHDA301-20230925T151500,2023-09-25T15:15:00+00:00,Monday,151500,True,/home/jovyan/scaleworm-student-lab/scene_sorting/full_2023_2024/contact_sheets/CAMHDA301-20230925T151500.png
CAMHDA301-20230925T181500,2023-09-25T18:15:00+00:00,Monday,181500,True,/home/jovyan/scaleworm-student-lab/scene_sorting/full_2023_2024/contact_sheets/CAMHDA301-20230925T181500.png
CAMHDA301-20230925T211500,2023-09-25T21:15:00+00:00,Monday,211500,True,/home/jovyan/scaleworm-student-lab/scene_sorting/full_2023_2024/contact_sheets/CAMHDA301-20230925T211500.png
CAMHDA301-20231002T001500,2023-10-02T00:15:00+00:00,Monday,001500,True,/home/jovyan/scaleworm-student-lab/scene_sorting/full_2023_2024/contact_sheets/CAMHDA301-20231002T001500.png
CAMHDA301-20231002T031500,2023-10-02T03:15:00+00:00,Monday,031500,True,/home/jovyan/scaleworm-student-lab/scene_sorting/full_2023_2024/contact_sheets/CAMHDA301-20231002T031500.png
CAMHDA301-20231002T061500,2023-10-02T06:15:00+00:00,Monday,061500,True,/home/jovyan/scaleworm-student-lab/scene_sorting/full_2023_2024/contact_sheets/CAMHDA301-20231002T061500.png
CAMHDA301-20231002T091500,2023-10-02T09:15:00+00:00,Monday,091500,True,/home/jovyan/scaleworm-student-lab/scene_sorting/full_2023_2024/contact_sheets/CAMHDA301-20231002T091500.png
CAMHDA301-20231002T121500,2023-10-02T12:15:00+00:00,Monday,121500,True,/home/jovyan/scaleworm-student-lab/scene_sorting/full_2023_2024/contact_sheets/CAMHDA301-20231002T121500.png
CAMHDA301-20231002T151500,2023-10-02T15:15:00+00:00,Monday,151500,True,/home/jovyan/scaleworm-student-lab/scene_sorting/full_2023_2024/contact_sheets/CAMHDA301-20231002T151500.png
CAMHDA301-20231002T181500,2023-10-02T18:15:00+00:00,Monday,181500,True,/home/jovyan/scaleworm-student-lab/scene_sorting/full_2023_2024/contact_sheets/CAMHDA301-20231002T181500.png
CAMHDA301-20231002T211500,2023-10-02T21:15:00+00:00,Monday,211500,True,/home/jovyan/scaleworm-student-lab/scene_sorting/full_2023_2024/contact_sheets/CAMHDA301-20231002T211500.png
CAMHDA301-20231009T001500,2023-10-09T00:15:00+00:00,Monday,001500,True,/home/jovyan/scaleworm-student-lab/scene_sorting/full_2023_2024/contact_sheets/CAMHDA301-20231009T001500.png
CAMHDA301-20231009T031500,2023-10-09T03:15:00+00:00,Monday,031500,True,/home/jovyan/scaleworm-student-lab/scene_sorting/full_2023_2024/contact_sheets/CAMHDA301-20231009T031500.png
CAMHDA301-20231009T061500,2023-10-09T06:15:00+00:00,Monday,061500,True,/home/jovyan/scaleworm-student-lab/scene_sorting/full_2023_2024/contact_sheets/CAMHDA301-20231009T061500.png
CAMHDA301-20231009T091500,2023-10-09T09:15:00+00:00,Monday,091500,True,/home/jovyan/scaleworm-student-lab/scene_sorting/full_2023_2024/contact_sheets/CAMHDA301-20231009T091500.png
CAMHDA301-20231009T121500,2023-10-09T12:15:00+00:00,Monday,121500,True,/home/jovyan/scaleworm-student-lab/scene_sorting/full_2023_2024/contact_sheets/CAMHDA301-20231009T121500.png
CAMHDA301-20231009T151500,2023-10-09T15:15:00+00:00,Monday,151500,True,/home/jovyan/scaleworm-student-lab/scene_sorting/full_2023_2024/contact_sheets/CAMHDA301-20231009T151500.png
CAMHDA301-20231009T181500,2023-10-09T18:15:00+00:00,Monday,181500,True,/home/jovyan/scaleworm-student-lab/scene_sorting/full_2023_2024/contact_sheets/CAMHDA301-20231009T181500.png
CAMHDA301-20231009T211500,2023-10-09T21:15:00+00:00,Monday,211500,True,/home/jovyan/scaleworm-student-lab/scene_sorting/full_2023_2024/contact_sheets/CAMHDA301-20231009T211500.png
CAMHDA301-20231016T001500,2023-10-16T00:15:00+00:00,Monday,001500,True,/home/jovyan/scaleworm-student-lab/scene_sorting/full_2023_2024/contact_sheets/CAMHDA301-20231016T001500.png
CAMHDA301-20231016T031500,2023-10-16T03:15:00+00:00,Monday,031500,True,/home/jovyan/scaleworm-student-lab/scene_sorting/full_2023_2024/contact_sheets/CAMHDA301-20231016T031500.png
CAMHDA301-20231016T061500,2023-10-16T06:15:00+00:00,Monday,061500,True,/home/jovyan/scaleworm-student-lab/scene_sorting/full_2023_2024/contact_sheets/CAMHDA301-20231016T061500.png
CAMHDA301-20231016T091500,2023-10-16T09:15:00+00:00,Monday,091500,True,/home/jovyan/scaleworm-student-lab/scene_sorting/full_2023_2024/contact_sheets/CAMHDA301-20231016T091500.png
CAMHDA301-20231016T121500,2023-10-16T12:15:00+00:00,Monday,121500,True,/home/jovyan/scaleworm-student-lab/scene_sorting/full_2023_2024/contact_sheets/CAMHDA301-20231016T121500.png
CAMHDA301-20231016T151500,2023-10-16T15:15:00+00:00,Monday,151500,True,/home/jovyan/scaleworm-student-lab/scene_sorting/full_2023_2024/contact_sheets/CAMHDA301-20231016T151500.png
CAMHDA301-20231016T181500,2023-10-16T18:15:00+00:00,Monday,181500,True,/home/jovyan/scaleworm-student-lab/scene_sorting/full_2023_2024/contact_sheets/CAMHDA301-20231016T181500.png
CAMHDA301-20231016T211500,2023-10-16T21:15:00+00:00,Monday,211500,True,/home/jovyan/scaleworm-student-lab/scene_sorting/full_2023_2024/contact_sheets/CAMHDA301-20231016T211500.png
CAMHDA301-20231023T001500,2023-10-23T00:15:00+00:00,Monday,001500,True,/home/jovyan/scaleworm-student-lab/scene_sorting/full_2023_2024/contact_sheets/CAMHDA301-20231023T001500.png
CAMHDA301-20231023T031500,2023-10-23T03:15:00+00:00,Monday,031500,True,/home/jovyan/scaleworm-student-lab/scene_sorting/full_2023_2024/contact_sheets/CAMHDA301-20231023T031500.png
CAMHDA301-20231023T061500,2023-10-23T06:15:00+00:00,Monday,061500,True,/home/jovyan/scaleworm-student-lab/scene_sorting/full_2023_2024/contact_sheets/CAMHDA301-20231023T061500.png
CAMHDA301-20231023T091500,2023-10-23T09:15:00+00:00,Monday,091500,True,/home/jovyan/scaleworm-student-lab/scene_sorting/full_2023_2024/contact_sheets/CAMHDA301-20231023T091500.png
CAMHDA301-20231023T121500,2023-10-23T12:15:00+00:00,Monday,121500,True,/home/jovyan/scaleworm-student-lab/scene_sorting/full_2023_2024/contact_sheets/CAMHDA301-20231023T121500.png
CAMHDA301-20231023T151500,2023-10-23T15:15:00+00:00,Monday,151500,True,/home/jovyan/scaleworm-student-lab/scene_sorting/full_2023_2024/contact_sheets/CAMHDA301-20231023T151500.png
CAMHDA301-20231023T181500,2023-10-23T18:15:00+00:00,Monday,181500,True,/home/jovyan/scaleworm-student-lab/scene_sorting/full_2023_2024/contact_sheets/CAMHDA301-20231023T181500.png
CAMHDA301-20231023T211500,2023-10-23T21:15:00+00:00,Monday,211500,True,/home/jovyan/scaleworm-student-lab/scene_sorting/full_2023_2024/contact_sheets/CAMHDA301-20231023T211500.png
CAMHDA301-20231030T001500,2023-10-30T00:15:00+00:00,Monday,001500,True,/home/jovyan/scaleworm-student-lab/scene_sorting/full_2023_2024/contact_sheets/CAMHDA301-20231030T001500.png
CAMHDA301-20231030T031500,2023-10-30T03:15:00+00:00,Monday,031500,True,/home/jovyan/scaleworm-student-lab/scene_sorting/full_2023_2024/contact_sheets/CAMHDA301-20231030T031500.png
CAMHDA301-20231030T061500,2023-10-30T06:15:00+00:00,Monday,061500,True,/home/jovyan/scaleworm-student-lab/scene_sorting/full_2023_2024/contact_sheets/CAMHDA301-20231030T061500.png
CAMHDA301-20231030T091500,2023-10-30T09:15:00+00:00,Monday,091500,True,/home/jovyan/scaleworm-student-lab/scene_sorting/full_2023_2024/contact_sheets/CAMHDA301-20231030T091500.png
CAMHDA301-20231030T121500,2023-10-30T12:15:00+00:00,Monday,121500,False,
CAMHDA301-20231030T151500,2023-10-30T15:15:00+00:00,Monday,151500,True,/home/jovyan/scaleworm-student-lab/scene_sorting/full_2023_2024/contact_sheets/CAMHDA301-20231030T151500.png
CAMHDA301-20231030T181500,2023-10-30T18:15:00+00:00,Monday,181500,True,/home/jovyan/scaleworm-student-lab/scene_sorting/full_2023_2024/contact_sheets/CAMHDA301-20231030T181500.png
CAMHDA301-20231030T211500,2023-10-30T21:15:00+00:00,Monday,211500,True,/home/jovyan/scaleworm-student-lab/scene_sorting/full_2023_2024/contact_sheets/CAMHDA301-20231030T211500.png
CAMHDA301-20231106T001500,2023-11-06T00:15:00+00:00,Monday,001500,True,/home/jovyan/scaleworm-student-lab/scene_sorting/full_2023_2024/contact_sheets/CAMHDA301-20231106T001500.png
CAMHDA301-20231106T031500,2023-11-06T03:15:00+00:00,Monday,031500,True,/home/jovyan/scaleworm-student-lab/scene_sorting/full_2023_2024/contact_sheets/CAMHDA301-20231106T031500.png
CAMHDA301-20231106T061500,2023-11-06T06:15:00+00:00,Monday,061500,True,/home/jovyan/scaleworm-student-lab/scene_sorting/full_2023_2024/contact_sheets/CAMHDA301-20231106T061500.png
CAMHDA301-20231106T091500,2023-11-06T09:15:00+00:00,Monday,091500,True,/home/jovyan/scaleworm-student-lab/scene_sorting/full_2023_2024/contact_sheets/CAMHDA301-20231106T091500.png
CAMHDA301-20231106T121500,2023-11-06T12:15:00+00:00,Monday,121500,True,/home/jovyan/scaleworm-student-lab/scene_sorting/full_2023_2024/contact_sheets/CAMHDA301-20231106T121500.png
CAMHDA301-20231106T151500,2023-11-06T15:15:00+00:00,Monday,151500,True,/home/jovyan/scaleworm-student-lab/scene_sorting/full_2023_2024/contact_sheets/CAMHDA301-20231106T151500.png
CAMHDA301-20231106T181500,2023-11-06T18:15:00+00:00,Monday,181500,True,/home/jovyan/scaleworm-student-lab/scene_sorting/full_2023_2024/contact_sheets/CAMHDA301-20231106T181500.png
CAMHDA301-20231106T211500,2023-11-06T21:15:00+00:00,Monday,211500,True,/home/jovyan/scaleworm-student-lab/scene_sorting/full_2023_2024/contact_sheets/CAMHDA301-20231106T211500.png
CAMHDA301-20231113T001500,2023-11-13T00:15:00+00:00,Monday,001500,True,/home/jovyan/scaleworm-student-lab/scene_sorting/full_2023_2024/contact_sheets/CAMHDA301-20231113T001500.png
CAMHDA301-20231113T031500,2023-11-13T03:15:00+00:00,Monday,031500,True,/home/jovyan/scaleworm-student-lab/scene_sorting/full_2023_2024/contact_sheets/CAMHDA301-20231113T031500.png
CAMHDA301-20231113T061500,2023-11-13T06:15:00+00:00,Monday,061500,True,/home/jovyan/scaleworm-student-lab/scene_sorting/full_2023_2024/contact_sheets/CAMHDA301-20231113T061500.png
CAMHDA301-20231113T091500,2023-11-13T09:15:00+00:00,Monday,091500,True,/home/jovyan/scaleworm-student-lab/scene_sorting/full_2023_2024/contact_sheets/CAMHDA301-20231113T091500.png
CAMHDA301-20231113T121500,2023-11-13T12:15:00+00:00,Monday,121500,True,/home/jovyan/scaleworm-student-lab/scene_sorting/full_2023_2024/contact_sheets/CAMHDA301-20231113T121500.png
CAMHDA301-20231113T151500,2023-11-13T15:15:00+00:00,Monday,151500,True,/home/jovyan/scaleworm-student-lab/scene_sorting/full_2023_2024/contact_sheets/CAMHDA301-20231113T151500.png
CAMHDA301-20231113T181500,2023-11-13T18:15:00+00:00,Monday,181500,True,/home/jovyan/scaleworm-student-lab/scene_sorting/full_2023_2024/contact_sheets/CAMHDA301-20231113T181500.png
CAMHDA301-20231113T211500,2023-11-13T21:15:00+00:00,Monday,211500,True,/home/jovyan/scaleworm-student-lab/scene_sorting/full_2023_2024/contact_sheets/CAMHDA301-20231113T211500.png
CAMHDA301-20231120T001500,2023-11-20T00:15:00+00:00,Monday,001500,True,/home/jovyan/scaleworm-student-lab/scene_sorting/full_2023_2024/contact_sheets/CAMHDA301-20231120T001500.png
CAMHDA301-20231120T031500,2023-11-20T03:15:00+00:00,Monday,031500,True,/home/jovyan/scaleworm-student-lab/scene_sorting/full_2023_2024/contact_sheets/CAMHDA301-20231120T031500.png
CAMHDA301-20231120T061500,2023-11-20T06:15:00+00:00,Monday,061500,True,/home/jovyan/scaleworm-student-lab/scene_sorting/full_2023_2024/contact_sheets/CAMHDA301-20231120T061500.png
CAMHDA301-20231120T091500,2023-11-20T09:15:00+00:00,Monday,091500,True,/home/jovyan/scaleworm-student-lab/scene_sorting/full_2023_2024/contact_sheets/CAMHDA301-20231120T091500.png
CAMHDA301-20231120T121500,2023-11-20T12:15:00+00:00,Monday,121500,True,/home/jovyan/scaleworm-student-lab/scene_sorting/full_2023_2024/contact_sheets/CAMHDA301-20231120T121500.png
CAMHDA301-20231120T151500,2023-11-20T15:15:00+00:00,Monday,151500,True,/home/jovyan/scaleworm-student-lab/scene_sorting/full_2023_2024/contact_sheets/CAMHDA301-20231120T151500.png
CAMHDA301-20231120T181500,2023-11-20T18:15:00+00:00,Monday,181500,True,/home/jovyan/scaleworm-student-lab/scene_sorting/full_2023_2024/contact_sheets/CAMHDA301-20231120T181500.png
CAMHDA301-20231120T211500,2023-11-20T21:15:00+00:00,Monday,211500,True,/home/jovyan/scaleworm-student-lab/scene_sorting/full_2023_2024/contact_sheets/CAMHDA301-20231120T211500.png
CAMHDA301-20231127T001500,2023-11-27T00:15:00+00:00,Monday,001500,True,/home/jovyan/scaleworm-student-lab/scene_sorting/full_2023_2024/contact_sheets/CAMHDA301-20231127T001500.png
CAMHDA301-20231127T031500,2023-11-27T03:15:00+00:00,Monday,031500,True,/home/jovyan/scaleworm-student-lab/scene_sorting/full_2023_2024/contact_sheets/CAMHDA301-20231127T031500.png
CAMHDA301-20231127T061500,2023-11-27T06:15:00+00:00,Monday,061500,True,/home/jovyan/scaleworm-student-lab/scene_sorting/full_2023_2024/contact_sheets/CAMHDA301-20231127T061500.png
CAMHDA301-20231127T091500,2023-11-27T09:15:00+00:00,Monday,091500,True,/home/jovyan/scaleworm-student-lab/scene_sorting/full_2023_2024/contact_sheets/CAMHDA301-20231127T091500.png
CAMHDA301-20231127T121500,2023-11-27T12:15:00+00:00,Monday,121500,True,/home/jovyan/scaleworm-student-lab/scene_sorting/full_2023_2024/contact_sheets/CAMHDA301-20231127T121500.png
CAMHDA301-20231127T151500,2023-11-27T15:15:00+00:00,Monday,151500,True,/home/jovyan/scaleworm-student-lab/scene_sorting/full_2023_2024/contact_sheets/CAMHDA301-20231127T151500.png
CAMHDA301-20231127T181500,2023-11-27T18:15:00+00:00,Monday,181500,True,/home/jovyan/scaleworm-student-lab/scene_sorting/full_2023_2024/contact_sheets/CAMHDA301-20231127T181500.png
CAMHDA301-20231127T211500,2023-11-27T21:15:00+00:00,Monday,211500,True,/home/jovyan/scaleworm-student-lab/scene_sorting/full_2023_2024/contact_sheets/CAMHDA301-20231127T211500.png
CAMHDA301-20231204T001500,2023-12-04T00:15:00+00:00,Monday,001500,True,/home/jovyan/scaleworm-student-lab/scene_sorting/full_2023_2024/contact_sheets/CAMHDA301-20231204T001500.png
CAMHDA301-20231204T031500,2023-12-04T03:15:00+00:00,Monday,031500,True,/home/jovyan/scaleworm-student-lab/scene_sorting/full_2023_2024/contact_sheets/CAMHDA301-20231204T031500.png
CAMHDA301-20231204T061500,2023-12-04T06:15:00+00:00,Monday,061500,True,/home/jovyan/scaleworm-student-lab/scene_sorting/full_2023_2024/contact_sheets/CAMHDA301-20231204T061500.png
CAMHDA301-20231204T091500,2023-12-04T09:15:00+00:00,Monday,091500,True,/home/jovyan/scaleworm-student-lab/scene_sorting/full_2023_2024/contact_sheets/CAMHDA301-20231204T091500.png
CAMHDA301-20231204T121500,2023-12-04T12:15:00+00:00,Monday,121500,True,/home/jovyan/scaleworm-student-lab/scene_sorting/full_2023_2024/contact_sheets/CAMHDA301-20231204T121500.png
CAMHDA301-20231204T151500,2023-12-04T15:15:00+00:00,Monday,151500,True,/home/jovyan/scaleworm-student-lab/scene_sorting/full_2023_2024/contact_sheets/CAMHDA301-20231204T151500.png
CAMHDA301-20231204T181500,2023-12-04T18:15:00+00:00,Monday,181500,True,/home/jovyan/scaleworm-student-lab/scene_sorting/full_2023_2024/contact_sheets/CAMHDA301-20231204T181500.png
CAMHDA301-20231204T211500,2023-12-04T21:15:00+00:00,Monday,211500,True,/home/jovyan/scaleworm-student-lab/scene_sorting/full_2023_2024/contact_sheets/CAMHDA301-20231204T211500.png
CAMHDA301-20231211T001500,2023-12-11T00:15:00+00:00,Monday,001500,True,/home/jovyan/scaleworm-student-lab/scene_sorting/full_2023_2024/contact_sheets/CAMHDA301-20231211T001500.png
CAMHDA301-20231211T031500,2023-12-11T03:15:00+00:00,Monday,031500,True,/home/jovyan/scaleworm-student-lab/scene_sorting/full_2023_2024/contact_sheets/CAMHDA301-20231211T031500.png
CAMHDA301-20231211T061500,2023-12-11T06:15:00+00:00,Monday,061500,True,/home/jovyan/scaleworm-student-lab/scene_sorting/full_2023_2024/contact_sheets/CAMHDA301-20231211T061500.png
CAMHDA301-20231211T091500,2023-12-11T09:15:00+00:00,Monday,091500,True,/home/jovyan/scaleworm-student-lab/scene_sorting/full_2023_2024/contact_sheets/CAMHDA301-20231211T091500.png
CAMHDA301-20231211T121500,2023-12-11T12:15:00+00:00,Monday,121500,True,/home/jovyan/scaleworm-student-lab/scene_sorting/full_2023_2024/contact_sheets/CAMHDA301-20231211T121500.png
CAMHDA301-20231211T151500,2023-12-11T15:15:00+00:00,Monday,151500,True,/home/jovyan/scaleworm-student-lab/scene_sorting/full_2023_2024/contact_sheets/CAMHDA301-20231211T151500.png
CAMHDA301-20231211T181500,2023-12-11T18:15:00+00:00,Monday,181500,True,/home/jovyan/scaleworm-student-lab/scene_sorting/full_2023_2024/contact_sheets/CAMHDA301-20231211T181500.png
CAMHDA301-20231211T211500,2023-12-11T21:15:00+00:00,Monday,211500,True,/home/jovyan/scaleworm-student-lab/scene_sorting/full_2023_2024/contact_sheets/CAMHDA301-20231211T211500.png
CAMHDA301-20231218T001500,2023-12-18T00:15:00+00:00,Monday,001500,True,/home/jovyan/scaleworm-student-lab/scene_sorting/full_2023_2024/contact_sheets/CAMHDA301-20231218T001500.png
CAMHDA301-20231218T031500,2023-12-18T03:15:00+00:00,Monday,031500,True,/home/jovyan/scaleworm-student-lab/scene_sorting/full_2023_2024/contact_sheets/CAMHDA301-20231218T031500.png
CAMHDA301-20231218T061500,2023-12-18T06:15:00+00:00,Monday,061500,True,/home/jovyan/scaleworm-student-lab/scene_sorting/full_2023_2024/contact_sheets/CAMHDA301-20231218T061500.png
CAMHDA301-20231218T091500,2023-12-18T09:15:00+00:00,Monday,091500,True,/home/jovyan/scaleworm-student-lab/scene_sorting/full_2023_2024/contact_sheets/CAMHDA301-20231218T091500.png
CAMHDA301-20231218T121500,2023-12-18T12:15:00+00:00,Monday,121500,True,/home/jovyan/scaleworm-student-lab/scene_sorting/full_2023_2024/contact_sheets/CAMHDA301-20231218T121500.png
CAMHDA301-20231218T151500,2023-12-18T15:15:00+00:00,Monday,151500,True,/home/jovyan/scaleworm-student-lab/scene_sorting/full_2023_2024/contact_sheets/CAMHDA301-20231218T151500.png
CAMHDA301-20231218T181500,2023-12-18T18:15:00+00:00,Monday,181500,True,/home/jovyan/scaleworm-student-lab/scene_sorting/full_2023_2024/contact_sheets/CAMHDA301-20231218T181500.png
CAMHDA301-20231218T211500,2023-12-18T21:15:00+00:00,Monday,211500,True,/home/jovyan/scaleworm-student-lab/scene_sorting/full_2023_2024/contact_sheets/CAMHDA301-20231218T211500.png
CAMHDA301-20231225T001500,2023-12-25T00:15:00+00:00,Monday,001500,True,/home/jovyan/scaleworm-student-lab/scene_sorting/full_2023_2024/contact_sheets/CAMHDA301-20231225T001500.png
CAMHDA301-20231225T031500,2023-12-25T03:15:00+00:00,Monday,031500,True,/home/jovyan/scaleworm-student-lab/scene_sorting/full_2023_2024/contact_sheets/CAMHDA301-20231225T031500.png
CAMHDA301-20231225T061500,2023-12-25T06:15:00+00:00,Monday,061500,True,/home/jovyan/scaleworm-student-lab/scene_sorting/full_2023_2024/contact_sheets/CAMHDA301-20231225T061500.png
CAMHDA301-20231225T091500,2023-12-25T09:15:00+00:00,Monday,091500,True,/home/jovyan/scaleworm-student-lab/scene_sorting/full_2023_2024/contact_sheets/CAMHDA301-20231225T091500.png
CAMHDA301-20231225T121500,2023-12-25T12:15:00+00:00,Monday,121500,True,/home/jovyan/scaleworm-student-lab/scene_sorting/full_2023_2024/contact_sheets/CAMHDA301-20231225T121500.png
CAMHDA301-20231225T151500,2023-12-25T15:15:00+00:00,Monday,151500,True,/home/jovyan/scaleworm-student-lab/scene_sorting/full_2023_2024/contact_sheets/CAMHDA301-20231225T151500.png
CAMHDA301-20231225T181500,2023-12-25T18:15:00+00:00,Monday,181500,True,/home/jovyan/scaleworm-student-lab/scene_sorting/full_2023_2024/contact_sheets/CAMHDA301-20231225T181500.png
CAMHDA301-20231225T211500,2023-12-25T21:15:00+00:00,Monday,211500,True,/home/jovyan/scaleworm-student-lab/scene_sorting/full_2023_2024/contact_sheets/CAMHDA301-20231225T211500.png
CAMHDA301-20240101T001500,2024-01-01T00:15:00+00:00,Monday,001500,False,
CAMHDA301-20240101T031500,2024-01-01T03:15:00+00:00,Monday,031500,True,/home/jovyan/scaleworm-student-lab/scene_sorting/full_2023_2024/contact_sheets/CAMHDA301-20240101T031500.png
CAMHDA301-20240101T061500,2024-01-01T06:15:00+00:00,Monday,061500,True,/home/jovyan/scaleworm-student-lab/scene_sorting/full_2023_2024/contact_sheets/CAMHDA301-20240101T061500.png
CAMHDA301-20240101T091500,2024-01-01T09:15:00+00:00,Monday,091500,True,/home/jovyan/scaleworm-student-lab/scene_sorting/full_2023_2024/contact_sheets/CAMHDA301-20240101T091500.png
CAMHDA301-20240101T121500,2024-01-01T12:15:00+00:00,Monday,121500,True,/home/jovyan/scaleworm-student-lab/scene_sorting/full_2023_2024/contact_sheets/CAMHDA301-20240101T121500.png
CAMHDA301-20240101T151500,2024-01-01T15:15:00+00:00,Monday,151500,True,/home/jovyan/scaleworm-student-lab/scene_sorting/full_2023_2024/contact_sheets/CAMHDA301-20240101T151500.png
CAMHDA301-20240101T181500,2024-01-01T18:15:00+00:00,Monday,181500,True,/home/jovyan/scaleworm-student-lab/scene_sorting/full_2023_2024/contact_sheets/CAMHDA301-20240101T181500.png
CAMHDA301-20240101T211500,2024-01-01T21:15:00+00:00,Monday,211500,True,/home/jovyan/scaleworm-student-lab/scene_sorting/full_2023_2024/contact_sheets/CAMHDA301-20240101T211500.png
CAMHDA301-20240108T001500,2024-01-08T00:15:00+00:00,Monday,001500,True,/home/jovyan/scaleworm-student-lab/scene_sorting/full_2023_2024/contact_sheets/CAMHDA301-20240108T001500.png
CAMHDA301-20240108T031500,2024-01-08T03:15:00+00:00,Monday,031500,True,/home/jovyan/scaleworm-student-lab/scene_sorting/full_2023_2024/contact_sheets/CAMHDA301-20240108T031500.png
CAMHDA301-20240108T061500,2024-01-08T06:15:00+00:00,Monday,061500,True,/home/jovyan/scaleworm-student-lab/scene_sorting/full_2023_2024/contact_sheets/CAMHDA301-20240108T061500.png
CAMHDA301-20240108T091500,2024-01-08T09:15:00+00:00,Monday,091500,True,/home/jovyan/scaleworm-student-lab/scene_sorting/full_2023_2024/contact_sheets/CAMHDA301-20240108T091500.png
CAMHDA301-20240108T121500,2024-01-08T12:15:00+00:00,Monday,121500,True,/home/jovyan/scaleworm-student-lab/scene_sorting/full_2023_2024/contact_sheets/CAMHDA301-20240108T121500.png
CAMHDA301-20240108T151500,2024-01-08T15:15:00+00:00,Monday,151500,True,/home/jovyan/scaleworm-student-lab/scene_sorting/full_2023_2024/contact_sheets/CAMHDA301-20240108T151500.png
CAMHDA301-20240108T181500,2024-01-08T18:15:00+00:00,Monday,181500,True,/home/jovyan/scaleworm-student-lab/scene_sorting/full_2023_2024/contact_sheets/CAMHDA301-20240108T181500.png
CAMHDA301-20240108T211500,2024-01-08T21:15:00+00:00,Monday,211500,True,/home/jovyan/scaleworm-student-lab/scene_sorting/full_2023_2024/contact_sheets/CAMHDA301-20240108T211500.png
CAMHDA301-20240115T001500,2024-01-15T00:15:00+00:00,Monday,001500,True,/home/jovyan/scaleworm-student-lab/scene_sorting/full_2023_2024/contact_sheets/CAMHDA301-20240115T001500.png
CAMHDA301-20240115T031500,2024-01-15T03:15:00+00:00,Monday,031500,True,/home/jovyan/scaleworm-student-lab/scene_sorting/full_2023_2024/contact_sheets/CAMHDA301-20240115T031500.png
CAMHDA301-20240115T061500,2024-01-15T06:15:00+00:00,Monday,061500,True,/home/jovyan/scaleworm-student-lab/scene_sorting/full_2023_2024/contact_sheets/CAMHDA301-20240115T061500.png
CAMHDA301-20240115T091500,2024-01-15T09:15:00+00:00,Monday,091500,True,/home/jovyan/scaleworm-student-lab/scene_sorting/full_2023_2024/contact_sheets/CAMHDA301-20240115T091500.png
CAMHDA301-20240115T121500,2024-01-15T12:15:00+00:00,Monday,121500,True,/home/jovyan/scaleworm-student-lab/scene_sorting/full_2023_2024/contact_sheets/CAMHDA301-20240115T121500.png
CAMHDA301-20240115T151500,2024-01-15T15:15:00+00:00,Monday,151500,True,/home/jovyan/scaleworm-student-lab/scene_sorting/full_2023_2024/contact_sheets/CAMHDA301-20240115T151500.png
CAMHDA301-20240115T181500,2024-01-15T18:15:00+00:00,Monday,181500,True,/home/jovyan/scaleworm-student-lab/scene_sorting/full_2023_2024/contact_sheets/CAMHDA301-20240115T181500.png
CAMHDA301-20240115T211500,2024-01-15T21:15:00+00:00,Monday,211500,True,/home/jovyan/scaleworm-student-lab/scene_sorting/full_2023_2024/contact_sheets/CAMHDA301-20240115T211500.png
CAMHDA301-20240122T001500,2024-01-22T00:15:00+00:00,Monday,001500,True,/home/jovyan/scaleworm-student-lab/scene_sorting/full_2023_2024/contact_sheets/CAMHDA301-20240122T001500.png
CAMHDA301-20240122T031500,2024-01-22T03:15:00+00:00,Monday,031500,True,/home/jovyan/scaleworm-student-lab/scene_sorting/full_2023_2024/contact_sheets/CAMHDA301-20240122T031500.png
CAMHDA301-20240122T061500,2024-01-22T06:15:00+00:00,Monday,061500,True,/home/jovyan/scaleworm-student-lab/scene_sorting/full_2023_2024/contact_sheets/CAMHDA301-20240122T061500.png
CAMHDA301-20240122T091500,2024-01-22T09:15:00+00:00,Monday,091500,True,/home/jovyan/scaleworm-student-lab/scene_sorting/full_2023_2024/contact_sheets/CAMHDA301-20240122T091500.png
CAMHDA301-20240122T121500,2024-01-22T12:15:00+00:00,Monday,121500,True,/home/jovyan/scaleworm-student-lab/scene_sorting/full_2023_2024/contact_sheets/CAMHDA301-20240122T121500.png
CAMHDA301-20240122T151500,2024-01-22T15:15:00+00:00,Monday,151500,True,/home/jovyan/scaleworm-student-lab/scene_sorting/full_2023_2024/contact_sheets/CAMHDA301-20240122T151500.png
CAMHDA301-20240122T181500,2024-01-22T18:15:00+00:00,Monday,181500,True,/home/jovyan/scaleworm-student-lab/scene_sorting/full_2023_2024/contact_sheets/CAMHDA301-20240122T181500.png
CAMHDA301-20240122T211500,2024-01-22T21:15:00+00:00,Monday,211500,True,/home/jovyan/scaleworm-student-lab/scene_sorting/full_2023_2024/contact_sheets/CAMHDA301-20240122T211500.png
CAMHDA301-20240129T001500,2024-01-29T00:15:00+00:00,Monday,001500,True,/home/jovyan/scaleworm-student-lab/scene_sorting/full_2023_2024/contact_sheets/CAMHDA301-20240129T001500.png
CAMHDA301-20240129T031500,2024-01-29T03:15:00+00:00,Monday,031500,True,/home/jovyan/scaleworm-student-lab/scene_sorting/full_2023_2024/contact_sheets/CAMHDA301-20240129T031500.png
CAMHDA301-20240129T061500,2024-01-29T06:15:00+00:00,Monday,061500,True,/home/jovyan/scaleworm-student-lab/scene_sorting/full_2023_2024/contact_sheets/CAMHDA301-20240129T061500.png
CAMHDA301-20240129T091500,2024-01-29T09:15:00+00:00,Monday,091500,True,/home/jovyan/scaleworm-student-lab/scene_sorting/full_2023_2024/contact_sheets/CAMHDA301-20240129T091500.png
CAMHDA301-20240129T121500,2024-01-29T12:15:00+00:00,Monday,121500,True,/home/jovyan/scaleworm-student-lab/scene_sorting/full_2023_2024/contact_sheets/CAMHDA301-20240129T121500.png
CAMHDA301-20240129T151500,2024-01-29T15:15:00+00:00,Monday,151500,True,/home/jovyan/scaleworm-student-lab/scene_sorting/full_2023_2024/contact_sheets/CAMHDA301-20240129T151500.png
CAMHDA301-20240129T181500,2024-01-29T18:15:00+00:00,Monday,181500,True,/home/jovyan/scaleworm-student-lab/scene_sorting/full_2023_2024/contact_sheets/CAMHDA301-20240129T181500.png
CAMHDA301-20240129T211500,2024-01-29T21:15:00+00:00,Monday,211500,True,/home/jovyan/scaleworm-student-lab/scene_sorting/full_2023_2024/contact_sheets/CAMHDA301-20240129T211500.png
CAMHDA301-20240205T001500,2024-02-05T00:15:00+00:00,Monday,001500,True,/home/jovyan/scaleworm-student-lab/scene_sorting/full_2023_2024/contact_sheets/CAMHDA301-20240205T001500.png
CAMHDA301-20240205T031500,2024-02-05T03:15:00+00:00,Monday,031500,True,/home/jovyan/scaleworm-student-lab/scene_sorting/full_2023_2024/contact_sheets/CAMHDA301-20240205T031500.png
CAMHDA301-20240205T061500,2024-02-05T06:15:00+00:00,Monday,061500,True,/home/jovyan/scaleworm-student-lab/scene_sorting/full_2023_2024/contact_sheets/CAMHDA301-20240205T061500.png
CAMHDA301-20240205T091500,2024-02-05T09:15:00+00:00,Monday,091500,True,/home/jovyan/scaleworm-student-lab/scene_sorting/full_2023_2024/contact_sheets/CAMHDA301-20240205T091500.png
CAMHDA301-20240205T121500,2024-02-05T12:15:00+00:00,Monday,121500,True,/home/jovyan/scaleworm-student-lab/scene_sorting/full_2023_2024/contact_sheets/CAMHDA301-20240205T121500.png
CAMHDA301-20240205T151500,2024-02-05T15:15:00+00:00,Monday,151500,True,/home/jovyan/scaleworm-student-lab/scene_sorting/full_2023_2024/contact_sheets/CAMHDA301-20240205T151500.png
CAMHDA301-20240205T181500,2024-02-05T18:15:00+00:00,Monday,181500,True,/home/jovyan/scaleworm-student-lab/scene_sorting/full_2023_2024/contact_sheets/CAMHDA301-20240205T181500.png
CAMHDA301-20240205T211500,2024-02-05T21:15:00+00:00,Monday,211500,True,/home/jovyan/scaleworm-student-lab/scene_sorting/full_2023_2024/contact_sheets/CAMHDA301-20240205T211500.png
CAMHDA301-20240212T001500,2024-02-12T00:15:00+00:00,Monday,001500,True,/home/jovyan/scaleworm-student-lab/scene_sorting/full_2023_2024/contact_sheets/CAMHDA301-20240212T001500.png
CAMHDA301-20240212T031500,2024-02-12T03:15:00+00:00,Monday,031500,True,/home/jovyan/scaleworm-student-lab/scene_sorting/full_2023_2024/contact_sheets/CAMHDA301-20240212T031500.png
CAMHDA301-20240212T061500,2024-02-12T06:15:00+00:00,Monday,061500,True,/home/jovyan/scaleworm-student-lab/scene_sorting/full_2023_2024/contact_sheets/CAMHDA301-20240212T061500.png
CAMHDA301-20240212T091500,2024-02-12T09:15:00+00:00,Monday,091500,True,/home/jovyan/scaleworm-student-lab/scene_sorting/full_2023_2024/contact_sheets/CAMHDA301-20240212T091500.png
CAMHDA301-20240212T121500,2024-02-12T12:15:00+00:00,Monday,121500,True,/home/jovyan/scaleworm-student-lab/scene_sorting/full_2023_2024/contact_sheets/CAMHDA301-20240212T121500.png
CAMHDA301-20240212T151500,2024-02-12T15:15:00+00:00,Monday,151500,True,/home/jovyan/scaleworm-student-lab/scene_sorting/full_2023_2024/contact_sheets/CAMHDA301-20240212T151500.png
CAMHDA301-20240212T181500,2024-02-12T18:15:00+00:00,Monday,181500,True,/home/jovyan/scaleworm-student-lab/scene_sorting/full_2023_2024/contact_sheets/CAMHDA301-20240212T181500.png
CAMHDA301-20240212T211500,2024-02-12T21:15:00+00:00,Monday,211500,True,/home/jovyan/scaleworm-student-lab/scene_sorting/full_2023_2024/contact_sheets/CAMHDA301-20240212T211500.png
CAMHDA301-20240219T001500,2024-02-19T00:15:00+00:00,Monday,001500,True,/home/jovyan/scaleworm-student-lab/scene_sorting/full_2023_2024/contact_sheets/CAMHDA301-20240219T001500.png
CAMHDA301-20240219T031500,2024-02-19T03:15:00+00:00,Monday,031500,True,/home/jovyan/scaleworm-student-lab/scene_sorting/full_2023_2024/contact_sheets/CAMHDA301-20240219T031500.png
CAMHDA301-20240219T061500,2024-02-19T06:15:00+00:00,Monday,061500,True,/home/jovyan/scaleworm-student-lab/scene_sorting/full_2023_2024/contact_sheets/CAMHDA301-20240219T061500.png
CAMHDA301-20240219T091500,2024-02-19T09:15:00+00:00,Monday,091500,True,/home/jovyan/scaleworm-student-lab/scene_sorting/full_2023_2024/contact_sheets/CAMHDA301-20240219T091500.png
CAMHDA301-20240219T121500,2024-02-19T12:15:00+00:00,Monday,121500,True,/home/jovyan/scaleworm-student-lab/scene_sorting/full_2023_2024/contact_sheets/CAMHDA301-20240219T121500.png
CAMHDA301-20240219T151500,2024-02-19T15:15:00+00:00,Monday,151500,True,/home/jovyan/scaleworm-student-lab/scene_sorting/full_2023_2024/contact_sheets/CAMHDA301-20240219T151500.png
CAMHDA301-20240219T181500,2024-02-19T18:15:00+00:00,Monday,181500,True,/home/jovyan/scaleworm-student-lab/scene_sorting/full_2023_2024/contact_sheets/CAMHDA301-20240219T181500.png
CAMHDA301-20240219T211500,2024-02-19T21:15:00+00:00,Monday,211500,True,/home/jovyan/scaleworm-student-lab/scene_sorting/full_2023_2024/contact_sheets/CAMHDA301-20240219T211500.png
CAMHDA301-20240226T001500,2024-02-26T00:15:00+00:00,Monday,001500,True,/home/jovyan/scaleworm-student-lab/scene_sorting/full_2023_2024/contact_sheets/CAMHDA301-20240226T001500.png
CAMHDA301-20240226T031500,2024-02-26T03:15:00+00:00,Monday,031500,True,/home/jovyan/scaleworm-student-lab/scene_sorting/full_2023_2024/contact_sheets/CAMHDA301-20240226T031500.png
CAMHDA301-20240226T061500,2024-02-26T06:15:00+00:00,Monday,061500,True,/home/jovyan/scaleworm-student-lab/scene_sorting/full_2023_2024/contact_sheets/CAMHDA301-20240226T061500.png
CAMHDA301-20240226T091500,2024-02-26T09:15:00+00:00,Monday,091500,True,/home/jovyan/scaleworm-student-lab/scene_sorting/full_2023_2024/contact_sheets/CAMHDA301-20240226T091500.png
CAMHDA301-20240226T121500,2024-02-26T12:15:00+00:00,Monday,121500,True,/home/jovyan/scaleworm-student-lab/scene_sorting/full_2023_2024/contact_sheets/CAMHDA301-20240226T121500.png
CAMHDA301-20240226T151500,2024-02-26T15:15:00+00:00,Monday,151500,True,/home/jovyan/scaleworm-student-lab/scene_sorting/full_2023_2024/contact_sheets/CAMHDA301-20240226T151500.png
CAMHDA301-20240226T181500,2024-02-26T18:15:00+00:00,Monday,181500,True,/home/jovyan/scaleworm-student-lab/scene_sorting/full_2023_2024/contact_sheets/CAMHDA301-20240226T181500.png
CAMHDA301-20240226T211500,2024-02-26T21:15:00+00:00,Monday,211500,True,/home/jovyan/scaleworm-student-lab/scene_sorting/full_2023_2024/contact_sheets/CAMHDA301-20240226T211500.png
CAMHDA301-20240304T001500,2024-03-04T00:15:00+00:00,Monday,001500,True,/home/jovyan/scaleworm-student-lab/scene_sorting/full_2023_2024/contact_sheets/CAMHDA301-20240304T001500.png
CAMHDA301-20240304T031500,2024-03-04T03:15:00+00:00,Monday,031500,True,/home/jovyan/scaleworm-student-lab/scene_sorting/full_2023_2024/contact_sheets/CAMHDA301-20240304T031500.png
CAMHDA301-20240304T061500,2024-03-04T06:15:00+00:00,Monday,061500,True,/home/jovyan/scaleworm-student-lab/scene_sorting/full_2023_2024/contact_sheets/CAMHDA301-20240304T061500.png
CAMHDA301-20240304T091500,2024-03-04T09:15:00+00:00,Monday,091500,True,/home/jovyan/scaleworm-student-lab/scene_sorting/full_2023_2024/contact_sheets/CAMHDA301-20240304T091500.png
CAMHDA301-20240304T121500,2024-03-04T12:15:00+00:00,Monday,121500,True,/home/jovyan/scaleworm-student-lab/scene_sorting/full_2023_2024/contact_sheets/CAMHDA301-20240304T121500.png
CAMHDA301-20240304T151500,2024-03-04T15:15:00+00:00,Monday,151500,True,/home/jovyan/scaleworm-student-lab/scene_sorting/full_2023_2024/contact_sheets/CAMHDA301-20240304T151500.png
CAMHDA301-20240304T181500,2024-03-04T18:15:00+00:00,Monday,181500,True,/home/jovyan/scaleworm-student-lab/scene_sorting/full_2023_2024/contact_sheets/CAMHDA301-20240304T181500.png
CAMHDA301-20240304T211500,2024-03-04T21:15:00+00:00,Monday,211500,True,/home/jovyan/scaleworm-student-lab/scene_sorting/full_2023_2024/contact_sheets/CAMHDA301-20240304T211500.png
CAMHDA301-20240311T001500,2024-03-11T00:15:00+00:00,Monday,001500,True,/home/jovyan/scaleworm-student-lab/scene_sorting/full_2023_2024/contact_sheets/CAMHDA301-20240311T001500.png
CAMHDA301-20240311T031500,2024-03-11T03:15:00+00:00,Monday,031500,True,/home/jovyan/scaleworm-student-lab/scene_sorting/full_2023_2024/contact_sheets/CAMHDA301-20240311T031500.png
CAMHDA301-20240311T061500,2024-03-11T06:15:00+00:00,Monday,061500,True,/home/jovyan/scaleworm-student-lab/scene_sorting/full_2023_2024/contact_sheets/CAMHDA301-20240311T061500.png
CAMHDA301-20240311T091500,2024-03-11T09:15:00+00:00,Monday,091500,True,/home/jovyan/scaleworm-student-lab/scene_sorting/full_2023_2024/contact_sheets/CAMHDA301-20240311T091500.png
CAMHDA301-20240311T121500,2024-03-11T12:15:00+00:00,Monday,121500,True,/home/jovyan/scaleworm-student-lab/scene_sorting/full_2023_2024/contact_sheets/CAMHDA301-20240311T121500.png
CAMHDA301-20240311T151500,2024-03-11T15:15:00+00:00,Monday,151500,True,/home/jovyan/scaleworm-student-lab/scene_sorting/full_2023_2024/contact_sheets/CAMHDA301-20240311T151500.png
CAMHDA301-20240311T181500,2024-03-11T18:15:00+00:00,Monday,181500,True,/home/jovyan/scaleworm-student-lab/scene_sorting/full_2023_2024/contact_sheets/CAMHDA301-20240311T181500.png
CAMHDA301-20240311T211500,2024-03-11T21:15:00+00:00,Monday,211500,True,/home/jovyan/scaleworm-student-lab/scene_sorting/full_2023_2024/contact_sheets/CAMHDA301-20240311T211500.png
CAMHDA301-20240318T001500,2024-03-18T00:15:00+00:00,Monday,001500,True,/home/jovyan/scaleworm-student-lab/scene_sorting/full_2023_2024/contact_sheets/CAMHDA301-20240318T001500.png
CAMHDA301-20240318T031500,2024-03-18T03:15:00+00:00,Monday,031500,True,/home/jovyan/scaleworm-student-lab/scene_sorting/full_2023_2024/contact_sheets/CAMHDA301-20240318T031500.png
CAMHDA301-20240318T061500,2024-03-18T06:15:00+00:00,Monday,061500,True,/home/jovyan/scaleworm-student-lab/scene_sorting/full_2023_2024/contact_sheets/CAMHDA301-20240318T061500.png
CAMHDA301-20240318T091500,2024-03-18T09:15:00+00:00,Monday,091500,True,/home/jovyan/scaleworm-student-lab/scene_sorting/full_2023_2024/contact_sheets/CAMHDA301-20240318T091500.png
CAMHDA301-20240318T121500,2024-03-18T12:15:00+00:00,Monday,121500,True,/home/jovyan/scaleworm-student-lab/scene_sorting/full_2023_2024/contact_sheets/CAMHDA301-20240318T121500.png
CAMHDA301-20240318T151500,2024-03-18T15:15:00+00:00,Monday,151500,True,/home/jovyan/scaleworm-student-lab/scene_sorting/full_2023_2024/contact_sheets/CAMHDA301-20240318T151500.png
CAMHDA301-20240318T181500,2024-03-18T18:15:00+00:00,Monday,181500,True,/home/jovyan/scaleworm-student-lab/scene_sorting/full_2023_2024/contact_sheets/CAMHDA301-20240318T181500.png
CAMHDA301-20240318T211500,2024-03-18T21:15:00+00:00,Monday,211500,True,/home/jovyan/scaleworm-student-lab/scene_sorting/full_2023_2024/contact_sheets/CAMHDA301-20240318T211500.png
CAMHDA301-20240325T001500,2024-03-25T00:15:00+00:00,Monday,001500,True,/home/jovyan/scaleworm-student-lab/scene_sorting/full_2023_2024/contact_sheets/CAMHDA301-20240325T001500.png
CAMHDA301-20240325T031500,2024-03-25T03:15:00+00:00,Monday,031500,True,/home/jovyan/scaleworm-student-lab/scene_sorting/full_2023_2024/contact_sheets/CAMHDA301-20240325T031500.png
CAMHDA301-20240325T061500,2024-03-25T06:15:00+00:00,Monday,061500,True,/home/jovyan/scaleworm-student-lab/scene_sorting/full_2023_2024/contact_sheets/CAMHDA301-20240325T061500.png
CAMHDA301-20240325T091500,2024-03-25T09:15:00+00:00,Monday,091500,True,/home/jovyan/scaleworm-student-lab/scene_sorting/full_2023_2024/contact_sheets/CAMHDA301-20240325T091500.png
CAMHDA301-20240325T121500,2024-03-25T12:15:00+00:00,Monday,121500,True,/home/jovyan/scaleworm-student-lab/scene_sorting/full_2023_2024/contact_sheets/CAMHDA301-20240325T121500.png
CAMHDA301-20240325T151500,2024-03-25T15:15:00+00:00,Monday,151500,True,/home/jovyan/scaleworm-student-lab/scene_sorting/full_2023_2024/contact_sheets/CAMHDA301-20240325T151500.png
CAMHDA301-20240325T181500,2024-03-25T18:15:00+00:00,Monday,181500,True,/home/jovyan/scaleworm-student-lab/scene_sorting/full_2023_2024/contact_sheets/CAMHDA301-20240325T181500.png
CAMHDA301-20240325T211500,2024-03-25T21:15:00+00:00,Monday,211500,True,/home/jovyan/scaleworm-student-lab/scene_sorting/full_2023_2024/contact_sheets/CAMHDA301-20240325T211500.png
CAMHDA301-20240401T001500,2024-04-01T00:15:00+00:00,Monday,001500,False,
CAMHDA301-20240401T031500,2024-04-01T03:15:00+00:00,Monday,031500,True,/home/jovyan/scaleworm-student-lab/scene_sorting/full_2023_2024/contact_sheets/CAMHDA301-20240401T031500.png
CAMHDA301-20240401T061500,2024-04-01T06:15:00+00:00,Monday,061500,True,/home/jovyan/scaleworm-student-lab/scene_sorting/full_2023_2024/contact_sheets/CAMHDA301-20240401T061500.png
CAMHDA301-20240401T091500,2024-04-01T09:15:00+00:00,Monday,091500,True,/home/jovyan/scaleworm-student-lab/scene_sorting/full_2023_2024/contact_sheets/CAMHDA301-20240401T091500.png
CAMHDA301-20240401T121500,2024-04-01T12:15:00+00:00,Monday,121500,True,/home/jovyan/scaleworm-student-lab/scene_sorting/full_2023_2024/contact_sheets/CAMHDA301-20240401T121500.png
CAMHDA301-20240401T151500,2024-04-01T15:15:00+00:00,Monday,151500,True,/home/jovyan/scaleworm-student-lab/scene_sorting/full_2023_2024/contact_sheets/CAMHDA301-20240401T151500.png
CAMHDA301-20240401T181500,2024-04-01T18:15:00+00:00,Monday,181500,True,/home/jovyan/scaleworm-student-lab/scene_sorting/full_2023_2024/contact_sheets/CAMHDA301-20240401T181500.png
CAMHDA301-20240401T211500,2024-04-01T21:15:00+00:00,Monday,211500,True,/home/jovyan/scaleworm-student-lab/scene_sorting/full_2023_2024/contact_sheets/CAMHDA301-20240401T211500.png
CAMHDA301-20240408T001500,2024-04-08T00:15:00+00:00,Monday,001500,True,/home/jovyan/scaleworm-student-lab/scene_sorting/full_2023_2024/contact_sheets/CAMHDA301-20240408T001500.png
CAMHDA301-20240408T031500,2024-04-08T03:15:00+00:00,Monday,031500,True,/home/jovyan/scaleworm-student-lab/scene_sorting/full_2023_2024/contact_sheets/CAMHDA301-20240408T031500.png
CAMHDA301-20240408T061500,2024-04-08T06:15:00+00:00,Monday,061500,True,/home/jovyan/scaleworm-student-lab/scene_sorting/full_2023_2024/contact_sheets/CAMHDA301-20240408T061500.png
CAMHDA301-20240408T091500,2024-04-08T09:15:00+00:00,Monday,091500,True,/home/jovyan/scaleworm-student-lab/scene_sorting/full_2023_2024/contact_sheets/CAMHDA301-20240408T091500.png
CAMHDA301-20240408T121500,2024-04-08T12:15:00+00:00,Monday,121500,True,/home/jovyan/scaleworm-student-lab/scene_sorting/full_2023_2024/contact_sheets/CAMHDA301-20240408T121500.png
CAMHDA301-20240408T151500,2024-04-08T15:15:00+00:00,Monday,151500,True,/home/jovyan/scaleworm-student-lab/scene_sorting/full_2023_2024/contact_sheets/CAMHDA301-20240408T151500.png
CAMHDA301-20240408T181500,2024-04-08T18:15:00+00:00,Monday,181500,True,/home/jovyan/scaleworm-student-lab/scene_sorting/full_2023_2024/contact_sheets/CAMHDA301-20240408T181500.png
CAMHDA301-20240408T211500,2024-04-08T21:15:00+00:00,Monday,211500,True,/home/jovyan/scaleworm-student-lab/scene_sorting/full_2023_2024/contact_sheets/CAMHDA301-20240408T211500.png
CAMHDA301-20240415T001500,2024-04-15T00:15:00+00:00,Monday,001500,True,/home/jovyan/scaleworm-student-lab/scene_sorting/full_2023_2024/contact_sheets/CAMHDA301-20240415T001500.png
CAMHDA301-20240415T031500,2024-04-15T03:15:00+00:00,Monday,031500,True,/home/jovyan/scaleworm-student-lab/scene_sorting/full_2023_2024/contact_sheets/CAMHDA301-20240415T031500.png
CAMHDA301-20240415T061500,2024-04-15T06:15:00+00:00,Monday,061500,True,/home/jovyan/scaleworm-student-lab/scene_sorting/full_2023_2024/contact_sheets/CAMHDA301-20240415T061500.png
CAMHDA301-20240415T091500,2024-04-15T09:15:00+00:00,Monday,091500,True,/home/jovyan/scaleworm-student-lab/scene_sorting/full_2023_2024/contact_sheets/CAMHDA301-20240415T091500.png
CAMHDA301-20240415T121500,2024-04-15T12:15:00+00:00,Monday,121500,True,/home/jovyan/scaleworm-student-lab/scene_sorting/full_2023_2024/contact_sheets/CAMHDA301-20240415T121500.png
CAMHDA301-20240415T151500,2024-04-15T15:15:00+00:00,Monday,151500,True,/home/jovyan/scaleworm-student-lab/scene_sorting/full_2023_2024/contact_sheets/CAMHDA301-20240415T151500.png
CAMHDA301-20240415T181500,2024-04-15T18:15:00+00:00,Monday,181500,True,/home/jovyan/scaleworm-student-lab/scene_sorting/full_2023_2024/contact_sheets/CAMHDA301-20240415T181500.png
CAMHDA301-20240415T211500,2024-04-15T21:15:00+00:00,Monday,211500,True,/home/jovyan/scaleworm-student-lab/scene_sorting/full_2023_2024/contact_sheets/CAMHDA301-20240415T211500.png
CAMHDA301-20240422T001500,2024-04-22T00:15:00+00:00,Monday,001500,True,/home/jovyan/scaleworm-student-lab/scene_sorting/full_2023_2024/contact_sheets/CAMHDA301-20240422T001500.png
CAMHDA301-20240422T031500,2024-04-22T03:15:00+00:00,Monday,031500,True,/home/jovyan/scaleworm-student-lab/scene_sorting/full_2023_2024/contact_sheets/CAMHDA301-20240422T031500.png
CAMHDA301-20240422T061500,2024-04-22T06:15:00+00:00,Monday,061500,True,/home/jovyan/scaleworm-student-lab/scene_sorting/full_2023_2024/contact_sheets/CAMHDA301-20240422T061500.png
CAMHDA301-20240422T091500,2024-04-22T09:15:00+00:00,Monday,091500,True,/home/jovyan/scaleworm-student-lab/scene_sorting/full_2023_2024/contact_sheets/CAMHDA301-20240422T091500.png
CAMHDA301-20240422T121500,2024-04-22T12:15:00+00:00,Monday,121500,True,/home/jovyan/scaleworm-student-lab/scene_sorting/full_2023_2024/contact_sheets/CAMHDA301-20240422T121500.png
CAMHDA301-20240422T151500,2024-04-22T15:15:00+00:00,Monday,151500,True,/home/jovyan/scaleworm-student-lab/scene_sorting/full_2023_2024/contact_sheets/CAMHDA301-20240422T151500.png
CAMHDA301-20240422T181500,2024-04-22T18:15:00+00:00,Monday,181500,True,/home/jovyan/scaleworm-student-lab/scene_sorting/full_2023_2024/contact_sheets/CAMHDA301-20240422T181500.png
CAMHDA301-20240422T211500,2024-04-22T21:15:00+00:00,Monday,211500,True,/home/jovyan/scaleworm-student-lab/scene_sorting/full_2023_2024/contact_sheets/CAMHDA301-20240422T211500.png
CAMHDA301-20240429T001500,2024-04-29T00:15:00+00:00,Monday,001500,True,/home/jovyan/scaleworm-student-lab/scene_sorting/full_2023_2024/contact_sheets/CAMHDA301-20240429T001500.png
CAMHDA301-20240429T031500,2024-04-29T03:15:00+00:00,Monday,031500,True,/home/jovyan/scaleworm-student-lab/scene_sorting/full_2023_2024/contact_sheets/CAMHDA301-20240429T031500.png
CAMHDA301-20240429T061500,2024-04-29T06:15:00+00:00,Monday,061500,True,/home/jovyan/scaleworm-student-lab/scene_sorting/full_2023_2024/contact_sheets/CAMHDA301-20240429T061500.png
CAMHDA301-20240429T091500,2024-04-29T09:15:00+00:00,Monday,091500,True,/home/jovyan/scaleworm-student-lab/scene_sorting/full_2023_2024/contact_sheets/CAMHDA301-20240429T091500.png
CAMHDA301-20240429T121500,2024-04-29T12:15:00+00:00,Monday,121500,True,/home/jovyan/scaleworm-student-lab/scene_sorting/full_2023_2024/contact_sheets/CAMHDA301-20240429T121500.png
CAMHDA301-20240429T151500,2024-04-29T15:15:00+00:00,Monday,151500,True,/home/jovyan/scaleworm-student-lab/scene_sorting/full_2023_2024/contact_sheets/CAMHDA301-20240429T151500.png
CAMHDA301-20240429T181500,2024-04-29T18:15:00+00:00,Monday,181500,True,/home/jovyan/scaleworm-student-lab/scene_sorting/full_2023_2024/contact_sheets/CAMHDA301-20240429T181500.png
CAMHDA301-20240429T211500,2024-04-29T21:15:00+00:00,Monday,211500,True,/home/jovyan/scaleworm-student-lab/scene_sorting/full_2023_2024/contact_sheets/CAMHDA301-20240429T211500.png
CAMHDA301-20240506T001500,2024-05-06T00:15:00+00:00,Monday,001500,True,/home/jovyan/scaleworm-student-lab/scene_sorting/full_2023_2024/contact_sheets/CAMHDA301-20240506T001500.png
CAMHDA301-20240506T031500,2024-05-06T03:15:00+00:00,Monday,031500,True,/home/jovyan/scaleworm-student-lab/scene_sorting/full_2023_2024/contact_sheets/CAMHDA301-20240506T031500.png
CAMHDA301-20240506T061500,2024-05-06T06:15:00+00:00,Monday,061500,True,/home/jovyan/scaleworm-student-lab/scene_sorting/full_2023_2024/contact_sheets/CAMHDA301-20240506T061500.png
CAMHDA301-20240506T091500,2024-05-06T09:15:00+00:00,Monday,091500,True,/home/jovyan/scaleworm-student-lab/scene_sorting/full_2023_2024/contact_sheets/CAMHDA301-20240506T091500.png
CAMHDA301-20240506T121500,2024-05-06T12:15:00+00:00,Monday,121500,True,/home/jovyan/scaleworm-student-lab/scene_sorting/full_2023_2024/contact_sheets/CAMHDA301-20240506T121500.png
CAMHDA301-20240506T151500,2024-05-06T15:15:00+00:00,Monday,151500,True,/home/jovyan/scaleworm-student-lab/scene_sorting/full_2023_2024/contact_sheets/CAMHDA301-20240506T151500.png
CAMHDA301-20240506T181500,2024-05-06T18:15:00+00:00,Monday,181500,True,/home/jovyan/scaleworm-student-lab/scene_sorting/full_2023_2024/contact_sheets/CAMHDA301-20240506T181500.png
CAMHDA301-20240506T211500,2024-05-06T21:15:00+00:00,Monday,211500,True,/home/jovyan/scaleworm-student-lab/scene_sorting/full_2023_2024/contact_sheets/CAMHDA301-20240506T211500.png
CAMHDA301-20240513T001500,2024-05-13T00:15:00+00:00,Monday,001500,True,/home/jovyan/scaleworm-student-lab/scene_sorting/full_2023_2024/contact_sheets/CAMHDA301-20240513T001500.png
CAMHDA301-20240513T031500,2024-05-13T03:15:00+00:00,Monday,031500,True,/home/jovyan/scaleworm-student-lab/scene_sorting/full_2023_2024/contact_sheets/CAMHDA301-20240513T031500.png
CAMHDA301-20240513T061500,2024-05-13T06:15:00+00:00,Monday,061500,True,/home/jovyan/scaleworm-student-lab/scene_sorting/full_2023_2024/contact_sheets/CAMHDA301-20240513T061500.png
CAMHDA301-20240513T091500,2024-05-13T09:15:00+00:00,Monday,091500,True,/home/jovyan/scaleworm-student-lab/scene_sorting/full_2023_2024/contact_sheets/CAMHDA301-20240513T091500.png
CAMHDA301-20240513T121500,2024-05-13T12:15:00+00:00,Monday,121500,True,/home/jovyan/scaleworm-student-lab/scene_sorting/full_2023_2024/contact_sheets/CAMHDA301-20240513T121500.png
CAMHDA301-20240513T151500,2024-05-13T15:15:00+00:00,Monday,151500,True,/home/jovyan/scaleworm-student-lab/scene_sorting/full_2023_2024/contact_sheets/CAMHDA301-20240513T151500.png
CAMHDA301-20240513T181500,2024-05-13T18:15:00+00:00,Monday,181500,True,/home/jovyan/scaleworm-student-lab/scene_sorting/full_2023_2024/contact_sheets/CAMHDA301-20240513T181500.png
CAMHDA301-20240513T211500,2024-05-13T21:15:00+00:00,Monday,211500,True,/home/jovyan/scaleworm-student-lab/scene_sorting/full_2023_2024/contact_sheets/CAMHDA301-20240513T211500.png
CAMHDA301-20240520T001500,2024-05-20T00:15:00+00:00,Monday,001500,True,/home/jovyan/scaleworm-student-lab/scene_sorting/full_2023_2024/contact_sheets/CAMHDA301-20240520T001500.png
CAMHDA301-20240520T031500,2024-05-20T03:15:00+00:00,Monday,031500,True,/home/jovyan/scaleworm-student-lab/scene_sorting/full_2023_2024/contact_sheets/CAMHDA301-20240520T031500.png
CAMHDA301-20240520T061500,2024-05-20T06:15:00+00:00,Monday,061500,True,/home/jovyan/scaleworm-student-lab/scene_sorting/full_2023_2024/contact_sheets/CAMHDA301-20240520T061500.png
CAMHDA301-20240520T091500,2024-05-20T09:15:00+00:00,Monday,091500,True,/home/jovyan/scaleworm-student-lab/scene_sorting/full_2023_2024/contact_sheets/CAMHDA301-20240520T091500.png
CAMHDA301-20240520T121500,2024-05-20T12:15:00+00:00,Monday,121500,True,/home/jovyan/scaleworm-student-lab/scene_sorting/full_2023_2024/contact_sheets/CAMHDA301-20240520T121500.png
CAMHDA301-20240520T151500,2024-05-20T15:15:00+00:00,Monday,151500,True,/home/jovyan/scaleworm-student-lab/scene_sorting/full_2023_2024/contact_sheets/CAMHDA301-20240520T151500.png
CAMHDA301-20240520T181500,2024-05-20T18:15:00+00:00,Monday,181500,True,/home/jovyan/scaleworm-student-lab/scene_sorting/full_2023_2024/contact_sheets/CAMHDA301-20240520T181500.png
CAMHDA301-20240520T211500,2024-05-20T21:15:00+00:00,Monday,211500,True,/home/jovyan/scaleworm-student-lab/scene_sorting/full_2023_2024/contact_sheets/CAMHDA301-20240520T211500.png
CAMHDA301-20240527T001500,2024-05-27T00:15:00+00:00,Monday,001500,True,/home/jovyan/scaleworm-student-lab/scene_sorting/full_2023_2024/contact_sheets/CAMHDA301-20240527T001500.png
CAMHDA301-20240527T031500,2024-05-27T03:15:00+00:00,Monday,031500,True,/home/jovyan/scaleworm-student-lab/scene_sorting/full_2023_2024/contact_sheets/CAMHDA301-20240527T031500.png
CAMHDA301-20240527T061500,2024-05-27T06:15:00+00:00,Monday,061500,True,/home/jovyan/scaleworm-student-lab/scene_sorting/full_2023_2024/contact_sheets/CAMHDA301-20240527T061500.png
CAMHDA301-20240527T091500,2024-05-27T09:15:00+00:00,Monday,091500,True,/home/jovyan/scaleworm-student-lab/scene_sorting/full_2023_2024/contact_sheets/CAMHDA301-20240527T091500.png
CAMHDA301-20240527T121500,2024-05-27T12:15:00+00:00,Monday,121500,True,/home/jovyan/scaleworm-student-lab/scene_sorting/full_2023_2024/contact_sheets/CAMHDA301-20240527T121500.png
CAMHDA301-20240527T151500,2024-05-27T15:15:00+00:00,Monday,151500,True,/home/jovyan/scaleworm-student-lab/scene_sorting/full_2023_2024/contact_sheets/CAMHDA301-20240527T151500.png
CAMHDA301-20240527T181500,2024-05-27T18:15:00+00:00,Monday,181500,True,/home/jovyan/scaleworm-student-lab/scene_sorting/full_2023_2024/contact_sheets/CAMHDA301-20240527T181500.png
CAMHDA301-20240527T211500,2024-05-27T21:15:00+00:00,Monday,211500,True,/home/jovyan/scaleworm-student-lab/scene_sorting/full_2023_2024/contact_sheets/CAMHDA301-20240527T211500.png
CAMHDA301-20240603T001500,2024-06-03T00:15:00+00:00,Monday,001500,True,/home/jovyan/scaleworm-student-lab/scene_sorting/full_2023_2024/contact_sheets/CAMHDA301-20240603T001500.png
CAMHDA301-20240603T031500,2024-06-03T03:15:00+00:00,Monday,031500,True,/home/jovyan/scaleworm-student-lab/scene_sorting/full_2023_2024/contact_sheets/CAMHDA301-20240603T031500.png
CAMHDA301-20240603T061500,2024-06-03T06:15:00+00:00,Monday,061500,True,/home/jovyan/scaleworm-student-lab/scene_sorting/full_2023_2024/contact_sheets/CAMHDA301-20240603T061500.png
CAMHDA301-20240603T091500,2024-06-03T09:15:00+00:00,Monday,091500,True,/home/jovyan/scaleworm-student-lab/scene_sorting/full_2023_2024/contact_sheets/CAMHDA301-20240603T091500.png
CAMHDA301-20240603T121500,2024-06-03T12:15:00+00:00,Monday,121500,True,/home/jovyan/scaleworm-student-lab/scene_sorting/full_2023_2024/contact_sheets/CAMHDA301-20240603T121500.png
CAMHDA301-20240603T151500,2024-06-03T15:15:00+00:00,Monday,151500,True,/home/jovyan/scaleworm-student-lab/scene_sorting/full_2023_2024/contact_sheets/CAMHDA301-20240603T151500.png
CAMHDA301-20240603T181500,2024-06-03T18:15:00+00:00,Monday,181500,True,/home/jovyan/scaleworm-student-lab/scene_sorting/full_2023_2024/contact_sheets/CAMHDA301-20240603T181500.png
CAMHDA301-20240603T211500,2024-06-03T21:15:00+00:00,Monday,211500,True,/home/jovyan/scaleworm-student-lab/scene_sorting/full_2023_2024/contact_sheets/CAMHDA301-20240603T211500.png
CAMHDA301-20240610T001500,2024-06-10T00:15:00+00:00,Monday,001500,True,/home/jovyan/scaleworm-student-lab/scene_sorting/full_2023_2024/contact_sheets/CAMHDA301-20240610T001500.png
CAMHDA301-20240610T031500,2024-06-10T03:15:00+00:00,Monday,031500,True,/home/jovyan/scaleworm-student-lab/scene_sorting/full_2023_2024/contact_sheets/CAMHDA301-20240610T031500.png
CAMHDA301-20240610T061500,2024-06-10T06:15:00+00:00,Monday,061500,True,/home/jovyan/scaleworm-student-lab/scene_sorting/full_2023_2024/contact_sheets/CAMHDA301-20240610T061500.png
CAMHDA301-20240610T091500,2024-06-10T09:15:00+00:00,Monday,091500,True,/home/jovyan/scaleworm-student-lab/scene_sorting/full_2023_2024/contact_sheets/CAMHDA301-20240610T091500.png
CAMHDA301-20240610T121500,2024-06-10T12:15:00+00:00,Monday,121500,True,/home/jovyan/scaleworm-student-lab/scene_sorting/full_2023_2024/contact_sheets/CAMHDA301-20240610T121500.png
CAMHDA301-20240610T151500,2024-06-10T15:15:00+00:00,Monday,151500,True,/home/jovyan/scaleworm-student-lab/scene_sorting/full_2023_2024/contact_sheets/CAMHDA301-20240610T151500.png
CAMHDA301-20240610T181500,2024-06-10T18:15:00+00:00,Monday,181500,True,/home/jovyan/scaleworm-student-lab/scene_sorting/full_2023_2024/contact_sheets/CAMHDA301-20240610T181500.png
CAMHDA301-20240610T211500,2024-06-10T21:15:00+00:00,Monday,211500,True,/home/jovyan/scaleworm-student-lab/scene_sorting/full_2023_2024/contact_sheets/CAMHDA301-20240610T211500.png
CAMHDA301-20240617T001500,2024-06-17T00:15:00+00:00,Monday,001500,True,/home/jovyan/scaleworm-student-lab/scene_sorting/full_2023_2024/contact_sheets/CAMHDA301-20240617T001500.png
CAMHDA301-20240617T031500,2024-06-17T03:15:00+00:00,Monday,031500,True,/home/jovyan/scaleworm-student-lab/scene_sorting/full_2023_2024/contact_sheets/CAMHDA301-20240617T031500.png
CAMHDA301-20240617T061500,2024-06-17T06:15:00+00:00,Monday,061500,True,/home/jovyan/scaleworm-student-lab/scene_sorting/full_2023_2024/contact_sheets/CAMHDA301-20240617T061500.png
CAMHDA301-20240617T091500,2024-06-17T09:15:00+00:00,Monday,091500,True,/home/jovyan/scaleworm-student-lab/scene_sorting/full_2023_2024/contact_sheets/CAMHDA301-20240617T091500.png
CAMHDA301-20240617T121500,2024-06-17T12:15:00+00:00,Monday,121500,True,/home/jovyan/scaleworm-student-lab/scene_sorting/full_2023_2024/contact_sheets/CAMHDA301-20240617T121500.png
CAMHDA301-20240617T151500,2024-06-17T15:15:00+00:00,Monday,151500,True,/home/jovyan/scaleworm-student-lab/scene_sorting/full_2023_2024/contact_sheets/CAMHDA301-20240617T151500.png
CAMHDA301-20240617T181500,2024-06-17T18:15:00+00:00,Monday,181500,True,/home/jovyan/scaleworm-student-lab/scene_sorting/full_2023_2024/contact_sheets/CAMHDA301-20240617T181500.png
CAMHDA301-20240617T211500,2024-06-17T21:15:00+00:00,Monday,211500,True,/home/jovyan/scaleworm-student-lab/scene_sorting/full_2023_2024/contact_sheets/CAMHDA301-20240617T211500.png
CAMHDA301-20240624T001500,2024-06-24T00:15:00+00:00,Monday,001500,True,/home/jovyan/scaleworm-student-lab/scene_sorting/full_2023_2024/contact_sheets/CAMHDA301-20240624T001500.png
CAMHDA301-20240624T031500,2024-06-24T03:15:00+00:00,Monday,031500,True,/home/jovyan/scaleworm-student-lab/scene_sorting/full_2023_2024/contact_sheets/CAMHDA301-20240624T031500.png
CAMHDA301-20240624T061500,2024-06-24T06:15:00+00:00,Monday,061500,True,/home/jovyan/scaleworm-student-lab/scene_sorting/full_2023_2024/contact_sheets/CAMHDA301-20240624T061500.png
CAMHDA301-20240624T091500,2024-06-24T09:15:00+00:00,Monday,091500,True,/home/jovyan/scaleworm-student-lab/scene_sorting/full_2023_2024/contact_sheets/CAMHDA301-20240624T091500.png
CAMHDA301-20240624T121500,2024-06-24T12:15:00+00:00,Monday,121500,True,/home/jovyan/scaleworm-student-lab/scene_sorting/full_2023_2024/contact_sheets/CAMHDA301-20240624T121500.png
CAMHDA301-20240624T151500,2024-06-24T15:15:00+00:00,Monday,151500,True,/home/jovyan/scaleworm-student-lab/scene_sorting/full_2023_2024/contact_sheets/CAMHDA301-20240624T151500.png
CAMHDA301-20240624T181500,2024-06-24T18:15:00+00:00,Monday,181500,True,/home/jovyan/scaleworm-student-lab/scene_sorting/full_2023_2024/contact_sheets/CAMHDA301-20240624T181500.png
CAMHDA301-20240624T211500,2024-06-24T21:15:00+00:00,Monday,211500,True,/home/jovyan/scaleworm-student-lab/scene_sorting/full_2023_2024/contact_sheets/CAMHDA301-20240624T211500.png
CAMHDA301-20240701T001500,2024-07-01T00:15:00+00:00,Monday,001500,False,
CAMHDA301-20240701T031500,2024-07-01T03:15:00+00:00,Monday,031500,True,/home/jovyan/scaleworm-student-lab/scene_sorting/full_2023_2024/contact_sheets/CAMHDA301-20240701T031500.png
CAMHDA301-20240701T061500,2024-07-01T06:15:00+00:00,Monday,061500,True,/home/jovyan/scaleworm-student-lab/scene_sorting/full_2023_2024/contact_sheets/CAMHDA301-20240701T061500.png
CAMHDA301-20240701T091500,2024-07-01T09:15:00+00:00,Monday,091500,True,/home/jovyan/scaleworm-student-lab/scene_sorting/full_2023_2024/contact_sheets/CAMHDA301-20240701T091500.png
CAMHDA301-20240701T121500,2024-07-01T12:15:00+00:00,Monday,121500,True,/home/jovyan/scaleworm-student-lab/scene_sorting/full_2023_2024/contact_sheets/CAMHDA301-20240701T121500.png
CAMHDA301-20240701T151500,2024-07-01T15:15:00+00:00,Monday,151500,True,/home/jovyan/scaleworm-student-lab/scene_sorting/full_2023_2024/contact_sheets/CAMHDA301-20240701T151500.png
CAMHDA301-20240701T181500,2024-07-01T18:15:00+00:00,Monday,181500,True,/home/jovyan/scaleworm-student-lab/scene_sorting/full_2023_2024/contact_sheets/CAMHDA301-20240701T181500.png
CAMHDA301-20240701T211500,2024-07-01T21:15:00+00:00,Monday,211500,True,/home/jovyan/scaleworm-student-lab/scene_sorting/full_2023_2024/contact_sheets/CAMHDA301-20240701T211500.png
CAMHDA301-20240708T001500,2024-07-08T00:15:00+00:00,Monday,001500,True,/home/jovyan/scaleworm-student-lab/scene_sorting/full_2023_2024/contact_sheets/CAMHDA301-20240708T001500.png
CAMHDA301-20240708T031500,2024-07-08T03:15:00+00:00,Monday,031500,True,/home/jovyan/scaleworm-student-lab/scene_sorting/full_2023_2024/contact_sheets/CAMHDA301-20240708T031500.png
CAMHDA301-20240708T061500,2024-07-08T06:15:00+00:00,Monday,061500,True,/home/jovyan/scaleworm-student-lab/scene_sorting/full_2023_2024/contact_sheets/CAMHDA301-20240708T061500.png
CAMHDA301-20240708T091500,2024-07-08T09:15:00+00:00,Monday,091500,True,/home/jovyan/scaleworm-student-lab/scene_sorting/full_2023_2024/contact_sheets/CAMHDA301-20240708T091500.png
CAMHDA301-20240708T121500,2024-07-08T12:15:00+00:00,Monday,121500,True,/home/jovyan/scaleworm-student-lab/scene_sorting/full_2023_2024/contact_sheets/CAMHDA301-20240708T121500.png
CAMHDA301-20240708T151500,2024-07-08T15:15:00+00:00,Monday,151500,True,/home/jovyan/scaleworm-student-lab/scene_sorting/full_2023_2024/contact_sheets/CAMHDA301-20240708T151500.png
CAMHDA301-20240708T181500,2024-07-08T18:15:00+00:00,Monday,181500,True,/home/jovyan/scaleworm-student-lab/scene_sorting/full_2023_2024/contact_sheets/CAMHDA301-20240708T181500.png
CAMHDA301-20240708T211500,2024-07-08T21:15:00+00:00,Monday,211500,True,/home/jovyan/scaleworm-student-lab/scene_sorting/full_2023_2024/contact_sheets/CAMHDA301-20240708T211500.png
CAMHDA301-20240715T001500,2024-07-15T00:15:00+00:00,Monday,001500,True,/home/jovyan/scaleworm-student-lab/scene_sorting/full_2023_2024/contact_sheets/CAMHDA301-20240715T001500.png
CAMHDA301-20240715T031500,2024-07-15T03:15:00+00:00,Monday,031500,True,/home/jovyan/scaleworm-student-lab/scene_sorting/full_2023_2024/contact_sheets/CAMHDA301-20240715T031500.png
CAMHDA301-20240715T061500,2024-07-15T06:15:00+00:00,Monday,061500,True,/home/jovyan/scaleworm-student-lab/scene_sorting/full_2023_2024/contact_sheets/CAMHDA301-20240715T061500.png
CAMHDA301-20240715T091500,2024-07-15T09:15:00+00:00,Monday,091500,True,/home/jovyan/scaleworm-student-lab/scene_sorting/full_2023_2024/contact_sheets/CAMHDA301-20240715T091500.png
CAMHDA301-20240715T121500,2024-07-15T12:15:00+00:00,Monday,121500,True,/home/jovyan/scaleworm-student-lab/scene_sorting/full_2023_2024/contact_sheets/CAMHDA301-20240715T121500.png
CAMHDA301-20240715T151500,2024-07-15T15:15:00+00:00,Monday,151500,True,/home/jovyan/scaleworm-student-lab/scene_sorting/full_2023_2024/contact_sheets/CAMHDA301-20240715T151500.png
CAMHDA301-20240715T181500,2024-07-15T18:15:00+00:00,Monday,181500,True,/home/jovyan/scaleworm-student-lab/scene_sorting/full_2023_2024/contact_sheets/CAMHDA301-20240715T181500.png
CAMHDA301-20240715T211500,2024-07-15T21:15:00+00:00,Monday,211500,True,/home/jovyan/scaleworm-student-lab/scene_sorting/full_2023_2024/contact_sheets/CAMHDA301-20240715T211500.png
CAMHDA301-20240722T001500,2024-07-22T00:15:00+00:00,Monday,001500,True,/home/jovyan/scaleworm-student-lab/scene_sorting/full_2023_2024/contact_sheets/CAMHDA301-20240722T001500.png
CAMHDA301-20240722T031500,2024-07-22T03:15:00+00:00,Monday,031500,True,/home/jovyan/scaleworm-student-lab/scene_sorting/full_2023_2024/contact_sheets/CAMHDA301-20240722T031500.png
CAMHDA301-20240722T061500,2024-07-22T06:15:00+00:00,Monday,061500,True,/home/jovyan/scaleworm-student-lab/scene_sorting/full_2023_2024/contact_sheets/CAMHDA301-20240722T061500.png
CAMHDA301-20240722T091500,2024-07-22T09:15:00+00:00,Monday,091500,True,/home/jovyan/scaleworm-student-lab/scene_sorting/full_2023_2024/contact_sheets/CAMHDA301-20240722T091500.png
CAMHDA301-20240722T121500,2024-07-22T12:15:00+00:00,Monday,121500,True,/home/jovyan/scaleworm-student-lab/scene_sorting/full_2023_2024/contact_sheets/CAMHDA301-20240722T121500.png
CAMHDA301-20240722T151500,2024-07-22T15:15:00+00:00,Monday,151500,True,/home/jovyan/scaleworm-student-lab/scene_sorting/full_2023_2024/contact_sheets/CAMHDA301-20240722T151500.png
CAMHDA301-20240722T181500,2024-07-22T18:15:00+00:00,Monday,181500,True,/home/jovyan/scaleworm-student-lab/scene_sorting/full_2023_2024/contact_sheets/CAMHDA301-20240722T181500.png
CAMHDA301-20240722T211500,2024-07-22T21:15:00+00:00,Monday,211500,True,/home/jovyan/scaleworm-student-lab/scene_sorting/full_2023_2024/contact_sheets/CAMHDA301-20240722T211500.png
CAMHDA301-20240729T001500,2024-07-29T00:15:00+00:00,Monday,001500,True,/home/jovyan/scaleworm-student-lab/scene_sorting/full_2023_2024/contact_sheets/CAMHDA301-20240729T001500.png
CAMHDA301-20240729T031500,2024-07-29T03:15:00+00:00,Monday,031500,True,/home/jovyan/scaleworm-student-lab/scene_sorting/full_2023_2024/contact_sheets/CAMHDA301-20240729T031500.png
CAMHDA301-20240729T061500,2024-07-29T06:15:00+00:00,Monday,061500,True,/home/jovyan/scaleworm-student-lab/scene_sorting/full_2023_2024/contact_sheets/CAMHDA301-20240729T061500.png
CAMHDA301-20240729T091500,2024-07-29T09:15:00+00:00,Monday,091500,True,/home/jovyan/scaleworm-student-lab/scene_sorting/full_2023_2024/contact_sheets/CAMHDA301-20240729T091500.png
CAMHDA301-20240729T121500,2024-07-29T12:15:00+00:00,Monday,121500,True,/home/jovyan/scaleworm-student-lab/scene_sorting/full_2023_2024/contact_sheets/CAMHDA301-20240729T121500.png
CAMHDA301-20240729T151500,2024-07-29T15:15:00+00:00,Monday,151500,True,/home/jovyan/scaleworm-student-lab/scene_sorting/full_2023_2024/contact_sheets/CAMHDA301-20240729T151500.png
CAMHDA301-20240729T181500,2024-07-29T18:15:00+00:00,Monday,181500,True,/home/jovyan/scaleworm-student-lab/scene_sorting/full_2023_2024/contact_sheets/CAMHDA301-20240729T181500.png
CAMHDA301-20240729T211500,2024-07-29T21:15:00+00:00,Monday,211500,True,/home/jovyan/scaleworm-student-lab/scene_sorting/full_2023_2024/contact_sheets/CAMHDA301-20240729T211500.png
CAMHDA301-20240805T001500,2024-08-05T00:15:00+00:00,Monday,001500,True,/home/jovyan/scaleworm-student-lab/scene_sorting/full_2023_2024/contact_sheets/CAMHDA301-20240805T001500.png
CAMHDA301-20240805T031500,2024-08-05T03:15:00+00:00,Monday,031500,True,/home/jovyan/scaleworm-student-lab/scene_sorting/full_2023_2024/contact_sheets/CAMHDA301-20240805T031500.png
CAMHDA301-20240805T061500,2024-08-05T06:15:00+00:00,Monday,061500,True,/home/jovyan/scaleworm-student-lab/scene_sorting/full_2023_2024/contact_sheets/CAMHDA301-20240805T061500.png
CAMHDA301-20240805T091500,2024-08-05T09:15:00+00:00,Monday,091500,True,/home/jovyan/scaleworm-student-lab/scene_sorting/full_2023_2024/contact_sheets/CAMHDA301-20240805T091500.png
CAMHDA301-20240805T121500,2024-08-05T12:15:00+00:00,Monday,121500,True,/home/jovyan/scaleworm-student-lab/scene_sorting/full_2023_2024/contact_sheets/CAMHDA301-20240805T121500.png
CAMHDA301-20240805T151500,2024-08-05T15:15:00+00:00,Monday,151500,True,/home/jovyan/scaleworm-student-lab/scene_sorting/full_2023_2024/contact_sheets/CAMHDA301-20240805T151500.png
CAMHDA301-20240805T181500,2024-08-05T18:15:00+00:00,Monday,181500,True,/home/jovyan/scaleworm-student-lab/scene_sorting/full_2023_2024/contact_sheets/CAMHDA301-20240805T181500.png
CAMHDA301-20240805T211500,2024-08-05T21:15:00+00:00,Monday,211500,True,/home/jovyan/scaleworm-student-lab/scene_sorting/full_2023_2024/contact_sheets/CAMHDA301-20240805T211500.png
CAMHDA301-20240812T001500,2024-08-12T00:15:00+00:00,Monday,001500,True,/home/jovyan/scaleworm-student-lab/scene_sorting/full_2023_2024/contact_sheets/CAMHDA301-20240812T001500.png
CAMHDA301-20240812T031500,2024-08-12T03:15:00+00:00,Monday,031500,True,/home/jovyan/scaleworm-student-lab/scene_sorting/full_2023_2024/contact_sheets/CAMHDA301-20240812T031500.png
CAMHDA301-20240812T061500,2024-08-12T06:15:00+00:00,Monday,061500,True,/home/jovyan/scaleworm-student-lab/scene_sorting/full_2023_2024/contact_sheets/CAMHDA301-20240812T061500.png
CAMHDA301-20240812T091500,2024-08-12T09:15:00+00:00,Monday,091500,True,/home/jovyan/scaleworm-student-lab/scene_sorting/full_2023_2024/contact_sheets/CAMHDA301-20240812T091500.png
CAMHDA301-20240812T121500,2024-08-12T12:15:00+00:00,Monday,121500,True,/home/jovyan/scaleworm-student-lab/scene_sorting/full_2023_2024/contact_sheets/CAMHDA301-20240812T121500.png
CAMHDA301-20240812T151500,2024-08-12T15:15:00+00:00,Monday,151500,True,/home/jovyan/scaleworm-student-lab/scene_sorting/full_2023_2024/contact_sheets/CAMHDA301-20240812T151500.png
CAMHDA301-20240812T181500,2024-08-12T18:15:00+00:00,Monday,181500,True,/home/jovyan/scaleworm-student-lab/scene_sorting/full_2023_2024/contact_sheets/CAMHDA301-20240812T181500.png
CAMHDA301-20240812T211500,2024-08-12T21:15:00+00:00,Monday,211500,True,/home/jovyan/scaleworm-student-lab/scene_sorting/full_2023_2024/contact_sheets/CAMHDA301-20240812T211500.png
CAMHDA301-20240819T001500,2024-08-19T00:15:00+00:00,Monday,001500,True,/home/jovyan/scaleworm-student-lab/scene_sorting/full_2023_2024/contact_sheets/CAMHDA301-20240819T001500.png
CAMHDA301-20240819T031500,2024-08-19T03:15:00+00:00,Monday,031500,True,/home/jovyan/scaleworm-student-lab/scene_sorting/full_2023_2024/contact_sheets/CAMHDA301-20240819T031500.png
CAMHDA301-20240819T061500,2024-08-19T06:15:00+00:00,Monday,061500,True,/home/jovyan/scaleworm-student-lab/scene_sorting/full_2023_2024/contact_sheets/CAMHDA301-20240819T061500.png
CAMHDA301-20240819T091500,2024-08-19T09:15:00+00:00,Monday,091500,True,/home/jovyan/scaleworm-student-lab/scene_sorting/full_2023_2024/contact_sheets/CAMHDA301-20240819T091500.png
CAMHDA301-20240819T121500,2024-08-19T12:15:00+00:00,Monday,121500,True,/home/jovyan/scaleworm-student-lab/scene_sorting/full_2023_2024/contact_sheets/CAMHDA301-20240819T121500.png
CAMHDA301-20240819T151500,2024-08-19T15:15:00+00:00,Monday,151500,True,/home/jovyan/scaleworm-student-lab/scene_sorting/full_2023_2024/contact_sheets/CAMHDA301-20240819T151500.png
CAMHDA301-20240819T181500,2024-08-19T18:15:00+00:00,Monday,181500,True,/home/jovyan/scaleworm-student-lab/scene_sorting/full_2023_2024/contact_sheets/CAMHDA301-20240819T181500.png
CAMHDA301-20240819T211500,2024-08-19T21:15:00+00:00,Monday,211500,True,/home/jovyan/scaleworm-student-lab/scene_sorting/full_2023_2024/contact_sheets/CAMHDA301-20240819T211500.png
CAMHDA301-20240826T001500,2024-08-26T00:15:00+00:00,Monday,001500,True,/home/jovyan/scaleworm-student-lab/scene_sorting/full_2023_2024/contact_sheets/CAMHDA301-20240826T001500.png
CAMHDA301-20240826T031500,2024-08-26T03:15:00+00:00,Monday,031500,True,/home/jovyan/scaleworm-student-lab/scene_sorting/full_2023_2024/contact_sheets/CAMHDA301-20240826T031500.png
CAMHDA301-20240826T061500,2024-08-26T06:15:00+00:00,Monday,061500,True,/home/jovyan/scaleworm-student-lab/scene_sorting/full_2023_2024/contact_sheets/CAMHDA301-20240826T061500.png
CAMHDA301-20240826T091500,2024-08-26T09:15:00+00:00,Monday,091500,True,/home/jovyan/scaleworm-student-lab/scene_sorting/full_2023_2024/contact_sheets/CAMHDA301-20240826T091500.png
CAMHDA301-20240826T121500,2024-08-26T12:15:00+00:00,Monday,121500,True,/home/jovyan/scaleworm-student-lab/scene_sorting/full_2023_2024/contact_sheets/CAMHDA301-20240826T121500.png
CAMHDA301-20240826T151500,2024-08-26T15:15:00+00:00,Monday,151500,True,/home/jovyan/scaleworm-student-lab/scene_sorting/full_2023_2024/contact_sheets/CAMHDA301-20240826T151500.png
CAMHDA301-20240826T181500,2024-08-26T18:15:00+00:00,Monday,181500,True,/home/jovyan/scaleworm-student-lab/scene_sorting/full_2023_2024/contact_sheets/CAMHDA301-20240826T181500.png
CAMHDA301-20240826T211500,2024-08-26T21:15:00+00:00,Monday,211500,True,/home/jovyan/scaleworm-student-lab/scene_sorting/full_2023_2024/contact_sheets/CAMHDA301-20240826T211500.png
CAMHDA301-20240902T001500,2024-09-02T00:15:00+00:00,Monday,001500,True,/home/jovyan/scaleworm-student-lab/scene_sorting/full_2023_2024/contact_sheets/CAMHDA301-20240902T001500.png
CAMHDA301-20240902T031500,2024-09-02T03:15:00+00:00,Monday,031500,True,/home/jovyan/scaleworm-student-lab/scene_sorting/full_2023_2024/contact_sheets/CAMHDA301-20240902T031500.png
CAMHDA301-20240902T061500,2024-09-02T06:15:00+00:00,Monday,061500,True,/home/jovyan/scaleworm-student-lab/scene_sorting/full_2023_2024/contact_sheets/CAMHDA301-20240902T061500.png
CAMHDA301-20240902T091500,2024-09-02T09:15:00+00:00,Monday,091500,True,/home/jovyan/scaleworm-student-lab/scene_sorting/full_2023_2024/contact_sheets/CAMHDA301-20240902T091500.png
CAMHDA301-20240902T121500,2024-09-02T12:15:00+00:00,Monday,121500,True,/home/jovyan/scaleworm-student-lab/scene_sorting/full_2023_2024/contact_sheets/CAMHDA301-20240902T121500.png
CAMHDA301-20240902T151500,2024-09-02T15:15:00+00:00,Monday,151500,True,/home/jovyan/scaleworm-student-lab/scene_sorting/full_2023_2024/contact_sheets/CAMHDA301-20240902T151500.png
CAMHDA301-20240902T181500,2024-09-02T18:15:00+00:00,Monday,181500,True,/home/jovyan/scaleworm-student-lab/scene_sorting/full_2023_2024/contact_sheets/CAMHDA301-20240902T181500.png
CAMHDA301-20240902T211500,2024-09-02T21:15:00+00:00,Monday,211500,True,/home/jovyan/scaleworm-student-lab/scene_sorting/full_2023_2024/contact_sheets/CAMHDA301-20240902T211500.png
CAMHDA301-20240909T001500,2024-09-09T00:15:00+00:00,Monday,001500,True,/home/jovyan/scaleworm-student-lab/scene_sorting/full_2023_2024/contact_sheets/CAMHDA301-20240909T001500.png
CAMHDA301-20240909T031500,2024-09-09T03:15:00+00:00,Monday,031500,True,/home/jovyan/scaleworm-student-lab/scene_sorting/full_2023_2024/contact_sheets/CAMHDA301-20240909T031500.png
CAMHDA301-20240909T061500,2024-09-09T06:15:00+00:00,Monday,061500,True,/home/jovyan/scaleworm-student-lab/scene_sorting/full_2023_2024/contact_sheets/CAMHDA301-20240909T061500.png
CAMHDA301-20240909T091500,2024-09-09T09:15:00+00:00,Monday,091500,True,/home/jovyan/scaleworm-student-lab/scene_sorting/full_2023_2024/contact_sheets/CAMHDA301-20240909T091500.png
CAMHDA301-20240909T121500,2024-09-09T12:15:00+00:00,Monday,121500,True,/home/jovyan/scaleworm-student-lab/scene_sorting/full_2023_2024/contact_sheets/CAMHDA301-20240909T121500.png
CAMHDA301-20240909T151500,2024-09-09T15:15:00+00:00,Monday,151500,True,/home/jovyan/scaleworm-student-lab/scene_sorting/full_2023_2024/contact_sheets/CAMHDA301-20240909T151500.png
CAMHDA301-20240909T181500,2024-09-09T18:15:00+00:00,Monday,181500,True,/home/jovyan/scaleworm-student-lab/scene_sorting/full_2023_2024/contact_sheets/CAMHDA301-20240909T181500.png
CAMHDA301-20240909T211500,2024-09-09T21:15:00+00:00,Monday,211500,True,/home/jovyan/scaleworm-student-lab/scene_sorting/full_2023_2024/contact_sheets/CAMHDA301-20240909T211500.png
CAMHDA301-20240916T001500,2024-09-16T00:15:00+00:00,Monday,001500,True,/home/jovyan/scaleworm-student-lab/scene_sorting/full_2023_2024/contact_sheets/CAMHDA301-20240916T001500.png
CAMHDA301-20240916T031500,2024-09-16T03:15:00+00:00,Monday,031500,True,/home/jovyan/scaleworm-student-lab/scene_sorting/full_2023_2024/contact_sheets/CAMHDA301-20240916T031500.png
CAMHDA301-20240916T061500,2024-09-16T06:15:00+00:00,Monday,061500,True,/home/jovyan/scaleworm-student-lab/scene_sorting/full_2023_2024/contact_sheets/CAMHDA301-20240916T061500.png
CAMHDA301-20240916T091500,2024-09-16T09:15:00+00:00,Monday,091500,True,/home/jovyan/scaleworm-student-lab/scene_sorting/full_2023_2024/contact_sheets/CAMHDA301-20240916T091500.png
CAMHDA301-20240916T121500,2024-09-16T12:15:00+00:00,Monday,121500,True,/home/jovyan/scaleworm-student-lab/scene_sorting/full_2023_2024/contact_sheets/CAMHDA301-20240916T121500.png
CAMHDA301-20240916T151500,2024-09-16T15:15:00+00:00,Monday,151500,True,/home/jovyan/scaleworm-student-lab/scene_sorting/full_2023_2024/contact_sheets/CAMHDA301-20240916T151500.png
CAMHDA301-20240916T181500,2024-09-16T18:15:00+00:00,Monday,181500,True,/home/jovyan/scaleworm-student-lab/scene_sorting/full_2023_2024/contact_sheets/CAMHDA301-20240916T181500.png
CAMHDA301-20240916T211500,2024-09-16T21:15:00+00:00,Monday,211500,True,/home/jovyan/scaleworm-student-lab/scene_sorting/full_2023_2024/contact_sheets/CAMHDA301-20240916T211500.png
CAMHDA301-20240923T001500,2024-09-23T00:15:00+00:00,Monday,001500,True,/home/jovyan/scaleworm-student-lab/scene_sorting/full_2023_2024/contact_sheets/CAMHDA301-20240923T001500.png
CAMHDA301-20240923T031500,2024-09-23T03:15:00+00:00,Monday,031500,True,/home/jovyan/scaleworm-student-lab/scene_sorting/full_2023_2024/contact_sheets/CAMHDA301-20240923T031500.png
CAMHDA301-20240923T061500,2024-09-23T06:15:00+00:00,Monday,061500,True,/home/jovyan/scaleworm-student-lab/scene_sorting/full_2023_2024/contact_sheets/CAMHDA301-20240923T061500.png
CAMHDA301-20240923T091500,2024-09-23T09:15:00+00:00,Monday,091500,True,/home/jovyan/scaleworm-student-lab/scene_sorting/full_2023_2024/contact_sheets/CAMHDA301-20240923T091500.png
CAMHDA301-20240923T121500,2024-09-23T12:15:00+00:00,Monday,121500,True,/home/jovyan/scaleworm-student-lab/scene_sorting/full_2023_2024/contact_sheets/CAMHDA301-20240923T121500.png
CAMHDA301-20240923T151500,2024-09-23T15:15:00+00:00,Monday,151500,True,/home/jovyan/scaleworm-student-lab/scene_sorting/full_2023_2024/contact_sheets/CAMHDA301-20240923T151500.png
CAMHDA301-20240923T181500,2024-09-23T18:15:00+00:00,Monday,181500,True,/home/jovyan/scaleworm-student-lab/scene_sorting/full_2023_2024/contact_sheets/CAMHDA301-20240923T181500.png
CAMHDA301-20240923T211500,2024-09-23T21:15:00+00:00,Monday,211500,True,/home/jovyan/scaleworm-student-lab/scene_sorting/full_2023_2024/contact_sheets/CAMHDA301-20240923T211500.png
CAMHDA301-20240930T001500,2024-09-30T00:15:00+00:00,Monday,001500,True,/home/jovyan/scaleworm-student-lab/scene_sorting/full_2023_2024/contact_sheets/CAMHDA301-20240930T001500.png
CAMHDA301-20240930T031500,2024-09-30T03:15:00+00:00,Monday,031500,True,/home/jovyan/scaleworm-student-lab/scene_sorting/full_2023_2024/contact_sheets/CAMHDA301-20240930T031500.png
CAMHDA301-20240930T061500,2024-09-30T06:15:00+00:00,Monday,061500,True,/home/jovyan/scaleworm-student-lab/scene_sorting/full_2023_2024/contact_sheets/CAMHDA301-20240930T061500.png
CAMHDA301-20240930T091500,2024-09-30T09:15:00+00:00,Monday,091500,True,/home/jovyan/scaleworm-student-lab/scene_sorting/full_2023_2024/contact_sheets/CAMHDA301-20240930T091500.png
CAMHDA301-20240930T121500,2024-09-30T12:15:00+00:00,Monday,121500,True,/home/jovyan/scaleworm-student-lab/scene_sorting/full_2023_2024/contact_sheets/CAMHDA301-20240930T121500.png
CAMHDA301-20240930T151500,2024-09-30T15:15:00+00:00,Monday,151500,True,/home/jovyan/scaleworm-student-lab/scene_sorting/full_2023_2024/contact_sheets/CAMHDA301-20240930T151500.png
CAMHDA301-20240930T181500,2024-09-30T18:15:00+00:00,Monday,181500,True,/home/jovyan/scaleworm-student-lab/scene_sorting/full_2023_2024/contact_sheets/CAMHDA301-20240930T181500.png
CAMHDA301-20240930T211500,2024-09-30T21:15:00+00:00,Monday,211500,True,/home/jovyan/scaleworm-student-lab/scene_sorting/full_2023_2024/contact_sheets/CAMHDA301-20240930T211500.png
CAMHDA301-20241007T001500,2024-10-07T00:15:00+00:00,Monday,001500,True,/home/jovyan/scaleworm-student-lab/scene_sorting/full_2023_2024/contact_sheets/CAMHDA301-20241007T001500.png
CAMHDA301-20241007T031500,2024-10-07T03:15:00+00:00,Monday,031500,True,/home/jovyan/scaleworm-student-lab/scene_sorting/full_2023_2024/contact_sheets/CAMHDA301-20241007T031500.png
CAMHDA301-20241007T061500,2024-10-07T06:15:00+00:00,Monday,061500,True,/home/jovyan/scaleworm-student-lab/scene_sorting/full_2023_2024/contact_sheets/CAMHDA301-20241007T061500.png
CAMHDA301-20241007T091500,2024-10-07T09:15:00+00:00,Monday,091500,True,/home/jovyan/scaleworm-student-lab/scene_sorting/full_2023_2024/contact_sheets/CAMHDA301-20241007T091500.png
CAMHDA301-20241007T121500,2024-10-07T12:15:00+00:00,Monday,121500,True,/home/jovyan/scaleworm-student-lab/scene_sorting/full_2023_2024/contact_sheets/CAMHDA301-20241007T121500.png
CAMHDA301-20241007T151500,2024-10-07T15:15:00+00:00,Monday,151500,True,/home/jovyan/scaleworm-student-lab/scene_sorting/full_2023_2024/contact_sheets/CAMHDA301-20241007T151500.png
CAMHDA301-20241007T181500,2024-10-07T18:15:00+00:00,Monday,181500,True,/home/jovyan/scaleworm-student-lab/scene_sorting/full_2023_2024/contact_sheets/CAMHDA301-20241007T181500.png
CAMHDA301-20241007T211500,2024-10-07T21:15:00+00:00,Monday,211500,True,/home/jovyan/scaleworm-student-lab/scene_sorting/full_2023_2024/contact_sheets/CAMHDA301-20241007T211500.png
CAMHDA301-20241014T001500,2024-10-14T00:15:00+00:00,Monday,001500,True,/home/jovyan/scaleworm-student-lab/scene_sorting/full_2023_2024/contact_sheets/CAMHDA301-20241014T001500.png
CAMHDA301-20241014T031500,2024-10-14T03:15:00+00:00,Monday,031500,True,/home/jovyan/scaleworm-student-lab/scene_sorting/full_2023_2024/contact_sheets/CAMHDA301-20241014T031500.png
CAMHDA301-20241014T061500,2024-10-14T06:15:00+00:00,Monday,061500,True,/home/jovyan/scaleworm-student-lab/scene_sorting/full_2023_2024/contact_sheets/CAMHDA301-20241014T061500.png
CAMHDA301-20241014T091500,2024-10-14T09:15:00+00:00,Monday,091500,True,/home/jovyan/scaleworm-student-lab/scene_sorting/full_2023_2024/contact_sheets/CAMHDA301-20241014T091500.png
CAMHDA301-20241014T121500,2024-10-14T12:15:00+00:00,Monday,121500,True,/home/jovyan/scaleworm-student-lab/scene_sorting/full_2023_2024/contact_sheets/CAMHDA301-20241014T121500.png
CAMHDA301-20241014T151500,2024-10-14T15:15:00+00:00,Monday,151500,True,/home/jovyan/scaleworm-student-lab/scene_sorting/full_2023_2024/contact_sheets/CAMHDA301-20241014T151500.png
CAMHDA301-20241014T181500,2024-10-14T18:15:00+00:00,Monday,181500,True,/home/jovyan/scaleworm-student-lab/scene_sorting/full_2023_2024/contact_sheets/CAMHDA301-20241014T181500.png
CAMHDA301-20241014T211500,2024-10-14T21:15:00+00:00,Monday,211500,True,/home/jovyan/scaleworm-student-lab/scene_sorting/full_2023_2024/contact_sheets/CAMHDA301-20241014T211500.png
CAMHDA301-20241021T001500,2024-10-21T00:15:00+00:00,Monday,001500,True,/home/jovyan/scaleworm-student-lab/scene_sorting/full_2023_2024/contact_sheets/CAMHDA301-20241021T001500.png
CAMHDA301-20241021T031500,2024-10-21T03:15:00+00:00,Monday,031500,True,/home/jovyan/scaleworm-student-lab/scene_sorting/full_2023_2024/contact_sheets/CAMHDA301-20241021T031500.png
CAMHDA301-20241021T061500,2024-10-21T06:15:00+00:00,Monday,061500,True,/home/jovyan/scaleworm-student-lab/scene_sorting/full_2023_2024/contact_sheets/CAMHDA301-20241021T061500.png
CAMHDA301-20241021T091500,2024-10-21T09:15:00+00:00,Monday,091500,True,/home/jovyan/scaleworm-student-lab/scene_sorting/full_2023_2024/contact_sheets/CAMHDA301-20241021T091500.png
CAMHDA301-20241021T121500,2024-10-21T12:15:00+00:00,Monday,121500,True,/home/jovyan/scaleworm-student-lab/scene_sorting/full_2023_2024/contact_sheets/CAMHDA301-20241021T121500.png
CAMHDA301-20241021T151500,2024-10-21T15:15:00+00:00,Monday,151500,True,/home/jovyan/scaleworm-student-lab/scene_sorting/full_2023_2024/contact_sheets/CAMHDA301-20241021T151500.png
CAMHDA301-20241021T181500,2024-10-21T18:15:00+00:00,Monday,181500,True,/home/jovyan/scaleworm-student-lab/scene_sorting/full_2023_2024/contact_sheets/CAMHDA301-20241021T181500.png
CAMHDA301-20241021T211500,2024-10-21T21:15:00+00:00,Monday,211500,True,/home/jovyan/scaleworm-student-lab/scene_sorting/full_2023_2024/contact_sheets/CAMHDA301-20241021T211500.png
CAMHDA301-20241028T001500,2024-10-28T00:15:00+00:00,Monday,001500,True,/home/jovyan/scaleworm-student-lab/scene_sorting/full_2023_2024/contact_sheets/CAMHDA301-20241028T001500.png
CAMHDA301-20241028T031500,2024-10-28T03:15:00+00:00,Monday,031500,True,/home/jovyan/scaleworm-student-lab/scene_sorting/full_2023_2024/contact_sheets/CAMHDA301-20241028T031500.png
CAMHDA301-20241028T061500,2024-10-28T06:15:00+00:00,Monday,061500,True,/home/jovyan/scaleworm-student-lab/scene_sorting/full_2023_2024/contact_sheets/CAMHDA301-20241028T061500.png
CAMHDA301-20241028T091500,2024-10-28T09:15:00+00:00,Monday,091500,True,/home/jovyan/scaleworm-student-lab/scene_sorting/full_2023_2024/contact_sheets/CAMHDA301-20241028T091500.png
CAMHDA301-20241028T121500,2024-10-28T12:15:00+00:00,Monday,121500,True,/home/jovyan/scaleworm-student-lab/scene_sorting/full_2023_2024/contact_sheets/CAMHDA301-20241028T121500.png
CAMHDA301-20241028T151500,2024-10-28T15:15:00+00:00,Monday,151500,True,/home/jovyan/scaleworm-student-lab/scene_sorting/full_2023_2024/contact_sheets/CAMHDA301-20241028T151500.png
CAMHDA301-20241028T181500,2024-10-28T18:15:00+00:00,Monday,181500,True,/home/jovyan/scaleworm-student-lab/scene_sorting/full_2023_2024/contact_sheets/CAMHDA301-20241028T181500.png
CAMHDA301-20241028T211500,2024-10-28T21:15:00+00:00,Monday,211500,True,/home/jovyan/scaleworm-student-lab/scene_sorting/full_2023_2024/contact_sheets/CAMHDA301-20241028T211500.png
CAMHDA301-20241104T001500,2024-11-04T00:15:00+00:00,Monday,001500,True,/home/jovyan/scaleworm-student-lab/scene_sorting/full_2023_2024/contact_sheets/CAMHDA301-20241104T001500.png
CAMHDA301-20241104T031500,2024-11-04T03:15:00+00:00,Monday,031500,True,/home/jovyan/scaleworm-student-lab/scene_sorting/full_2023_2024/contact_sheets/CAMHDA301-20241104T031500.png
CAMHDA301-20241104T061500,2024-11-04T06:15:00+00:00,Monday,061500,True,/home/jovyan/scaleworm-student-lab/scene_sorting/full_2023_2024/contact_sheets/CAMHDA301-20241104T061500.png
CAMHDA301-20241104T091500,2024-11-04T09:15:00+00:00,Monday,091500,True,/home/jovyan/scaleworm-student-lab/scene_sorting/full_2023_2024/contact_sheets/CAMHDA301-20241104T091500.png
CAMHDA301-20241104T121500,2024-11-04T12:15:00+00:00,Monday,121500,True,/home/jovyan/scaleworm-student-lab/scene_sorting/full_2023_2024/contact_sheets/CAMHDA301-20241104T121500.png
CAMHDA301-20241104T151500,2024-11-04T15:15:00+00:00,Monday,151500,True,/home/jovyan/scaleworm-student-lab/scene_sorting/full_2023_2024/contact_sheets/CAMHDA301-20241104T151500.png
CAMHDA301-20241104T181500,2024-11-04T18:15:00+00:00,Monday,181500,True,/home/jovyan/scaleworm-student-lab/scene_sorting/full_2023_2024/contact_sheets/CAMHDA301-20241104T181500.png
CAMHDA301-20241104T211500,2024-11-04T21:15:00+00:00,Monday,211500,True,/home/jovyan/scaleworm-student-lab/scene_sorting/full_2023_2024/contact_sheets/CAMHDA301-20241104T211500.png
CAMHDA301-20241111T001500,2024-11-11T00:15:00+00:00,Monday,001500,True,/home/jovyan/scaleworm-student-lab/scene_sorting/full_2023_2024/contact_sheets/CAMHDA301-20241111T001500.png
CAMHDA301-20241111T031500,2024-11-11T03:15:00+00:00,Monday,031500,True,/home/jovyan/scaleworm-student-lab/scene_sorting/full_2023_2024/contact_sheets/CAMHDA301-20241111T031500.png
CAMHDA301-20241111T061500,2024-11-11T06:15:00+00:00,Monday,061500,True,/home/jovyan/scaleworm-student-lab/scene_sorting/full_2023_2024/contact_sheets/CAMHDA301-20241111T061500.png
CAMHDA301-20241111T091500,2024-11-11T09:15:00+00:00,Monday,091500,True,/home/jovyan/scaleworm-student-lab/scene_sorting/full_2023_2024/contact_sheets/CAMHDA301-20241111T091500.png
CAMHDA301-20241111T121500,2024-11-11T12:15:00+00:00,Monday,121500,True,/home/jovyan/scaleworm-student-lab/scene_sorting/full_2023_2024/contact_sheets/CAMHDA301-20241111T121500.png
CAMHDA301-20241111T151500,2024-11-11T15:15:00+00:00,Monday,151500,True,/home/jovyan/scaleworm-student-lab/scene_sorting/full_2023_2024/contact_sheets/CAMHDA301-20241111T151500.png
CAMHDA301-20241111T181500,2024-11-11T18:15:00+00:00,Monday,181500,True,/home/jovyan/scaleworm-student-lab/scene_sorting/full_2023_2024/contact_sheets/CAMHDA301-20241111T181500.png
CAMHDA301-20241111T211500,2024-11-11T21:15:00+00:00,Monday,211500,True,/home/jovyan/scaleworm-student-lab/scene_sorting/full_2023_2024/contact_sheets/CAMHDA301-20241111T211500.png
CAMHDA301-20241118T001500,2024-11-18T00:15:00+00:00,Monday,001500,True,/home/jovyan/scaleworm-student-lab/scene_sorting/full_2023_2024/contact_sheets/CAMHDA301-20241118T001500.png
CAMHDA301-20241118T031500,2024-11-18T03:15:00+00:00,Monday,031500,True,/home/jovyan/scaleworm-student-lab/scene_sorting/full_2023_2024/contact_sheets/CAMHDA301-20241118T031500.png
CAMHDA301-20241118T061500,2024-11-18T06:15:00+00:00,Monday,061500,True,/home/jovyan/scaleworm-student-lab/scene_sorting/full_2023_2024/contact_sheets/CAMHDA301-20241118T061500.png
CAMHDA301-20241118T091500,2024-11-18T09:15:00+00:00,Monday,091500,True,/home/jovyan/scaleworm-student-lab/scene_sorting/full_2023_2024/contact_sheets/CAMHDA301-20241118T091500.png
CAMHDA301-20241118T121500,2024-11-18T12:15:00+00:00,Monday,121500,True,/home/jovyan/scaleworm-student-lab/scene_sorting/full_2023_2024/contact_sheets/CAMHDA301-20241118T121500.png
CAMHDA301-20241118T151500,2024-11-18T15:15:00+00:00,Monday,151500,True,/home/jovyan/scaleworm-student-lab/scene_sorting/full_2023_2024/contact_sheets/CAMHDA301-20241118T151500.png
CAMHDA301-20241118T181500,2024-11-18T18:15:00+00:00,Monday,181500,True,/home/jovyan/scaleworm-student-lab/scene_sorting/full_2023_2024/contact_sheets/CAMHDA301-20241118T181500.png
CAMHDA301-20241118T211500,2024-11-18T21:15:00+00:00,Monday,211500,True,/home/jovyan/scaleworm-student-lab/scene_sorting/full_2023_2024/contact_sheets/CAMHDA301-20241118T211500.png
CAMHDA301-20241125T001500,2024-11-25T00:15:00+00:00,Monday,001500,True,/home/jovyan/scaleworm-student-lab/scene_sorting/full_2023_2024/contact_sheets/CAMHDA301-20241125T001500.png
CAMHDA301-20241125T031500,2024-11-25T03:15:00+00:00,Monday,031500,True,/home/jovyan/scaleworm-student-lab/scene_sorting/full_2023_2024/contact_sheets/CAMHDA301-20241125T031500.png
CAMHDA301-20241125T061500,2024-11-25T06:15:00+00:00,Monday,061500,True,/home/jovyan/scaleworm-student-lab/scene_sorting/full_2023_2024/contact_sheets/CAMHDA301-20241125T061500.png
CAMHDA301-20241125T091500,2024-11-25T09:15:00+00:00,Monday,091500,True,/home/jovyan/scaleworm-student-lab/scene_sorting/full_2023_2024/contact_sheets/CAMHDA301-20241125T091500.png
CAMHDA301-20241125T121500,2024-11-25T12:15:00+00:00,Monday,121500,True,/home/jovyan/scaleworm-student-lab/scene_sorting/full_2023_2024/contact_sheets/CAMHDA301-20241125T121500.png
CAMHDA301-20241125T151500,2024-11-25T15:15:00+00:00,Monday,151500,True,/home/jovyan/scaleworm-student-lab/scene_sorting/full_2023_2024/contact_sheets/CAMHDA301-20241125T151500.png
CAMHDA301-20241125T181500,2024-11-25T18:15:00+00:00,Monday,181500,True,/home/jovyan/scaleworm-student-lab/scene_sorting/full_2023_2024/contact_sheets/CAMHDA301-20241125T181500.png
CAMHDA301-20241125T211500,2024-11-25T21:15:00+00:00,Monday,211500,True,/home/jovyan/scaleworm-student-lab/scene_sorting/full_2023_2024/contact_sheets/CAMHDA301-20241125T211500.png
CAMHDA301-20241202T001500,2024-12-02T00:15:00+00:00,Monday,001500,True,/home/jovyan/scaleworm-student-lab/scene_sorting/full_2023_2024/contact_sheets/CAMHDA301-20241202T001500.png
CAMHDA301-20241202T031500,2024-12-02T03:15:00+00:00,Monday,031500,True,/home/jovyan/scaleworm-student-lab/scene_sorting/full_2023_2024/contact_sheets/CAMHDA301-20241202T031500.png
CAMHDA301-20241202T061500,2024-12-02T06:15:00+00:00,Monday,061500,True,/home/jovyan/scaleworm-student-lab/scene_sorting/full_2023_2024/contact_sheets/CAMHDA301-20241202T061500.png
CAMHDA301-20241202T091500,2024-12-02T09:15:00+00:00,Monday,091500,True,/home/jovyan/scaleworm-student-lab/scene_sorting/full_2023_2024/contact_sheets/CAMHDA301-20241202T091500.png
CAMHDA301-20241202T121500,2024-12-02T12:15:00+00:00,Monday,121500,True,/home/jovyan/scaleworm-student-lab/scene_sorting/full_2023_2024/contact_sheets/CAMHDA301-20241202T121500.png
CAMHDA301-20241202T151500,2024-12-02T15:15:00+00:00,Monday,151500,True,/home/jovyan/scaleworm-student-lab/scene_sorting/full_2023_2024/contact_sheets/CAMHDA301-20241202T151500.png
CAMHDA301-20241202T181500,2024-12-02T18:15:00+00:00,Monday,181500,True,/home/jovyan/scaleworm-student-lab/scene_sorting/full_2023_2024/contact_sheets/CAMHDA301-20241202T181500.png
CAMHDA301-20241202T211500,2024-12-02T21:15:00+00:00,Monday,211500,True,/home/jovyan/scaleworm-student-lab/scene_sorting/full_2023_2024/contact_sheets/CAMHDA301-20241202T211500.png
CAMHDA301-20241209T001500,2024-12-09T00:15:00+00:00,Monday,001500,True,/home/jovyan/scaleworm-student-lab/scene_sorting/full_2023_2024/contact_sheets/CAMHDA301-20241209T001500.png
CAMHDA301-20241209T031500,2024-12-09T03:15:00+00:00,Monday,031500,True,/home/jovyan/scaleworm-student-lab/scene_sorting/full_2023_2024/contact_sheets/CAMHDA301-20241209T031500.png
CAMHDA301-20241209T061500,2024-12-09T06:15:00+00:00,Monday,061500,True,/home/jovyan/scaleworm-student-lab/scene_sorting/full_2023_2024/contact_sheets/CAMHDA301-20241209T061500.png
CAMHDA301-20241209T091500,2024-12-09T09:15:00+00:00,Monday,091500,True,/home/jovyan/scaleworm-student-lab/scene_sorting/full_2023_2024/contact_sheets/CAMHDA301-20241209T091500.png
CAMHDA301-20241209T121500,2024-12-09T12:15:00+00:00,Monday,121500,True,/home/jovyan/scaleworm-student-lab/scene_sorting/full_2023_2024/contact_sheets/CAMHDA301-20241209T121500.png
CAMHDA301-20241209T151500,2024-12-09T15:15:00+00:00,Monday,151500,True,/home/jovyan/scaleworm-student-lab/scene_sorting/full_2023_2024/contact_sheets/CAMHDA301-20241209T151500.png
CAMHDA301-20241209T181500,2024-12-09T18:15:00+00:00,Monday,181500,True,/home/jovyan/scaleworm-student-lab/scene_sorting/full_2023_2024/contact_sheets/CAMHDA301-20241209T181500.png
CAMHDA301-20241209T211500,2024-12-09T21:15:00+00:00,Monday,211500,True,/home/jovyan/scaleworm-student-lab/scene_sorting/full_2023_2024/contact_sheets/CAMHDA301-20241209T211500.png
CAMHDA301-20241216T001500,2024-12-16T00:15:00+00:00,Monday,001500,True,/home/jovyan/scaleworm-student-lab/scene_sorting/full_2023_2024/contact_sheets/CAMHDA301-20241216T001500.png
CAMHDA301-20241216T031500,2024-12-16T03:15:00+00:00,Monday,031500,True,/home/jovyan/scaleworm-student-lab/scene_sorting/full_2023_2024/contact_sheets/CAMHDA301-20241216T031500.png
CAMHDA301-20241216T061500,2024-12-16T06:15:00+00:00,Monday,061500,True,/home/jovyan/scaleworm-student-lab/scene_sorting/full_2023_2024/contact_sheets/CAMHDA301-20241216T061500.png
CAMHDA301-20241216T091500,2024-12-16T09:15:00+00:00,Monday,091500,True,/home/jovyan/scaleworm-student-lab/scene_sorting/full_2023_2024/contact_sheets/CAMHDA301-20241216T091500.png
CAMHDA301-20241216T121500,2024-12-16T12:15:00+00:00,Monday,121500,True,/home/jovyan/scaleworm-student-lab/scene_sorting/full_2023_2024/contact_sheets/CAMHDA301-20241216T121500.png
CAMHDA301-20241216T151500,2024-12-16T15:15:00+00:00,Monday,151500,True,/home/jovyan/scaleworm-student-lab/scene_sorting/full_2023_2024/contact_sheets/CAMHDA301-20241216T151500.png
CAMHDA301-20241216T181500,2024-12-16T18:15:00+00:00,Monday,181500,True,/home/jovyan/scaleworm-student-lab/scene_sorting/full_2023_2024/contact_sheets/CAMHDA301-20241216T181500.png
CAMHDA301-20241216T211500,2024-12-16T21:15:00+00:00,Monday,211500,True,/home/jovyan/scaleworm-student-lab/scene_sorting/full_2023_2024/contact_sheets/CAMHDA301-20241216T211500.png
CAMHDA301-20241223T001500,2024-12-23T00:15:00+00:00,Monday,001500,True,/home/jovyan/scaleworm-student-lab/scene_sorting/full_2023_2024/contact_sheets/CAMHDA301-20241223T001500.png
CAMHDA301-20241223T031500,2024-12-23T03:15:00+00:00,Monday,031500,True,/home/jovyan/scaleworm-student-lab/scene_sorting/full_2023_2024/contact_sheets/CAMHDA301-20241223T031500.png
CAMHDA301-20241223T061500,2024-12-23T06:15:00+00:00,Monday,061500,True,/home/jovyan/scaleworm-student-lab/scene_sorting/full_2023_2024/contact_sheets/CAMHDA301-20241223T061500.png
CAMHDA301-20241223T091500,2024-12-23T09:15:00+00:00,Monday,091500,True,/home/jovyan/scaleworm-student-lab/scene_sorting/full_2023_2024/contact_sheets/CAMHDA301-20241223T091500.png
CAMHDA301-20241223T121500,2024-12-23T12:15:00+00:00,Monday,121500,True,/home/jovyan/scaleworm-student-lab/scene_sorting/full_2023_2024/contact_sheets/CAMHDA301-20241223T121500.png
CAMHDA301-20241223T151500,2024-12-23T15:15:00+00:00,Monday,151500,True,/home/jovyan/scaleworm-student-lab/scene_sorting/full_2023_2024/contact_sheets/CAMHDA301-20241223T151500.png
CAMHDA301-20241223T181500,2024-12-23T18:15:00+00:00,Monday,181500,True,/home/jovyan/scaleworm-student-lab/scene_sorting/full_2023_2024/contact_sheets/CAMHDA301-20241223T181500.png
CAMHDA301-20241223T211500,2024-12-23T21:15:00+00:00,Monday,211500,True,/home/jovyan/scaleworm-student-lab/scene_sorting/full_2023_2024/contact_sheets/CAMHDA301-20241223T211500.png
CAMHDA301-20241230T001500,2024-12-30T00:15:00+00:00,Monday,001500,True,/home/jovyan/scaleworm-student-lab/scene_sorting/full_2023_2024/contact_sheets/CAMHDA301-20241230T001500.png
CAMHDA301-20241230T031500,2024-12-30T03:15:00+00:00,Monday,031500,True,/home/jovyan/scaleworm-student-lab/scene_sorting/full_2023_2024/contact_sheets/CAMHDA301-20241230T031500.png
CAMHDA301-20241230T061500,2024-12-30T06:15:00+00:00,Monday,061500,True,/home/jovyan/scaleworm-student-lab/scene_sorting/full_2023_2024/contact_sheets/CAMHDA301-20241230T061500.png
CAMHDA301-20241230T091500,2024-12-30T09:15:00+00:00,Monday,091500,True,/home/jovyan/scaleworm-student-lab/scene_sorting/full_2023_2024/contact_sheets/CAMHDA301-20241230T091500.png
CAMHDA301-20241230T121500,2024-12-30T12:15:00+00:00,Monday,121500,True,/home/jovyan/scaleworm-student-lab/scene_sorting/full_2023_2024/contact_sheets/CAMHDA301-20241230T121500.png
CAMHDA301-20241230T151500,2024-12-30T15:15:00+00:00,Monday,151500,True,/home/jovyan/scaleworm-student-lab/scene_sorting/full_2023_2024/contact_sheets/CAMHDA301-20241230T151500.png
CAMHDA301-20241230T181500,2024-12-30T18:15:00+00:00,Monday,181500,True,/home/jovyan/scaleworm-student-lab/scene_sorting/full_2023_2024/contact_sheets/CAMHDA301-20241230T181500.png
CAMHDA301-20241230T211500,2024-12-30T21:15:00+00:00,Monday,211500,True,/home/jovyan/scaleworm-student-lab/scene_sorting/full_2023_2024/contact_sheets/CAMHDA301-20241230T211500.png
